cao_number;id;ingangsdatum;expiratiedatum;datum_kennisgeving;pdf_name;page_name;main_link_url
633;633001;01/06/2021;30/09/2021;31/05/2021;ABU CAO voor Uitzendkrachten 2021 integraal.pdf;633 - UITZENDKRACHTEN - 01-06-2021 - 30-09-2021 - Regulier - kvo datum - 31-05-2021;https://www.uitvoeringarbeidsvoorwaardenwetgeving.nl/mozard/!suite92.scherm1007?mObj=22785&mSelod=704645
633;633002;01/10/2021;30/09/2022;14/07/2022;ABU-LBV CAO voor Uitzendkrachten 2021 integraal 7-22.pdf;633 - UITZENDKRACHTEN - 01-10-2021 - 30-09-2022 - Regulier - kvo datum - 14-07-2022;https://www.uitvoeringarbeidsvoorwaardenwetgeving.nl/mozard/!suite92.scherm1007?mObj=30561&mSelod=704645
633;633003;02/01/2023;31/12/2023;16/03/2023;ABU CAO voor Uitzendkrachten 2023 integraal 9-03-23.pdf;633 - UITZENDKRACHTEN - 02-01-2023 - 31-12-2023 - Regulier - kvo datum - 16-03-2023;https://www.uitvoeringarbeidsvoorwaardenwetgeving.nl/mozard/!suite92.scherm1007?mObj=36462&mSelod=704645
633;633004;05/11/2012;04/11/2017;01/07/2013;CAO_voor_Uitzendkrachten_juli_2013_integraal.pdf;633 - UITZENDKRACHTEN - 05-11-2012 - 04-11-2017 - Regulier - kvo datum - 01-07-2013 - TTW;https://www.uitvoeringarbeidsvoorwaardenwetgeving.nl/mozard/!suite92.scherm1007?mObj=8486&mSelod=704645
633;633005;05/11/2012;04/11/2017;04/01/2013;CAO_voor_Uitzendkrachten_dec__2012_integraal.pdf;633 - UITZENDKRACHTEN - 05-11-2012 - 04-11-2017 - Regulier - kvo datum - 04-01-2013 - TTW;https://www.uitvoeringarbeidsvoorwaardenwetgeving.nl/mozard/!suite92.scherm1007?mObj=8484&mSelod=704645
633;633006;05/11/2012;04/11/2017;05/11/2012;CAO_voor_Uitzendkrachten_5_11_2012_integraal.pdf;633 - UITZENDKRACHTEN - 05-11-2012 - 04-11-2017 - Regulier - kvo datum - 05-11-2012;https://www.uitvoeringarbeidsvoorwaardenwetgeving.nl/mozard/!suite92.scherm1007?mObj=8482&mSelod=704645
633;633007;05/11/2012;04/11/2017;15/10/2015;CAO_voor_uzk_14_10_2015_integraal.pdf;633 - UITZENDKRACHTEN - 05-11-2012 - 04-11-2017 - Regulier - kvo datum - 15-10-2015 - TTW;https://www.uitvoeringarbeidsvoorwaardenwetgeving.nl/mozard/!suite92.scherm1007?mObj=8491&mSelod=704645
633;633008;05/11/2012;04/11/2017;17/09/2015;CAO_voor_uzk_16_9_2015_integraal.pdf;633 - UITZENDKRACHTEN - 05-11-2012 - 04-11-2017 - Regulier - kvo datum - 17-09-2015;https://www.uitvoeringarbeidsvoorwaardenwetgeving.nl/mozard/!suite92.scherm1007?mObj=8490&mSelod=704645
633;633009;05/11/2012;04/11/2017;18/06/2015;CAO_voor_uzk_29_6_2015_integraal.pdf;633 - UITZENDKRACHTEN - 05-11-2012 - 04-11-2017 - Regulier - kvo datum - 18-06-2015 - TTW;https://www.uitvoeringarbeidsvoorwaardenwetgeving.nl/mozard/!suite92.scherm1007?mObj=8489&mSelod=704645
633;633010;05/11/2012;04/11/2017;21/03/2013;CAO_voor_Uitzendkrachten_maart_2013_integraal.pdf;633 - UITZENDKRACHTEN - 05-11-2012 - 04-11-2017 - Regulier - kvo datum - 21-03-2013 - TTW;https://www.uitvoeringarbeidsvoorwaardenwetgeving.nl/mozard/!suite92.scherm1007?mObj=8485&mSelod=704645
633;633011;05/11/2012;04/11/2017;21/12/2016;Cao_integraal.pdf;633 - UITZENDKRACHTEN - 05-11-2012 - 04-11-2017 - Regulier - kvo datum - 21-12-2016 - TTW;https://www.uitvoeringarbeidsvoorwaardenwetgeving.nl/mozard/!suite92.scherm1007?mObj=8492&mSelod=704645
633;633012;05/11/2012;04/11/2017;23/12/2014;CAO_voor_uzk_29_12_14_integraal.pdf;633 - UITZENDKRACHTEN - 05-11-2012 - 04-11-2017 - Regulier - kvo datum - 23-12-2014 - TTW;https://www.uitvoeringarbeidsvoorwaardenwetgeving.nl/mozard/!suite92.scherm1007?mObj=8488&mSelod=704645
633;633013;05/11/2012;04/11/2017;26/06/2017;Cao_integraal_1_7_2017.pdf;633 - UITZENDKRACHTEN - 05-11-2012 - 04-11-2017 - Regulier - kvo datum - 26-06-2017 - TTW;https://www.uitvoeringarbeidsvoorwaardenwetgeving.nl/mozard/!suite92.scherm1007?mObj=8493&mSelod=704645
633;633014;05/11/2012;04/11/2017;27/11/2012;Uitzendkrachten_tekst.pdf;633 - UITZENDKRACHTEN - 05-11-2012 - 04-11-2017 - Regulier - kvo datum - 27-11-2012 - TTW;https://www.uitvoeringarbeidsvoorwaardenwetgeving.nl/mozard/!suite92.scherm1007?mObj=8483&mSelod=704645
633;633015;05/11/2012;04/11/2017;30/01/2014;CAO_voor_Uitzendkrachten_integraal.pdf;633 - UITZENDKRACHTEN - 05-11-2012 - 04-11-2017 - Regulier - kvo datum - 30-01-2014 - TTW;https://www.uitvoeringarbeidsvoorwaardenwetgeving.nl/mozard/!suite92.scherm1007?mObj=8487&mSelod=704645
633;633016;05/11/2017;30/12/2019;01/11/2017;Cao_integraal_5_11_2017.pdf;633 - UITZENDKRACHTEN - 05-11-2017 - 30-12-2019 - Regulier - kvo datum - 01-11-2017;https://www.uitvoeringarbeidsvoorwaardenwetgeving.nl/mozard/!suite92.scherm1007?mObj=8494&mSelod=704645
633;633017;05/11/2017;31/05/2019;07/11/2017;Cao_integraal_5_11_2017_1.pdf;633 - UITZENDKRACHTEN - 05-11-2017 - 31-05-2019 - Regulier - kvo datum - 07-11-2017;https://www.uitvoeringarbeidsvoorwaardenwetgeving.nl/mozard/!suite92.scherm1007?mObj=8495&mSelod=704645
633;633018;05/11/2017;31/05/2019;14/06/2018;Cao_integraal_1_7_2018.pdf;633 - UITZENDKRACHTEN - 05-11-2017 - 31-05-2019 - Regulier - kvo datum - 14-06-2018 - TTW;https://www.uitvoeringarbeidsvoorwaardenwetgeving.nl/mozard/!suite92.scherm1007?mObj=8496&mSelod=704645
633;633019;05/11/2017;31/05/2019;30/07/2019;Cao 1-7-2019 integraal.pdf;633 - UITZENDKRACHTEN - 05-11-2017 - 31-05-2019 - Regulier - kvo datum - 30-07-2019 - TTW;https://www.uitvoeringarbeidsvoorwaardenwetgeving.nl/mozard/!suite92.scherm1007?mObj=14693&mSelod=704645
633;633020;05/11/2017;31/05/2019;31/01/2019;Cao_integraal_1_1_2019_integraal.pdf;633 - UITZENDKRACHTEN - 05-11-2017 - 31-05-2019 - Regulier - kvo datum - 31-01-2019 - TTW;https://www.uitvoeringarbeidsvoorwaardenwetgeving.nl/mozard/!suite92.scherm1007?mObj=8497&mSelod=704645
633;633021;17/11/2021;01/01/2023;04/11/2022;ABU CAO voor Uitzendkrachten 2021 - 2023 versie januari 2023 met integraal.pdf;633 - UITZENDKRACHTEN - 17-11-2021 - 01-01-2023 - Regulier - kvo datum - 04-11-2022;https://www.uitvoeringarbeidsvoorwaardenwetgeving.nl/mozard/!suite92.scherm1007?mObj=31670&mSelod=704645
633;633022;17/11/2021;01/01/2023;29/06/2022;ABU CAO voor Uitzendkrachten 2021 - 2023 versie juli 2022 integraal.pdf;633 - UITZENDKRACHTEN - 17-11-2021 - 01-01-2023 - Regulier - kvo datum - 29-06-2022;https://www.uitvoeringarbeidsvoorwaardenwetgeving.nl/mozard/!suite92.scherm1007?mObj=30402&mSelod=704645
633;633023;29/03/2009;28/03/2014;04/01/2011;CAO UZK januari 2011 integraal.pdf;633 - UITZENDKRACHTEN - 29-03-2009 - 28-03-2014 - Regulier - kvo datum - 04-01-2011 - TTW;https://www.uitvoeringarbeidsvoorwaardenwetgeving.nl/mozard/!suite92.scherm1007?mObj=8474&mSelod=704645
633;633024;29/03/2009;28/03/2014;05/04/2011;CAO UZK april 2011 integraal.pdf;633 - UITZENDKRACHTEN - 29-03-2009 - 28-03-2014 - Regulier - kvo datum - 05-04-2011;https://www.uitvoeringarbeidsvoorwaardenwetgeving.nl/mozard/!suite92.scherm1007?mObj=8475&mSelod=704645
633;633025;29/03/2009;28/03/2014;14/06/2011;CAO_integrale_tekst.pdf;633 - UITZENDKRACHTEN - 29-03-2009 - 28-03-2014 - Regulier - kvo datum - 14-06-2011 - TTW;https://www.uitvoeringarbeidsvoorwaardenwetgeving.nl/mozard/!suite92.scherm1007?mObj=8477&mSelod=704645
633;633026;29/03/2009;28/03/2014;14/10/2011;CAO_1_november_integraal.pdf;633 - UITZENDKRACHTEN - 29-03-2009 - 28-03-2014 - Regulier - kvo datum - 14-10-2011 - TTW;https://www.uitvoeringarbeidsvoorwaardenwetgeving.nl/mozard/!suite92.scherm1007?mObj=8479&mSelod=704645
633;633027;29/03/2009;28/03/2014;26/07/2012;CAO_voor_Uitzendkrachten_integraal_1.pdf;633 - UITZENDKRACHTEN - 29-03-2009 - 28-03-2014 - Regulier - kvo datum - 26-07-2012 - TTW;https://www.uitvoeringarbeidsvoorwaardenwetgeving.nl/mozard/!suite92.scherm1007?mObj=8481&mSelod=704645
633;633028;29/03/2009;28/03/2014;30/03/2012;CAO_voor_Uitzendkrachten_1_4__2012_integraal.pdf;633 - UITZENDKRACHTEN - 29-03-2009 - 28-03-2014 - Regulier - kvo datum - 30-03-2012 - TTW;https://www.uitvoeringarbeidsvoorwaardenwetgeving.nl/mozard/!suite92.scherm1007?mObj=8480&mSelod=704645
633;633029;29/03/2009;28/03/2014;31/05/2011;CAO_mei_2011_integraal.pdf;633 - UITZENDKRACHTEN - 29-03-2009 - 28-03-2014 - Regulier - kvo datum - 31-05-2011 - TTW;https://www.uitvoeringarbeidsvoorwaardenwetgeving.nl/mozard/!suite92.scherm1007?mObj=8476&mSelod=704645
633;633030;30/12/2019;01/06/2021;03/06/2020;ABU CAO voor Uitzendkrachten 30-12-2019 integraal mei.pdf;633 - UITZENDKRACHTEN - 30-12-2019 - 01-06-2021 - Regulier - kvo datum - 03-06-2020 - TTW;https://www.uitvoeringarbeidsvoorwaardenwetgeving.nl/mozard/!suite92.scherm1007?mObj=16553&mSelod=704645
633;633031;30/12/2019;01/06/2021;04/12/2020;ABU CAO voor Uitzendkrachten 1-1-2021 wijz. bijhouden.doc.pdf;633 - UITZENDKRACHTEN - 30-12-2019 - 01-06-2021 - Regulier - kvo datum - 04-12-2020 - TTW;https://www.uitvoeringarbeidsvoorwaardenwetgeving.nl/mozard/!suite92.scherm1007?mObj=20889&mSelod=704645
633;633032;30/12/2019;01/06/2021;09/04/2020;ABU CAO voor Uitzendkrachten 30-12-2019 integraal 2020.doc.pdf;633 - UITZENDKRACHTEN - 30-12-2019 - 01-06-2021 - Regulier - kvo datum - 09-04-2020 - TTW;https://www.uitvoeringarbeidsvoorwaardenwetgeving.nl/mozard/!suite92.scherm1007?mObj=16191&mSelod=704645
633;633033;30/12/2019;01/06/2021;18/12/2019;ABU CAO voor Uitzendkrachten 30-12-2019 integraal dec.pdf;633 - UITZENDKRACHTEN - 30-12-2019 - 01-06-2021 - Regulier - kvo datum - 18-12-2019 - TTW;https://www.uitvoeringarbeidsvoorwaardenwetgeving.nl/mozard/!suite92.scherm1007?mObj=15485&mSelod=704645
633;633034;30/12/2019;01/06/2021;22/08/2019;ABU CAO voor Uitzendkrachten 30-12-2019.pdf;633 - UITZENDKRACHTEN - 30-12-2019 - 01-06-2021 - Regulier - kvo datum - 22-08-2019;https://www.uitvoeringarbeidsvoorwaardenwetgeving.nl/mozard/!suite92.scherm1007?mObj=14791&mSelod=704645
633;633035;02/01/2023;31/12/2023;11/05/2023;ABU CAO voor Uitzendkrachten 2023 integraal.pdf;633 - UITZENDKRACHTEN CAO FNV, CNV VAKMENSEN EN DE UNIE - 02-01-2023 - 31-12-2023 - Regulier - kvo datum - 11-05-2023;https://www.uitvoeringarbeidsvoorwaardenwetgeving.nl/mozard/!suite92.scherm1007?mObj=37030&mSelod=704645
633;633036;02/01/2023;31/12/2023;24/04/2023;ABU CAO voor Uitzendkrachten 2023 integraal_1.pdf;633 - UITZENDKRACHTEN CAO FNV, CNV VAKMENSEN EN DE UNIE - 02-01-2023 - 31-12-2023 - Regulier - kvo datum - 24-04-2023;https://www.uitvoeringarbeidsvoorwaardenwetgeving.nl/mozard/!suite92.scherm1007?mObj=36944&mSelod=704645
633;633037;17/11/2021;01/01/2023;24/12/2021;ABU CAO voor Uitzendkrachten 2022 integraal.pdf;633 - UITZENDKRACHTEN CAO FNV, CNV VAKMENSEN EN DE UNIE - 17-11-2021 - 01-01-2023 - Regulier - kvo datum - 24-12-2021;https://www.uitvoeringarbeidsvoorwaardenwetgeving.nl/mozard/!suite92.scherm1007?mObj=24938&mSelod=704645
633;633038;01/01/2026;31/12/2028;23/05/2025;Cao voor Uitzendkrachten 2026-2028.pdf;633 - UITZENDKRACHTEN CAO LBV - ABU CAO VOOR UITZENDKRACHTEN - 01-01-2026 - 31-12-2028 - Regulier - kvo datum - 23-05-2025;https://www.uitvoeringarbeidsvoorwaardenwetgeving.nl/mozard/!suite92.scherm1007?mObj=48266&mSelod=704645
633;633039;01/04/2024;05/01/2025;10/07/2024;ABU CAO voor Uitzendkrachten 2024.pdf;633 - UITZENDKRACHTEN CAO LBV - ABU CAO VOOR UITZENDKRACHTEN - 01-04-2024 - 05-01-2025 - Regulier - kvo datum - 10-07-2024;https://www.uitvoeringarbeidsvoorwaardenwetgeving.nl/mozard/!suite92.scherm1007?mObj=43242&mSelod=704645
182;182001;01/01/2018;31/12/2019;03/04/2018;Horeca_cao__2018_2019_na_ttw.pdf;182 - HORECA- EN AANVERWANTE BEDRIJF - 01-01-2018 - 31-12-2019 - Regulier - kvo datum - 03-04-2018;https://www.uitvoeringarbeidsvoorwaardenwetgeving.nl/mozard/!suite92.scherm1007?mObj=7216&mSelod=704647
182;182002;01/01/2018;31/12/2019;12/12/2017;KHN_cao_2018_2019.pdf;182 - HORECA- EN AANVERWANTE BEDRIJF - 01-01-2018 - 31-12-2019 - Regulier - kvo datum - 12-12-2017;https://www.uitvoeringarbeidsvoorwaardenwetgeving.nl/mozard/!suite92.scherm1007?mObj=7215&mSelod=704647
182;182003;01/01/2018;31/12/2019;22/05/2018;cao_horeca_2018_2019_na_ttw2.pdf;182 - HORECA- EN AANVERWANTE BEDRIJF - 01-01-2018 - 31-12-2019 - Regulier - kvo datum - 22-05-2018 - TTW;https://www.uitvoeringarbeidsvoorwaardenwetgeving.nl/mozard/!suite92.scherm1007?mObj=7217&mSelod=704647
182;182004;01/01/2020;01/01/2022;26/03/2020;20200310 cao_horeca_2020_wijziging_op_kvo.docx.pdf;182 - HORECA- EN AANVERWANTE BEDRIJF - 01-01-2020 - 01-01-2022 - Regulier - kvo datum - 26-03-2020 - TTW;https://www.uitvoeringarbeidsvoorwaardenwetgeving.nl/mozard/!suite92.scherm1007?mObj=16064&mSelod=704647
182;182005;01/01/2020;31/12/2020;24/12/2019;20200101 cao_horeca_2020_wijziging_op_ttw2_schone versie.docx.pdf;182 - HORECA- EN AANVERWANTE BEDRIJF - 01-01-2020 - 31-12-2020 - Regulier - kvo datum - 24-12-2019;https://www.uitvoeringarbeidsvoorwaardenwetgeving.nl/mozard/!suite92.scherm1007?mObj=15538&mSelod=704647
182;182006;01/01/2022;31/12/2023;10/03/2022;20220101 cao_horeca_2022-2023 na 2020_wijziging_op_kvo_avv versie bronbestand.do.pdf;182 - HORECA- EN AANVERWANTE BEDRIJF - 01-01-2022 - 31-12-2023 - Regulier - kvo datum - 10-03-2022;https://www.uitvoeringarbeidsvoorwaardenwetgeving.nl/mozard/!suite92.scherm1007?mObj=28338&mSelod=704647
182;182007;01/01/2022;31/12/2023;20/05/2022;20220520 cao_horeca_2022-2023 na 2020_wijziging mei-avv.pdf;182 - HORECA- EN AANVERWANTE BEDRIJF - 01-01-2022 - 31-12-2023 - Regulier - kvo datum - 20-05-2022;https://www.uitvoeringarbeidsvoorwaardenwetgeving.nl/mozard/!suite92.scherm1007?mObj=29870&mSelod=704647
182;182008;01/01/2022;31/12/2023;24/11/2022;20221124 cao_horeca_2022-2023 na 2020_wijziging bijlage loontabellen schoon.pdf;182 - HORECA- EN AANVERWANTE BEDRIJF - 01-01-2022 - 31-12-2023 - Regulier - kvo datum - 24-11-2022 - TTW;https://www.uitvoeringarbeidsvoorwaardenwetgeving.nl/mozard/!suite92.scherm1007?mObj=31833&mSelod=704647
182;182009;01/01/2022;31/12/2023;30/05/2022;20220524 cao_horeca_2022-2023 na 2020_wijziging bijlage loontabellen schoon.pdf;182 - HORECA- EN AANVERWANTE BEDRIJF - 01-01-2022 - 31-12-2023 - Regulier - kvo datum - 30-05-2022;https://www.uitvoeringarbeidsvoorwaardenwetgeving.nl/mozard/!suite92.scherm1007?mObj=29963&mSelod=704647
182;182010;01/01/2024;31/12/2024;04/01/2024;20131221 cao_horeca_2024 - schone versie.pdf;182 - HORECA- EN AANVERWANTE BEDRIJF - 01-01-2024 - 31-12-2024 - Regulier - kvo datum - 04-01-2024;https://www.uitvoeringarbeidsvoorwaardenwetgeving.nl/mozard/!suite92.scherm1007?mObj=41044&mSelod=704647
182;182011;01/01/2024;31/12/2024;15/04/2024;202404~2.pdf;182 - HORECA- EN AANVERWANTE BEDRIJF - 01-01-2024 - 31-12-2024 - Regulier - kvo datum - 15-04-2024 - TTW;https://www.uitvoeringarbeidsvoorwaardenwetgeving.nl/mozard/!suite92.scherm1007?mObj=42443&mSelod=704647
182;182012;01/01/2024;31/12/2024;22/01/2024;20240103 cao_horeca_2024 - tussentijdse wijziging - schone versie.pdf;182 - HORECA- EN AANVERWANTE BEDRIJF - 01-01-2024 - 31-12-2024 - Regulier - kvo datum - 22-01-2024 - TTW;https://www.uitvoeringarbeidsvoorwaardenwetgeving.nl/mozard/!suite92.scherm1007?mObj=41416&mSelod=704647
182;182013;01/01/2025;31/12/2026;29/12/2024;Cao Horeca 2025-2026 incl handboek.pdf;182 - HORECA- EN AANVERWANTE BEDRIJF - 01-01-2025 - 31-12-2026 - Regulier - kvo datum - 29-12-2024;https://www.uitvoeringarbeidsvoorwaardenwetgeving.nl/mozard/!suite92.scherm1007?mObj=45987&mSelod=704647
182;182014;01/08/2012;31/12/2013;25/09/2012;Horeca_CAO_.pdf;182 - HORECA- EN AANVERWANTE BEDRIJF - 01-08-2012 - 31-12-2013 - Regulier - kvo datum - 25-09-2012;https://www.uitvoeringarbeidsvoorwaardenwetgeving.nl/mozard/!suite92.scherm1007?mObj=7214&mSelod=704647
533;533001;01/04/2011;31/03/2013;21/02/2012;VGL_cao_2011_2013_doorlopende_tekst_200212.pdf;533 - LEVENSMIDDELEN, GROOTWINKELBEDRIJVEN VGL - 01-04-2011 - 31-03-2013 - Regulier - kvo datum - 21-02-2012;https://www.uitvoeringarbeidsvoorwaardenwetgeving.nl/mozard/!suite92.scherm1007?mObj=7660&mSelod=704649
533;533002;01/04/2013;31/03/2017;20/07/2016;VGL_Cao_2013___2017_getekend.pdf;533 - LEVENSMIDDELEN, GROOTWINKELBEDRIJVEN VGL - 01-04-2013 - 31-03-2017 - Regulier - kvo datum - 20-07-2016;https://www.uitvoeringarbeidsvoorwaardenwetgeving.nl/mozard/!suite92.scherm1007?mObj=7661&mSelod=704649
533;533003;01/04/2017;31/03/2019;31/01/2019;CAO VGL 2017-2019 v4 schoon 300418 incl loonschalen def. 090518.docx .pdf;533 - LEVENSMIDDELEN, GROOTWINKELBEDRIJVEN VGL - 01-04-2017 - 31-03-2019 - Regulier - kvo datum - 31-01-2019;https://www.uitvoeringarbeidsvoorwaardenwetgeving.nl/mozard/!suite92.scherm1007?mObj=766&mSelod=704649
533;533004;01/04/2019;30/06/2020;26/05/2020;CAO VGL 2019-2020 definitief schoon 010420.docx.pdf;533 - LEVENSMIDDELEN, GROOTWINKELBEDRIJVEN VGL - 01-04-2019 - 30-06-2020 - Regulier - kvo datum - 26-05-2020;https://www.uitvoeringarbeidsvoorwaardenwetgeving.nl/mozard/!suite92.scherm1007?mObj=16513&mSelod=704649
533;533005;01/07/2020;01/07/2023;29/12/2021;211229 CAO VGL 2020 tot en met 2023 met aangepaste loonschalen - 23-12-2021 V.pdf;533 - LEVENSMIDDELEN, GROOTWINKELBEDRIJVEN VGL - 01-07-2020 - 01-07-2023 - Regulier - kvo datum - 29-12-2021;https://www.uitvoeringarbeidsvoorwaardenwetgeving.nl/mozard/!suite92.scherm1007?mObj=25077&mSelod=704649
533;533006;02/07/2023;01/07/2024;12/01/2024;240105 VGL-cao 2023 tot en met 2024 met aangepaste loonschalen - DEF. (schoon).pdf;533 - LEVENSMIDDELEN, GROOTWINKELBEDRIJVEN VGL - 02-07-2023 - 01-07-2024 - Regulier - kvo datum - 12-01-2024;https://www.uitvoeringarbeidsvoorwaardenwetgeving.nl/mozard/!suite92.scherm1007?mObj=41199&mSelod=704649
533;533007;02/07/2024;31/03/2026;13/03/2025;CAO VGL 2024 tot en met 2026 .pdf;533 - LEVENSMIDDELEN, GROOTWINKELBEDRIJVEN VGL - 02-07-2024 - 31-03-2026 - Regulier - kvo datum - 13-03-2025;https://www.uitvoeringarbeidsvoorwaardenwetgeving.nl/mozard/!suite92.scherm1007?mObj=47182&mSelod=704649
156;156001;01/01/2017;31/03/2019;06/11/2018;CAO_ziekenhuizen_2017_2019_FINALDEF.pdf;156 - ZIEKENHUIZEN - 01-01-2017 - 31-03-2019 - Regulier - kvo datum - 06-11-2018 - TTW;https://www.uitvoeringarbeidsvoorwaardenwetgeving.nl/mozard/!suite92.scherm1007?mObj=7593&mSelod=704653
156;156002;01/01/2017;31/03/2019;30/11/2017;CAO_ziekenhuizen_2017_2019_DEF.pdf;156 - ZIEKENHUIZEN - 01-01-2017 - 31-03-2019 - Regulier - kvo datum - 30-11-2017;https://www.uitvoeringarbeidsvoorwaardenwetgeving.nl/mozard/!suite92.scherm1007?mObj=7592&mSelod=704653
156;156003;01/02/2023;31/01/2025;16/08/2023;Cao Ziekenhuizen 2023-2025.pdf;156 - ZIEKENHUIZEN - 01-02-2023 - 31-01-2025 - Regulier - kvo datum - 16-08-2023;https://www.uitvoeringarbeidsvoorwaardenwetgeving.nl/mozard/!suite92.scherm1007?mObj=38247&mSelod=704653
156;156004;01/03/2011;28/02/2014;07/02/2012;CAO_Ziekenhuizen_totaal.pdf;156 - ZIEKENHUIZEN - 01-03-2011 - 28-02-2014 - Regulier - kvo datum - 07-02-2012 - TTW;https://www.uitvoeringarbeidsvoorwaardenwetgeving.nl/mozard/!suite92.scherm1007?mObj=7589&mSelod=704653
156;156005;01/03/2011;28/02/2014;17/02/2014;Ziekenhuizen_2011_2014_zonder_renvooi.pdf;156 - ZIEKENHUIZEN - 01-03-2011 - 28-02-2014 - Regulier - kvo datum - 17-02-2014 - TTW;https://www.uitvoeringarbeidsvoorwaardenwetgeving.nl/mozard/!suite92.scherm1007?mObj=7590&mSelod=704653
156;156006;01/03/2011;28/02/2014;18/11/2011;Tekst_Cao_Ziekenhuizen_2011_2014_definitief.pdf;156 - ZIEKENHUIZEN - 01-03-2011 - 28-02-2014 - Regulier - kvo datum - 18-11-2011;https://www.uitvoeringarbeidsvoorwaardenwetgeving.nl/mozard/!suite92.scherm1007?mObj=7588&mSelod=704653
156;156007;01/03/2014;31/12/2016;30/10/2015;NLVRZH067_CAO_Ziekenhuizen_14PM.pdf;156 - ZIEKENHUIZEN - 01-03-2014 - 31-12-2016 - Regulier - kvo datum - 30-10-2015;https://www.uitvoeringarbeidsvoorwaardenwetgeving.nl/mozard/!suite92.scherm1007?mObj=7591&mSelod=704653
156;156008;01/07/2021;31/01/2023;03/11/2022;NVZ CAO 2021 2023 schone versie.pdf;156 - ZIEKENHUIZEN - 01-07-2021 - 31-01-2023 - Regulier - kvo datum - 03-11-2022;https://www.uitvoeringarbeidsvoorwaardenwetgeving.nl/mozard/!suite92.scherm1007?mObj=31596&mSelod=704653
156;156009;01/07/2021;31/01/2023;14/11/2022;NVZ CAO 2021 2023 schone versie compleet.pdf;156 - ZIEKENHUIZEN - 01-07-2021 - 31-01-2023 - Regulier - kvo datum - 14-11-2022;https://www.uitvoeringarbeidsvoorwaardenwetgeving.nl/mozard/!suite92.scherm1007?mObj=31733&mSelod=704653
316;316001;01/04/2011;31/03/2013;14/02/2012;levensmiddelensbedrijf_definitief.pdf;316 - LEVENSMIDDELENBEDRIJF - 01-04-2011 - 31-03-2013 - Regulier - kvo datum - 14-02-2012;https://www.uitvoeringarbeidsvoorwaardenwetgeving.nl/mozard/!suite92.scherm1007?mObj=7117&mSelod=704655
316;316002;01/04/2013;31/03/2017;01/07/2016;CAO_LMB_2013_2017_SZW_schoon_V3_20160530.pdf;316 - LEVENSMIDDELENBEDRIJF - 01-04-2013 - 31-03-2017 - Regulier - kvo datum - 01-07-2016 - TTW;https://www.uitvoeringarbeidsvoorwaardenwetgeving.nl/mozard/!suite92.scherm1007?mObj=7119&mSelod=704655
316;316003;01/04/2013;31/03/2017;08/07/2016;CAO_LMB_2013_2017_SZW_V4_schoon.pdf;316 - LEVENSMIDDELENBEDRIJF - 01-04-2013 - 31-03-2017 - Regulier - kvo datum - 08-07-2016 - TTW;https://www.uitvoeringarbeidsvoorwaardenwetgeving.nl/mozard/!suite92.scherm1007?mObj=7120&mSelod=704655
316;316004;01/04/2013;31/03/2017;23/03/2016;CAO_LMB_2013_2017_SZW_schoon.pdf;316 - LEVENSMIDDELENBEDRIJF - 01-04-2013 - 31-03-2017 - Regulier - kvo datum - 23-03-2016;https://www.uitvoeringarbeidsvoorwaardenwetgeving.nl/mozard/!suite92.scherm1007?mObj=7118&mSelod=704655
316;316005;01/04/2017;31/03/2019;05/02/2018;CAO_LMB_2017____2019_def_01_02_2018_schone_versie.pdf;316 - LEVENSMIDDELENBEDRIJF - 01-04-2017 - 31-03-2019 - Regulier - kvo datum - 05-02-2018;https://www.uitvoeringarbeidsvoorwaardenwetgeving.nl/mozard/!suite92.scherm1007?mObj=7121&mSelod=704655
316;316006;01/04/2019;30/06/2020;02/03/2020;CAO LMB 2019 - 2020 V 210220 def.docx.pdf;316 - LEVENSMIDDELENBEDRIJF - 01-04-2019 - 30-06-2020 - Regulier - kvo datum - 02-03-2020;https://www.uitvoeringarbeidsvoorwaardenwetgeving.nl/mozard/!suite92.scherm1007?mObj=15865&mSelod=704655
316;316007;01/04/2019;30/06/2020;30/04/2020;CAO LMB 2019 - 2020 V 210220 def .docx.pdf;316 - LEVENSMIDDELENBEDRIJF - 01-04-2019 - 30-06-2020 - Regulier - kvo datum - 30-04-2020 - TTW;https://www.uitvoeringarbeidsvoorwaardenwetgeving.nl/mozard/!suite92.scherm1007?mObj=16324&mSelod=704655
316;316008;01/07/2020;01/07/2023;15/03/2022;CAO LMB 2020 2023 schone versie feb 22.pdf;316 - LEVENSMIDDELENBEDRIJF - 01-07-2020 - 01-07-2023 - Regulier - kvo datum - 15-03-2022;https://www.uitvoeringarbeidsvoorwaardenwetgeving.nl/mozard/!suite92.scherm1007?mObj=28498&mSelod=704655
316;316009;01/07/2020;01/07/2023;21/03/2022;CAO LMB incl fuwa 2020 2023 schone versie feb 22.pdf;316 - LEVENSMIDDELENBEDRIJF - 01-07-2020 - 01-07-2023 - Regulier - kvo datum - 21-03-2022;https://www.uitvoeringarbeidsvoorwaardenwetgeving.nl/mozard/!suite92.scherm1007?mObj=28798&mSelod=704655
316;316010;01/07/2020;01/07/2023;23/12/2021;CAO LMB 2020 2023 schone versie.pdf;316 - LEVENSMIDDELENBEDRIJF - 01-07-2020 - 01-07-2023 - Regulier - kvo datum - 23-12-2021;https://www.uitvoeringarbeidsvoorwaardenwetgeving.nl/mozard/!suite92.scherm1007?mObj=24880&mSelod=704655
316;316011;02/07/2023;01/07/2024;21/07/2023;CAO LMB incl fuwa 2023 - schoon getekend.pdf;316 - LEVENSMIDDELENBEDRIJF - 02-07-2023 - 01-07-2024 - Regulier - kvo datum - 21-07-2023;https://www.uitvoeringarbeidsvoorwaardenwetgeving.nl/mozard/!suite92.scherm1007?mObj=37770&mSelod=704655
316;316012;02/07/2023;01/07/2024;29/08/2023;CAO LMB incl fuwa 2023 - schoon v 20231808 ongetekend.pdf;316 - LEVENSMIDDELENBEDRIJF - 02-07-2023 - 01-07-2024 - Regulier - kvo datum - 29-08-2023;https://www.uitvoeringarbeidsvoorwaardenwetgeving.nl/mozard/!suite92.scherm1007?mObj=38431&mSelod=704655
316;316013;02/07/2024;31/03/2026;14/03/2025;Vakcentrum CAO 2024-2026 .pdf;316 - LEVENSMIDDELENBEDRIJF - 02-07-2024 - 31-03-2026 - Regulier - kvo datum - 14-03-2025;https://www.uitvoeringarbeidsvoorwaardenwetgeving.nl/mozard/!suite92.scherm1007?mObj=47183&mSelod=704655
433;433001;01/01/2010;31/12/2013;22/07/2011;RAS_caotekst_2010_2011_aanmelding_20072011.pdf;433 - SCHOONMAAK- EN GLAZENWASSERSBEDRIJF - 01-01-2010 - 31-12-2013 - Regulier - kvo datum - 22-07-2011;https://www.uitvoeringarbeidsvoorwaardenwetgeving.nl/mozard/!suite92.scherm1007?mObj=7947&mSelod=704657
433;433002;01/01/2012;31/12/2013;19/06/2012;Schoonmaak__en_Glazenwassers_cao_stat__en_regl_.pdf;433 - SCHOONMAAK- EN GLAZENWASSERSBEDRIJF - 01-01-2012 - 31-12-2013 - Regulier - kvo datum - 19-06-2012;https://www.uitvoeringarbeidsvoorwaardenwetgeving.nl/mozard/!suite92.scherm1007?mObj=7948&mSelod=704657
433;433003;01/01/2014;31/12/2016;16/03/2016;CAO_2014_2016.pdf;433 - SCHOONMAAK- EN GLAZENWASSERSBEDRIJF - 01-01-2014 - 31-12-2016 - Regulier - kvo datum - 16-03-2016;https://www.uitvoeringarbeidsvoorwaardenwetgeving.nl/mozard/!suite92.scherm1007?mObj=7951&mSelod=704657
433;433004;01/01/2014;31/12/2016;27/12/2016;CAO.pdf;433 - SCHOONMAAK- EN GLAZENWASSERSBEDRIJF - 01-01-2014 - 31-12-2016 - Regulier - kvo datum - 27-12-2016 - TTW;https://www.uitvoeringarbeidsvoorwaardenwetgeving.nl/mozard/!suite92.scherm1007?mObj=7952&mSelod=704657
433;433005;01/01/2014;31/12/2018;12/08/2014;CAO_2014_2016_1.pdf;433 - SCHOONMAAK- EN GLAZENWASSERSBEDRIJF - 01-01-2014 - 31-12-2018 - Regulier - kvo datum - 12-08-2014 - TTW;https://www.uitvoeringarbeidsvoorwaardenwetgeving.nl/mozard/!suite92.scherm1007?mObj=7950&mSelod=704657
433;433006;01/01/2014;31/12/2018;23/07/2014;CAO_2014_2016_2.pdf;433 - SCHOONMAAK- EN GLAZENWASSERSBEDRIJF - 01-01-2014 - 31-12-2018 - Regulier - kvo datum - 23-07-2014;https://www.uitvoeringarbeidsvoorwaardenwetgeving.nl/mozard/!suite92.scherm1007?mObj=7949&mSelod=704657
433;433007;01/01/2017;31/12/2018;13/04/2017;schoonmaak_en_glazenwassersbedrijf.pdf;433 - SCHOONMAAK- EN GLAZENWASSERSBEDRIJF - 01-01-2017 - 31-12-2018 - Regulier - kvo datum - 13-04-2017;https://www.uitvoeringarbeidsvoorwaardenwetgeving.nl/mozard/!suite92.scherm1007?mObj=7953&mSelod=704657
433;433008;01/01/2017;31/12/2018;18/05/2017;CAO_2017_2018_definitief.pdf;433 - SCHOONMAAK- EN GLAZENWASSERSBEDRIJF - 01-01-2017 - 31-12-2018 - Regulier - kvo datum - 18-05-2017 - TTW;https://www.uitvoeringarbeidsvoorwaardenwetgeving.nl/mozard/!suite92.scherm1007?mObj=7954&mSelod=704657
433;433009;01/01/2017;31/12/2019;22/10/2018;CAO_2017_2019_definitief.pdf;433 - SCHOONMAAK- EN GLAZENWASSERSBEDRIJF - 01-01-2017 - 31-12-2019 - Regulier - kvo datum - 22-10-2018 - TTW;https://www.uitvoeringarbeidsvoorwaardenwetgeving.nl/mozard/!suite92.scherm1007?mObj=7957&mSelod=704657
433;433010;01/01/2019;30/06/2021;03/03/2021;CAO 2019 tot 2021 definitief.docx.pdf;433 - SCHOONMAAK- EN GLAZENWASSERSBEDRIJF - 01-01-2019 - 30-06-2021 - Regulier - kvo datum - 03-03-2021 - TTW;https://www.uitvoeringarbeidsvoorwaardenwetgeving.nl/mozard/!suite92.scherm1007?mObj=22134&mSelod=704657
433;433011;01/01/2019;30/06/2021;05/06/2019;CAO 2019-2021 -definitief.docx .pdf;433 - SCHOONMAAK- EN GLAZENWASSERSBEDRIJF - 01-01-2019 - 30-06-2021 - Regulier - kvo datum - 05-06-2019;https://www.uitvoeringarbeidsvoorwaardenwetgeving.nl/mozard/!suite92.scherm1007?mObj=14226&mSelod=704657
433;433012;01/01/2019;30/06/2021;11/11/2020;CAO 2019-2021 definitief.docx.pdf;433 - SCHOONMAAK- EN GLAZENWASSERSBEDRIJF - 01-01-2019 - 30-06-2021 - Regulier - kvo datum - 11-11-2020 - TTW;https://www.uitvoeringarbeidsvoorwaardenwetgeving.nl/mozard/!suite92.scherm1007?mObj=20366&mSelod=704657
433;433013;01/01/2019;30/06/2021;15/07/2019;CAO 2019-2021 nota van wijziging 8-7-2019.docx.pdf;433 - SCHOONMAAK- EN GLAZENWASSERSBEDRIJF - 01-01-2019 - 30-06-2021 - Regulier - kvo datum - 15-07-2019 - TTW;https://www.uitvoeringarbeidsvoorwaardenwetgeving.nl/mozard/!suite92.scherm1007?mObj=14607&mSelod=704657
433;433014;01/01/2019;30/06/2021;22/12/2020;CAO 2019 2021 definitief.docx.pdf;433 - SCHOONMAAK- EN GLAZENWASSERSBEDRIJF - 01-01-2019 - 30-06-2021 - Regulier - kvo datum - 22-12-2020 - TTW;https://www.uitvoeringarbeidsvoorwaardenwetgeving.nl/mozard/!suite92.scherm1007?mObj=21190&mSelod=704657
433;433015;01/01/2019;31/12/2019;06/07/2018;CAO_2017_2019_definitief_1.pdf;433 - SCHOONMAAK- EN GLAZENWASSERSBEDRIJF - 01-01-2019 - 31-12-2019 - Regulier - kvo datum - 06-07-2018;https://www.uitvoeringarbeidsvoorwaardenwetgeving.nl/mozard/!suite92.scherm1007?mObj=7955&mSelod=704657
433;433016;01/01/2019;31/12/2019;26/07/2018;CAO_2017_2019_definitief___met_renvooi___20_7_2018.pdf;433 - SCHOONMAAK- EN GLAZENWASSERSBEDRIJF - 01-01-2019 - 31-12-2019 - Regulier - kvo datum - 26-07-2018 - TTW;https://www.uitvoeringarbeidsvoorwaardenwetgeving.nl/mozard/!suite92.scherm1007?mObj=7956&mSelod=704657
433;433017;01/01/2022;31/12/2026;09/03/2022;CAO 2022-2024 defintief.pdf;433 - SCHOONMAAK- EN GLAZENWASSERSBEDRIJF - 01-01-2022 - 31-12-2026 - Regulier - kvo datum - 09-03-2022;https://www.uitvoeringarbeidsvoorwaardenwetgeving.nl/mozard/!suite92.scherm1007?mObj=28238&mSelod=704657
433;433018;01/01/2022;31/12/2026;11/07/2023;CAO 2022-2024 (met wijzigingen 6-7-2023).pdf;433 - SCHOONMAAK- EN GLAZENWASSERSBEDRIJF - 01-01-2022 - 31-12-2026 - Regulier - kvo datum - 11-07-2023;https://www.uitvoeringarbeidsvoorwaardenwetgeving.nl/mozard/!suite92.scherm1007?mObj=37501&mSelod=704657
433;433019;01/01/2022;31/12/2026;13/04/2022;CAO 2022-2024 defintief_1.pdf;433 - SCHOONMAAK- EN GLAZENWASSERSBEDRIJF - 01-01-2022 - 31-12-2026 - Regulier - kvo datum - 13-04-2022;https://www.uitvoeringarbeidsvoorwaardenwetgeving.nl/mozard/!suite92.scherm1007?mObj=29301&mSelod=704657
433;433020;01/01/2022;31/12/2026;16/05/2022;CAO 2022-2024 defintief_2.pdf;433 - SCHOONMAAK- EN GLAZENWASSERSBEDRIJF - 01-01-2022 - 31-12-2026 - Regulier - kvo datum - 16-05-2022 - TTW;https://www.uitvoeringarbeidsvoorwaardenwetgeving.nl/mozard/!suite92.scherm1007?mObj=29783&mSelod=704657
433;433021;01/01/2022;31/12/2026;28/12/2022;CAO 2022-2024 definitief 1 10 2022.pdf;433 - SCHOONMAAK- EN GLAZENWASSERSBEDRIJF - 01-01-2022 - 31-12-2026 - Regulier - kvo datum - 28-12-2022;https://www.uitvoeringarbeidsvoorwaardenwetgeving.nl/mozard/!suite92.scherm1007?mObj=32865&mSelod=704657
433;433022;01/01/2024;31/12/2028;05/02/2024;CAO 2024 (1-1-2024 tm 30-6-2024).pdf;433 - SCHOONMAAK- EN GLAZENWASSERSBEDRIJF - 01-01-2024 - 31-12-2028 - Regulier - kvo datum - 05-02-2024;https://www.uitvoeringarbeidsvoorwaardenwetgeving.nl/mozard/!suite92.scherm1007?mObj=41658&mSelod=704657
433;433023;01/01/2024;31/12/2028;14/03/2024;CAO 2024 (1-1-2024 tm 30-6-2024)_1.pdf;433 - SCHOONMAAK- EN GLAZENWASSERSBEDRIJF - 01-01-2024 - 31-12-2028 - Regulier - kvo datum - 14-03-2024 - TTW;https://www.uitvoeringarbeidsvoorwaardenwetgeving.nl/mozard/!suite92.scherm1007?mObj=42157&mSelod=704657
433;433024;01/01/2024;31/12/2028;19/03/2024;CAO 2024 (1-1-2024 tm 30-6-2024)_2.pdf;433 - SCHOONMAAK- EN GLAZENWASSERSBEDRIJF - 01-01-2024 - 31-12-2028 - Regulier - kvo datum - 19-03-2024 - TTW;https://www.uitvoeringarbeidsvoorwaardenwetgeving.nl/mozard/!suite92.scherm1007?mObj=42199&mSelod=704657
433;433025;01/07/2021;31/12/2022;14/04/2021;CAO 2021 definitief.pdf;433 - SCHOONMAAK- EN GLAZENWASSERSBEDRIJF - 01-07-2021 - 31-12-2022 - Regulier - kvo datum - 14-04-2021;https://www.uitvoeringarbeidsvoorwaardenwetgeving.nl/mozard/!suite92.scherm1007?mObj=22595&mSelod=704657
433;433026;01/07/2021;31/12/2022;19/05/2021;CAO 2021 definitief_1.pdf;433 - SCHOONMAAK- EN GLAZENWASSERSBEDRIJF - 01-07-2021 - 31-12-2022 - Regulier - kvo datum - 19-05-2021 - TTW;https://www.uitvoeringarbeidsvoorwaardenwetgeving.nl/mozard/!suite92.scherm1007?mObj=22727&mSelod=704657
433;433027;01/07/2024;31/12/2027;08/08/2024;CAO 2024-2026 definitief met alle bijlagen cao.pdf;433 - SCHOONMAAK- EN GLAZENWASSERSBEDRIJF - 01-07-2024 - 31-12-2027 - Regulier - kvo datum - 08-08-2024 - TTW;https://www.uitvoeringarbeidsvoorwaardenwetgeving.nl/mozard/!suite92.scherm1007?mObj=43491&mSelod=704657
433;433028;01/07/2024;31/12/2027;10/07/2024;CAO 2024-2026 definitief met bijlagen.pdf;433 - SCHOONMAAK- EN GLAZENWASSERSBEDRIJF - 01-07-2024 - 31-12-2027 - Regulier - kvo datum - 10-07-2024;https://www.uitvoeringarbeidsvoorwaardenwetgeving.nl/mozard/!suite92.scherm1007?mObj=43241&mSelod=704657
1494;1494001;01/01/2013;30/06/2014;24/04/2014;caopo2013_verlngd_handtek_april2014.pdf;1494 - PRIMAIR ONDERWIJS - 01-01-2013 - 30-06-2014 - Regulier - kvo datum - 24-04-2014 - TTW;https://www.uitvoeringarbeidsvoorwaardenwetgeving.nl/mozard/!suite92.scherm1007?mObj=8949&mSelod=704659
1494;1494002;01/01/2013;30/06/2014;25/03/2014;cao_po_2013_verlengd_2014_140107_handtek.pdf;1494 - PRIMAIR ONDERWIJS - 01-01-2013 - 30-06-2014 - Regulier - kvo datum - 25-03-2014;https://www.uitvoeringarbeidsvoorwaardenwetgeving.nl/mozard/!suite92.scherm1007?mObj=8948&mSelod=704659
1494;1494003;01/01/2013;31/12/2013;07/02/2014;cao_po_2013_verlengd_2014_140107_handtek_1.pdf;1494 - PRIMAIR ONDERWIJS - 01-01-2013 - 31-12-2013 - Regulier - kvo datum - 07-02-2014 - TTW;https://www.uitvoeringarbeidsvoorwaardenwetgeving.nl/mozard/!suite92.scherm1007?mObj=8947&mSelod=704659
1494;1494004;01/01/2013;31/12/2013;07/05/2013;cao_po_2013_def_versie.pdf;1494 - PRIMAIR ONDERWIJS - 01-01-2013 - 31-12-2013 - Regulier - kvo datum - 07-05-2013;https://www.uitvoeringarbeidsvoorwaardenwetgeving.nl/mozard/!suite92.scherm1007?mObj=8946&mSelod=704659
1494;1494005;01/01/2018;28/02/2019;27/02/2019;20190222_CAO_PO_2018_2019_gewijzigd_feb_2019.pdf;1494 - PRIMAIR ONDERWIJS - 01-01-2018 - 28-02-2019 - Regulier - kvo datum - 27-02-2019 - TTW;https://www.uitvoeringarbeidsvoorwaardenwetgeving.nl/mozard/!suite92.scherm1007?mObj=8957&mSelod=704659
1494;1494006;01/01/2018;28/02/2019;31/07/2018;20180719_cao_po_2018_2019_def_getekend.pdf;1494 - PRIMAIR ONDERWIJS - 01-01-2018 - 28-02-2019 - Regulier - kvo datum - 31-07-2018;https://www.uitvoeringarbeidsvoorwaardenwetgeving.nl/mozard/!suite92.scherm1007?mObj=8956&mSelod=704659
1494;1494007;01/01/2018;31/12/2022;12/12/2017;CAO_Appo_en_GOVak_2018_2023.pdf;1494 - PRIMAIR ONDERWIJS - 01-01-2018 - 31-12-2022 - Regulier - kvo datum - 12-12-2017;https://www.uitvoeringarbeidsvoorwaardenwetgeving.nl/mozard/!suite92.scherm1007?mObj=8955&mSelod=704659
1494;1494008;01/01/2021;31/12/2021;10/12/2021;Def cao po 2021 schoon 6dec2021.pdf;1494 - PRIMAIR ONDERWIJS - 01-01-2021 - 31-12-2021 - Regulier - kvo datum - 10-12-2021;https://www.uitvoeringarbeidsvoorwaardenwetgeving.nl/mozard/!suite92.scherm1007?mObj=24531&mSelod=704659
1494;1494009;01/03/2019;31/10/2020;27/03/2020;Def cao primair onderwijs 2019-2020.pdf;1494 - PRIMAIR ONDERWIJS - 01-03-2019 - 31-10-2020 - Regulier - kvo datum - 27-03-2020;https://www.uitvoeringarbeidsvoorwaardenwetgeving.nl/mozard/!suite92.scherm1007?mObj=16076&mSelod=704659
1494;1494010;01/03/2019;31/12/2020;30/11/2020;Def cao 2019-2020 nav aanvullende afspraken .pdf;1494 - PRIMAIR ONDERWIJS - 01-03-2019 - 31-12-2020 - Regulier - kvo datum - 30-11-2020;https://www.uitvoeringarbeidsvoorwaardenwetgeving.nl/mozard/!suite92.scherm1007?mObj=20833&mSelod=704659
1494;1494011;01/05/2023;30/09/2024;24/11/2023;CAO-PO 2023-2024.pdf;1494 - PRIMAIR ONDERWIJS - 01-05-2023 - 30-09-2024 - Regulier - kvo datum - 24-11-2023;https://www.uitvoeringarbeidsvoorwaardenwetgeving.nl/mozard/!suite92.scherm1007?mObj=40079&mSelod=704659
1494;1494012;01/05/2023;30/09/2024;31/01/2024;Def CAO-PO 2023-2024 23012024.pdf;1494 - PRIMAIR ONDERWIJS - 01-05-2023 - 30-09-2024 - Regulier - kvo datum - 31-01-2024;https://www.uitvoeringarbeidsvoorwaardenwetgeving.nl/mozard/!suite92.scherm1007?mObj=41604&mSelod=704659
1494;1494013;01/07/2014;30/06/2015;28/01/2015;20141217_cao_po_2014_2015_tekenversie_REE_EvB_copy.pdf;1494 - PRIMAIR ONDERWIJS - 01-07-2014 - 30-06-2015 - Regulier - kvo datum - 28-01-2015;https://www.uitvoeringarbeidsvoorwaardenwetgeving.nl/mozard/!suite92.scherm1007?mObj=8950&mSelod=704659
1494;1494014;01/07/2016;30/09/2017;01/06/2017;20170427_cao_po_opnieuw_gewijzigd_tbv_AVV_.pdf;1494 - PRIMAIR ONDERWIJS - 01-07-2016 - 30-09-2017 - Regulier - kvo datum - 01-06-2017 - TTW;https://www.uitvoeringarbeidsvoorwaardenwetgeving.nl/mozard/!suite92.scherm1007?mObj=8954&mSelod=704659
1494;1494015;01/07/2016;30/09/2017;01/07/2016;201600701_cao_po_2016_2017_DEFINITIEF_1_juli_2017.pdf;1494 - PRIMAIR ONDERWIJS - 01-07-2016 - 30-09-2017 - Regulier - kvo datum - 01-07-2016;https://www.uitvoeringarbeidsvoorwaardenwetgeving.nl/mozard/!suite92.scherm1007?mObj=8951&mSelod=704659
1494;1494016;01/07/2016;30/09/2017;14/07/2016;20160711_cao_po_2016_2017_versie_iia.pdf;1494 - PRIMAIR ONDERWIJS - 01-07-2016 - 30-09-2017 - Regulier - kvo datum - 14-07-2016 - TTW;https://www.uitvoeringarbeidsvoorwaardenwetgeving.nl/mozard/!suite92.scherm1007?mObj=8952&mSelod=704659
1494;1494017;01/07/2016;30/09/2017;23/12/2016;20161230_cao_po_gewijzigd_per_1_jan_2017.pdf;1494 - PRIMAIR ONDERWIJS - 01-07-2016 - 30-09-2017 - Regulier - kvo datum - 23-12-2016 - TTW;https://www.uitvoeringarbeidsvoorwaardenwetgeving.nl/mozard/!suite92.scherm1007?mObj=8953&mSelod=704659
1494;1494018;01/10/2024;31/10/2025;31/01/2025;Versie 20250114 Teksten CAO PO 2024-2025.pdf;1494 - PRIMAIR ONDERWIJS - 01-10-2024 - 31-10-2025 - Regulier - kvo datum - 31-01-2025;https://www.uitvoeringarbeidsvoorwaardenwetgeving.nl/mozard/!suite92.scherm1007?mObj=46468&mSelod=704659
10;10001;01/01/2011;31/12/2011;09/11/2011;CAO_2011_aanmelding_TTW_11_2011.pdf;10 - BOUW EN INFRA (CAO) - 01-01-2011 - 31-12-2011 - Regulier - kvo datum - 09-11-2011 - TTW;https://www.uitvoeringarbeidsvoorwaardenwetgeving.nl/mozard/!suite92.scherm1007?mObj=6940&mSelod=704661
10;10002;01/01/2011;31/12/2011;14/01/2011;Bouw CAO 2011 aanmelding TTW 1-2011.pdf;10 - BOUW EN INFRA (CAO) - 01-01-2011 - 31-12-2011 - Regulier - kvo datum - 14-01-2011 - TTW;https://www.uitvoeringarbeidsvoorwaardenwetgeving.nl/mozard/!suite92.scherm1007?mObj=6938&mSelod=704661
10;10003;01/01/2012;31/12/2014;07/05/2013;TTW_CAO_1_5_2013.pdf;10 - BOUW EN INFRA (CAO) - 01-01-2012 - 31-12-2014 - Regulier - kvo datum - 07-05-2013 - TTW;https://www.uitvoeringarbeidsvoorwaardenwetgeving.nl/mozard/!suite92.scherm1007?mObj=6944&mSelod=704661
10;10004;01/01/2012;31/12/2014;11/07/2012;Bouwnijverheid_cao_tekst_docx.pdf;10 - BOUW EN INFRA (CAO) - 01-01-2012 - 31-12-2014 - Regulier - kvo datum - 11-07-2012;https://www.uitvoeringarbeidsvoorwaardenwetgeving.nl/mozard/!suite92.scherm1007?mObj=6941&mSelod=704661
10;10005;01/01/2012;31/12/2014;15/11/2012;TTW_CAO_definitief_12_november_2012.pdf;10 - BOUW EN INFRA (CAO) - 01-01-2012 - 31-12-2014 - Regulier - kvo datum - 15-11-2012 - TTW;https://www.uitvoeringarbeidsvoorwaardenwetgeving.nl/mozard/!suite92.scherm1007?mObj=6942&mSelod=704661
10;10006;01/01/2012;31/12/2014;22/10/2013;TTW_CAO_15_10_2013.pdf;10 - BOUW EN INFRA (CAO) - 01-01-2012 - 31-12-2014 - Regulier - kvo datum - 22-10-2013 - TTW;https://www.uitvoeringarbeidsvoorwaardenwetgeving.nl/mozard/!suite92.scherm1007?mObj=6946&mSelod=704661
10;10007;01/01/2012;31/12/2014;27/06/2013;TTW_CAO_1_7_2013.pdf;10 - BOUW EN INFRA (CAO) - 01-01-2012 - 31-12-2014 - Regulier - kvo datum - 27-06-2013 - TTW;https://www.uitvoeringarbeidsvoorwaardenwetgeving.nl/mozard/!suite92.scherm1007?mObj=6945&mSelod=704661
10;10008;01/01/2014;31/12/2014;08/07/2014;TTW_CAO_2014_aanmelding_juli_2014.pdf;10 - BOUW EN INFRA (CAO) - 01-01-2014 - 31-12-2014 - Regulier - kvo datum - 08-07-2014 - TTW;https://www.uitvoeringarbeidsvoorwaardenwetgeving.nl/mozard/!suite92.scherm1007?mObj=6949&mSelod=704661
10;10009;01/01/2014;31/12/2014;25/03/2014;CAO_2014_aanmelding_20_3_2014.pdf;10 - BOUW EN INFRA (CAO) - 01-01-2014 - 31-12-2014 - Regulier - kvo datum - 25-03-2014;https://www.uitvoeringarbeidsvoorwaardenwetgeving.nl/mozard/!suite92.scherm1007?mObj=6947&mSelod=704661
10;10010;01/01/2014;31/12/2014;30/04/2014;TTW_CAO_2014_4.pdf;10 - BOUW EN INFRA (CAO) - 01-01-2014 - 31-12-2014 - Regulier - kvo datum - 30-04-2014 - TTW;https://www.uitvoeringarbeidsvoorwaardenwetgeving.nl/mozard/!suite92.scherm1007?mObj=6948&mSelod=704661
10;10011;01/01/2015;23/01/2017;20/10/2016;TTW_cao_Bouw___Infra_integraal.pdf;10 - BOUW EN INFRA (CAO) - 01-01-2015 - 23-01-2017 - Regulier - kvo datum - 20-10-2016 - TTW;https://www.uitvoeringarbeidsvoorwaardenwetgeving.nl/mozard/!suite92.scherm1007?mObj=6951&mSelod=704661
10;10012;01/01/2015;31/01/2017;03/12/2015;cao_Bouw__Infra_2015_2017_def.pdf;10 - BOUW EN INFRA (CAO) - 01-01-2015 - 31-01-2017 - Regulier - kvo datum - 03-12-2015;https://www.uitvoeringarbeidsvoorwaardenwetgeving.nl/mozard/!suite92.scherm1007?mObj=6950&mSelod=704661
10;10013;01/01/2020;31/12/2020;30/07/2020;cao Bouw en Infra 2020.pdf;10 - BOUW EN INFRA (CAO) - 01-01-2020 - 31-12-2020 - Regulier - kvo datum - 30-07-2020;https://www.uitvoeringarbeidsvoorwaardenwetgeving.nl/mozard/!suite92.scherm1007?mObj=18670&mSelod=704661
10;10014;01/01/2021;31/12/2022;04/10/2021;CAO BOUW EN INFRA 2021-2022 INTERACTIEF.pdf;10 - BOUW EN INFRA (CAO) - 01-01-2021 - 31-12-2022 - Regulier - kvo datum - 04-10-2021 - TTW;https://www.uitvoeringarbeidsvoorwaardenwetgeving.nl/mozard/!suite92.scherm1007?mObj=23374&mSelod=704661
10;10015;01/01/2021;31/12/2022;15/06/2021;cao Bouw en Infra 2021-2022.pdf;10 - BOUW EN INFRA (CAO) - 01-01-2021 - 31-12-2022 - Regulier - kvo datum - 15-06-2021;https://www.uitvoeringarbeidsvoorwaardenwetgeving.nl/mozard/!suite92.scherm1007?mObj=22843&mSelod=704661
10;10016;01/01/2021;31/12/2022;15/07/2021;cao Bouw en Infra 2021-2022_1.pdf;10 - BOUW EN INFRA (CAO) - 01-01-2021 - 31-12-2022 - Regulier - kvo datum - 15-07-2021 - TTW;https://www.uitvoeringarbeidsvoorwaardenwetgeving.nl/mozard/!suite92.scherm1007?mObj=23013&mSelod=704661
10;10017;01/01/2021;31/12/2022;20/07/2021;cao Bouw en Infra 2021-2022_2.pdf;10 - BOUW EN INFRA (CAO) - 01-01-2021 - 31-12-2022 - Regulier - kvo datum - 20-07-2021 - TTW;https://www.uitvoeringarbeidsvoorwaardenwetgeving.nl/mozard/!suite92.scherm1007?mObj=23055&mSelod=704661
10;10018;01/01/2023;31/12/2023;02/11/2022;CAO BOUW EN INFRA 2023 - INTERACTIEF DEF.pdf;10 - BOUW EN INFRA (CAO) - 01-01-2023 - 31-12-2023 - Regulier - kvo datum - 02-11-2022;https://www.uitvoeringarbeidsvoorwaardenwetgeving.nl/mozard/!suite92.scherm1007?mObj=31581&mSelod=704661
10;10019;01/01/2023;31/12/2023;11/05/2023;CAO BOUW EN INFRA 2023 - INTERACTIEF mei 2023.pdf;10 - BOUW EN INFRA (CAO) - 01-01-2023 - 31-12-2023 - Regulier - kvo datum - 11-05-2023 - TTW;https://www.uitvoeringarbeidsvoorwaardenwetgeving.nl/mozard/!suite92.scherm1007?mObj=37033&mSelod=704661
10;10020;01/01/2023;31/12/2023;24/10/2023;Cao Bouw en Infra - versie 23 oktober 2023.pdf;10 - BOUW EN INFRA (CAO) - 01-01-2023 - 31-12-2023 - Regulier - kvo datum - 24-10-2023;https://www.uitvoeringarbeidsvoorwaardenwetgeving.nl/mozard/!suite92.scherm1007?mObj=39151&mSelod=704661
10;10021;01/01/2023;31/12/2023;26/08/2022;Cao Bouw en Infra 2023.pdf;10 - BOUW EN INFRA (CAO) - 01-01-2023 - 31-12-2023 - Regulier - kvo datum - 26-08-2022;https://www.uitvoeringarbeidsvoorwaardenwetgeving.nl/mozard/!suite92.scherm1007?mObj=31024&mSelod=704661
10;10022;01/01/2024;31/12/2024;16/02/2024;Cao Bouw en Infra 2024 - TTW 12 februari 2024.pdf.pdf;10 - BOUW EN INFRA (CAO) - 01-01-2024 - 31-12-2024 - Regulier - kvo datum - 16-02-2024 - TTW;https://www.uitvoeringarbeidsvoorwaardenwetgeving.nl/mozard/!suite92.scherm1007?mObj=41802&mSelod=704661
10;10023;01/01/2024;31/12/2024;22/12/2023;Cao Bouw en Infra 2024.pdf;10 - BOUW EN INFRA (CAO) - 01-01-2024 - 31-12-2024 - Regulier - kvo datum - 22-12-2023;https://www.uitvoeringarbeidsvoorwaardenwetgeving.nl/mozard/!suite92.scherm1007?mObj=40742&mSelod=704661
10;10024;01/01/2025;31/03/2027;10/06/2025;Cao Bouw en Infra 2025 - 2027.pdf.pdf;10 - BOUW EN INFRA (CAO) - 01-01-2025 - 31-03-2027 - Regulier - kvo datum - 10-06-2025;https://www.uitvoeringarbeidsvoorwaardenwetgeving.nl/mozard/!suite92.scherm1007?mObj=48625&mSelod=704661
10;10025;01/01/2025;31/03/2027;20/06/2025;Cao Bouw en Infra 2025 - 2027.pdf;10 - BOUW EN INFRA (CAO) - 01-01-2025 - 31-03-2027 - Regulier - kvo datum - 20-06-2025 - TTW;https://www.uitvoeringarbeidsvoorwaardenwetgeving.nl/mozard/!suite92.scherm1007?mObj=48807&mSelod=704661
10;10026;01/02/2017;31/03/2018;06/10/2017;TTW_cao_Bouw_en_Infra_10_2017.pdf;10 - BOUW EN INFRA (CAO) - 01-02-2017 - 31-03-2018 - Regulier - kvo datum - 06-10-2017 - TTW;https://www.uitvoeringarbeidsvoorwaardenwetgeving.nl/mozard/!suite92.scherm1007?mObj=6955&mSelod=704661
10;10027;01/02/2017;31/03/2018;10/03/2017;cao_Bouw_en_Infra_2017_2018_def.pdf;10 - BOUW EN INFRA (CAO) - 01-02-2017 - 31-03-2018 - Regulier - kvo datum - 10-03-2017;https://www.uitvoeringarbeidsvoorwaardenwetgeving.nl/mozard/!suite92.scherm1007?mObj=6953&mSelod=704661
10;10028;01/02/2017;31/03/2018;22/05/2017;TTW_cao_Bouw_en_Infra_2017_2018_def.pdf;10 - BOUW EN INFRA (CAO) - 01-02-2017 - 31-03-2018 - Regulier - kvo datum - 22-05-2017 - TTW;https://www.uitvoeringarbeidsvoorwaardenwetgeving.nl/mozard/!suite92.scherm1007?mObj=6954&mSelod=704661
10;10029;01/04/2018;31/12/2019;18/07/2018;cao_Bouw_en_Infra_2018_2019_def.pdf;10 - BOUW EN INFRA (CAO) - 01-04-2018 - 31-12-2019 - Regulier - kvo datum - 18-07-2018;https://www.uitvoeringarbeidsvoorwaardenwetgeving.nl/mozard/!suite92.scherm1007?mObj=6956&mSelod=704661
10;10030;01/04/2018;31/12/2019;18/12/2018;cao_Bouw_en_Infra_2018_2019_TTW_dec18.pdf;10 - BOUW EN INFRA (CAO) - 01-04-2018 - 31-12-2019 - Regulier - kvo datum - 18-12-2018 - TTW;https://www.uitvoeringarbeidsvoorwaardenwetgeving.nl/mozard/!suite92.scherm1007?mObj=6958&mSelod=704661
10;10031;01/04/2018;31/12/2019;31/10/2018;cao_Bouw_en_Infra_2018_2019_TTW_okt18.pdf;10 - BOUW EN INFRA (CAO) - 01-04-2018 - 31-12-2019 - Regulier - kvo datum - 31-10-2018;https://www.uitvoeringarbeidsvoorwaardenwetgeving.nl/mozard/!suite92.scherm1007?mObj=6957&mSelod=704661
10;10032;29/03/2019;31/12/2019;03/04/2019;cao Bouw en Infra 2018-2019 TTW mrt19.pdf .pdf;10 - BOUW EN INFRA (CAO) - 29-03-2019 - 31-12-2019 - Regulier - kvo datum - 03-04-2019 - TTW;https://www.uitvoeringarbeidsvoorwaardenwetgeving.nl/mozard/!suite92.scherm1007?mObj=13723&mSelod=704661
317;317001;01/01/2009;28/02/2011;09/03/2010;gehandicaptenzorg integrale tekst.pdf;317 - GEHANDICAPTENZORG - 01-01-2009 - 28-02-2011 - Regulier - kvo datum - 09-03-2010;https://www.uitvoeringarbeidsvoorwaardenwetgeving.nl/mozard/!suite92.scherm1007?mObj=7123&mSelod=704664
317;317002;01/01/2016;31/12/2016;07/03/2016;CAO_GHZ_2016_def_29_2_2016.pdf;317 - GEHANDICAPTENZORG - 01-01-2016 - 31-12-2016 - Regulier - kvo datum - 07-03-2016;https://www.uitvoeringarbeidsvoorwaardenwetgeving.nl/mozard/!suite92.scherm1007?mObj=7127&mSelod=704664
317;317003;01/01/2017;31/03/2019;21/09/2017;CAO_Gehandicaptenzorg_2017_2019_def.pdf;317 - GEHANDICAPTENZORG - 01-01-2017 - 31-03-2019 - Regulier - kvo datum - 21-09-2017;https://www.uitvoeringarbeidsvoorwaardenwetgeving.nl/mozard/!suite92.scherm1007?mObj=7128&mSelod=704664
317;317004;01/01/2025;31/12/2026;17/06/2025;Tekst CAO Gehandicaptenzorg 2025-2026 (ID 161822).pdf;317 - GEHANDICAPTENZORG - 01-01-2025 - 31-12-2026 - Regulier - kvo datum - 17-06-2025;https://www.uitvoeringarbeidsvoorwaardenwetgeving.nl/mozard/!suite92.scherm1007?mObj=48689&mSelod=704664
317;317005;01/03/2011;01/03/2014;14/11/2011;CAO_Gehandicaptenzorg_2011_2014.pdf;317 - GEHANDICAPTENZORG - 01-03-2011 - 01-03-2014 - Regulier - kvo datum - 14-11-2011;https://www.uitvoeringarbeidsvoorwaardenwetgeving.nl/mozard/!suite92.scherm1007?mObj=7124&mSelod=704664
317;317006;01/03/2014;01/03/2015;15/07/2014;Def_tekst_CAO_GHZ_2014_2015_vs20140709.pdf;317 - GEHANDICAPTENZORG - 01-03-2014 - 01-03-2015 - Regulier - kvo datum - 15-07-2014 - TTW;https://www.uitvoeringarbeidsvoorwaardenwetgeving.nl/mozard/!suite92.scherm1007?mObj=7126&mSelod=704664
317;317007;01/03/2014;01/03/2015;20/05/2014;Definitieve_tekst_CAO_GHZ_2014_2015.pdf;317 - GEHANDICAPTENZORG - 01-03-2014 - 01-03-2015 - Regulier - kvo datum - 20-05-2014;https://www.uitvoeringarbeidsvoorwaardenwetgeving.nl/mozard/!suite92.scherm1007?mObj=7125&mSelod=704664
317;317008;01/04/2019;30/09/2021;22/10/2020;CAO GHZ 2019-2021 versie oktober 2020 zonder wijzigingen bijhouden.docx.pdf;317 - GEHANDICAPTENZORG - 01-04-2019 - 30-09-2021 - Regulier - kvo datum - 22-10-2020 - TTW;https://www.uitvoeringarbeidsvoorwaardenwetgeving.nl/mozard/!suite92.scherm1007?mObj=19906&mSelod=704664
317;317009;01/04/2019;30/09/2021;23/03/2020;CAO GHZ 2019-2021 definitief zonder wijzigingen 20200107.docx.pdf;317 - GEHANDICAPTENZORG - 01-04-2019 - 30-09-2021 - Regulier - kvo datum - 23-03-2020;https://www.uitvoeringarbeidsvoorwaardenwetgeving.nl/mozard/!suite92.scherm1007?mObj=16026&mSelod=704664
317;317010;01/10/2021;31/01/2024;11/08/2022;Tekst CAO GHZ 2021-2024.pdf;317 - GEHANDICAPTENZORG - 01-10-2021 - 31-01-2024 - Regulier - kvo datum - 11-08-2022;https://www.uitvoeringarbeidsvoorwaardenwetgeving.nl/mozard/!suite92.scherm1007?mObj=30894&mSelod=704664
317;317011;01/10/2021;31/01/2024;23/03/2023;Tekst CAO GHZ 2021-2024_DEFGEW.pdf;317 - GEHANDICAPTENZORG - 01-10-2021 - 31-01-2024 - Regulier - kvo datum - 23-03-2023;https://www.uitvoeringarbeidsvoorwaardenwetgeving.nl/mozard/!suite92.scherm1007?mObj=36590&mSelod=704664
317;317012;01/10/2021;31/12/2024;06/11/2023;CAO2021-2024_Augustus2023def_0_0.pdf;317 - GEHANDICAPTENZORG - 01-10-2021 - 31-12-2024 - Regulier - kvo datum - 06-11-2023;https://www.uitvoeringarbeidsvoorwaardenwetgeving.nl/mozard/!suite92.scherm1007?mObj=39390&mSelod=704664
317;317013;01/10/2021;31/12/2024;13/10/2023;Tekst CAO GHZ 2021-2024 schone versie V2.pdf;317 - GEHANDICAPTENZORG - 01-10-2021 - 31-12-2024 - Regulier - kvo datum - 13-10-2023;https://www.uitvoeringarbeidsvoorwaardenwetgeving.nl/mozard/!suite92.scherm1007?mObj=39028&mSelod=704664
317;317014;01/10/2021;31/12/2024;19/02/2024;CAO Gehandicaptenzorg 2021-2024 tweede ronde.pdf;317 - GEHANDICAPTENZORG - 01-10-2021 - 31-12-2024 - Regulier - kvo datum - 19-02-2024 - TTW;https://www.uitvoeringarbeidsvoorwaardenwetgeving.nl/mozard/!suite92.scherm1007?mObj=41870&mSelod=704664
824;824001;01/03/2015;30/04/2017;12/07/2016;CAO_MB_TTW_juli.pdf;824 - M&T METAALBEWERKINGSBEDRIJF - 01-03-2015 - 30-04-2017 - Regulier - kvo datum - 12-07-2016 - TTW;https://www.uitvoeringarbeidsvoorwaardenwetgeving.nl/mozard/!suite92.scherm1007?mObj=8431&mSelod=704667
824;824002;01/03/2015;30/04/2017;20/11/2015;CAO_MB.pdf;824 - M&T METAALBEWERKINGSBEDRIJF - 01-03-2015 - 30-04-2017 - Regulier - kvo datum - 20-11-2015;https://www.uitvoeringarbeidsvoorwaardenwetgeving.nl/mozard/!suite92.scherm1007?mObj=8429&mSelod=704667
824;824003;01/03/2015;30/04/2017;21/12/2015;CAO_MB_arcering___wijz_AOW_LT.pdf;824 - M&T METAALBEWERKINGSBEDRIJF - 01-03-2015 - 30-04-2017 - Regulier - kvo datum - 21-12-2015 - TTW;https://www.uitvoeringarbeidsvoorwaardenwetgeving.nl/mozard/!suite92.scherm1007?mObj=8430&mSelod=704667
824;824004;01/04/2011;30/04/2013;07/06/2011;cao_mb_aangepast_n_a_v_bed.pdf;824 - M&T METAALBEWERKINGSBEDRIJF - 01-04-2011 - 30-04-2013 - Regulier - kvo datum - 07-06-2011;https://www.uitvoeringarbeidsvoorwaardenwetgeving.nl/mozard/!suite92.scherm1007?mObj=8426&mSelod=704667
824;824005;01/04/2011;30/04/2013;20/01/2012;MT_Metaalbew__CAO___handb_.pdf;824 - M&T METAALBEWERKINGSBEDRIJF - 01-04-2011 - 30-04-2013 - Regulier - kvo datum - 20-01-2012 - TTW;https://www.uitvoeringarbeidsvoorwaardenwetgeving.nl/mozard/!suite92.scherm1007?mObj=8427&mSelod=704667
824;824006;01/04/2024;31/01/2026;07/10/2024;HB 5e editie 2024.pdf;824 - M&T METAALBEWERKINGSBEDRIJF - 01-04-2024 - 31-01-2026 - Regulier - kvo datum - 07-10-2024;https://www.uitvoeringarbeidsvoorwaardenwetgeving.nl/mozard/!suite92.scherm1007?mObj=43852&mSelod=704667
824;824007;01/04/2024;31/01/2026;12/12/2024;HB 5e editie 2024_1.pdf;824 - M&T METAALBEWERKINGSBEDRIJF - 01-04-2024 - 31-01-2026 - Regulier - kvo datum - 12-12-2024 - TTW;https://www.uitvoeringarbeidsvoorwaardenwetgeving.nl/mozard/!suite92.scherm1007?mObj=45538&mSelod=704667
824;824008;01/04/2024;31/01/2026;14/10/2024;HB 5e editie 2024_2.pdf;824 - M&T METAALBEWERKINGSBEDRIJF - 01-04-2024 - 31-01-2026 - Regulier - kvo datum - 14-10-2024;https://www.uitvoeringarbeidsvoorwaardenwetgeving.nl/mozard/!suite92.scherm1007?mObj=44063&mSelod=704667
824;824009;01/05/2013;28/02/2015;28/11/2013;MenT_Metaalbewerkingsbedr__CAO_tot_.pdf;824 - M&T METAALBEWERKINGSBEDRIJF - 01-05-2013 - 28-02-2015 - Regulier - kvo datum - 28-11-2013;https://www.uitvoeringarbeidsvoorwaardenwetgeving.nl/mozard/!suite92.scherm1007?mObj=8428&mSelod=704667
824;824010;01/05/2017;31/05/2019;05/07/2017;CAO_MB_2017_2019_TTW_juli_2017.pdf;824 - M&T METAALBEWERKINGSBEDRIJF - 01-05-2017 - 31-05-2019 - Regulier - kvo datum - 05-07-2017 - TTW;https://www.uitvoeringarbeidsvoorwaardenwetgeving.nl/mozard/!suite92.scherm1007?mObj=8433&mSelod=704667
824;824011;01/05/2017;31/05/2019;09/06/2017;CAO_MB_17_19.pdf;824 - M&T METAALBEWERKINGSBEDRIJF - 01-05-2017 - 31-05-2019 - Regulier - kvo datum - 09-06-2017;https://www.uitvoeringarbeidsvoorwaardenwetgeving.nl/mozard/!suite92.scherm1007?mObj=8432&mSelod=704667
824;824012;01/05/2017;31/05/2019;23/10/2018;CAO_MB_2017_2019_TTW_LL_nov_2018.pdf;824 - M&T METAALBEWERKINGSBEDRIJF - 01-05-2017 - 31-05-2019 - Regulier - kvo datum - 23-10-2018 - TTW;https://www.uitvoeringarbeidsvoorwaardenwetgeving.nl/mozard/!suite92.scherm1007?mObj=8435&mSelod=704667
824;824013;01/05/2017;31/05/2019;28/11/2017;CAO_MB_2017_2019_TTW_GP_nov_2017.pdf;824 - M&T METAALBEWERKINGSBEDRIJF - 01-05-2017 - 31-05-2019 - Regulier - kvo datum - 28-11-2017 - TTW;https://www.uitvoeringarbeidsvoorwaardenwetgeving.nl/mozard/!suite92.scherm1007?mObj=8434&mSelod=704667
824;824014;01/06/2019;30/09/2021;01/02/2021;CAO MB 2019 2021SZW TTW V2 Wagweu.docx.pdf;824 - M&T METAALBEWERKINGSBEDRIJF - 01-06-2019 - 30-09-2021 - Regulier - kvo datum - 01-02-2021 - TTW;https://www.uitvoeringarbeidsvoorwaardenwetgeving.nl/mozard/!suite92.scherm1007?mObj=21671&mSelod=704667
824;824015;01/06/2019;30/09/2021;21/12/2020;CAO MB 2019 2021SZW TTW Wagweu en art 64.docx.pdf;824 - M&T METAALBEWERKINGSBEDRIJF - 01-06-2019 - 30-09-2021 - Regulier - kvo datum - 21-12-2020 - TTW;https://www.uitvoeringarbeidsvoorwaardenwetgeving.nl/mozard/!suite92.scherm1007?mObj=21140&mSelod=704667
824;824016;01/10/2021;31/03/2024;08/06/2022;CAO MB 2021 2024.pdf;824 - M&T METAALBEWERKINGSBEDRIJF - 01-10-2021 - 31-03-2024 - Regulier - kvo datum - 08-06-2022;https://www.uitvoeringarbeidsvoorwaardenwetgeving.nl/mozard/!suite92.scherm1007?mObj=30082&mSelod=704667
824;824017;01/10/2021;31/03/2024;10/06/2022;CAO MB 2021 2024_1.pdf;824 - M&T METAALBEWERKINGSBEDRIJF - 01-10-2021 - 31-03-2024 - Regulier - kvo datum - 10-06-2022;https://www.uitvoeringarbeidsvoorwaardenwetgeving.nl/mozard/!suite92.scherm1007?mObj=30104&mSelod=704667
824;824018;01/10/2021;31/03/2024;20/06/2022;CAO MB 2021 2024b.pdf;824 - M&T METAALBEWERKINGSBEDRIJF - 01-10-2021 - 31-03-2024 - Regulier - kvo datum - 20-06-2022;https://www.uitvoeringarbeidsvoorwaardenwetgeving.nl/mozard/!suite92.scherm1007?mObj=30226&mSelod=704667
21;21001;01/01/2010;31/12/2011;06/12/2010;CAO 2010 aanmelding.pdf;21 - BEROEPSGOEDERENVERVOER OVER DE WEG EN DE VERHUUR VAN MOBIELE KRANEN - 01-01-2010 - 31-12-2011 - Regulier - kvo datum - 06-12-2010;https://www.uitvoeringarbeidsvoorwaardenwetgeving.nl/mozard/!suite92.scherm1007?mObj=6973&mSelod=704673
21;21002;01/01/2012;31/12/2013;24/10/2012;CAO_2012_aanmelding.pdf;21 - BEROEPSGOEDERENVERVOER OVER DE WEG EN DE VERHUUR VAN MOBIELE KRANEN - 01-01-2012 - 31-12-2013 - Regulier - kvo datum - 24-10-2012;https://www.uitvoeringarbeidsvoorwaardenwetgeving.nl/mozard/!suite92.scherm1007?mObj=6974&mSelod=704673
21;21003;01/01/2014;31/12/2016;18/12/2014;CAO_tekst_2014_2017.pdf;21 - BEROEPSGOEDERENVERVOER OVER DE WEG EN DE VERHUUR VAN MOBIELE KRANEN - 01-01-2014 - 31-12-2016 - Regulier - kvo datum - 18-12-2014;https://www.uitvoeringarbeidsvoorwaardenwetgeving.nl/mozard/!suite92.scherm1007?mObj=6975&mSelod=704673
21;21004;01/01/2017;31/12/2019;14/11/2018;CAO_tekst_2019_basis.pdf;21 - BEROEPSGOEDERENVERVOER OVER DE WEG EN DE VERHUUR VAN MOBIELE KRANEN - 01-01-2017 - 31-12-2019 - Regulier - kvo datum - 14-11-2018;https://www.uitvoeringarbeidsvoorwaardenwetgeving.nl/mozard/!suite92.scherm1007?mObj=6978&mSelod=704673
21;21005;01/01/2017;31/12/2019;19/07/2017;CAO_tekst_2017__2020_inclusief_FNV.pdf;21 - BEROEPSGOEDERENVERVOER OVER DE WEG EN DE VERHUUR VAN MOBIELE KRANEN - 01-01-2017 - 31-12-2019 - Regulier - kvo datum - 19-07-2017 - TTW;https://www.uitvoeringarbeidsvoorwaardenwetgeving.nl/mozard/!suite92.scherm1007?mObj=6977&mSelod=704673
21;21006;01/01/2017;31/12/2019;21/06/2017;CAO_tekst_2017_2020.pdf;21 - BEROEPSGOEDERENVERVOER OVER DE WEG EN DE VERHUUR VAN MOBIELE KRANEN - 01-01-2017 - 31-12-2019 - Regulier - kvo datum - 21-06-2017;https://www.uitvoeringarbeidsvoorwaardenwetgeving.nl/mozard/!suite92.scherm1007?mObj=6976&mSelod=704673
21;21007;01/01/2017;31/12/2019;29/11/2018;CAO_tekst_2019_basis_1.pdf;21 - BEROEPSGOEDERENVERVOER OVER DE WEG EN DE VERHUUR VAN MOBIELE KRANEN - 01-01-2017 - 31-12-2019 - Regulier - kvo datum - 29-11-2018 - TTW;https://www.uitvoeringarbeidsvoorwaardenwetgeving.nl/mozard/!suite92.scherm1007?mObj=6979&mSelod=704673
21;21008;01/01/2020;31/12/2020;05/06/2020;CAO tekst 2020 basis.docx.pdf;21 - BEROEPSGOEDERENVERVOER OVER DE WEG EN DE VERHUUR VAN MOBIELE KRANEN - 01-01-2020 - 31-12-2020 - Regulier - kvo datum - 05-06-2020;https://www.uitvoeringarbeidsvoorwaardenwetgeving.nl/mozard/!suite92.scherm1007?mObj=16602&mSelod=704673
21;21009;01/01/2020;31/12/2020;06/07/2020;CAO tekst 2020 basis aangepast.docx.pdf;21 - BEROEPSGOEDERENVERVOER OVER DE WEG EN DE VERHUUR VAN MOBIELE KRANEN - 01-01-2020 - 31-12-2020 - Regulier - kvo datum - 06-07-2020 - TTW;https://www.uitvoeringarbeidsvoorwaardenwetgeving.nl/mozard/!suite92.scherm1007?mObj=17206&mSelod=704673
21;21010;01/01/2021;31/12/2022;02/08/2021;CAO tekst 2021-2022 basis.pdf;21 - BEROEPSGOEDERENVERVOER OVER DE WEG EN DE VERHUUR VAN MOBIELE KRANEN - 01-01-2021 - 31-12-2022 - Regulier - kvo datum - 02-08-2021 - TTW;https://www.uitvoeringarbeidsvoorwaardenwetgeving.nl/mozard/!suite92.scherm1007?mObj=23097&mSelod=704673
21;21011;01/01/2021;31/12/2022;12/07/2021;CAO tekst 2021-2022 basis_1.pdf;21 - BEROEPSGOEDERENVERVOER OVER DE WEG EN DE VERHUUR VAN MOBIELE KRANEN - 01-01-2021 - 31-12-2022 - Regulier - kvo datum - 12-07-2021;https://www.uitvoeringarbeidsvoorwaardenwetgeving.nl/mozard/!suite92.scherm1007?mObj=22977&mSelod=704673
21;21012;01/01/2023;31/12/2023;24/11/2022;CAO tekst 2023 basis.pdf;21 - BEROEPSGOEDERENVERVOER OVER DE WEG EN DE VERHUUR VAN MOBIELE KRANEN - 01-01-2023 - 31-12-2023 - Regulier - kvo datum - 24-11-2022;https://www.uitvoeringarbeidsvoorwaardenwetgeving.nl/mozard/!suite92.scherm1007?mObj=31844&mSelod=704673
21;21013;01/01/2024;31/12/2025;22/02/2024;CAO tekst 2024 basis.pdf;21 - BEROEPSGOEDERENVERVOER OVER DE WEG EN DE VERHUUR VAN MOBIELE KRANEN - 01-01-2024 - 31-12-2025 - Regulier - kvo datum - 22-02-2024 - TTW;https://www.uitvoeringarbeidsvoorwaardenwetgeving.nl/mozard/!suite92.scherm1007?mObj=41934&mSelod=704673
21;21014;01/01/2024;31/12/2025;25/01/2024;CAO tekst 2024 basis_1.pdf;21 - BEROEPSGOEDERENVERVOER OVER DE WEG EN DE VERHUUR VAN MOBIELE KRANEN - 01-01-2024 - 31-12-2025 - Regulier - kvo datum - 25-01-2024;https://www.uitvoeringarbeidsvoorwaardenwetgeving.nl/mozard/!suite92.scherm1007?mObj=41497&mSelod=704673
2948;2948001;01/01/2022;31/12/2024;19/12/2023;CAO VVT 2022-2024 verlengde cao ttw.pdf;2948 - VERPLEEG- VERZORGINGSHUIZEN EN THUISZORG EN JEUGDGEZONDHEIDSZORG - 01-01-2022 - 31-12-2024 - Regulier - kvo datum - 19-12-2023;https://www.uitvoeringarbeidsvoorwaardenwetgeving.nl/mozard/!suite92.scherm1007?mObj=40617&mSelod=704676
2948;2948002;01/01/2022;31/12/2025;09/06/2024;CAO VVT 2022-2024 verlengde cao ttw2.pdf;2948 - VERPLEEG- VERZORGINGSHUIZEN EN THUISZORG EN JEUGDGEZONDHEIDSZORG - 01-01-2022 - 31-12-2025 - Regulier - kvo datum - 09-06-2024 - TTW;https://www.uitvoeringarbeidsvoorwaardenwetgeving.nl/mozard/!suite92.scherm1007?mObj=42918&mSelod=704676
2948;2948003;01/01/2022;31/12/2025;13/11/2023;CAO VVT 2022-2024 verlengde cao def.pdf;2948 - VERPLEEG- VERZORGINGSHUIZEN EN THUISZORG EN JEUGDGEZONDHEIDSZORG - 01-01-2022 - 31-12-2025 - Regulier - kvo datum - 13-11-2023;https://www.uitvoeringarbeidsvoorwaardenwetgeving.nl/mozard/!suite92.scherm1007?mObj=39626&mSelod=704676
2948;2948004;01/01/2022;31/12/2025;27/03/2024;CAO VVT 2022-2024 verlengde cao ttw_1.pdf;2948 - VERPLEEG- VERZORGINGSHUIZEN EN THUISZORG EN JEUGDGEZONDHEIDSZORG - 01-01-2022 - 31-12-2025 - Regulier - kvo datum - 27-03-2024 - TTW;https://www.uitvoeringarbeidsvoorwaardenwetgeving.nl/mozard/!suite92.scherm1007?mObj=42274&mSelod=704676
2948;2948005;01/01/2025;31/08/2026;07/05/2025;CAO VVT 2025-2026_versie april 2025.pdf;2948 - VERPLEEG- VERZORGINGSHUIZEN EN THUISZORG EN JEUGDGEZONDHEIDSZORG - 01-01-2025 - 31-08-2026 - Regulier - kvo datum - 07-05-2025;https://www.uitvoeringarbeidsvoorwaardenwetgeving.nl/mozard/!suite92.scherm1007?mObj=48022&mSelod=704676
2948;2948006;01/01/2025;31/08/2026;14/07/2025;CAO VVT 2025-2026_TTW 1.pdf;2948 - VERPLEEG- VERZORGINGSHUIZEN EN THUISZORG EN JEUGDGEZONDHEIDSZORG - 01-01-2025 - 31-08-2026 - Regulier - kvo datum - 14-07-2025 - TTW;https://www.uitvoeringarbeidsvoorwaardenwetgeving.nl/mozard/!suite92.scherm1007?mObj=49557&mSelod=704676
2948;2948007;01/03/2010;29/02/2012;01/11/2011;CAO_VVT_2010_2012_nieuwe_aanmelding_okt_.pdf;2948 - VERPLEEG- VERZORGINGSHUIZEN EN THUISZORG EN JEUGDGEZONDHEIDSZORG - 01-03-2010 - 29-02-2012 - Regulier - kvo datum - 01-11-2011 - TTW;https://www.uitvoeringarbeidsvoorwaardenwetgeving.nl/mozard/!suite92.scherm1007?mObj=11000&mSelod=704676
2948;2948008;01/03/2010;29/02/2012;20/09/2011;CAO_VVT_2010_2012_2_.pdf;2948 - VERPLEEG- VERZORGINGSHUIZEN EN THUISZORG EN JEUGDGEZONDHEIDSZORG - 01-03-2010 - 29-02-2012 - Regulier - kvo datum - 20-09-2011;https://www.uitvoeringarbeidsvoorwaardenwetgeving.nl/mozard/!suite92.scherm1007?mObj=10999&mSelod=704676
2948;2948009;01/03/2012;31/08/2013;20/07/2012;CAO_VVT_2012_2013_docx.pdf;2948 - VERPLEEG- VERZORGINGSHUIZEN EN THUISZORG EN JEUGDGEZONDHEIDSZORG - 01-03-2012 - 31-08-2013 - Regulier - kvo datum - 20-07-2012;https://www.uitvoeringarbeidsvoorwaardenwetgeving.nl/mozard/!suite92.scherm1007?mObj=11002&mSelod=704676
2948;2948010;01/03/2012;31/08/2013;22/08/2012;cao_t_b_v__avv2.pdf;2948 - VERPLEEG- VERZORGINGSHUIZEN EN THUISZORG EN JEUGDGEZONDHEIDSZORG - 01-03-2012 - 31-08-2013 - Regulier - kvo datum - 22-08-2012 - TTW;https://www.uitvoeringarbeidsvoorwaardenwetgeving.nl/mozard/!suite92.scherm1007?mObj=11003&mSelod=704676
2948;2948011;01/04/2016;31/03/2018;01/02/2018;wijziging_art_1_1__cao_aanmelding.pdf;2948 - VERPLEEG- VERZORGINGSHUIZEN EN THUISZORG EN JEUGDGEZONDHEIDSZORG - 01-04-2016 - 31-03-2018 - Regulier - kvo datum - 01-02-2018 - TTW;https://www.uitvoeringarbeidsvoorwaardenwetgeving.nl/mozard/!suite92.scherm1007?mObj=11013&mSelod=704676
2948;2948012;01/04/2016;31/03/2018;03/01/2017;CAO_VVT_2016_2018_def.pdf;2948 - VERPLEEG- VERZORGINGSHUIZEN EN THUISZORG EN JEUGDGEZONDHEIDSZORG - 01-04-2016 - 31-03-2018 - Regulier - kvo datum - 03-01-2017;https://www.uitvoeringarbeidsvoorwaardenwetgeving.nl/mozard/!suite92.scherm1007?mObj=11009&mSelod=704676
2948;2948013;01/04/2016;31/03/2018;21/09/2017;gewijzigde_cao_2016_2018_artikel_12_2.pdf;2948 - VERPLEEG- VERZORGINGSHUIZEN EN THUISZORG EN JEUGDGEZONDHEIDSZORG - 01-04-2016 - 31-03-2018 - Regulier - kvo datum - 21-09-2017 - TTW;https://www.uitvoeringarbeidsvoorwaardenwetgeving.nl/mozard/!suite92.scherm1007?mObj=11011&mSelod=704676
2948;2948014;01/04/2016;31/03/2018;23/12/2017;gewijzigde_cao_2016_2018_artikel_1_1_.pdf;2948 - VERPLEEG- VERZORGINGSHUIZEN EN THUISZORG EN JEUGDGEZONDHEIDSZORG - 01-04-2016 - 31-03-2018 - Regulier - kvo datum - 23-12-2017 - TTW;https://www.uitvoeringarbeidsvoorwaardenwetgeving.nl/mozard/!suite92.scherm1007?mObj=11012&mSelod=704676
2948;2948015;01/04/2016;31/03/2018;25/04/2017;gewijzigde_cao_2016_2018.pdf;2948 - VERPLEEG- VERZORGINGSHUIZEN EN THUISZORG EN JEUGDGEZONDHEIDSZORG - 01-04-2016 - 31-03-2018 - Regulier - kvo datum - 25-04-2017 - TTW;https://www.uitvoeringarbeidsvoorwaardenwetgeving.nl/mozard/!suite92.scherm1007?mObj=11010&mSelod=704676
2948;2948016;01/04/2018;30/06/2019;30/08/2018;cao_VVT.pdf;2948 - VERPLEEG- VERZORGINGSHUIZEN EN THUISZORG EN JEUGDGEZONDHEIDSZORG - 01-04-2018 - 30-06-2019 - Regulier - kvo datum - 30-08-2018 - TTW;https://www.uitvoeringarbeidsvoorwaardenwetgeving.nl/mozard/!suite92.scherm1007?mObj=11016&mSelod=704676
2948;2948017;01/04/2018;30/06/2019;31/07/2018;cao_VVT_2018_2019.pdf;2948 - VERPLEEG- VERZORGINGSHUIZEN EN THUISZORG EN JEUGDGEZONDHEIDSZORG - 01-04-2018 - 30-06-2019 - Regulier - kvo datum - 31-07-2018;https://www.uitvoeringarbeidsvoorwaardenwetgeving.nl/mozard/!suite92.scherm1007?mObj=11015&mSelod=704676
2948;2948018;01/04/2018;31/12/2018;03/04/2018;cao_2018.pdf;2948 - VERPLEEG- VERZORGINGSHUIZEN EN THUISZORG EN JEUGDGEZONDHEIDSZORG - 01-04-2018 - 31-12-2018 - Regulier - kvo datum - 03-04-2018;https://www.uitvoeringarbeidsvoorwaardenwetgeving.nl/mozard/!suite92.scherm1007?mObj=11014&mSelod=704676
2948;2948019;01/07/2019;31/08/2021;09/01/2020;cao 2019-2021 tussentijdse wijziging.docx.pdf;2948 - VERPLEEG- VERZORGINGSHUIZEN EN THUISZORG EN JEUGDGEZONDHEIDSZORG - 01-07-2019 - 31-08-2021 - Regulier - kvo datum - 09-01-2020 - TTW;https://www.uitvoeringarbeidsvoorwaardenwetgeving.nl/mozard/!suite92.scherm1007?mObj=15580&mSelod=704676
2948;2948020;01/07/2019;31/08/2021;10/11/2020;cao 2019-2021 tussentijdse wijziging .docx.pdf;2948 - VERPLEEG- VERZORGINGSHUIZEN EN THUISZORG EN JEUGDGEZONDHEIDSZORG - 01-07-2019 - 31-08-2021 - Regulier - kvo datum - 10-11-2020 - TTW;https://www.uitvoeringarbeidsvoorwaardenwetgeving.nl/mozard/!suite92.scherm1007?mObj=20328&mSelod=704676
2948;2948021;01/07/2019;31/08/2021;21/02/2020;cao 2019-2021 tussentijdse wijziging versie 18 febr.docx.pdf;2948 - VERPLEEG- VERZORGINGSHUIZEN EN THUISZORG EN JEUGDGEZONDHEIDSZORG - 01-07-2019 - 31-08-2021 - Regulier - kvo datum - 21-02-2020 - TTW;https://www.uitvoeringarbeidsvoorwaardenwetgeving.nl/mozard/!suite92.scherm1007?mObj=15822&mSelod=704676
2948;2948022;01/07/2019;31/08/2021;24/12/2019;cao 2019-2021 .docx.pdf;2948 - VERPLEEG- VERZORGINGSHUIZEN EN THUISZORG EN JEUGDGEZONDHEIDSZORG - 01-07-2019 - 31-08-2021 - Regulier - kvo datum - 24-12-2019;https://www.uitvoeringarbeidsvoorwaardenwetgeving.nl/mozard/!suite92.scherm1007?mObj=15534&mSelod=704676
2948;2948023;01/09/2013;31/08/2014;03/03/2014;gewijzigde_cao_VVT.pdf;2948 - VERPLEEG- VERZORGINGSHUIZEN EN THUISZORG EN JEUGDGEZONDHEIDSZORG - 01-09-2013 - 31-08-2014 - Regulier - kvo datum - 03-03-2014 - TTW;https://www.uitvoeringarbeidsvoorwaardenwetgeving.nl/mozard/!suite92.scherm1007?mObj=11006&mSelod=704676
2948;2948024;01/09/2013;31/08/2014;07/02/2014;cao_teksten_2013_2014_aanmelding.pdf;2948 - VERPLEEG- VERZORGINGSHUIZEN EN THUISZORG EN JEUGDGEZONDHEIDSZORG - 01-09-2013 - 31-08-2014 - Regulier - kvo datum - 07-02-2014;https://www.uitvoeringarbeidsvoorwaardenwetgeving.nl/mozard/!suite92.scherm1007?mObj=11005&mSelod=704676
2948;2948025;01/09/2013;31/12/2014;04/07/2014;cao_VVT_tot_1_januari_2015.pdf;2948 - VERPLEEG- VERZORGINGSHUIZEN EN THUISZORG EN JEUGDGEZONDHEIDSZORG - 01-09-2013 - 31-12-2014 - Regulier - kvo datum - 04-07-2014;https://www.uitvoeringarbeidsvoorwaardenwetgeving.nl/mozard/!suite92.scherm1007?mObj=11007&mSelod=704676
2948;2948026;01/09/2013;31/12/2014;06/09/2013;Tekst_aanmelding_CAO_VVT_2013_2014.pdf;2948 - VERPLEEG- VERZORGINGSHUIZEN EN THUISZORG EN JEUGDGEZONDHEIDSZORG - 01-09-2013 - 31-12-2014 - Regulier - kvo datum - 06-09-2013;https://www.uitvoeringarbeidsvoorwaardenwetgeving.nl/mozard/!suite92.scherm1007?mObj=11004&mSelod=704676
2948;2948027;01/09/2014;31/03/2016;27/01/2015;cao_2014_2016_aanmelding.pdf;2948 - VERPLEEG- VERZORGINGSHUIZEN EN THUISZORG EN JEUGDGEZONDHEIDSZORG - 01-09-2014 - 31-03-2016 - Regulier - kvo datum - 27-01-2015;https://www.uitvoeringarbeidsvoorwaardenwetgeving.nl/mozard/!suite92.scherm1007?mObj=11008&mSelod=704676
2948;2948028;01/09/2021;31/12/2021;19/08/2021;CAO 2021 aanmelding.pdf;2948 - VERPLEEG- VERZORGINGSHUIZEN EN THUISZORG EN JEUGDGEZONDHEIDSZORG - 01-09-2021 - 31-12-2021 - Regulier - kvo datum - 19-08-2021;https://www.uitvoeringarbeidsvoorwaardenwetgeving.nl/mozard/!suite92.scherm1007?mObj=23185&mSelod=704676
2948;2948029;01/09/2021;31/12/2021;19/08/2021;CAO 2021 aanmelding_1.pdf;2948 - VERPLEEG- VERZORGINGSHUIZEN EN THUISZORG EN JEUGDGEZONDHEIDSZORG - 01-09-2021 - 31-12-2021 - Regulier - kvo datum - 19-08-2021;https://www.uitvoeringarbeidsvoorwaardenwetgeving.nl/mozard/!suite92.scherm1007?mObj=23199&mSelod=704676
2948;2948030;01/09/2021;31/12/2025;01/05/2023;CAO VVT 2022-2023 ttw april23.pdf;2948 - VERPLEEG- VERZORGINGSHUIZEN EN THUISZORG EN JEUGDGEZONDHEIDSZORG - 01-09-2021 - 31-12-2025 - Regulier - kvo datum - 01-05-2023;https://www.uitvoeringarbeidsvoorwaardenwetgeving.nl/mozard/!suite92.scherm1007?mObj=36975&mSelod=704676
2948;2948031;01/09/2021;31/12/2025;02/12/2022;CAO VVT 2022-2023 ttwnov22a.pdf;2948 - VERPLEEG- VERZORGINGSHUIZEN EN THUISZORG EN JEUGDGEZONDHEIDSZORG - 01-09-2021 - 31-12-2025 - Regulier - kvo datum - 02-12-2022;https://www.uitvoeringarbeidsvoorwaardenwetgeving.nl/mozard/!suite92.scherm1007?mObj=31900&mSelod=704676
2948;2948032;01/09/2021;31/12/2025;09/12/2022;CAO VVT 2022-2023 ttwnov22b.pdf;2948 - VERPLEEG- VERZORGINGSHUIZEN EN THUISZORG EN JEUGDGEZONDHEIDSZORG - 01-09-2021 - 31-12-2025 - Regulier - kvo datum - 09-12-2022 - TTW;https://www.uitvoeringarbeidsvoorwaardenwetgeving.nl/mozard/!suite92.scherm1007?mObj=31946&mSelod=704676
2948;2948033;01/09/2021;31/12/2025;15/12/2022;CAO VVT 2022-2023 ttwnov22c.pdf;2948 - VERPLEEG- VERZORGINGSHUIZEN EN THUISZORG EN JEUGDGEZONDHEIDSZORG - 01-09-2021 - 31-12-2025 - Regulier - kvo datum - 15-12-2022;https://www.uitvoeringarbeidsvoorwaardenwetgeving.nl/mozard/!suite92.scherm1007?mObj=32080&mSelod=704676
2948;2948034;01/09/2021;31/12/2025;24/06/2022;CAO VVT 2022-2023 tussentijdse wijziging.pdf;2948 - VERPLEEG- VERZORGINGSHUIZEN EN THUISZORG EN JEUGDGEZONDHEIDSZORG - 01-09-2021 - 31-12-2025 - Regulier - kvo datum - 24-06-2022;https://www.uitvoeringarbeidsvoorwaardenwetgeving.nl/mozard/!suite92.scherm1007?mObj=30355&mSelod=704676
2948;2948035;01/09/2021;31/12/2025;25/05/2022;CAO VVT 2022-2023 aanmelding.pdf;2948 - VERPLEEG- VERZORGINGSHUIZEN EN THUISZORG EN JEUGDGEZONDHEIDSZORG - 01-09-2021 - 31-12-2025 - Regulier - kvo datum - 25-05-2022;https://www.uitvoeringarbeidsvoorwaardenwetgeving.nl/mozard/!suite92.scherm1007?mObj=29921&mSelod=704676
2948;2948036;01/09/2021;31/12/2025;28/11/2022;CAO VVT 2022-2023 ttwnov.pdf;2948 - VERPLEEG- VERZORGINGSHUIZEN EN THUISZORG EN JEUGDGEZONDHEIDSZORG - 01-09-2021 - 31-12-2025 - Regulier - kvo datum - 28-11-2022;https://www.uitvoeringarbeidsvoorwaardenwetgeving.nl/mozard/!suite92.scherm1007?mObj=31867&mSelod=704676
2948;2948037;01/09/2021;31/12/2025;29/11/2022;CAO VVT 2022-2023 ttwnov22.pdf;2948 - VERPLEEG- VERZORGINGSHUIZEN EN THUISZORG EN JEUGDGEZONDHEIDSZORG - 01-09-2021 - 31-12-2025 - Regulier - kvo datum - 29-11-2022;https://www.uitvoeringarbeidsvoorwaardenwetgeving.nl/mozard/!suite92.scherm1007?mObj=31881&mSelod=704676
487;487001;01/05/2011;31/08/2013;04/07/2011;Basis_CAO_Metalektro_2011_2013.pdf;487 - METALEKTRO - 01-05-2011 - 31-08-2013 - Regulier - kvo datum - 04-07-2011;https://www.uitvoeringarbeidsvoorwaardenwetgeving.nl/mozard/!suite92.scherm1007?mObj=7810&mSelod=704678
487;487002;01/05/2011;31/08/2013;10/10/2012;Basis_CAO_ME_2011_2013__versie_121008.pdf;487 - METALEKTRO - 01-05-2011 - 31-08-2013 - Regulier - kvo datum - 10-10-2012 - TTW;https://www.uitvoeringarbeidsvoorwaardenwetgeving.nl/mozard/!suite92.scherm1007?mObj=7814&mSelod=704678
487;487003;01/05/2011;31/08/2013;14/11/2011;Basis_CAO_Metalektro_met_statutenfondsen.pdf;487 - METALEKTRO - 01-05-2011 - 31-08-2013 - Regulier - kvo datum - 14-11-2011 - TTW;https://www.uitvoeringarbeidsvoorwaardenwetgeving.nl/mozard/!suite92.scherm1007?mObj=7812&mSelod=704678
487;487004;01/05/2011;31/08/2013;16/03/2012;Basis_CAO_Metalektro_2011_2013_1.pdf;487 - METALEKTRO - 01-05-2011 - 31-08-2013 - Regulier - kvo datum - 16-03-2012 - TTW;https://www.uitvoeringarbeidsvoorwaardenwetgeving.nl/mozard/!suite92.scherm1007?mObj=7813&mSelod=704678
487;487005;01/05/2011;31/08/2013;22/07/2011;Basis_CAO_Metalektro_versie_voor_website.pdf;487 - METALEKTRO - 01-05-2011 - 31-08-2013 - Regulier - kvo datum - 22-07-2011 - TTW;https://www.uitvoeringarbeidsvoorwaardenwetgeving.nl/mozard/!suite92.scherm1007?mObj=7811&mSelod=704678
487;487006;01/05/2015;15/08/2018;20/05/2016;CAO_Metalektro_Basis__met_statuten_.pdf;487 - METALEKTRO - 01-05-2015 - 15-08-2018 - Regulier - kvo datum - 20-05-2016;https://www.uitvoeringarbeidsvoorwaardenwetgeving.nl/mozard/!suite92.scherm1007?mObj=7817&mSelod=704678
487;487007;01/06/2018;01/12/2020;22/08/2019;Basis-cao Metalektro aanmelding ttw 21-8-19.docx.pdf;487 - METALEKTRO - 01-06-2018 - 01-12-2020 - Regulier - kvo datum - 22-08-2019 - TTW;https://www.uitvoeringarbeidsvoorwaardenwetgeving.nl/mozard/!suite92.scherm1007?mObj=14794&mSelod=704678
487;487008;01/06/2018;01/12/2020;24/07/2019;Basis-cao Metalektro hertaald - def. versie schoon 23-7-19OB.docx.pdf;487 - METALEKTRO - 01-06-2018 - 01-12-2020 - Regulier - kvo datum - 24-07-2019;https://www.uitvoeringarbeidsvoorwaardenwetgeving.nl/mozard/!suite92.scherm1007?mObj=14638&mSelod=704678
487;487009;01/06/2024;31/12/2028;11/09/2024;Cao Basis schone versie 9-9-2024 en statuten.pdf;487 - METALEKTRO - 01-06-2024 - 31-12-2028 - Regulier - kvo datum - 11-09-2024;https://www.uitvoeringarbeidsvoorwaardenwetgeving.nl/mozard/!suite92.scherm1007?mObj=43662&mSelod=704678
487;487010;01/06/2024;31/12/2028;11/12/2024;Cao Basis schone versie 09-12-2024 en statuten.pdf;487 - METALEKTRO - 01-06-2024 - 31-12-2028 - Regulier - kvo datum - 11-12-2024 - TTW;https://www.uitvoeringarbeidsvoorwaardenwetgeving.nl/mozard/!suite92.scherm1007?mObj=45532&mSelod=704678
487;487011;01/06/2024;31/12/2028;29/07/2024;Cao Basis def. versie 15-7-24 markeringen en statuten.pdf;487 - METALEKTRO - 01-06-2024 - 31-12-2028 - Regulier - kvo datum - 29-07-2024;https://www.uitvoeringarbeidsvoorwaardenwetgeving.nl/mozard/!suite92.scherm1007?mObj=43415&mSelod=704678
487;487012;01/07/2013;15/08/2015;09/01/2014;CAO_Metalektro_2013_2015_Basis.pdf;487 - METALEKTRO - 01-07-2013 - 15-08-2015 - Regulier - kvo datum - 09-01-2014;https://www.uitvoeringarbeidsvoorwaardenwetgeving.nl/mozard/!suite92.scherm1007?mObj=7815&mSelod=704678
487;487013;01/12/2020;30/11/2023;18/01/2022;Basis 20-22 aanmelding 18-1-22.pdf;487 - METALEKTRO - 01-12-2020 - 30-11-2023 - Regulier - kvo datum - 18-01-2022;https://www.uitvoeringarbeidsvoorwaardenwetgeving.nl/mozard/!suite92.scherm1007?mObj=25910&mSelod=704678
487;487014;01/12/2020;30/11/2023;23/11/2021;Def. versie aanmelding 15-11 Basis-cao Metalektro 20-22.pdf;487 - METALEKTRO - 01-12-2020 - 30-11-2023 - Regulier - kvo datum - 23-11-2021;https://www.uitvoeringarbeidsvoorwaardenwetgeving.nl/mozard/!suite92.scherm1007?mObj=23991&mSelod=704678
487;487015;01/12/2022;30/11/2027;09/12/2022;Cao Basis def. versie 29-11-22 met statuten ROM en SSF.pdf;487 - METALEKTRO - 01-12-2022 - 30-11-2027 - Regulier - kvo datum - 09-12-2022;https://www.uitvoeringarbeidsvoorwaardenwetgeving.nl/mozard/!suite92.scherm1007?mObj=31948&mSelod=704678
487;487016;01/12/2022;30/11/2027;25/01/2023;Cao Basis 2022-2024 dd 25-1.pdf;487 - METALEKTRO - 01-12-2022 - 30-11-2027 - Regulier - kvo datum - 25-01-2023;https://www.uitvoeringarbeidsvoorwaardenwetgeving.nl/mozard/!suite92.scherm1007?mObj=34245&mSelod=704678
1060;1060001;01/01/2014;31/05/2014;09/01/2014;NBBUCAO_wijzigingen_geaccepteerd_SZW.pdf;1060 - NBBU UITZENDKRACHTEN - 01-01-2014 - 31-05-2014 - Regulier - kvo datum - 09-01-2014;https://www.uitvoeringarbeidsvoorwaardenwetgeving.nl/mozard/!suite92.scherm1007?mObj=8622&mSelod=704680
1060;1060002;01/01/2022;01/01/2023;22/12/2022;NBBU cao tussentijdse wijzigingen januari 2023.pdf;1060 - NBBU UITZENDKRACHTEN - 01-01-2022 - 01-01-2023 - Regulier - kvo datum - 22-12-2022;https://www.uitvoeringarbeidsvoorwaardenwetgeving.nl/mozard/!suite92.scherm1007?mObj=32625&mSelod=704680
1060;1060003;01/06/2014;31/05/2019;02/06/2014;definitieve_cao_tekst.pdf;1060 - NBBU UITZENDKRACHTEN - 01-06-2014 - 31-05-2019 - Regulier - kvo datum - 02-06-2014;https://www.uitvoeringarbeidsvoorwaardenwetgeving.nl/mozard/!suite92.scherm1007?mObj=8623&mSelod=704680
1060;1060004;01/06/2014;31/05/2019;02/07/2018;2180679_NBBU_CAO_Uitzendkrachten_2018_OTFp.pdf;1060 - NBBU UITZENDKRACHTEN - 01-06-2014 - 31-05-2019 - Regulier - kvo datum - 02-07-2018 - TTW;https://www.uitvoeringarbeidsvoorwaardenwetgeving.nl/mozard/!suite92.scherm1007?mObj=8630&mSelod=704680
1060;1060005;01/06/2014;31/05/2019;03/01/2018;NBBU_CAO_Uitzendkrachten_2018.pdf;1060 - NBBU UITZENDKRACHTEN - 01-06-2014 - 31-05-2019 - Regulier - kvo datum - 03-01-2018 - TTW;https://www.uitvoeringarbeidsvoorwaardenwetgeving.nl/mozard/!suite92.scherm1007?mObj=8629&mSelod=704680
1060;1060006;01/06/2014;31/05/2019;06/01/2015;NBBU_CAO_Uitzendkrachten_2015.pdf;1060 - NBBU UITZENDKRACHTEN - 01-06-2014 - 31-05-2019 - Regulier - kvo datum - 06-01-2015 - TTW;https://www.uitvoeringarbeidsvoorwaardenwetgeving.nl/mozard/!suite92.scherm1007?mObj=8624&mSelod=704680
1060;1060007;01/06/2014;31/05/2019;07/01/2016;NBBU_CAO_Uitzendkrachten_2016_V3.pdf;1060 - NBBU UITZENDKRACHTEN - 01-06-2014 - 31-05-2019 - Regulier - kvo datum - 07-01-2016 - TTW;https://www.uitvoeringarbeidsvoorwaardenwetgeving.nl/mozard/!suite92.scherm1007?mObj=8626&mSelod=704680
1060;1060008;01/06/2014;31/05/2019;20/12/2018;NBBU_CAO_Uitzendkrachten_2015_2019_def_.pdf;1060 - NBBU UITZENDKRACHTEN - 01-06-2014 - 31-05-2019 - Regulier - kvo datum - 20-12-2018 - TTW;https://www.uitvoeringarbeidsvoorwaardenwetgeving.nl/mozard/!suite92.scherm1007?mObj=8631&mSelod=704680
1060;1060009;01/06/2014;31/05/2019;25/06/2015;NBBU_CAO_Uitzendkrachten_2015_per_1_juli_DEF.pdf;1060 - NBBU UITZENDKRACHTEN - 01-06-2014 - 31-05-2019 - Regulier - kvo datum - 25-06-2015 - TTW;https://www.uitvoeringarbeidsvoorwaardenwetgeving.nl/mozard/!suite92.scherm1007?mObj=8625&mSelod=704680
1060;1060010;01/06/2014;31/05/2019;29/05/2019;NBBU_CAO_Uitzendkrachten_2015-2019_versie 2019 NL OTF.pdf .pdf;1060 - NBBU UITZENDKRACHTEN - 01-06-2014 - 31-05-2019 - Regulier - kvo datum - 29-05-2019 - TTW;https://www.uitvoeringarbeidsvoorwaardenwetgeving.nl/mozard/!suite92.scherm1007?mObj=14200&mSelod=704680
1060;1060011;01/06/2014;31/05/2019;29/06/2016;Cao_uzk_1_7_2016.pdf;1060 - NBBU UITZENDKRACHTEN - 01-06-2014 - 31-05-2019 - Regulier - kvo datum - 29-06-2016 - TTW;https://www.uitvoeringarbeidsvoorwaardenwetgeving.nl/mozard/!suite92.scherm1007?mObj=8627&mSelod=704680
1060;1060012;01/06/2014;31/05/2019;29/12/2016;NBBU_CAO_uitzendkrachten_2017.pdf;1060 - NBBU UITZENDKRACHTEN - 01-06-2014 - 31-05-2019 - Regulier - kvo datum - 29-12-2016 - TTW;https://www.uitvoeringarbeidsvoorwaardenwetgeving.nl/mozard/!suite92.scherm1007?mObj=8628&mSelod=704680
1060;1060013;01/06/2021;30/09/2021;24/12/2021;Cao uitzendkrachten LBV onwerkbaar weer dec 2021 wijzigingen geaccpteerd.pdf;1060 - NBBU UITZENDKRACHTEN - 01-06-2021 - 30-09-2021 - Regulier - kvo datum - 24-12-2021 - TTW Stilzwijgend verlengde CAO;https://www.uitvoeringarbeidsvoorwaardenwetgeving.nl/mozard/!suite92.scherm1007?mObj=24937&mSelod=704680
1060;1060014;01/06/2021;30/09/2021;31/05/2021;NBBU-cao voor uitzendkrachten per 1 juni 2021 def ondertekend.pdf;1060 - NBBU UITZENDKRACHTEN - 01-06-2021 - 30-09-2021 - Regulier - kvo datum - 31-05-2021;https://www.uitvoeringarbeidsvoorwaardenwetgeving.nl/mozard/!suite92.scherm1007?mObj=22786&mSelod=704680
1060;1060015;01/09/2019;29/12/2019;28/08/2019;NBBU_CAO_Uitzendkrachten 2015-2019_versie 2019 NL OTF.docx.pdf;1060 - NBBU UITZENDKRACHTEN - 01-09-2019 - 29-12-2019 - Regulier - kvo datum - 28-08-2019;https://www.uitvoeringarbeidsvoorwaardenwetgeving.nl/mozard/!suite92.scherm1007?mObj=14802&mSelod=704680
1060;1060016;30/03/2009;31/12/2013;03/01/2011;NBBU Cao UK 2009-2013 SZW niet gemarkeerd.pdf;1060 - NBBU UITZENDKRACHTEN - 30-03-2009 - 31-12-2013 - Regulier - kvo datum - 03-01-2011 - TTW;https://www.uitvoeringarbeidsvoorwaardenwetgeving.nl/mozard/!suite92.scherm1007?mObj=8619&mSelod=704680
1060;1060017;30/03/2009;31/12/2013;09/01/2013;c1032_f9599_fp2852_2011654_NBBU_Uitzend_versie_2.pdf;1060 - NBBU UITZENDKRACHTEN - 30-03-2009 - 31-12-2013 - Regulier - kvo datum - 09-01-2013 - TTW;https://www.uitvoeringarbeidsvoorwaardenwetgeving.nl/mozard/!suite92.scherm1007?mObj=8621&mSelod=704680
1060;1060018;30/03/2009;31/12/2013;23/12/2011;NBBU_Uitzendkrachten_1060.pdf;1060 - NBBU UITZENDKRACHTEN - 30-03-2009 - 31-12-2013 - Regulier - kvo datum - 23-12-2011 - TTW;https://www.uitvoeringarbeidsvoorwaardenwetgeving.nl/mozard/!suite92.scherm1007?mObj=8620&mSelod=704680
1060;1060019;30/12/2019;31/05/2021;16/12/2020;NBBU_CAO_Uitzendkrachten-NL_2021.pdf;1060 - NBBU UITZENDKRACHTEN - 30-12-2019 - 31-05-2021 - Regulier - kvo datum - 16-12-2020;https://www.uitvoeringarbeidsvoorwaardenwetgeving.nl/mozard/!suite92.scherm1007?mObj=21070&mSelod=704680
1060;1060020;30/12/2019;31/05/2021;18/12/2019;NBBU cao voor uitzendkrachten - 30122019 - DEFINITIEF.doc.pdf;1060 - NBBU UITZENDKRACHTEN - 30-12-2019 - 31-05-2021 - Regulier - kvo datum - 18-12-2019;https://www.uitvoeringarbeidsvoorwaardenwetgeving.nl/mozard/!suite92.scherm1007?mObj=15494&mSelod=704680
1060;1060021;01/01/2022;01/01/2023;24/12/2021;NBBU cao per 1-1-2022 defintief wijziging accept.pdf;1060 - UITZENDKRACHTEN NBBU (NBBU/ FNV/CNV VAKMENSEN/DE UNIE) - 01-01-2022 - 01-01-2023 - Regulier - kvo datum - 24-12-2021;https://www.uitvoeringarbeidsvoorwaardenwetgeving.nl/mozard/!suite92.scherm1007?mObj=24939&mSelod=704680
1060;1060022;01/01/2022;01/01/2023;30/06/2022;NBBU cao tussentijdse wijzigingen def.pdf;1060 - UITZENDKRACHTEN NBBU (NBBU/ FNV/CNV VAKMENSEN/DE UNIE) - 01-01-2022 - 01-01-2023 - Regulier - kvo datum - 30-06-2022;https://www.uitvoeringarbeidsvoorwaardenwetgeving.nl/mozard/!suite92.scherm1007?mObj=30411&mSelod=704680
1060;1060023;01/04/2024;05/01/2025;17/07/2024;NBBU_CAO_Uitzendkrachten-NL 2024.def.pdf;1060 - UITZENDKRACHTEN NBBU (NBBU/ FNV/CNV VAKMENSEN/DE UNIE) - 01-04-2024 - 05-01-2025 - Regulier - kvo datum - 17-07-2024;https://www.uitvoeringarbeidsvoorwaardenwetgeving.nl/mozard/!suite92.scherm1007?mObj=43299&mSelod=704680
1060;1060024;02/01/2023;31/12/2023;13/07/2023;NBBU_CAO_Uitzendkrachten-NL_JUN 2023_v1.pdf;1060 - UITZENDKRACHTEN NBBU (NBBU/ FNV/CNV VAKMENSEN/DE UNIE) - 02-01-2023 - 31-12-2023 - Regulier - kvo datum - 13-07-2023;https://www.uitvoeringarbeidsvoorwaardenwetgeving.nl/mozard/!suite92.scherm1007?mObj=37561&mSelod=704680
1060;1060025;02/01/2023;31/12/2023;22/06/2023;NBBU_CAO_Uitzendkrachten-NL 2023 def..pdf;1060 - UITZENDKRACHTEN NBBU (NBBU/ FNV/CNV VAKMENSEN/DE UNIE) - 02-01-2023 - 31-12-2023 - Regulier - kvo datum - 22-06-2023;https://www.uitvoeringarbeidsvoorwaardenwetgeving.nl/mozard/!suite92.scherm1007?mObj=37197&mSelod=704680
1188;1188001;01/01/2020;31/12/2020;02/07/2020;VOR_CAO_web_2020_03 beveiligd.pdf;1188 - VOORTGEZET ONDERWIJS - 01-01-2020 - 31-12-2020 - Regulier - kvo datum - 02-07-2020;https://www.uitvoeringarbeidsvoorwaardenwetgeving.nl/mozard/!suite92.scherm1007?mObj=16866&mSelod=704684
1188;1188002;01/01/2021;31/12/2021;23/12/2021;CAO PDF DEF.pdf;1188 - VOORTGEZET ONDERWIJS - 01-01-2021 - 31-12-2021 - Regulier - kvo datum - 23-12-2021;https://www.uitvoeringarbeidsvoorwaardenwetgeving.nl/mozard/!suite92.scherm1007?mObj=24878&mSelod=704684
1188;1188003;01/01/2022;30/04/2023;28/11/2022;CAO VO 2022 2023 spreads def voor aanmelding SZW (nov 22).pdf;1188 - VOORTGEZET ONDERWIJS - 01-01-2022 - 30-04-2023 - Regulier - kvo datum - 28-11-2022;https://www.uitvoeringarbeidsvoorwaardenwetgeving.nl/mozard/!suite92.scherm1007?mObj=31866&mSelod=704684
1188;1188004;01/05/2023;30/09/2024;21/12/2023;CAO VO 2023-2024 (def 14.12.23).pdf;1188 - VOORTGEZET ONDERWIJS - 01-05-2023 - 30-09-2024 - Regulier - kvo datum - 21-12-2023;https://www.uitvoeringarbeidsvoorwaardenwetgeving.nl/mozard/!suite92.scherm1007?mObj=40677&mSelod=704684
1188;1188005;01/06/2018;30/09/2019;31/07/2018;CAO_VO_2018_2019_voor_aanmelding_SZW.pdf;1188 - VOORTGEZET ONDERWIJS - 01-06-2018 - 30-09-2019 - Regulier - kvo datum - 31-07-2018;https://www.uitvoeringarbeidsvoorwaardenwetgeving.nl/mozard/!suite92.scherm1007?mObj=9415&mSelod=704684
1188;1188006;01/07/2016;30/09/2017;14/07/2016;CAO_VO_2016_2017_ondertekend_DEFPDF.pdf;1188 - VOORTGEZET ONDERWIJS - 01-07-2016 - 30-09-2017 - Regulier - kvo datum - 14-07-2016;https://www.uitvoeringarbeidsvoorwaardenwetgeving.nl/mozard/!suite92.scherm1007?mObj=9414&mSelod=704684
1188;1188007;01/08/2011;01/08/2012;19/08/2011;CAO_VO_2011_2012_def.pdf;1188 - VOORTGEZET ONDERWIJS - 01-08-2011 - 01-08-2012 - Regulier - kvo datum - 19-08-2011;https://www.uitvoeringarbeidsvoorwaardenwetgeving.nl/mozard/!suite92.scherm1007?mObj=9412&mSelod=704684
1188;1188008;01/08/2014;31/07/2015;22/10/2014;CAO_VO_2014__2015.pdf;1188 - VOORTGEZET ONDERWIJS - 01-08-2014 - 31-07-2015 - Regulier - kvo datum - 22-10-2014;https://www.uitvoeringarbeidsvoorwaardenwetgeving.nl/mozard/!suite92.scherm1007?mObj=9413&mSelod=704684
1188;1188009;01/10/2024;31/10/2025;28/04/2025;CAO VO 2024 2025 zonder handtekeningen en namen (tbv aanmelding) PDF.pdf;1188 - VOORTGEZET ONDERWIJS - 01-10-2024 - 31-10-2025 - Regulier - kvo datum - 28-04-2025;https://www.uitvoeringarbeidsvoorwaardenwetgeving.nl/mozard/!suite92.scherm1007?mObj=47907&mSelod=704684
1574;1574001;01/03/2011;31/12/2012;04/07/2012;Tekst_CAO_GGZ_2011_2013_juli_2012.pdf;1574 - GEESTELIJKE GEZONDHEIDSZORG (GGZ) - 01-03-2011 - 31-12-2012 - Regulier - kvo datum - 04-07-2012 - TTW;https://www.uitvoeringarbeidsvoorwaardenwetgeving.nl/mozard/!suite92.scherm1007?mObj=9689&mSelod=704686
1574;1574002;01/03/2011;31/12/2012;17/01/2012;Werkversie_CAO_GGZ_2011.pdf;1574 - GEESTELIJKE GEZONDHEIDSZORG (GGZ) - 01-03-2011 - 31-12-2012 - Regulier - kvo datum - 17-01-2012;https://www.uitvoeringarbeidsvoorwaardenwetgeving.nl/mozard/!suite92.scherm1007?mObj=9688&mSelod=704686
1574;1574003;01/03/2017;31/05/2019;30/06/2017;Word_werkbestand_CAO_GGZ_2017_2019.pdf;1574 - GEESTELIJKE GEZONDHEIDSZORG (GGZ) - 01-03-2017 - 31-05-2019 - Regulier - kvo datum - 30-06-2017;https://www.uitvoeringarbeidsvoorwaardenwetgeving.nl/mozard/!suite92.scherm1007?mObj=9694&mSelod=704686
1574;1574004;01/06/2019;30/11/2021;09/09/2020;GGZ cao met wijziging salarisschaal.pdf;1574 - GEESTELIJKE GEZONDHEIDSZORG (GGZ) - 01-06-2019 - 30-11-2021 - Regulier - kvo datum - 09-09-2020 - TTW;https://www.uitvoeringarbeidsvoorwaardenwetgeving.nl/mozard/!suite92.scherm1007?mObj=19186&mSelod=704686
1574;1574005;01/06/2019;30/11/2021;22/01/2021;Wijzigingen CAO GGZ 2019-2021 excl bijlage VI - 31 december 2020 definitief.docx.pdf;1574 - GEESTELIJKE GEZONDHEIDSZORG (GGZ) - 01-06-2019 - 30-11-2021 - Regulier - kvo datum - 22-01-2021 - TTW;https://www.uitvoeringarbeidsvoorwaardenwetgeving.nl/mozard/!suite92.scherm1007?mObj=21567&mSelod=704686
1574;1574006;01/06/2019;30/11/2021;23/10/2019;cao 2019-2021 min SZW.pdf;1574 - GEESTELIJKE GEZONDHEIDSZORG (GGZ) - 01-06-2019 - 30-11-2021 - Regulier - kvo datum - 23-10-2019;https://www.uitvoeringarbeidsvoorwaardenwetgeving.nl/mozard/!suite92.scherm1007?mObj=15120&mSelod=704686
1574;1574007;01/07/2015;28/02/2017;09/12/2015;GGZ_CAOgids_gewijzigd3dec2015.pdf;1574 - GEESTELIJKE GEZONDHEIDSZORG (GGZ) - 01-07-2015 - 28-02-2017 - Regulier - kvo datum - 09-12-2015 - TTW;https://www.uitvoeringarbeidsvoorwaardenwetgeving.nl/mozard/!suite92.scherm1007?mObj=9692&mSelod=704686
1574;1574008;01/07/2015;28/02/2017;15/10/2015;CAO_GGZ_2015_2017.pdf;1574 - GEESTELIJKE GEZONDHEIDSZORG (GGZ) - 01-07-2015 - 28-02-2017 - Regulier - kvo datum - 15-10-2015;https://www.uitvoeringarbeidsvoorwaardenwetgeving.nl/mozard/!suite92.scherm1007?mObj=9691&mSelod=704686
1574;1574009;01/07/2015;28/02/2017;17/07/2015;GGZ1504_01_binnenwerkCAOgids.pdf;1574 - GEESTELIJKE GEZONDHEIDSZORG (GGZ) - 01-07-2015 - 28-02-2017 - Regulier - kvo datum - 17-07-2015;https://www.uitvoeringarbeidsvoorwaardenwetgeving.nl/mozard/!suite92.scherm1007?mObj=9690&mSelod=704686
1574;1574010;01/12/2021;31/12/2025;06/02/2024;cao ggz tekst 05-02-2024.pdf;1574 - GEESTELIJKE GEZONDHEIDSZORG (GGZ) - 01-12-2021 - 31-12-2025 - Regulier - kvo datum - 06-02-2024 - TTW;https://www.uitvoeringarbeidsvoorwaardenwetgeving.nl/mozard/!suite92.scherm1007?mObj=41675&mSelod=704686
1574;1574011;01/12/2021;31/12/2025;21/02/2023;tekst CAO GGZ 2021-2024.pdf;1574 - GEESTELIJKE GEZONDHEIDSZORG (GGZ) - 01-12-2021 - 31-12-2025 - Regulier - kvo datum - 21-02-2023;https://www.uitvoeringarbeidsvoorwaardenwetgeving.nl/mozard/!suite92.scherm1007?mObj=35444&mSelod=704686
1345;1345001;01/01/2015;31/12/2018;25/04/2017;CAOP_CAO_boek_A5_def_24_8_9uur.pdf;1345 - SOCIALE WERKVOORZIENING - 01-01-2015 - 31-12-2018 - Regulier - kvo datum - 25-04-2017;https://www.uitvoeringarbeidsvoorwaardenwetgeving.nl/mozard/!suite92.scherm1007?mObj=9175&mSelod=704688
1345;1345002;01/01/2019;31/12/2019;10/12/2019;20191208_Cao tekst 2019.docx.pdf;1345 - SOCIALE WERKVOORZIENING - 01-01-2019 - 31-12-2019 - Regulier - kvo datum - 10-12-2019;https://www.uitvoeringarbeidsvoorwaardenwetgeving.nl/mozard/!suite92.scherm1007?mObj=15423&mSelod=704688
1345;1345003;01/01/2020;31/12/2020;18/08/2020;Tekst Cao SW 2020.pdf;1345 - SOCIALE WERKVOORZIENING - 01-01-2020 - 31-12-2020 - Regulier - kvo datum - 18-08-2020;https://www.uitvoeringarbeidsvoorwaardenwetgeving.nl/mozard/!suite92.scherm1007?mObj=18874&mSelod=704688
1345;1345004;01/01/2021;31/12/2025;19/10/2021;20211015__Tekst Cao SW 2021-2025_def.pdf;1345 - SOCIALE WERKVOORZIENING - 01-01-2021 - 31-12-2025 - Regulier - kvo datum - 19-10-2021;https://www.uitvoeringarbeidsvoorwaardenwetgeving.nl/mozard/!suite92.scherm1007?mObj=23456&mSelod=704688
1345;1345005;01/01/2021;31/12/2025;19/12/2024;Web-versie-SW-CAO-boekje-2021-2025.pdf;1345 - SOCIALE WERKVOORZIENING - 01-01-2021 - 31-12-2025 - Regulier - kvo datum - 19-12-2024 - TTW;https://www.uitvoeringarbeidsvoorwaardenwetgeving.nl/mozard/!suite92.scherm1007?mObj=45689&mSelod=704688
1345;1345006;01/03/2010;01/02/2011;04/01/2011;cao sociale werkvoorziening.pdf;1345 - SOCIALE WERKVOORZIENING - 01-03-2010 - 01-02-2011 - Regulier - kvo datum - 04-01-2011;https://www.uitvoeringarbeidsvoorwaardenwetgeving.nl/mozard/!suite92.scherm1007?mObj=9173&mSelod=704688
1345;1345007;01/12/2012;01/01/2014;24/06/2013;130214_gehelecao1_versienatosw_4_AP.pdf;1345 - SOCIALE WERKVOORZIENING - 01-12-2012 - 01-01-2014 - Regulier - kvo datum - 24-06-2013;https://www.uitvoeringarbeidsvoorwaardenwetgeving.nl/mozard/!suite92.scherm1007?mObj=9174&mSelod=704688
2297;2297001;01/03/2015;30/04/2017;20/11/2015;CAO_TI_deel.pdf;2297 - M&T TECHNISCH INSTALLATIEBEDRIJF - 01-03-2015 - 30-04-2017 - Regulier - kvo datum - 20-11-2015;https://www.uitvoeringarbeidsvoorwaardenwetgeving.nl/mozard/!suite92.scherm1007?mObj=9720&mSelod=704690
2297;2297002;01/03/2015;30/04/2017;21/12/2015;CAO_TI_arcering___wijz_AOW_LT.pdf;2297 - M&T TECHNISCH INSTALLATIEBEDRIJF - 01-03-2015 - 30-04-2017 - Regulier - kvo datum - 21-12-2015 - TTW;https://www.uitvoeringarbeidsvoorwaardenwetgeving.nl/mozard/!suite92.scherm1007?mObj=9721&mSelod=704690
2297;2297003;01/03/2015;30/04/2017;23/07/2016;CAO_TI_TTW_juli.pdf;2297 - M&T TECHNISCH INSTALLATIEBEDRIJF - 01-03-2015 - 30-04-2017 - Regulier - kvo datum - 23-07-2016 - TTW;https://www.uitvoeringarbeidsvoorwaardenwetgeving.nl/mozard/!suite92.scherm1007?mObj=9722&mSelod=704690
2297;2297004;01/04/2011;30/04/2013;07/06/2011;CAO_TI_2011_2013_incl_wijz_4c_aangepast_n_a_v_bed.pdf;2297 - M&T TECHNISCH INSTALLATIEBEDRIJF - 01-04-2011 - 30-04-2013 - Regulier - kvo datum - 07-06-2011;https://www.uitvoeringarbeidsvoorwaardenwetgeving.nl/mozard/!suite92.scherm1007?mObj=10204&mSelod=704690
2297;2297005;01/04/2011;30/04/2013;19/01/2012;M_en_T_Technisch_Installatiebedrijf_cao_en_handb_.pdf;2297 - M&T TECHNISCH INSTALLATIEBEDRIJF - 01-04-2011 - 30-04-2013 - Regulier - kvo datum - 19-01-2012 - TTW;https://www.uitvoeringarbeidsvoorwaardenwetgeving.nl/mozard/!suite92.scherm1007?mObj=10205&mSelod=704690
2297;2297006;01/04/2024;31/01/2026;07/10/2024;HB 5e editie 2024.pdf;2297 - M&T TECHNISCH INSTALLATIEBEDRIJF - 01-04-2024 - 31-01-2026 - Regulier - kvo datum - 07-10-2024;https://www.uitvoeringarbeidsvoorwaardenwetgeving.nl/mozard/!suite92.scherm1007?mObj=43851&mSelod=704690
2297;2297007;01/04/2024;31/01/2026;12/12/2024;HB 5e editie 2024_1.pdf;2297 - M&T TECHNISCH INSTALLATIEBEDRIJF - 01-04-2024 - 31-01-2026 - Regulier - kvo datum - 12-12-2024 - TTW;https://www.uitvoeringarbeidsvoorwaardenwetgeving.nl/mozard/!suite92.scherm1007?mObj=45539&mSelod=704690
2297;2297008;01/04/2024;31/01/2026;14/10/2024;HB 5e editie 2024_2.pdf;2297 - M&T TECHNISCH INSTALLATIEBEDRIJF - 01-04-2024 - 31-01-2026 - Regulier - kvo datum - 14-10-2024;https://www.uitvoeringarbeidsvoorwaardenwetgeving.nl/mozard/!suite92.scherm1007?mObj=44065&mSelod=704690
2297;2297009;01/05/2013;28/02/2015;03/12/2013;MenT_Technisch_Install_tot_cao_2297.pdf;2297 - M&T TECHNISCH INSTALLATIEBEDRIJF - 01-05-2013 - 28-02-2015 - Regulier - kvo datum - 03-12-2013;https://www.uitvoeringarbeidsvoorwaardenwetgeving.nl/mozard/!suite92.scherm1007?mObj=9719&mSelod=704690
2297;2297010;01/05/2017;31/05/2019;05/07/2017;CAO_TI_2017_2019_TTW_juli_2017.pdf;2297 - M&T TECHNISCH INSTALLATIEBEDRIJF - 01-05-2017 - 31-05-2019 - Regulier - kvo datum - 05-07-2017 - TTW;https://www.uitvoeringarbeidsvoorwaardenwetgeving.nl/mozard/!suite92.scherm1007?mObj=9847&mSelod=704690
2297;2297011;01/05/2017;31/05/2019;13/06/2017;c2255_f14208_fp3241_CAO_TI_17_19_arcering.pdf;2297 - M&T TECHNISCH INSTALLATIEBEDRIJF - 01-05-2017 - 31-05-2019 - Regulier - kvo datum - 13-06-2017;https://www.uitvoeringarbeidsvoorwaardenwetgeving.nl/mozard/!suite92.scherm1007?mObj=9846&mSelod=704690
2297;2297012;01/05/2017;31/05/2019;23/10/2018;CAO_TI_2017_2019_TTW_LL_nov_2018.pdf;2297 - M&T TECHNISCH INSTALLATIEBEDRIJF - 01-05-2017 - 31-05-2019 - Regulier - kvo datum - 23-10-2018 - TTW;https://www.uitvoeringarbeidsvoorwaardenwetgeving.nl/mozard/!suite92.scherm1007?mObj=9849&mSelod=704690
2297;2297013;01/05/2017;31/05/2019;28/11/2017;CAO_TI_2017_2019_TTW_GP_nov_2017.pdf;2297 - M&T TECHNISCH INSTALLATIEBEDRIJF - 01-05-2017 - 31-05-2019 - Regulier - kvo datum - 28-11-2017 - TTW;https://www.uitvoeringarbeidsvoorwaardenwetgeving.nl/mozard/!suite92.scherm1007?mObj=9848&mSelod=704690
2297;2297014;01/06/2019;30/09/2021;01/02/2021;CAO TI 2019 2021 TTW V2 Wagweu.docx.pdf;2297 - M&T TECHNISCH INSTALLATIEBEDRIJF - 01-06-2019 - 30-09-2021 - Regulier - kvo datum - 01-02-2021 - TTW;https://www.uitvoeringarbeidsvoorwaardenwetgeving.nl/mozard/!suite92.scherm1007?mObj=21674&mSelod=704690
2297;2297015;01/06/2019;30/09/2021;21/12/2020;CAO TI 2019 2021 TTW Wagweu en art 64 .docx.pdf;2297 - M&T TECHNISCH INSTALLATIEBEDRIJF - 01-06-2019 - 30-09-2021 - Regulier - kvo datum - 21-12-2020 - TTW;https://www.uitvoeringarbeidsvoorwaardenwetgeving.nl/mozard/!suite92.scherm1007?mObj=21139&mSelod=704690
2297;2297016;01/10/2021;31/03/2024;08/06/2022;CAO TI 2021 2024.pdf;2297 - M&T TECHNISCH INSTALLATIEBEDRIJF - 01-10-2021 - 31-03-2024 - Regulier - kvo datum - 08-06-2022;https://www.uitvoeringarbeidsvoorwaardenwetgeving.nl/mozard/!suite92.scherm1007?mObj=30081&mSelod=704690
2297;2297017;01/10/2021;31/03/2024;10/06/2022;CAO TI 2021 2024_1.pdf;2297 - M&T TECHNISCH INSTALLATIEBEDRIJF - 01-10-2021 - 31-03-2024 - Regulier - kvo datum - 10-06-2022;https://www.uitvoeringarbeidsvoorwaardenwetgeving.nl/mozard/!suite92.scherm1007?mObj=30103&mSelod=704690
2297;2297018;01/10/2021;31/03/2024;17/06/2022;CAO TI 2021 2024b.pdf;2297 - M&T TECHNISCH INSTALLATIEBEDRIJF - 01-10-2021 - 31-03-2024 - Regulier - kvo datum - 17-06-2022;https://www.uitvoeringarbeidsvoorwaardenwetgeving.nl/mozard/!suite92.scherm1007?mObj=30203&mSelod=704690
727;727001;01/01/2021;30/06/2022;05/08/2021;210805 Cao Retail Non-Food 1-7-21 def.pdf;727 - RETAIL NON-FOOD (VOORHEEN FASHION SPORT EN LIFESTYLE) - 01-01-2021 - 30-06-2022 - Regulier - kvo datum - 05-08-2021 - TTW;https://www.uitvoeringarbeidsvoorwaardenwetgeving.nl/mozard/!suite92.scherm1007?mObj=23119&mSelod=704692
727;727002;01/01/2021;30/06/2022;06/12/2021;211130 Cao Retail Non-Food 1-1-2022 def..pdf;727 - RETAIL NON-FOOD (VOORHEEN FASHION SPORT EN LIFESTYLE) - 01-01-2021 - 30-06-2022 - Regulier - kvo datum - 06-12-2021;https://www.uitvoeringarbeidsvoorwaardenwetgeving.nl/mozard/!suite92.scherm1007?mObj=24368&mSelod=704692
727;727003;01/01/2021;30/06/2022;08/12/2020;201207 Cao Retail Non-Food 1-1-21 definitief.docx.pdf;727 - RETAIL NON-FOOD (VOORHEEN FASHION SPORT EN LIFESTYLE) - 01-01-2021 - 30-06-2022 - Regulier - kvo datum - 08-12-2020;https://www.uitvoeringarbeidsvoorwaardenwetgeving.nl/mozard/!suite92.scherm1007?mObj=20947&mSelod=704692
727;727004;01/01/2021;30/06/2022;11/08/2021;210811 Cao Retail Non-Food 1-7-21 def.pdf;727 - RETAIL NON-FOOD (VOORHEEN FASHION SPORT EN LIFESTYLE) - 01-01-2021 - 30-06-2022 - Regulier - kvo datum - 11-08-2021 - TTW;https://www.uitvoeringarbeidsvoorwaardenwetgeving.nl/mozard/!suite92.scherm1007?mObj=23145&mSelod=704692
727;727005;01/01/2021;30/06/2022;29/01/2021;210128 Cao Retail Non-Food 1-1-21 definitief.docx.pdf;727 - RETAIL NON-FOOD (VOORHEEN FASHION SPORT EN LIFESTYLE) - 01-01-2021 - 30-06-2022 - Regulier - kvo datum - 29-01-2021 - TTW;https://www.uitvoeringarbeidsvoorwaardenwetgeving.nl/mozard/!suite92.scherm1007?mObj=21636&mSelod=704692
727;727006;01/01/2023;31/03/2024;10/02/2023;220208 cao Retail Non-Food schone versie.pdf;727 - RETAIL NON-FOOD (VOORHEEN FASHION SPORT EN LIFESTYLE) - 01-01-2023 - 31-03-2024 - Regulier - kvo datum - 10-02-2023;https://www.uitvoeringarbeidsvoorwaardenwetgeving.nl/mozard/!suite92.scherm1007?mObj=34662&mSelod=704692
727;727007;01/01/2023;31/03/2024;10/07/2023;230630 cao Retail Non-Food def.pdf;727 - RETAIL NON-FOOD (VOORHEEN FASHION SPORT EN LIFESTYLE) - 01-01-2023 - 31-03-2024 - Regulier - kvo datum - 10-07-2023;https://www.uitvoeringarbeidsvoorwaardenwetgeving.nl/mozard/!suite92.scherm1007?mObj=37467&mSelod=704692
727;727008;01/01/2023;31/03/2024;17/01/2023;221214 cao Retail Non-Food schone versie.pdf;727 - RETAIL NON-FOOD (VOORHEEN FASHION SPORT EN LIFESTYLE) - 01-01-2023 - 31-03-2024 - Regulier - kvo datum - 17-01-2023;https://www.uitvoeringarbeidsvoorwaardenwetgeving.nl/mozard/!suite92.scherm1007?mObj=33939&mSelod=704692
727;727009;01/01/2023;31/03/2024;19/04/2023;230418 cao Retail Non-Food def.pdf;727 - RETAIL NON-FOOD (VOORHEEN FASHION SPORT EN LIFESTYLE) - 01-01-2023 - 31-03-2024 - Regulier - kvo datum - 19-04-2023;https://www.uitvoeringarbeidsvoorwaardenwetgeving.nl/mozard/!suite92.scherm1007?mObj=36926&mSelod=704692
727;727010;01/01/2024;31/12/2025;02/07/2024;240625 Cao Retail Non-Food definitief.pdf;727 - RETAIL NON-FOOD (VOORHEEN FASHION SPORT EN LIFESTYLE) - 01-01-2024 - 31-12-2025 - Regulier - kvo datum - 02-07-2024 - TTW;https://www.uitvoeringarbeidsvoorwaardenwetgeving.nl/mozard/!suite92.scherm1007?mObj=43170&mSelod=704692
727;727011;01/01/2024;31/12/2025;17/05/2024;240508 Cao Retail Non-Food definitief.pdf;727 - RETAIL NON-FOOD (VOORHEEN FASHION SPORT EN LIFESTYLE) - 01-01-2024 - 31-12-2025 - Regulier - kvo datum - 17-05-2024 - TTW;https://www.uitvoeringarbeidsvoorwaardenwetgeving.nl/mozard/!suite92.scherm1007?mObj=42708&mSelod=704692
727;727012;01/01/2024;31/12/2025;19/06/2025;250617 Cao Retail Non-Food juli 2025 def.pdf;727 - RETAIL NON-FOOD (VOORHEEN FASHION SPORT EN LIFESTYLE) - 01-01-2024 - 31-12-2025 - Regulier - kvo datum - 19-06-2025 - TTW;https://www.uitvoeringarbeidsvoorwaardenwetgeving.nl/mozard/!suite92.scherm1007?mObj=48747&mSelod=704692
727;727013;01/01/2024;31/12/2025;19/12/2024;241218 Cao Retail Non-Food jan 2025 definitief.pdf;727 - RETAIL NON-FOOD (VOORHEEN FASHION SPORT EN LIFESTYLE) - 01-01-2024 - 31-12-2025 - Regulier - kvo datum - 19-12-2024 - TTW;https://www.uitvoeringarbeidsvoorwaardenwetgeving.nl/mozard/!suite92.scherm1007?mObj=45690&mSelod=704692
727;727014;01/01/2024;31/12/2025;22/02/2024;240206 cao Retail Non-Food def..pdf;727 - RETAIL NON-FOOD (VOORHEEN FASHION SPORT EN LIFESTYLE) - 01-01-2024 - 31-12-2025 - Regulier - kvo datum - 22-02-2024;https://www.uitvoeringarbeidsvoorwaardenwetgeving.nl/mozard/!suite92.scherm1007?mObj=41935&mSelod=704692
727;727015;01/07/2010;30/06/2012;03/11/2011;cao_Mode__Sport_1_7_2010_tot_1_7_2012_22_8_2011.pdf;727 - RETAIL NON-FOOD (VOORHEEN FASHION SPORT EN LIFESTYLE) - 01-07-2010 - 30-06-2012 - Regulier - kvo datum - 03-11-2011 - TTW;https://www.uitvoeringarbeidsvoorwaardenwetgeving.nl/mozard/!suite92.scherm1007?mObj=8266&mSelod=704692
727;727016;01/07/2010;30/06/2012;24/08/2011;cao_Mode__Sport_1_7_2010_tot_1_7_2012.pdf;727 - RETAIL NON-FOOD (VOORHEEN FASHION SPORT EN LIFESTYLE) - 01-07-2010 - 30-06-2012 - Regulier - kvo datum - 24-08-2011;https://www.uitvoeringarbeidsvoorwaardenwetgeving.nl/mozard/!suite92.scherm1007?mObj=8265&mSelod=704692
727;727017;01/07/2012;30/09/2013;03/06/2013;Cao_Fashion_en_Sport_Inretail.pdf;727 - RETAIL NON-FOOD (VOORHEEN FASHION SPORT EN LIFESTYLE) - 01-07-2012 - 30-09-2013 - Regulier - kvo datum - 03-06-2013;https://www.uitvoeringarbeidsvoorwaardenwetgeving.nl/mozard/!suite92.scherm1007?mObj=8267&mSelod=704692
727;727018;01/07/2012;30/09/2013;22/08/2013;Cao_Fashion_en_Sport_Inretail_21_8_2013.pdf;727 - RETAIL NON-FOOD (VOORHEEN FASHION SPORT EN LIFESTYLE) - 01-07-2012 - 30-09-2013 - Regulier - kvo datum - 22-08-2013 - TTW;https://www.uitvoeringarbeidsvoorwaardenwetgeving.nl/mozard/!suite92.scherm1007?mObj=8268&mSelod=704692
727;727019;01/07/2015;30/06/2016;15/09/2015;150824_Cao_Fashion__Sport_en_Lifestyle.pdf;727 - RETAIL NON-FOOD (VOORHEEN FASHION SPORT EN LIFESTYLE) - 01-07-2015 - 30-06-2016 - Regulier - kvo datum - 15-09-2015;https://www.uitvoeringarbeidsvoorwaardenwetgeving.nl/mozard/!suite92.scherm1007?mObj=8269&mSelod=704692
727;727020;01/07/2015;30/06/2016;23/06/2016;150824_Cao_Fashion__Sport___Lifestyle_hvb.pdf;727 - RETAIL NON-FOOD (VOORHEEN FASHION SPORT EN LIFESTYLE) - 01-07-2015 - 30-06-2016 - Regulier - kvo datum - 23-06-2016 - TTW;https://www.uitvoeringarbeidsvoorwaardenwetgeving.nl/mozard/!suite92.scherm1007?mObj=8271&mSelod=704692
727;727021;01/07/2015;30/06/2016;26/10/2015;151020_Cao_Fashion__Sport___Lifestyle_hvb.pdf;727 - RETAIL NON-FOOD (VOORHEEN FASHION SPORT EN LIFESTYLE) - 01-07-2015 - 30-06-2016 - Regulier - kvo datum - 26-10-2015 - TTW;https://www.uitvoeringarbeidsvoorwaardenwetgeving.nl/mozard/!suite92.scherm1007?mObj=8270&mSelod=704692
727;727022;01/07/2016;30/06/2018;03/07/2017;170630_Cao_F_S__L_2016_2018_definitief_hvb.pdf;727 - RETAIL NON-FOOD (VOORHEEN FASHION SPORT EN LIFESTYLE) - 01-07-2016 - 30-06-2018 - Regulier - kvo datum - 03-07-2017 - TTW;https://www.uitvoeringarbeidsvoorwaardenwetgeving.nl/mozard/!suite92.scherm1007?mObj=8277&mSelod=704692
727;727023;01/07/2016;30/06/2018;06/02/2018;171115_Cao_F_S__L_2016_2018_definitief_hvb.pdf;727 - RETAIL NON-FOOD (VOORHEEN FASHION SPORT EN LIFESTYLE) - 01-07-2016 - 30-06-2018 - Regulier - kvo datum - 06-02-2018 - TTW;https://www.uitvoeringarbeidsvoorwaardenwetgeving.nl/mozard/!suite92.scherm1007?mObj=8279&mSelod=704692
727;727024;01/07/2016;30/06/2018;10/12/2016;161031_Cao_F_S__L_2016_2018_hvb.pdf;727 - RETAIL NON-FOOD (VOORHEEN FASHION SPORT EN LIFESTYLE) - 01-07-2016 - 30-06-2018 - Regulier - kvo datum - 10-12-2016;https://www.uitvoeringarbeidsvoorwaardenwetgeving.nl/mozard/!suite92.scherm1007?mObj=8273&mSelod=704692
727;727025;01/07/2016;30/06/2018;15/02/2017;170214_Cao_F_S__L_2016_2018_hvb.pdf;727 - RETAIL NON-FOOD (VOORHEEN FASHION SPORT EN LIFESTYLE) - 01-07-2016 - 30-06-2018 - Regulier - kvo datum - 15-02-2017 - TTW;https://www.uitvoeringarbeidsvoorwaardenwetgeving.nl/mozard/!suite92.scherm1007?mObj=8275&mSelod=704692
727;727026;01/07/2016;30/06/2018;15/02/2018;171115_Cao_F_S__L_2016_2018_definitief_hvb_1.pdf;727 - RETAIL NON-FOOD (VOORHEEN FASHION SPORT EN LIFESTYLE) - 01-07-2016 - 30-06-2018 - Regulier - kvo datum - 15-02-2018 - TTW;https://www.uitvoeringarbeidsvoorwaardenwetgeving.nl/mozard/!suite92.scherm1007?mObj=8280&mSelod=704692
727;727027;01/07/2016;30/06/2018;16/11/2017;171115_Cao_F_S__L_2016_2018_definitief_hvb_2.pdf;727 - RETAIL NON-FOOD (VOORHEEN FASHION SPORT EN LIFESTYLE) - 01-07-2016 - 30-06-2018 - Regulier - kvo datum - 16-11-2017 - TTW;https://www.uitvoeringarbeidsvoorwaardenwetgeving.nl/mozard/!suite92.scherm1007?mObj=8278&mSelod=704692
727;727028;01/07/2016;30/06/2018;17/03/2017;170313_Cao_F_S__L_2016_2018_incl_Wonen_def_hvb.pdf;727 - RETAIL NON-FOOD (VOORHEEN FASHION SPORT EN LIFESTYLE) - 01-07-2016 - 30-06-2018 - Regulier - kvo datum - 17-03-2017 - TTW;https://www.uitvoeringarbeidsvoorwaardenwetgeving.nl/mozard/!suite92.scherm1007?mObj=8276&mSelod=704692
727;727029;01/07/2016;30/06/2018;27/07/2016;160715_Cao_F__S___L_2016_2018_gewijzigd_hvb.pdf;727 - RETAIL NON-FOOD (VOORHEEN FASHION SPORT EN LIFESTYLE) - 01-07-2016 - 30-06-2018 - Regulier - kvo datum - 27-07-2016;https://www.uitvoeringarbeidsvoorwaardenwetgeving.nl/mozard/!suite92.scherm1007?mObj=8272&mSelod=704692
727;727030;01/07/2016;30/06/2018;31/01/2017;170118_Cao_F_S__L_2016_2018_hvb.pdf;727 - RETAIL NON-FOOD (VOORHEEN FASHION SPORT EN LIFESTYLE) - 01-07-2016 - 30-06-2018 - Regulier - kvo datum - 31-01-2017 - TTW;https://www.uitvoeringarbeidsvoorwaardenwetgeving.nl/mozard/!suite92.scherm1007?mObj=8274&mSelod=704692
727;727031;01/07/2018;31/12/2020;05/08/2019;190730 cao Retail Non-Food per 1 juli 2019 definitief.docx.pdf;727 - RETAIL NON-FOOD (VOORHEEN FASHION SPORT EN LIFESTYLE) - 01-07-2018 - 31-12-2020 - Regulier - kvo datum - 05-08-2019 - TTW;https://www.uitvoeringarbeidsvoorwaardenwetgeving.nl/mozard/!suite92.scherm1007?mObj=14721&mSelod=704692
727;727032;01/07/2018;31/12/2020;06/01/2020;191227 cao Retail Non-Food per 1 januari 2020 definitief.docx.pdf;727 - RETAIL NON-FOOD (VOORHEEN FASHION SPORT EN LIFESTYLE) - 01-07-2018 - 31-12-2020 - Regulier - kvo datum - 06-01-2020 - TTW;https://www.uitvoeringarbeidsvoorwaardenwetgeving.nl/mozard/!suite92.scherm1007?mObj=15563&mSelod=704692
727;727033;01/07/2018;31/12/2020;09/09/2019;190730 cao Retail Non-Food per 1 juli 2019.docx.pdf;727 - RETAIL NON-FOOD (VOORHEEN FASHION SPORT EN LIFESTYLE) - 01-07-2018 - 31-12-2020 - Regulier - kvo datum - 09-09-2019 - TTW;https://www.uitvoeringarbeidsvoorwaardenwetgeving.nl/mozard/!suite92.scherm1007?mObj=14834&mSelod=704692
727;727034;01/07/2018;31/12/2020;28/01/2019;190128_cao_Retail_Non_Food_definitief_hvb_bg.pdf;727 - RETAIL NON-FOOD (VOORHEEN FASHION SPORT EN LIFESTYLE) - 01-07-2018 - 31-12-2020 - Regulier - kvo datum - 28-01-2019 - TTW;https://www.uitvoeringarbeidsvoorwaardenwetgeving.nl/mozard/!suite92.scherm1007?mObj=8282&mSelod=704692
727;727035;01/07/2018;31/12/2020;28/09/2018;180921_cao_Retail_Non_Food_definitief_hvb.pdf;727 - RETAIL NON-FOOD (VOORHEEN FASHION SPORT EN LIFESTYLE) - 01-07-2018 - 31-12-2020 - Regulier - kvo datum - 28-09-2018;https://www.uitvoeringarbeidsvoorwaardenwetgeving.nl/mozard/!suite92.scherm1007?mObj=8281&mSelod=704692
727;727036;01/07/2022;31/03/2024;08/07/2022;220629 cao Retail Non-Food def.pdf;727 - RETAIL NON-FOOD (VOORHEEN FASHION SPORT EN LIFESTYLE) - 01-07-2022 - 31-03-2024 - Regulier - kvo datum - 08-07-2022;https://www.uitvoeringarbeidsvoorwaardenwetgeving.nl/mozard/!suite92.scherm1007?mObj=30460&mSelod=704692
823;823001;01/02/2025;31/10/2027;02/07/2025;2025-07-01 CAO MVT 2025 - 2027 - incl HFI DEF.pdf;823 - MOTORVOERTUIGENBEDRIJF EN TWEEWIELERBEDRIJF - 01-02-2025 - 31-10-2027 - Regulier - kvo datum - 02-07-2025;https://www.uitvoeringarbeidsvoorwaardenwetgeving.nl/mozard/!suite92.scherm1007?mObj=49048&mSelod=704694
823;823002;01/04/2022;31/10/2023;07/02/2023;Cao MVT - zonder HFI DEF 6 feb 2023.pdf;823 - MOTORVOERTUIGENBEDRIJF EN TWEEWIELERBEDRIJF - 01-04-2022 - 31-10-2023 - Regulier - kvo datum - 07-02-2023;https://www.uitvoeringarbeidsvoorwaardenwetgeving.nl/mozard/!suite92.scherm1007?mObj=34541&mSelod=704694
823;823003;01/04/2022;31/10/2023;09/05/2022;Concept cao MVT - incl HFI DEF.pdf;823 - MOTORVOERTUIGENBEDRIJF EN TWEEWIELERBEDRIJF - 01-04-2022 - 31-10-2023 - Regulier - kvo datum - 09-05-2022;https://www.uitvoeringarbeidsvoorwaardenwetgeving.nl/mozard/!suite92.scherm1007?mObj=29661&mSelod=704694
823;823004;01/04/2022;31/10/2023;09/06/2022;Cao MVT - incl HFI 8 juni 2022.pdf;823 - MOTORVOERTUIGENBEDRIJF EN TWEEWIELERBEDRIJF - 01-04-2022 - 31-10-2023 - Regulier - kvo datum - 09-06-2022;https://www.uitvoeringarbeidsvoorwaardenwetgeving.nl/mozard/!suite92.scherm1007?mObj=30089&mSelod=704694
823;823005;01/06/2011;30/09/2012;03/08/2011;CAO_tekst_2011_2012_compleet_versie_2_augustus.pdf;823 - MOTORVOERTUIGENBEDRIJF EN TWEEWIELERBEDRIJF - 01-06-2011 - 30-09-2012 - Regulier - kvo datum - 03-08-2011 - TTW;https://www.uitvoeringarbeidsvoorwaardenwetgeving.nl/mozard/!suite92.scherm1007?mObj=8422&mSelod=704694
823;823006;01/06/2011;30/09/2012;14/07/2011;CAO_tekst_2011_2012_compleet_versie_19_juli.pdf;823 - MOTORVOERTUIGENBEDRIJF EN TWEEWIELERBEDRIJF - 01-06-2011 - 30-09-2012 - Regulier - kvo datum - 14-07-2011;https://www.uitvoeringarbeidsvoorwaardenwetgeving.nl/mozard/!suite92.scherm1007?mObj=8420&mSelod=704694
823;823007;01/06/2011;30/09/2012;29/07/2011;CAO_tekst_2011_2012_compleet_versie_28_juli.pdf;823 - MOTORVOERTUIGENBEDRIJF EN TWEEWIELERBEDRIJF - 01-06-2011 - 30-09-2012 - Regulier - kvo datum - 29-07-2011 - TTW;https://www.uitvoeringarbeidsvoorwaardenwetgeving.nl/mozard/!suite92.scherm1007?mObj=8421&mSelod=704694
823;823008;01/10/2012;31/10/2014;12/03/2013;CAO_tekst_2012_2014_definitief.pdf;823 - MOTORVOERTUIGENBEDRIJF EN TWEEWIELERBEDRIJF - 01-10-2012 - 31-10-2014 - Regulier - kvo datum - 12-03-2013;https://www.uitvoeringarbeidsvoorwaardenwetgeving.nl/mozard/!suite92.scherm1007?mObj=8423&mSelod=704694
823;823009;01/11/2014;31/10/2018;14/09/2016;CAO_MvT_2014_2018_11_september.pdf;823 - MOTORVOERTUIGENBEDRIJF EN TWEEWIELERBEDRIJF - 01-11-2014 - 31-10-2018 - Regulier - kvo datum - 14-09-2016;https://www.uitvoeringarbeidsvoorwaardenwetgeving.nl/mozard/!suite92.scherm1007?mObj=8424&mSelod=704694
823;823010;01/11/2014;31/10/2018;30/11/2016;CAO_MvT_2014_2018_29_november_2016.pdf;823 - MOTORVOERTUIGENBEDRIJF EN TWEEWIELERBEDRIJF - 01-11-2014 - 31-10-2018 - Regulier - kvo datum - 30-11-2016 - TTW;https://www.uitvoeringarbeidsvoorwaardenwetgeving.nl/mozard/!suite92.scherm1007?mObj=8425&mSelod=704694
823;823011;01/11/2018;31/10/2018;04/10/2019;CAO MvT 2018-2020 DEF 2 oktober 2019.docx.pdf;823 - MOTORVOERTUIGENBEDRIJF EN TWEEWIELERBEDRIJF - 01-11-2018 - 31-10-2018 - Regulier - kvo datum - 04-10-2019 - TTW;https://www.uitvoeringarbeidsvoorwaardenwetgeving.nl/mozard/!suite92.scherm1007?mObj=14985&mSelod=704694
823;823012;01/11/2018;31/10/2020;03/06/2019;CAO MvT 2018-2020 DEF 29 mei19.docx .pdf;823 - MOTORVOERTUIGENBEDRIJF EN TWEEWIELERBEDRIJF - 01-11-2018 - 31-10-2020 - Regulier - kvo datum - 03-06-2019;https://www.uitvoeringarbeidsvoorwaardenwetgeving.nl/mozard/!suite92.scherm1007?mObj=14212&mSelod=704694
823;823013;01/11/2020;31/03/2022;24/12/2020;CAO MvT 2020-2021 versie 23 dec 2020.docx.pdf;823 - MOTORVOERTUIGENBEDRIJF EN TWEEWIELERBEDRIJF - 01-11-2020 - 31-03-2022 - Regulier - kvo datum - 24-12-2020;https://www.uitvoeringarbeidsvoorwaardenwetgeving.nl/mozard/!suite92.scherm1007?mObj=21230&mSelod=704694
823;823014;01/11/2020;31/03/2022;26/01/2021;CAO MvT 2020-2021 DEFversie 19 januari 2021.docx.pdf;823 - MOTORVOERTUIGENBEDRIJF EN TWEEWIELERBEDRIJF - 01-11-2020 - 31-03-2022 - Regulier - kvo datum - 26-01-2021 - TTW;https://www.uitvoeringarbeidsvoorwaardenwetgeving.nl/mozard/!suite92.scherm1007?mObj=21610&mSelod=704694
823;823015;01/11/2023;31/01/2025;10/04/2024;2024-04 Cao MVT 2023 - 2025 - incl HFI vs 2.pdf;823 - MOTORVOERTUIGENBEDRIJF EN TWEEWIELERBEDRIJF - 01-11-2023 - 31-01-2025 - Regulier - kvo datum - 10-04-2024 - TTW;https://www.uitvoeringarbeidsvoorwaardenwetgeving.nl/mozard/!suite92.scherm1007?mObj=42417&mSelod=704694
823;823016;01/11/2023;31/01/2025;16/02/2024;Cao MVT - incl HFI 31 januari 2024.pdf;823 - MOTORVOERTUIGENBEDRIJF EN TWEEWIELERBEDRIJF - 01-11-2023 - 31-01-2025 - Regulier - kvo datum - 16-02-2024;https://www.uitvoeringarbeidsvoorwaardenwetgeving.nl/mozard/!suite92.scherm1007?mObj=41810&mSelod=704694
1618;1618001;01/01/2018;31/12/2020;10/04/2019;Cao umc 2018-2020 def versie maart 2019.pdf .pdf;1618 - UNIVERSITAIR MEDISCHE CENTRA - 01-01-2018 - 31-12-2020 - Regulier - kvo datum - 10-04-2019;https://www.uitvoeringarbeidsvoorwaardenwetgeving.nl/mozard/!suite92.scherm1007?mObj=13838&mSelod=704696
1618;1618002;01/01/2018;31/12/2020;12/12/2019;19.9945 Umcs Cao umc 2018-2020 per 1-1-2020.pdf;1618 - UNIVERSITAIR MEDISCHE CENTRA - 01-01-2018 - 31-12-2020 - Regulier - kvo datum - 12-12-2019 - TTW;https://www.uitvoeringarbeidsvoorwaardenwetgeving.nl/mozard/!suite92.scherm1007?mObj=15428&mSelod=704696
1618;1618003;01/01/2022;31/12/2023;10/02/2023;Cao UMC wijzigingen per januari 2023.pdf;1618 - UNIVERSITAIR MEDISCHE CENTRA - 01-01-2022 - 31-12-2023 - Regulier - kvo datum - 10-02-2023;https://www.uitvoeringarbeidsvoorwaardenwetgeving.nl/mozard/!suite92.scherm1007?mObj=34723&mSelod=704696
1618;1618004;01/01/2022;31/12/2023;22/04/2022;Cao umc 2022 2023 pdf.pdf;1618 - UNIVERSITAIR MEDISCHE CENTRA - 01-01-2022 - 31-12-2023 - Regulier - kvo datum - 22-04-2022;https://www.uitvoeringarbeidsvoorwaardenwetgeving.nl/mozard/!suite92.scherm1007?mObj=29401&mSelod=704696
1618;1618005;01/01/2024;31/12/2025;15/09/2024;NFU-24.01131 CAO NL v08 def.pdf;1618 - UNIVERSITAIR MEDISCHE CENTRA - 01-01-2024 - 31-12-2025 - Regulier - kvo datum - 15-09-2024;https://www.uitvoeringarbeidsvoorwaardenwetgeving.nl/mozard/!suite92.scherm1007?mObj=43669&mSelod=704696
1618;1618006;01/03/2011;01/04/2013;14/02/2012;Officiele_versie_NL_Cao_UMC_2011_2013.pdf;1618 - UNIVERSITAIR MEDISCHE CENTRA - 01-03-2011 - 01-04-2013 - Regulier - kvo datum - 14-02-2012;https://www.uitvoeringarbeidsvoorwaardenwetgeving.nl/mozard/!suite92.scherm1007?mObj=9750&mSelod=704696
1618;1618007;01/04/2013;31/03/2015;30/01/2014;Cao_umc_2013___2015_officiele_tekst.pdf;1618 - UNIVERSITAIR MEDISCHE CENTRA - 01-04-2013 - 31-03-2015 - Regulier - kvo datum - 30-01-2014;https://www.uitvoeringarbeidsvoorwaardenwetgeving.nl/mozard/!suite92.scherm1007?mObj=9751&mSelod=704696
1618;1618008;01/04/2015;01/01/2018;05/11/2015;15_11628_Cao_umc_2015_2017_DEF.pdf;1618 - UNIVERSITAIR MEDISCHE CENTRA - 01-04-2015 - 01-01-2018 - Regulier - kvo datum - 05-11-2015;https://www.uitvoeringarbeidsvoorwaardenwetgeving.nl/mozard/!suite92.scherm1007?mObj=9752&mSelod=704696
1618;1618009;01/04/2015;01/01/2018;17/10/2017;Cao_umc_2015_2017_versie_8_2017.pdf;1618 - UNIVERSITAIR MEDISCHE CENTRA - 01-04-2015 - 01-01-2018 - Regulier - kvo datum - 17-10-2017 - TTW;https://www.uitvoeringarbeidsvoorwaardenwetgeving.nl/mozard/!suite92.scherm1007?mObj=9754&mSelod=704696
1618;1618010;01/04/2015;01/01/2018;21/01/2016;SZW_15_14272_Cao_umc_2015_2017.pdf;1618 - UNIVERSITAIR MEDISCHE CENTRA - 01-04-2015 - 01-01-2018 - Regulier - kvo datum - 21-01-2016 - TTW;https://www.uitvoeringarbeidsvoorwaardenwetgeving.nl/mozard/!suite92.scherm1007?mObj=9753&mSelod=704696
1612;1612001;01/01/2012;31/12/2014;12/07/2013;CAO_Kinderopvang_2012_2014_def.pdf;1612 - KINDEROPVANG VOOR KINDERCENTRA EN GASTOUDERBUREAUS - 01-01-2012 - 31-12-2014 - Regulier - kvo datum - 12-07-2013;https://www.uitvoeringarbeidsvoorwaardenwetgeving.nl/mozard/!suite92.scherm1007?mObj=9736&mSelod=704698
1612;1612002;01/01/2012;31/12/2014;12/11/2014;CAO_Kinderopvang_2012_2014_basistekst101114.pdf;1612 - KINDEROPVANG VOOR KINDERCENTRA EN GASTOUDERBUREAUS - 01-01-2012 - 31-12-2014 - Regulier - kvo datum - 12-11-2014 - TTW;https://www.uitvoeringarbeidsvoorwaardenwetgeving.nl/mozard/!suite92.scherm1007?mObj=9739&mSelod=704698
1612;1612003;01/01/2012;31/12/2014;13/02/2014;CAO_Kinderopvang_2012_2014_basistekst060214.pdf;1612 - KINDEROPVANG VOOR KINDERCENTRA EN GASTOUDERBUREAUS - 01-01-2012 - 31-12-2014 - Regulier - kvo datum - 13-02-2014 - TTW;https://www.uitvoeringarbeidsvoorwaardenwetgeving.nl/mozard/!suite92.scherm1007?mObj=9738&mSelod=704698
1612;1612004;01/01/2012;31/12/2014;22/08/2013;CAO_Kinderopvang_2012_2014_aanmeld150813.pdf;1612 - KINDEROPVANG VOOR KINDERCENTRA EN GASTOUDERBUREAUS - 01-01-2012 - 31-12-2014 - Regulier - kvo datum - 22-08-2013 - TTW;https://www.uitvoeringarbeidsvoorwaardenwetgeving.nl/mozard/!suite92.scherm1007?mObj=9737&mSelod=704698
1612;1612005;01/01/2015;31/12/2015;21/10/2015;CAO_Kinderopvang.pdf;1612 - KINDEROPVANG VOOR KINDERCENTRA EN GASTOUDERBUREAUS - 01-01-2015 - 31-12-2015 - Regulier - kvo datum - 21-10-2015;https://www.uitvoeringarbeidsvoorwaardenwetgeving.nl/mozard/!suite92.scherm1007?mObj=9740&mSelod=704698
1612;1612006;01/01/2016;31/12/2017;03/10/2017;CAO_Kinderopvang_2016_2017.pdf;1612 - KINDEROPVANG VOOR KINDERCENTRA EN GASTOUDERBUREAUS - 01-01-2016 - 31-12-2017 - Regulier - kvo datum - 03-10-2017 - TTW;https://www.uitvoeringarbeidsvoorwaardenwetgeving.nl/mozard/!suite92.scherm1007?mObj=9742&mSelod=704698
1612;1612007;01/01/2016;31/12/2017;27/05/2016;CAO_Kinderopvang_difi.pdf;1612 - KINDEROPVANG VOOR KINDERCENTRA EN GASTOUDERBUREAUS - 01-01-2016 - 31-12-2017 - Regulier - kvo datum - 27-05-2016;https://www.uitvoeringarbeidsvoorwaardenwetgeving.nl/mozard/!suite92.scherm1007?mObj=9741&mSelod=704698
1612;1612008;01/01/2018;31/12/2019;28/09/2018;CAO_Kinderopvang_2018_2019.pdf;1612 - KINDEROPVANG VOOR KINDERCENTRA EN GASTOUDERBUREAUS - 01-01-2018 - 31-12-2019 - Regulier - kvo datum - 28-09-2018;https://www.uitvoeringarbeidsvoorwaardenwetgeving.nl/mozard/!suite92.scherm1007?mObj=9743&mSelod=704698
1612;1612009;01/01/2020;30/06/2021;01/05/2020;Integrale cao Kinderopvang 2020 - 2021.pdf;1612 - KINDEROPVANG VOOR KINDERCENTRA EN GASTOUDERBUREAUS - 01-01-2020 - 30-06-2021 - Regulier - kvo datum - 01-05-2020;https://www.uitvoeringarbeidsvoorwaardenwetgeving.nl/mozard/!suite92.scherm1007?mObj=16339&mSelod=704698
1612;1612010;01/01/2020;30/06/2021;09/06/2020;Integrale cao Kinderopvang 2020 - 2021 - gewijzigd.pdf;1612 - KINDEROPVANG VOOR KINDERCENTRA EN GASTOUDERBUREAUS - 01-01-2020 - 30-06-2021 - Regulier - kvo datum - 09-06-2020 - TTW;https://www.uitvoeringarbeidsvoorwaardenwetgeving.nl/mozard/!suite92.scherm1007?mObj=16657&mSelod=704698
1612;1612011;01/01/2020;30/06/2021;29/01/2021;Integrale gewijzigde cao Kinderopvang 2020-2021 (schone versie).docx.pdf;1612 - KINDEROPVANG VOOR KINDERCENTRA EN GASTOUDERBUREAUS - 01-01-2020 - 30-06-2021 - Regulier - kvo datum - 29-01-2021 - TTW;https://www.uitvoeringarbeidsvoorwaardenwetgeving.nl/mozard/!suite92.scherm1007?mObj=21633&mSelod=704698
1612;1612012;01/01/2023;30/06/2024;01/03/2023;Integrale Cao Kinderopvang 2023-2024.pdf;1612 - KINDEROPVANG VOOR KINDERCENTRA EN GASTOUDERBUREAUS - 01-01-2023 - 30-06-2024 - Regulier - kvo datum - 01-03-2023;https://www.uitvoeringarbeidsvoorwaardenwetgeving.nl/mozard/!suite92.scherm1007?mObj=35983&mSelod=704698
1612;1612013;01/01/2023;30/06/2024;10/07/2023;Integrale gewijzigde Cao Kinderopvang 2023-2024.pdf;1612 - KINDEROPVANG VOOR KINDERCENTRA EN GASTOUDERBUREAUS - 01-01-2023 - 30-06-2024 - Regulier - kvo datum - 10-07-2023;https://www.uitvoeringarbeidsvoorwaardenwetgeving.nl/mozard/!suite92.scherm1007?mObj=37466&mSelod=704698
1612;1612014;01/01/2023;30/06/2024;22/12/2023;Integrale Cao Kinderopvang 2023-2024 (21-12-2023).pdf;1612 - KINDEROPVANG VOOR KINDERCENTRA EN GASTOUDERBUREAUS - 01-01-2023 - 30-06-2024 - Regulier - kvo datum - 22-12-2023 - TTW;https://www.uitvoeringarbeidsvoorwaardenwetgeving.nl/mozard/!suite92.scherm1007?mObj=40739&mSelod=704698
1612;1612015;01/01/2025;31/12/2026;28/04/2025;Integrale Cao Kinderopvang 2025-2026.pdf;1612 - KINDEROPVANG VOOR KINDERCENTRA EN GASTOUDERBUREAUS - 01-01-2025 - 31-12-2026 - Regulier - kvo datum - 28-04-2025;https://www.uitvoeringarbeidsvoorwaardenwetgeving.nl/mozard/!suite92.scherm1007?mObj=47905&mSelod=704698
1612;1612016;01/05/2010;31/12/2011;18/03/2011;CAOKINDEROPVANG 1011 (ttw160311).pdf;1612 - KINDEROPVANG VOOR KINDERCENTRA EN GASTOUDERBUREAUS - 01-05-2010 - 31-12-2011 - Regulier - kvo datum - 18-03-2011 - TTW;https://www.uitvoeringarbeidsvoorwaardenwetgeving.nl/mozard/!suite92.scherm1007?mObj=9735&mSelod=704698
1612;1612017;01/07/2021;31/12/2022;28/06/2021;Integrale Cao Kinderopvang 2021-2022.pdf;1612 - KINDEROPVANG VOOR KINDERCENTRA EN GASTOUDERBUREAUS - 01-07-2021 - 31-12-2022 - Regulier - kvo datum - 28-06-2021;https://www.uitvoeringarbeidsvoorwaardenwetgeving.nl/mozard/!suite92.scherm1007?mObj=22893&mSelod=704698
1612;1612018;01/07/2021;31/12/2022;29/07/2021;Integrale Cao Kinderopvang 2021-2022 - 280721.pdf;1612 - KINDEROPVANG VOOR KINDERCENTRA EN GASTOUDERBUREAUS - 01-07-2021 - 31-12-2022 - Regulier - kvo datum - 29-07-2021 - TTW;https://www.uitvoeringarbeidsvoorwaardenwetgeving.nl/mozard/!suite92.scherm1007?mObj=23088&mSelod=704698
1612;1612019;01/07/2024;31/12/2024;16/07/2024;Integrale Cao Kinderopvang 2024 16-07-2024.pdf;1612 - KINDEROPVANG VOOR KINDERCENTRA EN GASTOUDERBUREAUS - 01-07-2024 - 31-12-2024 - Regulier - kvo datum - 16-07-2024 - TTW;https://www.uitvoeringarbeidsvoorwaardenwetgeving.nl/mozard/!suite92.scherm1007?mObj=43297&mSelod=704698
1612;1612020;01/07/2024;31/12/2024;21/06/2024;Integrale Cao Kinderopvang 2024.pdf;1612 - KINDEROPVANG VOOR KINDERCENTRA EN GASTOUDERBUREAUS - 01-07-2024 - 31-12-2024 - Regulier - kvo datum - 21-06-2024;https://www.uitvoeringarbeidsvoorwaardenwetgeving.nl/mozard/!suite92.scherm1007?mObj=43019&mSelod=704698
1612;1612021;01/07/2024;31/12/2024;29/12/2024;Integrale Cao Kinderopvang 2024 20-12-2024.pdf;1612 - KINDEROPVANG VOOR KINDERCENTRA EN GASTOUDERBUREAUS - 01-07-2024 - 31-12-2024 - Regulier - kvo datum - 29-12-2024 - TTW;https://www.uitvoeringarbeidsvoorwaardenwetgeving.nl/mozard/!suite92.scherm1007?mObj=45863&mSelod=704698
301;301001;01/01/2012;31/12/2013;04/03/2013;CAOWMD1213__270213__definitief.pdf;301 - WELZIJN MAATSCHAPPELIJKE DIENSTVERLENING SOCIAAL WERK - 01-01-2012 - 31-12-2013 - Regulier - kvo datum - 04-03-2013;https://www.uitvoeringarbeidsvoorwaardenwetgeving.nl/mozard/!suite92.scherm1007?mObj=7454&mSelod=704700
301;301002;01/01/2014;31/03/2016;06/01/2015;CAOWMD20142016_definitief_301214_.pdf;301 - WELZIJN MAATSCHAPPELIJKE DIENSTVERLENING SOCIAAL WERK - 01-01-2014 - 31-03-2016 - Regulier - kvo datum - 06-01-2015;https://www.uitvoeringarbeidsvoorwaardenwetgeving.nl/mozard/!suite92.scherm1007?mObj=7455&mSelod=704700
301;301003;01/01/2014;31/03/2016;16/12/2015;ttwnov15_CAOWMD1416_def_exb2b15_wijzws_151215_def.pdf;301 - WELZIJN MAATSCHAPPELIJKE DIENSTVERLENING SOCIAAL WERK - 01-01-2014 - 31-03-2016 - Regulier - kvo datum - 16-12-2015 - TTW;https://www.uitvoeringarbeidsvoorwaardenwetgeving.nl/mozard/!suite92.scherm1007?mObj=7458&mSelod=704700
301;301004;01/01/2014;31/03/2016;23/06/2015;CAOWMD20142016_ttw220615_definitiefgewijzigd.pdf;301 - WELZIJN MAATSCHAPPELIJKE DIENSTVERLENING SOCIAAL WERK - 01-01-2014 - 31-03-2016 - Regulier - kvo datum - 23-06-2015 - TTW;https://www.uitvoeringarbeidsvoorwaardenwetgeving.nl/mozard/!suite92.scherm1007?mObj=7456&mSelod=704700
301;301005;01/01/2014;31/03/2016;26/11/2015;welzijn_en_maatschappelijke__tekst.pdf;301 - WELZIJN MAATSCHAPPELIJKE DIENSTVERLENING SOCIAAL WERK - 01-01-2014 - 31-03-2016 - Regulier - kvo datum - 26-11-2015 - TTW;https://www.uitvoeringarbeidsvoorwaardenwetgeving.nl/mozard/!suite92.scherm1007?mObj=7457&mSelod=704700
301;301006;01/04/2016;31/03/2017;23/07/2016;welzijn_maatschappelijk_dienstverlenning.pdf;301 - WELZIJN MAATSCHAPPELIJKE DIENSTVERLENING SOCIAAL WERK - 01-04-2016 - 31-03-2017 - Regulier - kvo datum - 23-07-2016;https://www.uitvoeringarbeidsvoorwaardenwetgeving.nl/mozard/!suite92.scherm1007?mObj=7459&mSelod=704700
301;301007;01/04/2017;30/06/2019;08/11/2017;caosociaalwerk20172019_def191017_inclfuboek.pdf;301 - WELZIJN MAATSCHAPPELIJKE DIENSTVERLENING SOCIAAL WERK - 01-04-2017 - 30-06-2019 - Regulier - kvo datum - 08-11-2017;https://www.uitvoeringarbeidsvoorwaardenwetgeving.nl/mozard/!suite92.scherm1007?mObj=7460&mSelod=704700
301;301008;01/04/2017;30/06/2019;19/02/2018;CAOSOCIAALWERK1719_070218__ttw_corr_avv_def.pdf;301 - WELZIJN MAATSCHAPPELIJKE DIENSTVERLENING SOCIAAL WERK - 01-04-2017 - 30-06-2019 - Regulier - kvo datum - 19-02-2018 - TTW;https://www.uitvoeringarbeidsvoorwaardenwetgeving.nl/mozard/!suite92.scherm1007?mObj=7461&mSelod=704700
301;301009;01/05/2008;31/12/2011;11/03/2011;CAO W&MD 2008-2012 compleet 10_3.pdf;301 - WELZIJN MAATSCHAPPELIJKE DIENSTVERLENING SOCIAAL WERK - 01-05-2008 - 31-12-2011 - Regulier - kvo datum - 11-03-2011;https://www.uitvoeringarbeidsvoorwaardenwetgeving.nl/mozard/!suite92.scherm1007?mObj=7447&mSelod=704700
301;301010;01/05/2008;31/12/2011;27/05/2011;CAO_W_MD_2008_2012_AVV_zichtb_renv_17_05_2011.pdf;301 - WELZIJN MAATSCHAPPELIJKE DIENSTVERLENING SOCIAAL WERK - 01-05-2008 - 31-12-2011 - Regulier - kvo datum - 27-05-2011 - TTW;https://www.uitvoeringarbeidsvoorwaardenwetgeving.nl/mozard/!suite92.scherm1007?mObj=7448&mSelod=704700
301;301011;01/05/2008;31/12/2012;09/12/2011;CAOWMD20082011aanmelding2012.pdf;301 - WELZIJN MAATSCHAPPELIJKE DIENSTVERLENING SOCIAAL WERK - 01-05-2008 - 31-12-2012 - Regulier - kvo datum - 09-12-2011;https://www.uitvoeringarbeidsvoorwaardenwetgeving.nl/mozard/!suite92.scherm1007?mObj=7449&mSelod=704700
301;301012;01/05/2008;31/12/2012;19/06/2012;CAO_WMD_2008_2011_aanmeldversie.pdf;301 - WELZIJN MAATSCHAPPELIJKE DIENSTVERLENING SOCIAAL WERK - 01-05-2008 - 31-12-2012 - Regulier - kvo datum - 19-06-2012 - TTW;https://www.uitvoeringarbeidsvoorwaardenwetgeving.nl/mozard/!suite92.scherm1007?mObj=7453&mSelod=704700
301;301013;01/05/2008;31/12/2012;22/12/2011;CAOWMD_aanmelding_VERLENGING_2012_ttw_ivm_avv.pdf;301 - WELZIJN MAATSCHAPPELIJKE DIENSTVERLENING SOCIAAL WERK - 01-05-2008 - 31-12-2012 - Regulier - kvo datum - 22-12-2011 - TTW;https://www.uitvoeringarbeidsvoorwaardenwetgeving.nl/mozard/!suite92.scherm1007?mObj=7450&mSelod=704700
301;301014;01/05/2008;31/12/2012;23/12/2011;CAOWMD_VERLENGING_2012_ttw_ivm_avv.pdf;301 - WELZIJN MAATSCHAPPELIJKE DIENSTVERLENING SOCIAAL WERK - 01-05-2008 - 31-12-2012 - Regulier - kvo datum - 23-12-2011 - TTW;https://www.uitvoeringarbeidsvoorwaardenwetgeving.nl/mozard/!suite92.scherm1007?mObj=7451&mSelod=704700
301;301015;01/05/2008;31/12/2012;26/03/2012;CAOWMD_2012_TTW_ivm_AOW_datum.pdf;301 - WELZIJN MAATSCHAPPELIJKE DIENSTVERLENING SOCIAAL WERK - 01-05-2008 - 31-12-2012 - Regulier - kvo datum - 26-03-2012 - TTW;https://www.uitvoeringarbeidsvoorwaardenwetgeving.nl/mozard/!suite92.scherm1007?mObj=7452&mSelod=704700
301;301016;01/07/2019;30/06/2021;03/08/2020;CAOSOCIAALWERK1921gewijzigdivmpsz_290720_def.pdf;301 - WELZIJN MAATSCHAPPELIJKE DIENSTVERLENING SOCIAAL WERK - 01-07-2019 - 30-06-2021 - Regulier - kvo datum - 03-08-2020 - TTW;https://www.uitvoeringarbeidsvoorwaardenwetgeving.nl/mozard/!suite92.scherm1007?mObj=18708&mSelod=704700
301;301017;01/07/2019;30/06/2021;08/01/2020;CAOSOCIAALWERK1921definitief_030120.pdf;301 - WELZIJN MAATSCHAPPELIJKE DIENSTVERLENING SOCIAAL WERK - 01-07-2019 - 30-06-2021 - Regulier - kvo datum - 08-01-2020;https://www.uitvoeringarbeidsvoorwaardenwetgeving.nl/mozard/!suite92.scherm1007?mObj=15574&mSelod=704700
301;301018;01/07/2021;30/06/2023;04/05/2022;Cao Sociaal Werk 2021 2023_280422definitief.pdf;301 - WELZIJN MAATSCHAPPELIJKE DIENSTVERLENING SOCIAAL WERK - 01-07-2021 - 30-06-2023 - Regulier - kvo datum - 04-05-2022;https://www.uitvoeringarbeidsvoorwaardenwetgeving.nl/mozard/!suite92.scherm1007?mObj=29628&mSelod=704700
301;301019;01/07/2021;30/06/2023;28/11/2022;Cao Sociaal Werk 2021-2023_definitief231122.pdf;301 - WELZIJN MAATSCHAPPELIJKE DIENSTVERLENING SOCIAAL WERK - 01-07-2021 - 30-06-2023 - Regulier - kvo datum - 28-11-2022 - TTW;https://www.uitvoeringarbeidsvoorwaardenwetgeving.nl/mozard/!suite92.scherm1007?mObj=31877&mSelod=704700
301;301020;01/07/2023;31/12/2025;01/08/2023;Cao Sociaal Werk 2023-2025(definitief240723)def.pdf;301 - WELZIJN MAATSCHAPPELIJKE DIENSTVERLENING SOCIAAL WERK - 01-07-2023 - 31-12-2025 - Regulier - kvo datum - 01-08-2023;https://www.uitvoeringarbeidsvoorwaardenwetgeving.nl/mozard/!suite92.scherm1007?mObj=37956&mSelod=704700
301;301021;01/07/2023;31/12/2025;05/07/2024;Cao Sociaal Werk 2023-2025(definitief_tussentijdsgewijzigdper010724).pdf;301 - WELZIJN MAATSCHAPPELIJKE DIENSTVERLENING SOCIAAL WERK - 01-07-2023 - 31-12-2025 - Regulier - kvo datum - 05-07-2024;https://www.uitvoeringarbeidsvoorwaardenwetgeving.nl/mozard/!suite92.scherm1007?mObj=43228&mSelod=704700
301;301022;01/07/2023;31/12/2025;11/10/2023;Cao Sociaal Werk 2023-2025(gewijzigdper091023).pdf;301 - WELZIJN MAATSCHAPPELIJKE DIENSTVERLENING SOCIAAL WERK - 01-07-2023 - 31-12-2025 - Regulier - kvo datum - 11-10-2023;https://www.uitvoeringarbeidsvoorwaardenwetgeving.nl/mozard/!suite92.scherm1007?mObj=38971&mSelod=704700
301;301023;01/07/2023;31/12/2025;17/10/2023;Cao Sociaal Werk 2023-2025(gewijzigdper091023)def.pdf;301 - WELZIJN MAATSCHAPPELIJKE DIENSTVERLENING SOCIAAL WERK - 01-07-2023 - 31-12-2025 - Regulier - kvo datum - 17-10-2023;https://www.uitvoeringarbeidsvoorwaardenwetgeving.nl/mozard/!suite92.scherm1007?mObj=39059&mSelod=704700
301;301024;01/07/2023;31/12/2025;18/04/2024;Cao Sociaal Werk 2023-2025(metcorrectie150224).pdf;301 - WELZIJN MAATSCHAPPELIJKE DIENSTVERLENING SOCIAAL WERK - 01-07-2023 - 31-12-2025 - Regulier - kvo datum - 18-04-2024 - TTW;https://www.uitvoeringarbeidsvoorwaardenwetgeving.nl/mozard/!suite92.scherm1007?mObj=42472&mSelod=704700
301;301025;01/07/2023;31/12/2025;29/12/2024;Cao Sociaal Werk 2023-2025(ttw031224opttw010724)definitief.pdf;301 - WELZIJN MAATSCHAPPELIJKE DIENSTVERLENING SOCIAAL WERK - 01-07-2023 - 31-12-2025 - Regulier - kvo datum - 29-12-2024 - TTW;https://www.uitvoeringarbeidsvoorwaardenwetgeving.nl/mozard/!suite92.scherm1007?mObj=45864&mSelod=704700
301;301026;28/03/2019;30/06/2019;12/04/2019;CAOSOCIAALWERK1719_completetekst_def_030419schoon.docx .pdf;301 - WELZIJN MAATSCHAPPELIJKE DIENSTVERLENING SOCIAAL WERK - 28-03-2019 - 30-06-2019 - Regulier - kvo datum - 12-04-2019 - TTW;https://www.uitvoeringarbeidsvoorwaardenwetgeving.nl/mozard/!suite92.scherm1007?mObj=13900&mSelod=704700
1536;1536001;01/01/2011;31/12/2013;18/06/2013;CAO_2011_2014_def.pdf;1536 - NEDERLANDSE UNIVERSITEITEN - 01-01-2011 - 31-12-2013 - Regulier - kvo datum - 18-06-2013;https://www.uitvoeringarbeidsvoorwaardenwetgeving.nl/mozard/!suite92.scherm1007?mObj=9303&mSelod=704703
1536;1536002;01/01/2015;01/07/2016;02/07/2015;CAONU_1_januari_2015___1_juli_2016.pdf;1536 - NEDERLANDSE UNIVERSITEITEN - 01-01-2015 - 01-07-2016 - Regulier - kvo datum - 02-07-2015 - TTW;https://www.uitvoeringarbeidsvoorwaardenwetgeving.nl/mozard/!suite92.scherm1007?mObj=9305&mSelod=704703
1536;1536003;01/01/2015;01/07/2016;16/06/2015;CAONU_1_januari_2015___1_juli_2016_1.pdf;1536 - NEDERLANDSE UNIVERSITEITEN - 01-01-2015 - 01-07-2016 - Regulier - kvo datum - 16-06-2015;https://www.uitvoeringarbeidsvoorwaardenwetgeving.nl/mozard/!suite92.scherm1007?mObj=9304&mSelod=704703
1536;1536004;01/01/2020;31/12/2020;27/07/2020;Collectieve Arbeids Overeenkomst 1 januari - 31 december 2020 webversie CAO NU.p.pdf;1536 - NEDERLANDSE UNIVERSITEITEN - 01-01-2020 - 31-12-2020 - Regulier - kvo datum - 27-07-2020;https://www.uitvoeringarbeidsvoorwaardenwetgeving.nl/mozard/!suite92.scherm1007?mObj=18607&mSelod=704703
1536;1536005;01/01/2021;31/03/2022;24/12/2021;VSNU-CAO Nederlandse Universiteiten 2021-2022-NL definitieve versie 10-11-21.pdf;1536 - NEDERLANDSE UNIVERSITEITEN - 01-01-2021 - 31-03-2022 - Regulier - kvo datum - 24-12-2021;https://www.uitvoeringarbeidsvoorwaardenwetgeving.nl/mozard/!suite92.scherm1007?mObj=24936&mSelod=704703
1536;1536006;01/03/2010;31/12/2011;22/11/2011;Ned_Universiteiten_1536.pdf;1536 - NEDERLANDSE UNIVERSITEITEN - 01-03-2010 - 31-12-2011 - Regulier - kvo datum - 22-11-2011;https://www.uitvoeringarbeidsvoorwaardenwetgeving.nl/mozard/!suite92.scherm1007?mObj=9302&mSelod=704703
1536;1536007;01/04/2022;31/03/2023;13/09/2022;CAO NU 20222-2023 definitieve tekst schoon.pdf;1536 - NEDERLANDSE UNIVERSITEITEN - 01-04-2022 - 31-03-2023 - Regulier - kvo datum - 13-09-2022;https://www.uitvoeringarbeidsvoorwaardenwetgeving.nl/mozard/!suite92.scherm1007?mObj=31241&mSelod=704703
1536;1536008;01/04/2023;30/06/2024;13/11/2023;CAO NU 2023-2024 definitief.pdf;1536 - NEDERLANDSE UNIVERSITEITEN - 01-04-2023 - 30-06-2024 - Regulier - kvo datum - 13-11-2023;https://www.uitvoeringarbeidsvoorwaardenwetgeving.nl/mozard/!suite92.scherm1007?mObj=39571&mSelod=704703
1536;1536009;01/07/2017;31/12/2019;24/01/2019;Cao Nederlandse Universiteiten 1 juli 2017 - 31 december 2019.pdf .pdf;1536 - NEDERLANDSE UNIVERSITEITEN - 01-07-2017 - 31-12-2019 - Regulier - kvo datum - 24-01-2019;https://www.uitvoeringarbeidsvoorwaardenwetgeving.nl/mozard/!suite92.scherm1007?mObj=722&mSelod=704703
1536;1536010;01/07/2024;30/06/2025;04/12/2024;CAO NU 1 juli 2024 - 30 juni 2025 eerste webversie.pdf;1536 - NEDERLANDSE UNIVERSITEITEN - 01-07-2024 - 30-06-2025 - Regulier - kvo datum - 04-12-2024;https://www.uitvoeringarbeidsvoorwaardenwetgeving.nl/mozard/!suite92.scherm1007?mObj=45264&mSelod=704703
1536;1536011;02/07/2016;30/06/2017;19/08/2017;CAO_NU_2_juli_2016___30_juni_2017.pdf;1536 - NEDERLANDSE UNIVERSITEITEN - 02-07-2016 - 30-06-2017 - Regulier - kvo datum - 19-08-2017;https://www.uitvoeringarbeidsvoorwaardenwetgeving.nl/mozard/!suite92.scherm1007?mObj=9306&mSelod=704703
1536;1536012;31/12/2019;31/12/2020;18/12/2019;CAO Nederlandse Universiteiten 31 december 2019 tm 31 december 2020.pdf;1536 - NEDERLANDSE UNIVERSITEITEN - 31-12-2019 - 31-12-2020 - Regulier - kvo datum - 18-12-2019;https://www.uitvoeringarbeidsvoorwaardenwetgeving.nl/mozard/!suite92.scherm1007?mObj=15490&mSelod=704703
1536;1536013;31/12/2019;31/12/2020;24/02/2020;16066-12 VSNU-CAO Nederlandse Universiteiten 2020.pdf;1536 - NEDERLANDSE UNIVERSITEITEN - 31-12-2019 - 31-12-2020 - Regulier - kvo datum - 24-02-2020 - TTW;https://www.uitvoeringarbeidsvoorwaardenwetgeving.nl/mozard/!suite92.scherm1007?mObj=15833&mSelod=704703
1022;1022001;01/05/2022;31/05/2023;23/02/2023;CAO MBO 2022-2023 in Word - addendum schone versie 22022023.pdf;1022 - BEROEPSONDERWIJS EN VOLWASSENENEDUCATIE, MBO - 01-05-2022 - 31-05-2023 - Regulier - kvo datum - 23-02-2023 - TTW;https://www.uitvoeringarbeidsvoorwaardenwetgeving.nl/mozard/!suite92.scherm1007?mObj=35622&mSelod=704705
1022;1022002;01/05/2022;31/05/2023;30/06/2022;CAO MBO 2022-2023.pdf;1022 - BEROEPSONDERWIJS EN VOLWASSENENEDUCATIE, MBO - 01-05-2022 - 31-05-2023 - Regulier - kvo datum - 30-06-2022;https://www.uitvoeringarbeidsvoorwaardenwetgeving.nl/mozard/!suite92.scherm1007?mObj=30405&mSelod=704705
1022;1022003;01/06/2023;31/05/2024;06/10/2023;CAO MBO 2023-2024.pdf;1022 - BEROEPSONDERWIJS EN VOLWASSENENEDUCATIE, MBO - 01-06-2023 - 31-05-2024 - Regulier - kvo datum - 06-10-2023;https://www.uitvoeringarbeidsvoorwaardenwetgeving.nl/mozard/!suite92.scherm1007?mObj=38921&mSelod=704705
1022;1022004;01/06/2024;31/12/2024;23/09/2024;CAO MBO 2024.pdf;1022 - BEROEPSONDERWIJS EN VOLWASSENENEDUCATIE, MBO - 01-06-2024 - 31-12-2024 - Regulier - kvo datum - 23-09-2024;https://www.uitvoeringarbeidsvoorwaardenwetgeving.nl/mozard/!suite92.scherm1007?mObj=43702&mSelod=704705
1022;1022005;01/07/2016;30/09/2017;01/05/2018;CAO_MBO_2016_2017____Nieuwe_versie_25042018.pdf;1022 - BEROEPSONDERWIJS EN VOLWASSENENEDUCATIE, MBO - 01-07-2016 - 30-09-2017 - Regulier - kvo datum - 01-05-2018 - TTW;https://www.uitvoeringarbeidsvoorwaardenwetgeving.nl/mozard/!suite92.scherm1007?mObj=8543&mSelod=704705
1022;1022006;01/07/2016;30/09/2017;03/05/2017;CAO_MBO_2016_2017___Nieuwe_versie.pdf;1022 - BEROEPSONDERWIJS EN VOLWASSENENEDUCATIE, MBO - 01-07-2016 - 30-09-2017 - Regulier - kvo datum - 03-05-2017 - TTW;https://www.uitvoeringarbeidsvoorwaardenwetgeving.nl/mozard/!suite92.scherm1007?mObj=8542&mSelod=704705
1022;1022007;01/07/2016;30/09/2017;19/07/2016;CAO_MBO_2016_2017_definitief.pdf;1022 - BEROEPSONDERWIJS EN VOLWASSENENEDUCATIE, MBO - 01-07-2016 - 30-09-2017 - Regulier - kvo datum - 19-07-2016;https://www.uitvoeringarbeidsvoorwaardenwetgeving.nl/mozard/!suite92.scherm1007?mObj=8541&mSelod=704705
1022;1022008;01/07/2020;14/05/2021;30/06/2020;CAO MBO 2020-2021 - wijzigingen geaccepteerd 29062020 def.pdf;1022 - BEROEPSONDERWIJS EN VOLWASSENENEDUCATIE, MBO - 01-07-2020 - 14-05-2021 - Regulier - kvo datum - 30-06-2020;https://www.uitvoeringarbeidsvoorwaardenwetgeving.nl/mozard/!suite92.scherm1007?mObj=16774&mSelod=704705
1022;1022009;01/08/2014;30/06/2015;07/04/2015;CAO_MBO_2014_2015_in_Word___nieuwe_versie.pdf;1022 - BEROEPSONDERWIJS EN VOLWASSENENEDUCATIE, MBO - 01-08-2014 - 30-06-2015 - Regulier - kvo datum - 07-04-2015 - TTW;https://www.uitvoeringarbeidsvoorwaardenwetgeving.nl/mozard/!suite92.scherm1007?mObj=8540&mSelod=704705
1022;1022010;01/08/2014;30/06/2015;09/09/2014;cao_mbo_2014_singlepage_def.pdf;1022 - BEROEPSONDERWIJS EN VOLWASSENENEDUCATIE, MBO - 01-08-2014 - 30-06-2015 - Regulier - kvo datum - 09-09-2014;https://www.uitvoeringarbeidsvoorwaardenwetgeving.nl/mozard/!suite92.scherm1007?mObj=8539&mSelod=704705
1022;1022011;01/10/2018;30/06/2020;07/11/2018;CAO_MBO_2018_2020_in_Word.pdf;1022 - BEROEPSONDERWIJS EN VOLWASSENENEDUCATIE, MBO - 01-10-2018 - 30-06-2020 - Regulier - kvo datum - 07-11-2018;https://www.uitvoeringarbeidsvoorwaardenwetgeving.nl/mozard/!suite92.scherm1007?mObj=8544&mSelod=704705
1022;1022012;01/10/2018;30/06/2020;14/01/2020;CAO MBO 2018-2020 - wijzigingen geaccepteerd 712020.pdf;1022 - BEROEPSONDERWIJS EN VOLWASSENENEDUCATIE, MBO - 01-10-2018 - 30-06-2020 - Regulier - kvo datum - 14-01-2020 - TTW;https://www.uitvoeringarbeidsvoorwaardenwetgeving.nl/mozard/!suite92.scherm1007?mObj=15608&mSelod=704705
1022;1022013;01/11/2010;31/03/2011;18/03/2011;Beroepsonderwijs_en_Volwasseneneducatie_BVE_1022.pdf;1022 - BEROEPSONDERWIJS EN VOLWASSENENEDUCATIE, MBO - 01-11-2010 - 31-03-2011 - Regulier - kvo datum - 18-03-2011;https://www.uitvoeringarbeidsvoorwaardenwetgeving.nl/mozard/!suite92.scherm1007?mObj=8538&mSelod=704705
1022;1022014;01/12/2021;01/05/2022;23/12/2021;CAO MBO 2021-2022 - wijzigingen doorgevoerd 17122021.pdf;1022 - BEROEPSONDERWIJS EN VOLWASSENENEDUCATIE, MBO - 01-12-2021 - 01-05-2022 - Regulier - kvo datum - 23-12-2021;https://www.uitvoeringarbeidsvoorwaardenwetgeving.nl/mozard/!suite92.scherm1007?mObj=24881&mSelod=704705
1022;1022015;15/05/2021;30/11/2021;16/07/2021;CAO MBO 2021 - wijzigingen geaccepteerd 09072021.pdf;1022 - BEROEPSONDERWIJS EN VOLWASSENENEDUCATIE, MBO - 15-05-2021 - 30-11-2021 - Regulier - kvo datum - 16-07-2021;https://www.uitvoeringarbeidsvoorwaardenwetgeving.nl/mozard/!suite92.scherm1007?mObj=23025&mSelod=704705
1496;1496001;01/03/2012;28/02/2017;04/07/2012;BAKKERSBEDRIJF_cao.pdf;1496 - BAKKERSBEDRIJF - 01-03-2012 - 28-02-2017 - Regulier - kvo datum - 04-07-2012;https://www.uitvoeringarbeidsvoorwaardenwetgeving.nl/mozard/!suite92.scherm1007?mObj=8972&mSelod=704707
1496;1496002;01/03/2012;28/02/2017;26/06/2012;01_CAO_BAKKERSBEDRIJF_1_MAART_2012___definitief.pdf;1496 - BAKKERSBEDRIJF - 01-03-2012 - 28-02-2017 - Regulier - kvo datum - 26-06-2012;https://www.uitvoeringarbeidsvoorwaardenwetgeving.nl/mozard/!suite92.scherm1007?mObj=8970&mSelod=704707
1496;1496003;01/03/2012;28/02/2017;28/06/2012;01_CAO_BAKKERSBEDRIJF_1_MAART_2012.pdf;1496 - BAKKERSBEDRIJF - 01-03-2012 - 28-02-2017 - Regulier - kvo datum - 28-06-2012 - TTW;https://www.uitvoeringarbeidsvoorwaardenwetgeving.nl/mozard/!suite92.scherm1007?mObj=8971&mSelod=704707
1496;1496004;01/04/2014;31/03/2019;03/06/2014;01_CAO_BAKKERSBEDRIJF_1_APRIL_2014.pdf;1496 - BAKKERSBEDRIJF - 01-04-2014 - 31-03-2019 - Regulier - kvo datum - 03-06-2014;https://www.uitvoeringarbeidsvoorwaardenwetgeving.nl/mozard/!suite92.scherm1007?mObj=8973&mSelod=704707
1496;1496005;01/04/2014;31/03/2019;27/06/2014;01_CAO_BAKKERSBEDRIJF_1_APRIL_2014_1.pdf;1496 - BAKKERSBEDRIJF - 01-04-2014 - 31-03-2019 - Regulier - kvo datum - 27-06-2014 - TTW;https://www.uitvoeringarbeidsvoorwaardenwetgeving.nl/mozard/!suite92.scherm1007?mObj=8974&mSelod=704707
1496;1496006;01/04/2015;31/03/2020;04/01/2016;01_CAO_BAKKERSBEDRIJF_1_APRIL_2015.pdf;1496 - BAKKERSBEDRIJF - 01-04-2015 - 31-03-2020 - Regulier - kvo datum - 04-01-2016;https://www.uitvoeringarbeidsvoorwaardenwetgeving.nl/mozard/!suite92.scherm1007?mObj=8975&mSelod=704707
1496;1496007;01/04/2015;31/03/2020;11/02/2016;01_CAO_BAKKERSBEDRIJF_1_APRIL_2015_1.pdf;1496 - BAKKERSBEDRIJF - 01-04-2015 - 31-03-2020 - Regulier - kvo datum - 11-02-2016 - TTW;https://www.uitvoeringarbeidsvoorwaardenwetgeving.nl/mozard/!suite92.scherm1007?mObj=8976&mSelod=704707
1496;1496008;01/04/2019;31/07/2020;19/06/2019;cao tekst .pdf;1496 - BAKKERSBEDRIJF - 01-04-2019 - 31-07-2020 - Regulier - kvo datum - 19-06-2019;https://www.uitvoeringarbeidsvoorwaardenwetgeving.nl/mozard/!suite92.scherm1007?mObj=14272&mSelod=704707
1496;1496009;01/04/2019;31/07/2020;26/06/2019;01 CAO BAKKERSBEDRIJF 1 APRIL 2019.docx .pdf;1496 - BAKKERSBEDRIJF - 01-04-2019 - 31-07-2020 - Regulier - kvo datum - 26-06-2019 - TTW;https://www.uitvoeringarbeidsvoorwaardenwetgeving.nl/mozard/!suite92.scherm1007?mObj=14404&mSelod=704707
1496;1496010;01/06/2013;31/12/2025;01/08/2024;cao Bakkersbedrijf, definitief versie 26072024.pdf;1496 - BAKKERSBEDRIJF - 01-06-2013 - 31-12-2025 - Regulier - kvo datum - 01-08-2024 - TTW;https://www.uitvoeringarbeidsvoorwaardenwetgeving.nl/mozard/!suite92.scherm1007?mObj=43433&mSelod=704707
1496;1496011;01/06/2021;31/12/2025;08/07/2022;Cao Bakkersbedrijf 1 juni 2021 - 1 juni 2023 definitief 08072022.pdf;1496 - BAKKERSBEDRIJF - 01-06-2021 - 31-12-2025 - Regulier - kvo datum - 08-07-2022;https://www.uitvoeringarbeidsvoorwaardenwetgeving.nl/mozard/!suite92.scherm1007?mObj=30467&mSelod=704707
1496;1496012;01/06/2023;31/12/2025;12/06/2024;cao Bakkersbedrijf, definitief versie 03062024 (5).docx.pdf;1496 - BAKKERSBEDRIJF - 01-06-2023 - 31-12-2025 - Regulier - kvo datum - 12-06-2024;https://www.uitvoeringarbeidsvoorwaardenwetgeving.nl/mozard/!suite92.scherm1007?mObj=42933&mSelod=704707
1496;1496013;01/08/2009;31/07/2011;02/03/2010;CAO tekst.pdf;1496 - BAKKERSBEDRIJF - 01-08-2009 - 31-07-2011 - Regulier - kvo datum - 02-03-2010;https://www.uitvoeringarbeidsvoorwaardenwetgeving.nl/mozard/!suite92.scherm1007?mObj=8965&mSelod=704707
1496;1496014;01/08/2011;29/02/2012;01/11/2011;01_CAO_BAKKERSBEDRIJF_1_AUGUSTUS_2011.pdf;1496 - BAKKERSBEDRIJF - 01-08-2011 - 29-02-2012 - Regulier - kvo datum - 01-11-2011;https://www.uitvoeringarbeidsvoorwaardenwetgeving.nl/mozard/!suite92.scherm1007?mObj=8966&mSelod=704707
1496;1496015;01/08/2011;29/02/2012;15/11/2011;01_CAO_BAKKERSBEDRIJF_1_AUGUSTUS_2011_1.pdf;1496 - BAKKERSBEDRIJF - 01-08-2011 - 29-02-2012 - Regulier - kvo datum - 15-11-2011 - TTW;https://www.uitvoeringarbeidsvoorwaardenwetgeving.nl/mozard/!suite92.scherm1007?mObj=8967&mSelod=704707
1496;1496016;01/08/2011;29/02/2012;16/11/2011;BAKKERSBEDRIJF_1_AUGUSTUS_2011_incl_bijlagen.pdf;1496 - BAKKERSBEDRIJF - 01-08-2011 - 29-02-2012 - Regulier - kvo datum - 16-11-2011 - TTW;https://www.uitvoeringarbeidsvoorwaardenwetgeving.nl/mozard/!suite92.scherm1007?mObj=8968&mSelod=704707
1496;1496017;01/08/2011;31/07/2016;22/12/2011;BAKKERSBEDRIJF_cao_tekst_en_bijlagen.pdf;1496 - BAKKERSBEDRIJF - 01-08-2011 - 31-07-2016 - Regulier - kvo datum - 22-12-2011;https://www.uitvoeringarbeidsvoorwaardenwetgeving.nl/mozard/!suite92.scherm1007?mObj=8969&mSelod=704707
1496;1496018;01/08/2020;31/07/2025;08/02/2021;CAO BAKKERSBEDRIJF 1 AUGUSTUS 2020 incl Bijlagen.docx.pdf;1496 - BAKKERSBEDRIJF - 01-08-2020 - 31-07-2025 - Regulier - kvo datum - 08-02-2021;https://www.uitvoeringarbeidsvoorwaardenwetgeving.nl/mozard/!suite92.scherm1007?mObj=21797&mSelod=704707
1496;1496019;01/08/2020;31/07/2025;18/03/2021;CAO BAKKERSBEDRIJF 1 AUGUSTUS 2020 incl Bijlagen.pdf;1496 - BAKKERSBEDRIJF - 01-08-2020 - 31-07-2025 - Regulier - kvo datum - 18-03-2021 - TTW;https://www.uitvoeringarbeidsvoorwaardenwetgeving.nl/mozard/!suite92.scherm1007?mObj=22338&mSelod=704707
1496;1496020;01/08/2020;31/07/2025;21/08/2024;cao Bakkersbedrijf definitief versie 15082024.pdf;1496 - BAKKERSBEDRIJF - 01-08-2020 - 31-07-2025 - Regulier - kvo datum - 21-08-2024;https://www.uitvoeringarbeidsvoorwaardenwetgeving.nl/mozard/!suite92.scherm1007?mObj=43563&mSelod=704707
1496;1496021;01/08/2020;31/07/2025;25/03/2021;CAO BAKKERSBEDRIJF 1 AUGUSTUS 2020 incl Bijlagen_1.pdf;1496 - BAKKERSBEDRIJF - 01-08-2020 - 31-07-2025 - Regulier - kvo datum - 25-03-2021 - TTW;https://www.uitvoeringarbeidsvoorwaardenwetgeving.nl/mozard/!suite92.scherm1007?mObj=22438&mSelod=704707
1496;1496022;01/08/2020;31/12/2025;15/09/2022;Cao Bakkersbedrijf 1 juni 2021 - 1 juni 2023 definitief 12082022.pdf;1496 - BAKKERSBEDRIJF - 01-08-2020 - 31-12-2025 - Regulier - kvo datum - 15-09-2022;https://www.uitvoeringarbeidsvoorwaardenwetgeving.nl/mozard/!suite92.scherm1007?mObj=31247&mSelod=704707
1496;1496023;01/08/2020;31/12/2025;25/07/2022;Cao Bakkersbedrijf 1 juni 2021 - 1 juni 2023 definitief 25072022.pdf;1496 - BAKKERSBEDRIJF - 01-08-2020 - 31-12-2025 - Regulier - kvo datum - 25-07-2022;https://www.uitvoeringarbeidsvoorwaardenwetgeving.nl/mozard/!suite92.scherm1007?mObj=30677&mSelod=704707
1496;1496024;01/10/2016;30/09/2021;11/01/2018;01_CAO_BAKKERSBEDRIJF_1_OKTOBER_2016.pdf;1496 - BAKKERSBEDRIJF - 01-10-2016 - 30-09-2021 - Regulier - kvo datum - 11-01-2018 - TTW;https://www.uitvoeringarbeidsvoorwaardenwetgeving.nl/mozard/!suite92.scherm1007?mObj=8978&mSelod=704707
1496;1496025;01/10/2016;30/09/2021;21/11/2017;01_CAO_BAKKERSBEDRIJF_1_OKTOBER_2016___def_.pdf;1496 - BAKKERSBEDRIJF - 01-10-2016 - 30-09-2021 - Regulier - kvo datum - 21-11-2017;https://www.uitvoeringarbeidsvoorwaardenwetgeving.nl/mozard/!suite92.scherm1007?mObj=8977&mSelod=704707
1496;1496026;01/10/2016;30/09/2021;31/07/2018;01_CAO_BAKKERSBEDRIJF_1_OKTOBER_2016_1.pdf;1496 - BAKKERSBEDRIJF - 01-10-2016 - 30-09-2021 - Regulier - kvo datum - 31-07-2018 - TTW;https://www.uitvoeringarbeidsvoorwaardenwetgeving.nl/mozard/!suite92.scherm1007?mObj=8979&mSelod=704707
1496;1496027;01/10/2016;31/05/2021;07/09/2018;01_CAO_BAKKERSBEDRIJF_1_OKTOBER_2016_2.pdf;1496 - BAKKERSBEDRIJF - 01-10-2016 - 31-05-2021 - Regulier - kvo datum - 07-09-2018 - TTW;https://www.uitvoeringarbeidsvoorwaardenwetgeving.nl/mozard/!suite92.scherm1007?mObj=8980&mSelod=704707
625;625001;01/01/2021;31/03/2022;10/12/2021;CAO_2021-2022_DEF.pdf;625 - HOGER BEROEPSONDERWIJS - 01-01-2021 - 31-03-2022 - Regulier - kvo datum - 10-12-2021;https://www.uitvoeringarbeidsvoorwaardenwetgeving.nl/mozard/!suite92.scherm1007?mObj=24538&mSelod=704714
625;625002;01/02/2012;30/09/2013;06/03/2013;caohbo_2012_2013_definitief.pdf;625 - HOGER BEROEPSONDERWIJS - 01-02-2012 - 30-09-2013 - Regulier - kvo datum - 06-03-2013;https://www.uitvoeringarbeidsvoorwaardenwetgeving.nl/mozard/!suite92.scherm1007?mObj=8458&mSelod=704714
625;625003;01/04/2016;31/03/2017;27/05/2016;cao20162017_definitief.pdf;625 - HOGER BEROEPSONDERWIJS - 01-04-2016 - 31-03-2017 - Regulier - kvo datum - 27-05-2016;https://www.uitvoeringarbeidsvoorwaardenwetgeving.nl/mozard/!suite92.scherm1007?mObj=8461&mSelod=704714
625;625004;01/04/2017;31/03/2018;25/10/2017;CAO_DEF_2017_2018___.pdf;625 - HOGER BEROEPSONDERWIJS - 01-04-2017 - 31-03-2018 - Regulier - kvo datum - 25-10-2017;https://www.uitvoeringarbeidsvoorwaardenwetgeving.nl/mozard/!suite92.scherm1007?mObj=8462&mSelod=704714
625;625005;01/04/2018;01/04/2020;19/07/2018;085_021_CAO_2018_2020_PAGINA_S.pdf;625 - HOGER BEROEPSONDERWIJS - 01-04-2018 - 01-04-2020 - Regulier - kvo datum - 19-07-2018;https://www.uitvoeringarbeidsvoorwaardenwetgeving.nl/mozard/!suite92.scherm1007?mObj=8463&mSelod=704714
625;625006;01/04/2020;31/12/2020;10/12/2021;085_021_CAO_2020_DEFDEF.pdf;625 - HOGER BEROEPSONDERWIJS - 01-04-2020 - 31-12-2020 - Regulier - kvo datum - 10-12-2021;https://www.uitvoeringarbeidsvoorwaardenwetgeving.nl/mozard/!suite92.scherm1007?mObj=24537&mSelod=704714
625;625007;01/04/2022;31/03/2023;01/07/2022;085_021_CAO_2022_2023DEF.pdf;625 - HOGER BEROEPSONDERWIJS - 01-04-2022 - 31-03-2023 - Regulier - kvo datum - 01-07-2022;https://www.uitvoeringarbeidsvoorwaardenwetgeving.nl/mozard/!suite92.scherm1007?mObj=30415&mSelod=704714
625;625008;01/04/2023;30/06/2024;31/10/2023;CAOHBO_2023_2024.pdf;625 - HOGER BEROEPSONDERWIJS - 01-04-2023 - 30-06-2024 - Regulier - kvo datum - 31-10-2023;https://www.uitvoeringarbeidsvoorwaardenwetgeving.nl/mozard/!suite92.scherm1007?mObj=39271&mSelod=704714
625;625009;01/07/2024;31/12/2025;19/08/2024;CAO_2024_2025def.pdf;625 - HOGER BEROEPSONDERWIJS - 01-07-2024 - 31-12-2025 - Regulier - kvo datum - 19-08-2024;https://www.uitvoeringarbeidsvoorwaardenwetgeving.nl/mozard/!suite92.scherm1007?mObj=43555&mSelod=704714
625;625010;01/10/2014;31/03/2016;16/07/2015;cao_hbo_2014_2016.pdf;625 - HOGER BEROEPSONDERWIJS - 01-10-2014 - 31-03-2016 - Regulier - kvo datum - 16-07-2015 - TTW;https://www.uitvoeringarbeidsvoorwaardenwetgeving.nl/mozard/!suite92.scherm1007?mObj=8460&mSelod=704714
625;625011;01/10/2014;31/03/2016;28/01/2015;cao_hbo_2014_2016_1.pdf;625 - HOGER BEROEPSONDERWIJS - 01-10-2014 - 31-03-2016 - Regulier - kvo datum - 28-01-2015;https://www.uitvoeringarbeidsvoorwaardenwetgeving.nl/mozard/!suite92.scherm1007?mObj=8459&mSelod=704714
496;496001;01/01/2012;30/06/2012;08/03/2012;cao_2012_definitief.pdf;496 - BEVEILIGING, PARTICULIERE - 01-01-2012 - 30-06-2012 - Regulier - kvo datum - 08-03-2012;https://www.uitvoeringarbeidsvoorwaardenwetgeving.nl/mozard/!suite92.scherm1007?mObj=7835&mSelod=704716
496;496002;01/01/2017;30/09/2017;21/02/2017;definitief.pdf;496 - BEVEILIGING, PARTICULIERE - 01-01-2017 - 30-09-2017 - Regulier - kvo datum - 21-02-2017;https://www.uitvoeringarbeidsvoorwaardenwetgeving.nl/mozard/!suite92.scherm1007?mObj=7602&mSelod=704716
496;496003;01/01/2017;30/09/2017;27/09/2017;cao_definitief__september_2017.pdf;496 - BEVEILIGING, PARTICULIERE - 01-01-2017 - 30-09-2017 - Regulier - kvo datum - 27-09-2017 - TTW;https://www.uitvoeringarbeidsvoorwaardenwetgeving.nl/mozard/!suite92.scherm1007?mObj=7603&mSelod=704716
496;496004;01/07/2011;31/12/2011;16/08/2011;cao_2011_definitief.pdf;496 - BEVEILIGING, PARTICULIERE - 01-07-2011 - 31-12-2011 - Regulier - kvo datum - 16-08-2011;https://www.uitvoeringarbeidsvoorwaardenwetgeving.nl/mozard/!suite92.scherm1007?mObj=7834&mSelod=704716
496;496005;01/07/2012;30/09/2013;02/05/2013;cao_definitief_versie_2.pdf;496 - BEVEILIGING, PARTICULIERE - 01-07-2012 - 30-09-2013 - Regulier - kvo datum - 02-05-2013 - TTW;https://www.uitvoeringarbeidsvoorwaardenwetgeving.nl/mozard/!suite92.scherm1007?mObj=7838&mSelod=704716
496;496006;01/07/2012;30/09/2013;17/04/2013;cao_1_juli_2012___30_september_2013_definitief.pdf;496 - BEVEILIGING, PARTICULIERE - 01-07-2012 - 30-09-2013 - Regulier - kvo datum - 17-04-2013 - TTW;https://www.uitvoeringarbeidsvoorwaardenwetgeving.nl/mozard/!suite92.scherm1007?mObj=7837&mSelod=704716
496;496007;01/07/2012;30/09/2013;19/03/2013;cao_1_juli_2012___30_september_2013_definitief_1.pdf;496 - BEVEILIGING, PARTICULIERE - 01-07-2012 - 30-09-2013 - Regulier - kvo datum - 19-03-2013;https://www.uitvoeringarbeidsvoorwaardenwetgeving.nl/mozard/!suite92.scherm1007?mObj=7836&mSelod=704716
496;496008;01/07/2018;30/06/2023;;cao 1 juli 2018 - 30 juni 2023 definitief.docx .pdf;496 - BEVEILIGING, PARTICULIERE - 01-07-2018 - 30-06-2023 - Regulier - kvo datum;https://www.uitvoeringarbeidsvoorwaardenwetgeving.nl/mozard/!suite92.scherm1007?mObj=496&mSelod=704716
496;496009;01/07/2018;30/06/2023;01/04/2021;Cao Particuliere beveiliging Versie 3- april 2021.pdf;496 - BEVEILIGING, PARTICULIERE - 01-07-2018 - 30-06-2023 - Regulier - kvo datum - 01-04-2021 - TTW;https://www.uitvoeringarbeidsvoorwaardenwetgeving.nl/mozard/!suite92.scherm1007?mObj=22536&mSelod=704716
496;496010;01/07/2018;30/06/2023;06/05/2020;cao 1 juli 2018 - 30 juni 2023 definitief april 2020.docx.pdf;496 - BEVEILIGING, PARTICULIERE - 01-07-2018 - 30-06-2023 - Regulier - kvo datum - 06-05-2020 - TTW;https://www.uitvoeringarbeidsvoorwaardenwetgeving.nl/mozard/!suite92.scherm1007?mObj=16372&mSelod=704716
496;496011;01/07/2018;30/06/2023;07/05/2021;Cao Particuliere beveiliging Versie 4- mei 2021.pdf;496 - BEVEILIGING, PARTICULIERE - 01-07-2018 - 30-06-2023 - Regulier - kvo datum - 07-05-2021 - TTW;https://www.uitvoeringarbeidsvoorwaardenwetgeving.nl/mozard/!suite92.scherm1007?mObj=22687&mSelod=704716
496;496012;01/07/2018;30/06/2023;08/10/2020;cao 1 juli 2018 - 30 juni 2023 definitief versie 2 met wijzigingen voor aanmeldi.pdf;496 - BEVEILIGING, PARTICULIERE - 01-07-2018 - 30-06-2023 - Regulier - kvo datum - 08-10-2020 - TTW;https://www.uitvoeringarbeidsvoorwaardenwetgeving.nl/mozard/!suite92.scherm1007?mObj=19631&mSelod=704716
496;496013;01/07/2018;30/06/2023;11/05/2022;Cao Particuliere beveiliging Versie 6 - mei 2022 met zichtbare wijzigingen.pdf;496 - BEVEILIGING, PARTICULIERE - 01-07-2018 - 30-06-2023 - Regulier - kvo datum - 11-05-2022;https://www.uitvoeringarbeidsvoorwaardenwetgeving.nl/mozard/!suite92.scherm1007?mObj=29704&mSelod=704716
496;496014;01/07/2018;30/06/2023;13/12/2018;cao 1 juli 2018 - 30 juni 2023 definitief.docx _1.pdf;496 - BEVEILIGING, PARTICULIERE - 01-07-2018 - 30-06-2023 - Regulier - kvo datum - 13-12-2018;https://www.uitvoeringarbeidsvoorwaardenwetgeving.nl/mozard/!suite92.scherm1007?mObj=498&mSelod=704716
496;496015;01/07/2018;30/06/2023;14/12/2021;Cao Particuliere beveiliging Versie 5- januari 2022.pdf;496 - BEVEILIGING, PARTICULIERE - 01-07-2018 - 30-06-2023 - Regulier - kvo datum - 14-12-2021;https://www.uitvoeringarbeidsvoorwaardenwetgeving.nl/mozard/!suite92.scherm1007?mObj=24588&mSelod=704716
496;496016;01/07/2018;30/06/2023;26/06/2023;Cao Particuliere Beveiliging versie 7 juni 2023 ZONDER zichtbare wijzigingen.pdf;496 - BEVEILIGING, PARTICULIERE - 01-07-2018 - 30-06-2023 - Regulier - kvo datum - 26-06-2023;https://www.uitvoeringarbeidsvoorwaardenwetgeving.nl/mozard/!suite92.scherm1007?mObj=37214&mSelod=704716
496;496017;01/07/2018;30/06/2023;26/10/2020;cao 1 juli 2018 - 30 juni 2023 definitief versie 2 met aanvullende wijziging voo.pdf;496 - BEVEILIGING, PARTICULIERE - 01-07-2018 - 30-06-2023 - Regulier - kvo datum - 26-10-2020 - TTW;https://www.uitvoeringarbeidsvoorwaardenwetgeving.nl/mozard/!suite92.scherm1007?mObj=19986&mSelod=704716
496;496018;01/07/2018;30/06/2023;28/05/2020;cao 1 juli 2018 - 30 juni 2023 definitief mei 2020.docx.pdf;496 - BEVEILIGING, PARTICULIERE - 01-07-2018 - 30-06-2023 - Regulier - kvo datum - 28-05-2020 - TTW;https://www.uitvoeringarbeidsvoorwaardenwetgeving.nl/mozard/!suite92.scherm1007?mObj=16529&mSelod=704716
496;496019;01/07/2023;24/03/2024;16/08/2023;Cao Particuliere Beveiliging 2023-2024 versie 2- augustus 2023 ZONDER zichtbare wijzigingen.pdf;496 - BEVEILIGING, PARTICULIERE - 01-07-2023 - 24-03-2024 - Regulier - kvo datum - 16-08-2023;https://www.uitvoeringarbeidsvoorwaardenwetgeving.nl/mozard/!suite92.scherm1007?mObj=38218&mSelod=704716
496;496020;01/07/2023;24/03/2024;26/06/2023;Cao Particuliere Beveiliging versie 7 juni 2023 ZONDER zichtbare wijzigingen_1.pdf;496 - BEVEILIGING, PARTICULIERE - 01-07-2023 - 24-03-2024 - Regulier - kvo datum - 26-06-2023;https://www.uitvoeringarbeidsvoorwaardenwetgeving.nl/mozard/!suite92.scherm1007?mObj=37215&mSelod=704716
496;496021;01/10/2014;30/06/2015;03/12/2014;cao_2014_2015_definitief.pdf;496 - BEVEILIGING, PARTICULIERE - 01-10-2014 - 30-06-2015 - Regulier - kvo datum - 03-12-2014 - TTW;https://www.uitvoeringarbeidsvoorwaardenwetgeving.nl/mozard/!suite92.scherm1007?mObj=7841&mSelod=704716
496;496022;01/10/2014;30/06/2015;09/10/2014;cao_2014_2015_definitief_1.pdf;496 - BEVEILIGING, PARTICULIERE - 01-10-2014 - 30-06-2015 - Regulier - kvo datum - 09-10-2014;https://www.uitvoeringarbeidsvoorwaardenwetgeving.nl/mozard/!suite92.scherm1007?mObj=7839&mSelod=704716
496;496023;01/10/2014;30/06/2015;23/10/2014;cao_2014_2015_definitief_part_beveilig.pdf;496 - BEVEILIGING, PARTICULIERE - 01-10-2014 - 30-06-2015 - Regulier - kvo datum - 23-10-2014 - TTW;https://www.uitvoeringarbeidsvoorwaardenwetgeving.nl/mozard/!suite92.scherm1007?mObj=7840&mSelod=704716
496;496024;18/12/2024;27/12/2026;17/04/2025;CAO PB 18 dec 2024- 27 dec 2026 zonder zichtbare wijzigingen.pdf;496 - BEVEILIGING, PARTICULIERE - 18-12-2024 - 27-12-2026 - Regulier - kvo datum - 17-04-2025 - TTW;https://www.uitvoeringarbeidsvoorwaardenwetgeving.nl/mozard/!suite92.scherm1007?mObj=47785&mSelod=704716
496;496025;18/12/2024;27/12/2026;24/01/2025;CAO PB 18 dec 2024- 27 dec 2026.pdf;496 - BEVEILIGING, PARTICULIERE - 18-12-2024 - 27-12-2026 - Regulier - kvo datum - 24-01-2025;https://www.uitvoeringarbeidsvoorwaardenwetgeving.nl/mozard/!suite92.scherm1007?mObj=46285&mSelod=704716
1869;1869001;01/01/2020;31/12/2022;04/05/2022;Cao Glastuinbouw 1 januari 2020 tot en met 31 december 2022 inclusief tweede TTW.pdf;1869 - GLASTUINBOUW - 01-01-2020 - 31-12-2022 - Regulier - kvo datum - 04-05-2022;https://www.uitvoeringarbeidsvoorwaardenwetgeving.nl/mozard/!suite92.scherm1007?mObj=29620&mSelod=704719
1869;1869002;01/01/2020;31/12/2022;06/04/2022;Cao Glastuinbouw 1 januari 2020 tot en met 31 december 2022.pdf;1869 - GLASTUINBOUW - 01-01-2020 - 31-12-2022 - Regulier - kvo datum - 06-04-2022;https://www.uitvoeringarbeidsvoorwaardenwetgeving.nl/mozard/!suite92.scherm1007?mObj=29198&mSelod=704719
1869;1869003;01/01/2020;31/12/2022;12/04/2022;Cao Glastuinbouw 1 januari 2020 tot en met 31 december 2022 inclusief eerste TTW.pdf;1869 - GLASTUINBOUW - 01-01-2020 - 31-12-2022 - Regulier - kvo datum - 12-04-2022;https://www.uitvoeringarbeidsvoorwaardenwetgeving.nl/mozard/!suite92.scherm1007?mObj=29287&mSelod=704719
1869;1869004;01/01/2020;31/12/2022;19/05/2022;Cao Glastuinbouw 1 januari 2020 tot en met 31 december 2022 inclusief derde TTW..pdf;1869 - GLASTUINBOUW - 01-01-2020 - 31-12-2022 - Regulier - kvo datum - 19-05-2022;https://www.uitvoeringarbeidsvoorwaardenwetgeving.nl/mozard/!suite92.scherm1007?mObj=29840&mSelod=704719
1869;1869005;01/01/2023;31/12/2023;07/03/2023;Cao Glastuinbouw 1 januari 2023 tot en met 31 december 2023.pdf;1869 - GLASTUINBOUW - 01-01-2023 - 31-12-2023 - Regulier - kvo datum - 07-03-2023;https://www.uitvoeringarbeidsvoorwaardenwetgeving.nl/mozard/!suite92.scherm1007?mObj=36192&mSelod=704719
1869;1869006;01/01/2024;31/03/2025;13/05/2024;Integrale tekst Cao Glastuinbouw 1 januari 2024 tot en met 31 maart 2025 (2404-2053).pdf;1869 - GLASTUINBOUW - 01-01-2024 - 31-03-2025 - Regulier - kvo datum - 13-05-2024;https://www.uitvoeringarbeidsvoorwaardenwetgeving.nl/mozard/!suite92.scherm1007?mObj=42685&mSelod=704719
1869;1869007;01/01/2024;31/03/2025;25/06/2024;Integrale tekst Cao Glastuinbouw 1 januari 2024 tot en met 31 maart 2025 incl. 1e TTW per 1 januari 2024 (2406-1334).pdf;1869 - GLASTUINBOUW - 01-01-2024 - 31-03-2025 - Regulier - kvo datum - 25-06-2024;https://www.uitvoeringarbeidsvoorwaardenwetgeving.nl/mozard/!suite92.scherm1007?mObj=43134&mSelod=704719
1869;1869008;01/04/2025;30/06/2025;14/07/2025;Integrale tekst Cao Glastuinbouw 1 april 2025 tm 30 juni 2025 (2506-1846).pdf;1869 - GLASTUINBOUW - 01-04-2025 - 30-06-2025 - Regulier - kvo datum - 14-07-2025;https://www.uitvoeringarbeidsvoorwaardenwetgeving.nl/mozard/!suite92.scherm1007?mObj=49558&mSelod=704719
1869;1869009;01/07/2010;30/06/2012;09/02/2011;CAO Glastuinbouw aangepast.pdf;1869 - GLASTUINBOUW - 01-07-2010 - 30-06-2012 - Regulier - kvo datum - 09-02-2011 - TTW;https://www.uitvoeringarbeidsvoorwaardenwetgeving.nl/mozard/!suite92.scherm1007?mObj=9547&mSelod=704719
1869;1869010;01/07/2010;30/06/2012;17/02/2011;Glastuinbouw aangepast II.pdf;1869 - GLASTUINBOUW - 01-07-2010 - 30-06-2012 - Regulier - kvo datum - 17-02-2011 - TTW;https://www.uitvoeringarbeidsvoorwaardenwetgeving.nl/mozard/!suite92.scherm1007?mObj=9548&mSelod=704719
1869;1869011;01/07/2010;30/06/2012;19/04/2011;Glastuinbouw__TTW_en_functiehandboek.pdf;1869 - GLASTUINBOUW - 01-07-2010 - 30-06-2012 - Regulier - kvo datum - 19-04-2011 - TTW;https://www.uitvoeringarbeidsvoorwaardenwetgeving.nl/mozard/!suite92.scherm1007?mObj=9549&mSelod=704719
1869;1869012;01/07/2012;30/06/2014;17/09/2012;cao_Glastuinbouw_2012_2014_registratie_SZW__2.pdf;1869 - GLASTUINBOUW - 01-07-2012 - 30-06-2014 - Regulier - kvo datum - 17-09-2012;https://www.uitvoeringarbeidsvoorwaardenwetgeving.nl/mozard/!suite92.scherm1007?mObj=9550&mSelod=704719
1869;1869013;01/07/2014;01/07/2015;18/12/2014;cao_Glastuinbouw.pdf;1869 - GLASTUINBOUW - 01-07-2014 - 01-07-2015 - Regulier - kvo datum - 18-12-2014;https://www.uitvoeringarbeidsvoorwaardenwetgeving.nl/mozard/!suite92.scherm1007?mObj=9551&mSelod=704719
1869;1869014;01/07/2018;31/12/2019;13/08/2019;cao Glastuinbouw 1 juli 2018 tot en met 31december 2019 inclusief functiehandboe.pdf;1869 - GLASTUINBOUW - 01-07-2018 - 31-12-2019 - Regulier - kvo datum - 13-08-2019 - TTW;https://www.uitvoeringarbeidsvoorwaardenwetgeving.nl/mozard/!suite92.scherm1007?mObj=14764&mSelod=704719
1869;1869015;01/07/2018;31/12/2019;26/07/2019;Glastuinbouw 1 juli 2018 tot en met 31december 2019 incl functiehandboek.docx.pdf;1869 - GLASTUINBOUW - 01-07-2018 - 31-12-2019 - Regulier - kvo datum - 26-07-2019;https://www.uitvoeringarbeidsvoorwaardenwetgeving.nl/mozard/!suite92.scherm1007?mObj=14653&mSelod=704719
1869;1869016;01/07/2018;31/12/2019;27/09/2019;cao Glastuinbouw 1 juli 2018 tot en met 31december 2019 inclusief 2e TTW en incl.pdf;1869 - GLASTUINBOUW - 01-07-2018 - 31-12-2019 - Regulier - kvo datum - 27-09-2019 - TTW;https://www.uitvoeringarbeidsvoorwaardenwetgeving.nl/mozard/!suite92.scherm1007?mObj=14933&mSelod=704719
1869;1869017;01/07/2025;31/03/2026;09/07/2025;Integrale tekst cao Glastuinbouw 1 juli 2025 tm 31 maart 2026 (2506-1911).pdf;1869 - GLASTUINBOUW - 01-07-2025 - 31-03-2026 - Regulier - kvo datum - 09-07-2025;https://www.uitvoeringarbeidsvoorwaardenwetgeving.nl/mozard/!suite92.scherm1007?mObj=49281&mSelod=704719
1869;1869018;02/07/2015;30/06/2018;02/08/2016;cao_Glastuinbouw_2015____2018.pdf;1869 - GLASTUINBOUW - 02-07-2015 - 30-06-2018 - Regulier - kvo datum - 02-08-2016;https://www.uitvoeringarbeidsvoorwaardenwetgeving.nl/mozard/!suite92.scherm1007?mObj=9552&mSelod=704719
1869;1869019;02/07/2015;30/06/2018;14/05/2018;cao_Glastuinbouw_2e_ttw_14_mei_2018_integr.pdf;1869 - GLASTUINBOUW - 02-07-2015 - 30-06-2018 - Regulier - kvo datum - 14-05-2018 - TTW;https://www.uitvoeringarbeidsvoorwaardenwetgeving.nl/mozard/!suite92.scherm1007?mObj=9554&mSelod=704719
1869;1869020;02/07/2015;30/06/2018;28/02/2018;cao_Glastuinbouw_incl_ttw_1_1_2018_integrale_tekst.pdf;1869 - GLASTUINBOUW - 02-07-2015 - 30-06-2018 - Regulier - kvo datum - 28-02-2018 - TTW;https://www.uitvoeringarbeidsvoorwaardenwetgeving.nl/mozard/!suite92.scherm1007?mObj=9553&mSelod=704719
509;509001;01/01/2011;31/03/2012;27/05/2011;CAO_tekst_2011_2012_def_.pdf;509 - GEMENGDE BRANCHE EN SPEELGOEDBRANCHE - 01-01-2011 - 31-03-2012 - Regulier - kvo datum - 27-05-2011;https://www.uitvoeringarbeidsvoorwaardenwetgeving.nl/mozard/!suite92.scherm1007?mObj=7617&mSelod=704721
730;730001;01/01/2014;30/06/2016;24/03/2015;CAO_Technische_Groothandel_2014_2016_Formele_tekst.pdf;730 - TECHNISCHE GROOTHANDEL - 01-01-2014 - 30-06-2016 - Regulier - kvo datum - 24-03-2015;https://www.uitvoeringarbeidsvoorwaardenwetgeving.nl/mozard/!suite92.scherm1007?mObj=8285&mSelod=704723
730;730002;01/01/2019;30/09/2022;09/05/2022;730 - CAO TG 2019-2022_Tussentijdse wijziging_2022-05-09.pdf;730 - TECHNISCHE GROOTHANDEL - 01-01-2019 - 30-09-2022 - Regulier - kvo datum - 09-05-2022;https://www.uitvoeringarbeidsvoorwaardenwetgeving.nl/mozard/!suite92.scherm1007?mObj=29676&mSelod=704723
730;730003;01/01/2019;30/09/2022;23/04/2020;CAO Technische Groothandel 2019-2022.pdf;730 - TECHNISCHE GROOTHANDEL - 01-01-2019 - 30-09-2022 - Regulier - kvo datum - 23-04-2020;https://www.uitvoeringarbeidsvoorwaardenwetgeving.nl/mozard/!suite92.scherm1007?mObj=16292&mSelod=704723
730;730004;01/01/2019;30/09/2022;24/06/2022;730 - CAO TG 2019-2022_Tussentijdse wijziging_2022-06-22.pdf;730 - TECHNISCHE GROOTHANDEL - 01-01-2019 - 30-09-2022 - Regulier - kvo datum - 24-06-2022;https://www.uitvoeringarbeidsvoorwaardenwetgeving.nl/mozard/!suite92.scherm1007?mObj=30344&mSelod=704723
730;730005;01/07/2011;31/12/2012;13/02/2013;CAOTechnGroTussentijdseWijz1jan2013Art18lid2.pdf;730 - TECHNISCHE GROOTHANDEL - 01-07-2011 - 31-12-2012 - Regulier - kvo datum - 13-02-2013 - TTW;https://www.uitvoeringarbeidsvoorwaardenwetgeving.nl/mozard/!suite92.scherm1007?mObj=8284&mSelod=704723
730;730006;01/07/2011;31/12/2012;21/06/2012;CAO_2011_2012_Formele_tekst_CAO.pdf;730 - TECHNISCHE GROOTHANDEL - 01-07-2011 - 31-12-2012 - Regulier - kvo datum - 21-06-2012;https://www.uitvoeringarbeidsvoorwaardenwetgeving.nl/mozard/!suite92.scherm1007?mObj=8283&mSelod=704723
730;730007;01/07/2016;31/12/2018;09/08/2017;CAOTG20162018Aanpassingen20170807.pdf;730 - TECHNISCHE GROOTHANDEL - 01-07-2016 - 31-12-2018 - Regulier - kvo datum - 09-08-2017 - TTW;https://www.uitvoeringarbeidsvoorwaardenwetgeving.nl/mozard/!suite92.scherm1007?mObj=8287&mSelod=704723
730;730008;01/07/2016;31/12/2018;21/03/2017;CAOTechnischeGroothandel20162018.pdf;730 - TECHNISCHE GROOTHANDEL - 01-07-2016 - 31-12-2018 - Regulier - kvo datum - 21-03-2017;https://www.uitvoeringarbeidsvoorwaardenwetgeving.nl/mozard/!suite92.scherm1007?mObj=8286&mSelod=704723
730;730009;01/10/2022;30/09/2023;07/03/2023;CAO Technische Groothandel 2022-2023_Versie 2023-03-07.pdf;730 - TECHNISCHE GROOTHANDEL - 01-10-2022 - 30-09-2023 - Regulier - kvo datum - 07-03-2023;https://www.uitvoeringarbeidsvoorwaardenwetgeving.nl/mozard/!suite92.scherm1007?mObj=36222&mSelod=704723
730;730010;01/10/2022;30/09/2023;29/03/2023;CAO Technische Groothandel 2022-2023_Versie 2023-03-27.docx.pdf;730 - TECHNISCHE GROOTHANDEL - 01-10-2022 - 30-09-2023 - Regulier - kvo datum - 29-03-2023;https://www.uitvoeringarbeidsvoorwaardenwetgeving.nl/mozard/!suite92.scherm1007?mObj=36764&mSelod=704723
730;730011;01/10/2023;30/09/2025;11/04/2024;CAO Technische Groothandel 2023-2025_Versie 2024-04-04.pdf;730 - TECHNISCHE GROOTHANDEL - 01-10-2023 - 30-09-2025 - Regulier - kvo datum - 11-04-2024;https://www.uitvoeringarbeidsvoorwaardenwetgeving.nl/mozard/!suite92.scherm1007?mObj=42421&mSelod=704723
730;730012;01/10/2023;30/09/2025;11/12/2024;CAO TG 2023-2025_Versie 2024-12-11.pdf;730 - TECHNISCHE GROOTHANDEL - 01-10-2023 - 30-09-2025 - Regulier - kvo datum - 11-12-2024;https://www.uitvoeringarbeidsvoorwaardenwetgeving.nl/mozard/!suite92.scherm1007?mObj=45535&mSelod=704723
730;730013;01/10/2023;30/09/2025;13/05/2024;CAO Technische Groothandel 2023-2025_Versie 2024-05-13.pdf;730 - TECHNISCHE GROOTHANDEL - 01-10-2023 - 30-09-2025 - Regulier - kvo datum - 13-05-2024;https://www.uitvoeringarbeidsvoorwaardenwetgeving.nl/mozard/!suite92.scherm1007?mObj=42687&mSelod=704723
730;730014;01/10/2023;30/09/2025;15/04/2024;CAO Technische Groothandel 2023-2025_Versie 2024-04-11.pdf;730 - TECHNISCHE GROOTHANDEL - 01-10-2023 - 30-09-2025 - Regulier - kvo datum - 15-04-2024 - TTW;https://www.uitvoeringarbeidsvoorwaardenwetgeving.nl/mozard/!suite92.scherm1007?mObj=42441&mSelod=704723
730;730015;01/10/2023;30/09/2025;17/02/2025;CAO TG 2023-2025_Tussentijdse AVV-aanpassing_Versie 2025-02-14.pdf;730 - TECHNISCHE GROOTHANDEL - 01-10-2023 - 30-09-2025 - Regulier - kvo datum - 17-02-2025 - TTW;https://www.uitvoeringarbeidsvoorwaardenwetgeving.nl/mozard/!suite92.scherm1007?mObj=46644&mSelod=704723
730;730016;01/10/2023;30/09/2025;25/11/2024;CAO TG 2023-2025_Tussentijdse aanpassing.pdf;730 - TECHNISCHE GROOTHANDEL - 01-10-2023 - 30-09-2025 - Regulier - kvo datum - 25-11-2024 - TTW;https://www.uitvoeringarbeidsvoorwaardenwetgeving.nl/mozard/!suite92.scherm1007?mObj=45027&mSelod=704723
730;730017;01/10/2023;30/09/2025;31/01/2025;CAO TG 2023-2025_Versie 2025-01-31.pdf;730 - TECHNISCHE GROOTHANDEL - 01-10-2023 - 30-09-2025 - Regulier - kvo datum - 31-01-2025 - TTW;https://www.uitvoeringarbeidsvoorwaardenwetgeving.nl/mozard/!suite92.scherm1007?mObj=46470&mSelod=704723
331;331001;01/01/2015;31/05/2016;17/09/2015;CAOGIL_2015___2016_def_schoon.pdf;331 - LEVENSMIDDELEN, ZOETWAREN, TABAKSPRODUCTEN EN BAKKERIJPRODUKTEN GROOTHANDEL IN- - 01-01-2015 - 31-05-2016 - Regulier - kvo datum - 17-09-2015;https://www.uitvoeringarbeidsvoorwaardenwetgeving.nl/mozard/!suite92.scherm1007?mObj=7153&mSelod=704727
331;331002;01/04/2012;31/12/2013;06/01/2014;CAOGIL_2012_2013_def_schoon.pdf;331 - LEVENSMIDDELEN, ZOETWAREN, TABAKSPRODUCTEN EN BAKKERIJPRODUKTEN GROOTHANDEL IN- - 01-04-2012 - 31-12-2013 - Regulier - kvo datum - 06-01-2014;https://www.uitvoeringarbeidsvoorwaardenwetgeving.nl/mozard/!suite92.scherm1007?mObj=7152&mSelod=704727
331;331003;01/06/2016;30/06/2016;02/06/2016;CAOGIL_juni_2016.pdf;331 - LEVENSMIDDELEN, ZOETWAREN, TABAKSPRODUCTEN EN BAKKERIJPRODUKTEN GROOTHANDEL IN- - 01-06-2016 - 30-06-2016 - Regulier - kvo datum - 02-06-2016;https://www.uitvoeringarbeidsvoorwaardenwetgeving.nl/mozard/!suite92.scherm1007?mObj=7154&mSelod=704727
331;331004;01/10/2010;31/03/2012;21/12/2011;GIL_2010_2012_cao_tekst_en_handboek.pdf;331 - LEVENSMIDDELEN, ZOETWAREN, TABAKSPRODUCTEN EN BAKKERIJPRODUKTEN GROOTHANDEL IN- - 01-10-2010 - 31-03-2012 - Regulier - kvo datum - 21-12-2011;https://www.uitvoeringarbeidsvoorwaardenwetgeving.nl/mozard/!suite92.scherm1007?mObj=7151&mSelod=704727
518;518001;01/02/2015;31/01/2016;10/08/2015;CAOVDB_tekst_def_met_dispensatieregeling_geschoond.pdf;518 - DROGISTERIJBRANCHE - 01-02-2015 - 31-01-2016 - Regulier - kvo datum - 10-08-2015 - TTW;https://www.uitvoeringarbeidsvoorwaardenwetgeving.nl/mozard/!suite92.scherm1007?mObj=7638&mSelod=704729
518;518002;01/02/2015;31/01/2016;17/06/2015;CAOVDB_2015_16__tekst_def_geschoond.pdf;518 - DROGISTERIJBRANCHE - 01-02-2015 - 31-01-2016 - Regulier - kvo datum - 17-06-2015;https://www.uitvoeringarbeidsvoorwaardenwetgeving.nl/mozard/!suite92.scherm1007?mObj=7637&mSelod=704729
518;518003;01/07/2017;30/06/2018;03/11/2017;CAO_2017_2018_tekst_aangepast_geschoond_def.pdf;518 - DROGISTERIJBRANCHE - 01-07-2017 - 30-06-2018 - Regulier - kvo datum - 03-11-2017 - TTW;https://www.uitvoeringarbeidsvoorwaardenwetgeving.nl/mozard/!suite92.scherm1007?mObj=7640&mSelod=704729
518;518004;01/07/2017;30/06/2018;07/09/2017;CAO_2017_2018_tekst_aangepast_geschoond.pdf;518 - DROGISTERIJBRANCHE - 01-07-2017 - 30-06-2018 - Regulier - kvo datum - 07-09-2017;https://www.uitvoeringarbeidsvoorwaardenwetgeving.nl/mozard/!suite92.scherm1007?mObj=7639&mSelod=704729
518;518005;01/07/2017;30/06/2018;23/02/2018;CAO_2017_2018_tekst_def_geschoond_per_april_2018.pdf;518 - DROGISTERIJBRANCHE - 01-07-2017 - 30-06-2018 - Regulier - kvo datum - 23-02-2018 - TTW;https://www.uitvoeringarbeidsvoorwaardenwetgeving.nl/mozard/!suite92.scherm1007?mObj=7641&mSelod=704729
518;518006;01/10/2010;31/03/2012;21/06/2011;Drogisterijbranche__2010_12_definitieve_tekst.pdf;518 - DROGISTERIJBRANCHE - 01-10-2010 - 31-03-2012 - Regulier - kvo datum - 21-06-2011;https://www.uitvoeringarbeidsvoorwaardenwetgeving.nl/mozard/!suite92.scherm1007?mObj=7636&mSelod=704729
518;518007;01/07/2023;30/06/2024;04/01/2024;Cao boekje VDF-tekst geschoond voor TW.pdf;518 - DROGISTERIJBRANCHE VDF-CAO - 01-07-2023 - 30-06-2024 - Regulier - kvo datum - 04-01-2024;https://www.uitvoeringarbeidsvoorwaardenwetgeving.nl/mozard/!suite92.scherm1007?mObj=41012&mSelod=704729
518;518008;01/07/2023;30/06/2024;04/08/2023;Cao boekje Drogisterijbranche VDF- schoon.pdf;518 - DROGISTERIJBRANCHE VDF-CAO - 01-07-2023 - 30-06-2024 - Regulier - kvo datum - 04-08-2023;https://www.uitvoeringarbeidsvoorwaardenwetgeving.nl/mozard/!suite92.scherm1007?mObj=38036&mSelod=704729
518;518009;01/07/2024;30/06/2025;02/07/2024;Cao boekje VDF-tekst geschoond.pdf;518 - DROGISTERIJBRANCHE VDF-CAO - 01-07-2024 - 30-06-2025 - Regulier - kvo datum - 02-07-2024;https://www.uitvoeringarbeidsvoorwaardenwetgeving.nl/mozard/!suite92.scherm1007?mObj=43164&mSelod=704729
518;518010;01/07/2024;30/06/2025;06/01/2025;TTW 2025 Cao boekje VDF-tekst geschoond.pdf;518 - DROGISTERIJBRANCHE VDF-CAO - 01-07-2024 - 30-06-2025 - Regulier - kvo datum - 06-01-2025 - TTW;https://www.uitvoeringarbeidsvoorwaardenwetgeving.nl/mozard/!suite92.scherm1007?mObj=45984&mSelod=704729
1944;1944001;01/03/2021;01/03/2023;21/02/2023;Integrale tekst cao Open Teelten incl. 6e TTW per 1 januari 2023 - 2302-0811 v0..pdf;1944 - OPEN TEELTEN - 01-03-2021 - 01-03-2023 - Regulier - kvo datum - 21-02-2023;https://www.uitvoeringarbeidsvoorwaardenwetgeving.nl/mozard/!suite92.scherm1007?mObj=35443&mSelod=704731
1944;1944002;01/03/2021;28/02/2023;03/02/2022;cao open teelten 3e ttw 1 januari 2022 integraal _.pdf;1944 - OPEN TEELTEN - 01-03-2021 - 28-02-2023 - Regulier - kvo datum - 03-02-2022;https://www.uitvoeringarbeidsvoorwaardenwetgeving.nl/mozard/!suite92.scherm1007?mObj=26640&mSelod=704731
1944;1944003;01/03/2021;28/02/2023;04/11/2022;cao Open Teelten met 5e ttw integraal per 1 november 2022 - 2210-1226 v0.1.pdf;1944 - OPEN TEELTEN - 01-03-2021 - 28-02-2023 - Regulier - kvo datum - 04-11-2022;https://www.uitvoeringarbeidsvoorwaardenwetgeving.nl/mozard/!suite92.scherm1007?mObj=31602&mSelod=704731
1944;1944004;01/03/2021;28/02/2023;06/09/2021;Cao open teelten per 1 maart 2021 tot en met 28 februari 2023 2e TTW integraal.d.pdf;1944 - OPEN TEELTEN - 01-03-2021 - 28-02-2023 - Regulier - kvo datum - 06-09-2021 - TTW;https://www.uitvoeringarbeidsvoorwaardenwetgeving.nl/mozard/!suite92.scherm1007?mObj=23244&mSelod=704731
1944;1944005;01/03/2021;28/02/2023;23/04/2021;2104-1910 cao Open Teelten 2021-2023.pdf;1944 - OPEN TEELTEN - 01-03-2021 - 28-02-2023 - Regulier - kvo datum - 23-04-2021;https://www.uitvoeringarbeidsvoorwaardenwetgeving.nl/mozard/!suite92.scherm1007?mObj=22634&mSelod=704731
1944;1944006;01/03/2021;28/02/2023;23/06/2022;cao open teelten 4e ttw per 1 juli 2022 - integrale tekst.pdf;1944 - OPEN TEELTEN - 01-03-2021 - 28-02-2023 - Regulier - kvo datum - 23-06-2022;https://www.uitvoeringarbeidsvoorwaardenwetgeving.nl/mozard/!suite92.scherm1007?mObj=30323&mSelod=704731
1944;1944007;01/03/2021;28/02/2023;26/07/2021;Cao open teelten per 1 maart 2021 tot en met 28 februari 2023 1e TTW integraal.d.pdf;1944 - OPEN TEELTEN - 01-03-2021 - 28-02-2023 - Regulier - kvo datum - 26-07-2021 - TTW;https://www.uitvoeringarbeidsvoorwaardenwetgeving.nl/mozard/!suite92.scherm1007?mObj=23074&mSelod=704731
1944;1944008;01/03/2021;28/02/2023;27/07/2021;Cao open teelten per 1 maart 2021 tot en met 28 februari 2023 1e TTW integraal.d_1.pdf;1944 - OPEN TEELTEN - 01-03-2021 - 28-02-2023 - Regulier - kvo datum - 27-07-2021 - TTW;https://www.uitvoeringarbeidsvoorwaardenwetgeving.nl/mozard/!suite92.scherm1007?mObj=23083&mSelod=704731
1944;1944009;01/03/2023;30/06/2024;09/03/2023;Integrale tekst cao Open Teelten 1 maart 2023 tm 30 juni 2024 - 2303-0178 v0.1.pdf;1944 - OPEN TEELTEN - 01-03-2023 - 30-06-2024 - Regulier - kvo datum - 09-03-2023;https://www.uitvoeringarbeidsvoorwaardenwetgeving.nl/mozard/!suite92.scherm1007?mObj=36345&mSelod=704731
1944;1944010;01/03/2023;30/06/2024;12/01/2024;Integrale tekst cao Open Teelten 1 maart 2023 tm 30 juni 2024 incl. 3e TTW per 1 januari 2024 (2312-1367).pdf;1944 - OPEN TEELTEN - 01-03-2023 - 30-06-2024 - Regulier - kvo datum - 12-01-2024;https://www.uitvoeringarbeidsvoorwaardenwetgeving.nl/mozard/!suite92.scherm1007?mObj=41201&mSelod=704731
1944;1944011;01/03/2023;30/06/2024;29/03/2023;Integrale tekst cao Open Teelten 1 maart 2023 tm 30 juni 2024 incl. 1e TTW per 1 maart 2023.pdf;1944 - OPEN TEELTEN - 01-03-2023 - 30-06-2024 - Regulier - kvo datum - 29-03-2023;https://www.uitvoeringarbeidsvoorwaardenwetgeving.nl/mozard/!suite92.scherm1007?mObj=36723&mSelod=704731
1944;1944012;01/03/2023;30/06/2024;29/06/2023;Integrale tekst cao Open Teelten 1 maart 2023 tm 30 juni 2024 incl. 2e TTW per 1 juli 2023 (2306-1279).pdf;1944 - OPEN TEELTEN - 01-03-2023 - 30-06-2024 - Regulier - kvo datum - 29-06-2023 - TTW;https://www.uitvoeringarbeidsvoorwaardenwetgeving.nl/mozard/!suite92.scherm1007?mObj=37233&mSelod=704731
1944;1944013;01/07/2010;30/06/2012;03/03/2011;Open Teelten integrale tekst incl ttw.pdf;1944 - OPEN TEELTEN - 01-07-2010 - 30-06-2012 - Regulier - kvo datum - 03-03-2011 - TTW;https://www.uitvoeringarbeidsvoorwaardenwetgeving.nl/mozard/!suite92.scherm1007?mObj=9912&mSelod=704731
1944;1944014;01/07/2012;30/06/2014;03/06/2013;cao_Open_Teelten_1_7_2012_tm_30_6_2014.pdf;1944 - OPEN TEELTEN - 01-07-2012 - 30-06-2014 - Regulier - kvo datum - 03-06-2013;https://www.uitvoeringarbeidsvoorwaardenwetgeving.nl/mozard/!suite92.scherm1007?mObj=9913&mSelod=704731
1944;1944015;01/07/2014;30/06/2015;20/01/2015;Open_Teelten_en_functiehandboek.pdf;1944 - OPEN TEELTEN - 01-07-2014 - 30-06-2015 - Regulier - kvo datum - 20-01-2015 - TTW;https://www.uitvoeringarbeidsvoorwaardenwetgeving.nl/mozard/!suite92.scherm1007?mObj=9915&mSelod=704731
1944;1944016;01/07/2014;30/06/2015;23/12/2014;CAO_Open_Teelten__1_juli_2014_tm_30_juni_2015.pdf;1944 - OPEN TEELTEN - 01-07-2014 - 30-06-2015 - Regulier - kvo datum - 23-12-2014;https://www.uitvoeringarbeidsvoorwaardenwetgeving.nl/mozard/!suite92.scherm1007?mObj=9914&mSelod=704731
1944;1944017;01/07/2015;31/03/2017;07/12/2016;cao_open_teelten_inclusief_ttw_1_dec_2016.pdf;1944 - OPEN TEELTEN - 01-07-2015 - 31-03-2017 - Regulier - kvo datum - 07-12-2016 - TTW;https://www.uitvoeringarbeidsvoorwaardenwetgeving.nl/mozard/!suite92.scherm1007?mObj=9918&mSelod=704731
1944;1944018;01/07/2015;31/03/2017;08/07/2016;cao_open_teelten_2016_2017.pdf;1944 - OPEN TEELTEN - 01-07-2015 - 31-03-2017 - Regulier - kvo datum - 08-07-2016;https://www.uitvoeringarbeidsvoorwaardenwetgeving.nl/mozard/!suite92.scherm1007?mObj=9916&mSelod=704731
1944;1944019;01/07/2015;31/03/2017;23/08/2016;cao_open_teelten_inc_ttw.pdf;1944 - OPEN TEELTEN - 01-07-2015 - 31-03-2017 - Regulier - kvo datum - 23-08-2016 - TTW;https://www.uitvoeringarbeidsvoorwaardenwetgeving.nl/mozard/!suite92.scherm1007?mObj=9917&mSelod=704731
1944;1944020;01/07/2024;30/06/2025;05/02/2025;Integrale tekst cao Open Teelten looptijd 1 juli 2024 tm 30 juni 2025 incl. TTW per 1 januari 2025 (2501-0136).pdf;1944 - OPEN TEELTEN - 01-07-2024 - 30-06-2025 - Regulier - kvo datum - 05-02-2025 - TTW;https://www.uitvoeringarbeidsvoorwaardenwetgeving.nl/mozard/!suite92.scherm1007?mObj=46524&mSelod=704731
1944;1944021;01/07/2024;30/06/2025;21/10/2024;Integrale tekst cao Open Teelten looptijd 1 juli 2024 tm 30 juni 2025 (2410-1079).pdf;1944 - OPEN TEELTEN - 01-07-2024 - 30-06-2025 - Regulier - kvo datum - 21-10-2024;https://www.uitvoeringarbeidsvoorwaardenwetgeving.nl/mozard/!suite92.scherm1007?mObj=44216&mSelod=704731
1944;1944022;01/07/2025;30/06/2027;09/07/2025;Integrale tekst cao Open Teelten looptijd 1 juli 2025 tm 30 juni 2027 (2506-2013).pdf;1944 - OPEN TEELTEN - 01-07-2025 - 30-06-2027 - Regulier - kvo datum - 09-07-2025;https://www.uitvoeringarbeidsvoorwaardenwetgeving.nl/mozard/!suite92.scherm1007?mObj=49282&mSelod=704731
1944;1944023;01/08/2017;28/02/2021;23/03/2018;CAO_OT_2017_2020.pdf;1944 - OPEN TEELTEN - 01-08-2017 - 28-02-2021 - Regulier - kvo datum - 23-03-2018;https://www.uitvoeringarbeidsvoorwaardenwetgeving.nl/mozard/!suite92.scherm1007?mObj=9920&mSelod=704731
1944;1944024;01/08/2017;29/02/2020;04/02/2020;Cao Open Teelten 4e TTW per 1 januari 2020.docx.pdf;1944 - OPEN TEELTEN - 01-08-2017 - 29-02-2020 - Regulier - kvo datum - 04-02-2020 - TTW;https://www.uitvoeringarbeidsvoorwaardenwetgeving.nl/mozard/!suite92.scherm1007?mObj=15715&mSelod=704731
1944;1944025;01/08/2017;29/02/2020;18/05/2018;Cao_Open_Teelten_integrale_tekst_ttw.pdf;1944 - OPEN TEELTEN - 01-08-2017 - 29-02-2020 - Regulier - kvo datum - 18-05-2018 - TTW;https://www.uitvoeringarbeidsvoorwaardenwetgeving.nl/mozard/!suite92.scherm1007?mObj=9921&mSelod=704731
1944;1944026;01/08/2017;29/02/2020;18/07/2018;cao_Open_Teelten_ttw_per_1_juli_2018.pdf;1944 - OPEN TEELTEN - 01-08-2017 - 29-02-2020 - Regulier - kvo datum - 18-07-2018 - TTW;https://www.uitvoeringarbeidsvoorwaardenwetgeving.nl/mozard/!suite92.scherm1007?mObj=9922&mSelod=704731
1944;1944027;01/08/2017;29/02/2020;20/12/2018;1811_2255_2e_tww_cao_open_teelten_per_1_1_2019a.pdf;1944 - OPEN TEELTEN - 01-08-2017 - 29-02-2020 - Regulier - kvo datum - 20-12-2018 - TTW;https://www.uitvoeringarbeidsvoorwaardenwetgeving.nl/mozard/!suite92.scherm1007?mObj=9923&mSelod=704731
1944;1944028;01/08/2017;29/02/2020;25/06/2020;cao open teelten per 1 juli 2020.docx.pdf;1944 - OPEN TEELTEN - 01-08-2017 - 29-02-2020 - Regulier - kvo datum - 25-06-2020 - TTW;https://www.uitvoeringarbeidsvoorwaardenwetgeving.nl/mozard/!suite92.scherm1007?mObj=16729&mSelod=704731
1944;1944029;01/08/2017;29/02/2020;26/07/2019;Cao Open Teelten 3e TTW per 1 juli 2019 definitief.docx.pdf;1944 - OPEN TEELTEN - 01-08-2017 - 29-02-2020 - Regulier - kvo datum - 26-07-2019 - TTW;https://www.uitvoeringarbeidsvoorwaardenwetgeving.nl/mozard/!suite92.scherm1007?mObj=14665&mSelod=704731
234;234001;01/01/2017;01/04/2019;07/07/2017;cao_tekst_JZ_2017_2019_def_tekst_schoon_5_7_17.pdf;234 - JEUGDZORG - 01-01-2017 - 01-04-2019 - Regulier - kvo datum - 07-07-2017;https://www.uitvoeringarbeidsvoorwaardenwetgeving.nl/mozard/!suite92.scherm1007?mObj=7320&mSelod=704733
234;234002;01/01/2017;01/04/2019;22/05/2018;cao_tekst_JZ_2017_2019_versie_TTW_18_5_2018.pdf;234 - JEUGDZORG - 01-01-2017 - 01-04-2019 - Regulier - kvo datum - 22-05-2018 - TTW;https://www.uitvoeringarbeidsvoorwaardenwetgeving.nl/mozard/!suite92.scherm1007?mObj=7322&mSelod=704733
234;234003;01/01/2017;01/04/2019;24/08/2017;cao_tekst_JZ_2017_2019__23_8_17.pdf;234 - JEUGDZORG - 01-01-2017 - 01-04-2019 - Regulier - kvo datum - 24-08-2017;https://www.uitvoeringarbeidsvoorwaardenwetgeving.nl/mozard/!suite92.scherm1007?mObj=7321&mSelod=704733
234;234004;01/01/2021;31/12/2023;11/07/2022;Bijlage 11 _ cao jz 21-23_B11_ Functieboek aanmeld.pdf;234 - JEUGDZORG - 01-01-2021 - 31-12-2023 - Regulier - kvo datum - 11-07-2022;https://www.uitvoeringarbeidsvoorwaardenwetgeving.nl/mozard/!suite92.scherm1007?mObj=30494&mSelod=704733
234;234005;01/01/2024;31/12/2025;22/12/2023;Cao Jeugdzorg 2024- 2025 aanmeldversie.pdf;234 - JEUGDZORG - 01-01-2024 - 31-12-2025 - Regulier - kvo datum - 22-12-2023;https://www.uitvoeringarbeidsvoorwaardenwetgeving.nl/mozard/!suite92.scherm1007?mObj=40744&mSelod=704733
234;234006;01/01/2024;31/12/2026;10/12/2024;cao jeugdzorg aanmeldversie december 2024 compleet jk.pdf;234 - JEUGDZORG - 01-01-2024 - 31-12-2026 - Regulier - kvo datum - 10-12-2024 - TTW;https://www.uitvoeringarbeidsvoorwaardenwetgeving.nl/mozard/!suite92.scherm1007?mObj=45475&mSelod=704733
234;234007;01/01/2024;31/12/2026;25/07/2024;Cao Jeugdzorg 2024- 2025 aanmeldversie juli 2024 schoon.pdf;234 - JEUGDZORG - 01-01-2024 - 31-12-2026 - Regulier - kvo datum - 25-07-2024;https://www.uitvoeringarbeidsvoorwaardenwetgeving.nl/mozard/!suite92.scherm1007?mObj=43368&mSelod=704733
234;234008;01/04/2019;31/12/2020;23/12/2019;Aanmeldversie cao Jeugdzorg 19-20.docx.pdf;234 - JEUGDZORG - 01-04-2019 - 31-12-2020 - Regulier - kvo datum - 23-12-2019;https://www.uitvoeringarbeidsvoorwaardenwetgeving.nl/mozard/!suite92.scherm1007?mObj=15523&mSelod=704733
234;234009;01/05/2010;30/04/2011;11/02/2011;CAO Jeugdzorg 10-02-11schoon.pdf;234 - JEUGDZORG - 01-05-2010 - 30-04-2011 - Regulier - kvo datum - 11-02-2011 - TTW;https://www.uitvoeringarbeidsvoorwaardenwetgeving.nl/mozard/!suite92.scherm1007?mObj=7309&mSelod=704733
234;234010;01/05/2010;30/04/2011;17/12/2010;CAO Jeugdzorg versie 101215 versie 4.pdf;234 - JEUGDZORG - 01-05-2010 - 30-04-2011 - Regulier - kvo datum - 17-12-2010;https://www.uitvoeringarbeidsvoorwaardenwetgeving.nl/mozard/!suite92.scherm1007?mObj=7308&mSelod=704733
234;234011;01/05/2011;30/04/2012;02/05/2011;CAO_Jeugdzorg_28_04_11verlengd_schoon.pdf;234 - JEUGDZORG - 01-05-2011 - 30-04-2012 - Regulier - kvo datum - 02-05-2011;https://www.uitvoeringarbeidsvoorwaardenwetgeving.nl/mozard/!suite92.scherm1007?mObj=7310&mSelod=704733
234;234012;01/05/2011;30/04/2012;17/02/2012;CAO_Jeugdzorg_17_02_12wijz_art12_3_schoon.pdf;234 - JEUGDZORG - 01-05-2011 - 30-04-2012 - Regulier - kvo datum - 17-02-2012 - TTW;https://www.uitvoeringarbeidsvoorwaardenwetgeving.nl/mozard/!suite92.scherm1007?mObj=7311&mSelod=704733
234;234013;01/05/2011;30/04/2013;04/07/2012;Jeugdzorg_Cao_2011_2013_def020712.pdf;234 - JEUGDZORG - 01-05-2011 - 30-04-2013 - Regulier - kvo datum - 04-07-2012 - TTW;https://www.uitvoeringarbeidsvoorwaardenwetgeving.nl/mozard/!suite92.scherm1007?mObj=7313&mSelod=704733
234;234014;01/05/2011;30/04/2013;08/03/2013;CAO_JZ_2011_13_aanmelding_7_3_2013.pdf;234 - JEUGDZORG - 01-05-2011 - 30-04-2013 - Regulier - kvo datum - 08-03-2013 - TTW;https://www.uitvoeringarbeidsvoorwaardenwetgeving.nl/mozard/!suite92.scherm1007?mObj=7314&mSelod=704733
234;234015;01/05/2011;30/04/2013;15/06/2012;Jeugdzorg_Cao_2011_2013_def.pdf;234 - JEUGDZORG - 01-05-2011 - 30-04-2013 - Regulier - kvo datum - 15-06-2012;https://www.uitvoeringarbeidsvoorwaardenwetgeving.nl/mozard/!suite92.scherm1007?mObj=7312&mSelod=704733
234;234016;01/05/2011;30/04/2014;07/05/2013;CAO_JZ_2011_14_aanmelding_26_4_2013.pdf;234 - JEUGDZORG - 01-05-2011 - 30-04-2014 - Regulier - kvo datum - 07-05-2013;https://www.uitvoeringarbeidsvoorwaardenwetgeving.nl/mozard/!suite92.scherm1007?mObj=7315&mSelod=704733
234;234017;01/05/2014;30/04/2015;30/09/2014;cao_jeugdzorg_2014_2015_def.pdf;234 - JEUGDZORG - 01-05-2014 - 30-04-2015 - Regulier - kvo datum - 30-09-2014;https://www.uitvoeringarbeidsvoorwaardenwetgeving.nl/mozard/!suite92.scherm1007?mObj=7316&mSelod=704733
234;234018;01/05/2015;30/04/2016;26/05/2015;cao_jeugdzorg_2014_2016_Aanmeldversie_compleet.pdf;234 - JEUGDZORG - 01-05-2015 - 30-04-2016 - Regulier - kvo datum - 26-05-2015;https://www.uitvoeringarbeidsvoorwaardenwetgeving.nl/mozard/!suite92.scherm1007?mObj=7317&mSelod=704733
234;234019;01/05/2015;31/12/2016;29/03/2016;cao_tekst_JZ_2015_2016_def_met_bijlagen_1_tm_10.pdf;234 - JEUGDZORG - 01-05-2015 - 31-12-2016 - Regulier - kvo datum - 29-03-2016;https://www.uitvoeringarbeidsvoorwaardenwetgeving.nl/mozard/!suite92.scherm1007?mObj=7318&mSelod=704733
234;234020;01/05/2015;31/12/2017;15/03/2017;cao_JZ_2015__2017_tm_B11.pdf;234 - JEUGDZORG - 01-05-2015 - 31-12-2017 - Regulier - kvo datum - 15-03-2017;https://www.uitvoeringarbeidsvoorwaardenwetgeving.nl/mozard/!suite92.scherm1007?mObj=7319&mSelod=704733
833;833001;01/01/2009;31/12/2010;17/06/2010;cao woondiensten en handboek.pdf;833 - WOONDIENSTEN - 01-01-2009 - 31-12-2010 - Regulier - kvo datum - 17-06-2010;https://www.uitvoeringarbeidsvoorwaardenwetgeving.nl/mozard/!suite92.scherm1007?mObj=8771&mSelod=704735
833;833002;01/01/2011;31/12/2011;12/05/2011;Woondiensten_2011_caotekst_en_handboek.pdf;833 - WOONDIENSTEN - 01-01-2011 - 31-12-2011 - Regulier - kvo datum - 12-05-2011;https://www.uitvoeringarbeidsvoorwaardenwetgeving.nl/mozard/!suite92.scherm1007?mObj=8772&mSelod=704735
833;833003;01/01/2012;31/12/2012;06/07/2012;Woondiensten_cao_en_handboek.pdf;833 - WOONDIENSTEN - 01-01-2012 - 31-12-2012 - Regulier - kvo datum - 06-07-2012;https://www.uitvoeringarbeidsvoorwaardenwetgeving.nl/mozard/!suite92.scherm1007?mObj=8773&mSelod=704735
833;833004;01/01/2013;30/06/2013;17/04/2013;CAO_Woondiensten_2013_tm_juni_definitieve_tekst.pdf;833 - WOONDIENSTEN - 01-01-2013 - 30-06-2013 - Regulier - kvo datum - 17-04-2013;https://www.uitvoeringarbeidsvoorwaardenwetgeving.nl/mozard/!suite92.scherm1007?mObj=8774&mSelod=704735
833;833005;01/01/2017;31/12/2018;16/08/2018;CAO_Woondiensten_2017_2018.pdf;833 - WOONDIENSTEN - 01-01-2017 - 31-12-2018 - Regulier - kvo datum - 16-08-2018;https://www.uitvoeringarbeidsvoorwaardenwetgeving.nl/mozard/!suite92.scherm1007?mObj=8777&mSelod=704735
833;833006;01/01/2019;31/12/2020;10/10/2019;cao tekst woondiensten.pdf;833 - WOONDIENSTEN - 01-01-2019 - 31-12-2020 - Regulier - kvo datum - 10-10-2019;https://www.uitvoeringarbeidsvoorwaardenwetgeving.nl/mozard/!suite92.scherm1007?mObj=15029&mSelod=704735
833;833007;01/01/2019;31/12/2020;24/12/2019;Overzicht renvooi CAO Woondiensten 2019-2020.docx.pdf;833 - WOONDIENSTEN - 01-01-2019 - 31-12-2020 - Regulier - kvo datum - 24-12-2019 - TTW;https://www.uitvoeringarbeidsvoorwaardenwetgeving.nl/mozard/!suite92.scherm1007?mObj=15537&mSelod=704735
833;833008;01/01/2021;31/12/2021;28/04/2021;CAO Woondiensten 2021.pdf;833 - WOONDIENSTEN - 01-01-2021 - 31-12-2021 - Regulier - kvo datum - 28-04-2021;https://www.uitvoeringarbeidsvoorwaardenwetgeving.nl/mozard/!suite92.scherm1007?mObj=22643&mSelod=704735
833;833009;01/01/2022;31/03/2025;09/09/2022;CAO-Woondiensten 2022-2023 versie 01-09-2022.pdf;833 - WOONDIENSTEN - 01-01-2022 - 31-03-2025 - Regulier - kvo datum - 09-09-2022;https://www.uitvoeringarbeidsvoorwaardenwetgeving.nl/mozard/!suite92.scherm1007?mObj=31206&mSelod=704735
833;833010;01/01/2024;31/03/2025;15/07/2024;CAO Woondiensten 2024-2025 def (25 juni 2024).pdf;833 - WOONDIENSTEN - 01-01-2024 - 31-03-2025 - Regulier - kvo datum - 15-07-2024;https://www.uitvoeringarbeidsvoorwaardenwetgeving.nl/mozard/!suite92.scherm1007?mObj=43289&mSelod=704735
833;833011;01/07/2013;01/01/2014;18/10/2013;CAO_Woondiensten_inclusief_Handboek.pdf;833 - WOONDIENSTEN - 01-07-2013 - 01-01-2014 - Regulier - kvo datum - 18-10-2013;https://www.uitvoeringarbeidsvoorwaardenwetgeving.nl/mozard/!suite92.scherm1007?mObj=8775&mSelod=704735
833;833012;02/01/2014;31/12/2016;22/12/2015;CAO_Woondiensten_2014_2016_word.pdf;833 - WOONDIENSTEN - 02-01-2014 - 31-12-2016 - Regulier - kvo datum - 22-12-2015;https://www.uitvoeringarbeidsvoorwaardenwetgeving.nl/mozard/!suite92.scherm1007?mObj=8776&mSelod=704735
1165;1165001;01/01/2019;31/12/2020;02/07/2019;cao 1 januari 2019 - 31 december 2020, definitief aangepast versie 1 juli.docx.pdf;1165 - RECREATIE - 01-01-2019 - 31-12-2020 - Regulier - kvo datum - 02-07-2019 - TTW;https://www.uitvoeringarbeidsvoorwaardenwetgeving.nl/mozard/!suite92.scherm1007?mObj=14543&mSelod=704737
1165;1165002;01/01/2019;31/12/2020;13/06/2019;cao 1 januari 2019 - 31 december 2020, definitief aangepast.docx .pdf;1165 - RECREATIE - 01-01-2019 - 31-12-2020 - Regulier - kvo datum - 13-06-2019 - TTW;https://www.uitvoeringarbeidsvoorwaardenwetgeving.nl/mozard/!suite92.scherm1007?mObj=14241&mSelod=704737
1165;1165003;01/01/2019;31/12/2020;20/08/2019;cao 1 januari 2019 - 31 december 2020, definitief aangepast versie augustus 2019.pdf;1165 - RECREATIE - 01-01-2019 - 31-12-2020 - Regulier - kvo datum - 20-08-2019 - TTW;https://www.uitvoeringarbeidsvoorwaardenwetgeving.nl/mozard/!suite92.scherm1007?mObj=14783&mSelod=704737
1165;1165004;01/01/2019;31/12/2021;20/04/2021;cao 1 januari 2021 - 31 december 2021, defintief.pdf;1165 - RECREATIE - 01-01-2019 - 31-12-2021 - Regulier - kvo datum - 20-04-2021 - TTW;https://www.uitvoeringarbeidsvoorwaardenwetgeving.nl/mozard/!suite92.scherm1007?mObj=22621&mSelod=704737
1165;1165005;01/01/2019;31/12/2021;27/05/2019;cao 1 januari 2019 - 31 december 2020, definitief.docx .pdf;1165 - RECREATIE - 01-01-2019 - 31-12-2021 - Regulier - kvo datum - 27-05-2019;https://www.uitvoeringarbeidsvoorwaardenwetgeving.nl/mozard/!suite92.scherm1007?mObj=14188&mSelod=704737
1165;1165006;01/01/2022;31/12/2023;07/04/2022;cao 1 januari 2022 - 31 december 2023 definitief 01042022.pdf;1165 - RECREATIE - 01-01-2022 - 31-12-2023 - Regulier - kvo datum - 07-04-2022;https://www.uitvoeringarbeidsvoorwaardenwetgeving.nl/mozard/!suite92.scherm1007?mObj=29223&mSelod=704737
1165;1165007;01/01/2022;31/12/2023;12/01/2023;cao 1 januari 2022 - 31 december 2023 definitief 28122022.pdf;1165 - RECREATIE - 01-01-2022 - 31-12-2023 - Regulier - kvo datum - 12-01-2023;https://www.uitvoeringarbeidsvoorwaardenwetgeving.nl/mozard/!suite92.scherm1007?mObj=33730&mSelod=704737
1165;1165008;01/01/2022;31/12/2023;13/05/2022;cao 1 januari 2022 - 31 december 2023 definitief 12052022.pdf;1165 - RECREATIE - 01-01-2022 - 31-12-2023 - Regulier - kvo datum - 13-05-2022;https://www.uitvoeringarbeidsvoorwaardenwetgeving.nl/mozard/!suite92.scherm1007?mObj=29765&mSelod=704737
1165;1165009;01/01/2022;31/12/2023;22/04/2022;cao 1 januari 2022 - 31 december 2023 definitief 21042022.pdf;1165 - RECREATIE - 01-01-2022 - 31-12-2023 - Regulier - kvo datum - 22-04-2022;https://www.uitvoeringarbeidsvoorwaardenwetgeving.nl/mozard/!suite92.scherm1007?mObj=29405&mSelod=704737
1165;1165010;01/01/2022;31/12/2023;23/01/2023;cao 1 januari 2022 - 31 december 2023 definitief 23012023.pdf;1165 - RECREATIE - 01-01-2022 - 31-12-2023 - Regulier - kvo datum - 23-01-2023 - TTW;https://www.uitvoeringarbeidsvoorwaardenwetgeving.nl/mozard/!suite92.scherm1007?mObj=34155&mSelod=704737
1165;1165011;01/01/2024;31/12/2025;02/07/2024;cao-recreatie 2024 - 2025 herschreven versie opgemaakt definitief 25062024.pdf;1165 - RECREATIE - 01-01-2024 - 31-12-2025 - Regulier - kvo datum - 02-07-2024 - TTW;https://www.uitvoeringarbeidsvoorwaardenwetgeving.nl/mozard/!suite92.scherm1007?mObj=43173&mSelod=704737
1165;1165012;01/01/2024;31/12/2025;16/04/2025;Cao Recreatie, definitief versie 14042025.pdf;1165 - RECREATIE - 01-01-2024 - 31-12-2025 - Regulier - kvo datum - 16-04-2025 - TTW;https://www.uitvoeringarbeidsvoorwaardenwetgeving.nl/mozard/!suite92.scherm1007?mObj=47757&mSelod=704737
1165;1165013;01/01/2024;31/12/2025;20/12/2024;cao-recreatie 2024 - 2025 definitief 25062024 - versie 28112024 ivm WML per 1 januari 2025.pdf;1165 - RECREATIE - 01-01-2024 - 31-12-2025 - Regulier - kvo datum - 20-12-2024 - TTW;https://www.uitvoeringarbeidsvoorwaardenwetgeving.nl/mozard/!suite92.scherm1007?mObj=45745&mSelod=704737
1165;1165014;01/01/2024;31/12/2025;23/05/2024;cao-recreatie 2024 - 2025 herschreven versie opgemaakt definitief 21052024.pdf;1165 - RECREATIE - 01-01-2024 - 31-12-2025 - Regulier - kvo datum - 23-05-2024;https://www.uitvoeringarbeidsvoorwaardenwetgeving.nl/mozard/!suite92.scherm1007?mObj=42763&mSelod=704737
1165;1165015;01/01/2024;31/12/2025;29/04/2025;Cao Recreatie, definitief versie 29042025.pdf;1165 - RECREATIE - 01-01-2024 - 31-12-2025 - Regulier - kvo datum - 29-04-2025 - TTW;https://www.uitvoeringarbeidsvoorwaardenwetgeving.nl/mozard/!suite92.scherm1007?mObj=47932&mSelod=704737
1165;1165016;01/07/2010;30/06/2012;04/04/2012;cao_2010_2012_definitieve_versie_april_2012.pdf;1165 - RECREATIE - 01-07-2010 - 30-06-2012 - Regulier - kvo datum - 04-04-2012 - TTW;https://www.uitvoeringarbeidsvoorwaardenwetgeving.nl/mozard/!suite92.scherm1007?mObj=9383&mSelod=704737
1165;1165017;01/07/2012;30/06/2013;19/07/2012;cao_recreatie_2012_2013_definitieve_versie.pdf;1165 - RECREATIE - 01-07-2012 - 30-06-2013 - Regulier - kvo datum - 19-07-2012;https://www.uitvoeringarbeidsvoorwaardenwetgeving.nl/mozard/!suite92.scherm1007?mObj=9384&mSelod=704737
1165;1165018;01/07/2013;30/06/2014;04/09/2013;cao_Recreatie_2013_2014_def__versie.pdf;1165 - RECREATIE - 01-07-2013 - 30-06-2014 - Regulier - kvo datum - 04-09-2013;https://www.uitvoeringarbeidsvoorwaardenwetgeving.nl/mozard/!suite92.scherm1007?mObj=9385&mSelod=704737
1165;1165019;01/07/2013;30/06/2014;06/05/2014;Def_tekst_Ttw_cao_R.pdf;1165 - RECREATIE - 01-07-2013 - 30-06-2014 - Regulier - kvo datum - 06-05-2014 - TTW;https://www.uitvoeringarbeidsvoorwaardenwetgeving.nl/mozard/!suite92.scherm1007?mObj=9386&mSelod=704737
1165;1165020;01/07/2014;30/06/2016;07/04/2015;recreatie_definitief.pdf;1165 - RECREATIE - 01-07-2014 - 30-06-2016 - Regulier - kvo datum - 07-04-2015;https://www.uitvoeringarbeidsvoorwaardenwetgeving.nl/mozard/!suite92.scherm1007?mObj=9387&mSelod=704737
1165;1165021;01/07/2014;30/06/2016;14/04/2015;recreatie_definitief_1.pdf;1165 - RECREATIE - 01-07-2014 - 30-06-2016 - Regulier - kvo datum - 14-04-2015 - TTW;https://www.uitvoeringarbeidsvoorwaardenwetgeving.nl/mozard/!suite92.scherm1007?mObj=9388&mSelod=704737
1165;1165022;01/07/2016;30/06/2017;12/08/2016;cao_definitief_2_0_nav_opm_drukproef.pdf;1165 - RECREATIE - 01-07-2016 - 30-06-2017 - Regulier - kvo datum - 12-08-2016 - TTW;https://www.uitvoeringarbeidsvoorwaardenwetgeving.nl/mozard/!suite92.scherm1007?mObj=9390&mSelod=704737
1165;1165023;01/07/2016;30/06/2017;20/07/2016;cao_definitief.pdf;1165 - RECREATIE - 01-07-2016 - 30-06-2017 - Regulier - kvo datum - 20-07-2016;https://www.uitvoeringarbeidsvoorwaardenwetgeving.nl/mozard/!suite92.scherm1007?mObj=9389&mSelod=704737
1165;1165024;01/07/2016;30/06/2017;23/09/2016;cao_definitief_3_0_nav_opmerkingen_szw_avv.pdf;1165 - RECREATIE - 01-07-2016 - 30-06-2017 - Regulier - kvo datum - 23-09-2016 - TTW;https://www.uitvoeringarbeidsvoorwaardenwetgeving.nl/mozard/!suite92.scherm1007?mObj=9392&mSelod=704737
1165;1165025;01/07/2017;31/12/2018;02/08/2017;cao_definitief_3_0.pdf;1165 - RECREATIE - 01-07-2017 - 31-12-2018 - Regulier - kvo datum - 02-08-2017 - TTW;https://www.uitvoeringarbeidsvoorwaardenwetgeving.nl/mozard/!suite92.scherm1007?mObj=9395&mSelod=704737
1165;1165026;01/07/2017;31/12/2018;06/12/2017;cao_definitief_5_0.pdf;1165 - RECREATIE - 01-07-2017 - 31-12-2018 - Regulier - kvo datum - 06-12-2017 - TTW;https://www.uitvoeringarbeidsvoorwaardenwetgeving.nl/mozard/!suite92.scherm1007?mObj=9398&mSelod=704737
1165;1165027;01/07/2017;31/12/2018;12/07/2017;cao_definitief_1.pdf;1165 - RECREATIE - 01-07-2017 - 31-12-2018 - Regulier - kvo datum - 12-07-2017;https://www.uitvoeringarbeidsvoorwaardenwetgeving.nl/mozard/!suite92.scherm1007?mObj=9393&mSelod=704737
1165;1165028;01/07/2017;31/12/2018;12/08/2017;cao_definitief_4_0.pdf;1165 - RECREATIE - 01-07-2017 - 31-12-2018 - Regulier - kvo datum - 12-08-2017 - TTW;https://www.uitvoeringarbeidsvoorwaardenwetgeving.nl/mozard/!suite92.scherm1007?mObj=9396&mSelod=704737
1165;1165029;01/07/2017;31/12/2018;26/07/2017;cao_definitief_2_0.pdf;1165 - RECREATIE - 01-07-2017 - 31-12-2018 - Regulier - kvo datum - 26-07-2017 - TTW;https://www.uitvoeringarbeidsvoorwaardenwetgeving.nl/mozard/!suite92.scherm1007?mObj=9394&mSelod=704737
1165;1165030;01/07/2017;31/12/2018;30/08/2017;handboek_compleet.pdf;1165 - RECREATIE - 01-07-2017 - 31-12-2018 - Regulier - kvo datum - 30-08-2017 - TTW;https://www.uitvoeringarbeidsvoorwaardenwetgeving.nl/mozard/!suite92.scherm1007?mObj=9397&mSelod=704737
679;679001;01/01/2009;31/12/2013;15/11/2012;Taxivervoer_CAO_aann__CAO_627.pdf;679 - TAXIVERVOER - 01-01-2009 - 31-12-2013 - Regulier - kvo datum - 15-11-2012 - TTW;https://www.uitvoeringarbeidsvoorwaardenwetgeving.nl/mozard/!suite92.scherm1007?mObj=8148&mSelod=704739
679;679002;01/01/2009;31/12/2013;23/01/2013;CAO_tekst_Taxi_cao_nr__679.pdf;679 - TAXIVERVOER - 01-01-2009 - 31-12-2013 - Regulier - kvo datum - 23-01-2013 - TTW;https://www.uitvoeringarbeidsvoorwaardenwetgeving.nl/mozard/!suite92.scherm1007?mObj=8149&mSelod=704739
679;679003;01/01/2009;31/12/2013;24/01/2012;Taxivervoer_2009_2013_integrale_cao.pdf;679 - TAXIVERVOER - 01-01-2009 - 31-12-2013 - Regulier - kvo datum - 24-01-2012;https://www.uitvoeringarbeidsvoorwaardenwetgeving.nl/mozard/!suite92.scherm1007?mObj=8147&mSelod=704739
679;679004;01/01/2009;31/12/2013;28/12/2010;cao tekst Taxivervoer.pdf;679 - TAXIVERVOER - 01-01-2009 - 31-12-2013 - Regulier - kvo datum - 28-12-2010 - TTW;https://www.uitvoeringarbeidsvoorwaardenwetgeving.nl/mozard/!suite92.scherm1007?mObj=8146&mSelod=704739
679;679005;01/01/2014;31/12/2015;01/10/2014;CAO_tekst_Taxivervoer_2014_2015.pdf;679 - TAXIVERVOER - 01-01-2014 - 31-12-2015 - Regulier - kvo datum - 01-10-2014 - TTW;https://www.uitvoeringarbeidsvoorwaardenwetgeving.nl/mozard/!suite92.scherm1007?mObj=8151&mSelod=704739
679;679006;01/01/2014;31/12/2015;06/01/2014;CAO_tekst_Taxivervoer_2014_2015_v5_nette_versie.pdf;679 - TAXIVERVOER - 01-01-2014 - 31-12-2015 - Regulier - kvo datum - 06-01-2014;https://www.uitvoeringarbeidsvoorwaardenwetgeving.nl/mozard/!suite92.scherm1007?mObj=8150&mSelod=704739
679;679007;01/01/2016;30/06/2016;01/12/2015;CAO_Taxi_Vervoer_2016.pdf;679 - TAXIVERVOER - 01-01-2016 - 30-06-2016 - Regulier - kvo datum - 01-12-2015;https://www.uitvoeringarbeidsvoorwaardenwetgeving.nl/mozard/!suite92.scherm1007?mObj=8152&mSelod=704739
679;679008;01/01/2019;31/12/2020;07/02/2019;TTW_CAO_Taxivervoer_2019_2020.pdf;679 - TAXIVERVOER - 01-01-2019 - 31-12-2020 - Regulier - kvo datum - 07-02-2019 - TTW;https://www.uitvoeringarbeidsvoorwaardenwetgeving.nl/mozard/!suite92.scherm1007?mObj=8160&mSelod=704739
679;679009;01/01/2019;31/12/2020;07/07/2020;TTW CAO Taxivervoer 2019 2020 v220620 DEF.docx.pdf;679 - TAXIVERVOER - 01-01-2019 - 31-12-2020 - Regulier - kvo datum - 07-07-2020 - TTW;https://www.uitvoeringarbeidsvoorwaardenwetgeving.nl/mozard/!suite92.scherm1007?mObj=17346&mSelod=704739
679;679010;01/01/2019;31/12/2020;11/05/2020;TTW CAO Taxivervoer 2019 2020 v260420 DEF.docx.pdf;679 - TAXIVERVOER - 01-01-2019 - 31-12-2020 - Regulier - kvo datum - 11-05-2020 - TTW;https://www.uitvoeringarbeidsvoorwaardenwetgeving.nl/mozard/!suite92.scherm1007?mObj=16407&mSelod=704739
679;679011;01/01/2019;31/12/2020;11/09/2018;CAO_Taxivervoer_2019_2020_NET.pdf;679 - TAXIVERVOER - 01-01-2019 - 31-12-2020 - Regulier - kvo datum - 11-09-2018 - TTW;https://www.uitvoeringarbeidsvoorwaardenwetgeving.nl/mozard/!suite92.scherm1007?mObj=8159&mSelod=704739
679;679012;01/01/2019;31/12/2020;26/03/2020;TTW CAO Taxivervoer 2019 2020 v050320 DEF NET.docx.pdf;679 - TAXIVERVOER - 01-01-2019 - 31-12-2020 - Regulier - kvo datum - 26-03-2020 - TTW;https://www.uitvoeringarbeidsvoorwaardenwetgeving.nl/mozard/!suite92.scherm1007?mObj=16059&mSelod=704739
679;679013;01/01/2019;31/12/2020;31/07/2018;CAO_Taxivervoer_2019_2020_NET_1.pdf;679 - TAXIVERVOER - 01-01-2019 - 31-12-2020 - Regulier - kvo datum - 31-07-2018;https://www.uitvoeringarbeidsvoorwaardenwetgeving.nl/mozard/!suite92.scherm1007?mObj=8158&mSelod=704739
679;679014;01/01/2021;31/12/2021;27/11/2020;CAO Taxivervoer 2021 NET v231120.docx.pdf;679 - TAXIVERVOER - 01-01-2021 - 31-12-2021 - Regulier - kvo datum - 27-11-2020 - TTW;https://www.uitvoeringarbeidsvoorwaardenwetgeving.nl/mozard/!suite92.scherm1007?mObj=20809&mSelod=704739
679;679015;01/01/2021;31/12/2021;28/10/2020;CAO Taxivervoer 2021 NET.docx.pdf;679 - TAXIVERVOER - 01-01-2021 - 31-12-2021 - Regulier - kvo datum - 28-10-2020;https://www.uitvoeringarbeidsvoorwaardenwetgeving.nl/mozard/!suite92.scherm1007?mObj=20030&mSelod=704739
679;679016;01/07/2016;30/06/2017;05/10/2016;Taxivervoer_1_juli_2016_tot_en_met_30_juni_2017.pdf;679 - TAXIVERVOER - 01-07-2016 - 30-06-2017 - Regulier - kvo datum - 05-10-2016 - TTW;https://www.uitvoeringarbeidsvoorwaardenwetgeving.nl/mozard/!suite92.scherm1007?mObj=8155&mSelod=704739
679;679017;01/07/2016;30/06/2017;12/08/2016;cao_taxivervoer_2016___2017.pdf;679 - TAXIVERVOER - 01-07-2016 - 30-06-2017 - Regulier - kvo datum - 12-08-2016 - TTW;https://www.uitvoeringarbeidsvoorwaardenwetgeving.nl/mozard/!suite92.scherm1007?mObj=8154&mSelod=704739
679;679018;01/07/2016;30/06/2017;28/06/2016;cao_taxivervoer_2016___2017_1.pdf;679 - TAXIVERVOER - 01-07-2016 - 30-06-2017 - Regulier - kvo datum - 28-06-2016;https://www.uitvoeringarbeidsvoorwaardenwetgeving.nl/mozard/!suite92.scherm1007?mObj=8153&mSelod=704739
679;679019;01/07/2017;31/12/2018;07/11/2017;CAO_Taxivervoer_2017_2018.pdf;679 - TAXIVERVOER - 01-07-2017 - 31-12-2018 - Regulier - kvo datum - 07-11-2017;https://www.uitvoeringarbeidsvoorwaardenwetgeving.nl/mozard/!suite92.scherm1007?mObj=8156&mSelod=704739
679;679020;01/07/2017;31/12/2018;10/04/2018;TTW_CAO_Taxivervoer_2017_2018.pdf;679 - TAXIVERVOER - 01-07-2017 - 31-12-2018 - Regulier - kvo datum - 10-04-2018 - TTW;https://www.uitvoeringarbeidsvoorwaardenwetgeving.nl/mozard/!suite92.scherm1007?mObj=8157&mSelod=704739
679;679021;01/01/2022;31/12/2022;16/02/2022;CAO Zorgvervoer en Taxi 2022, definitief incl inhoudsopgave februari 2022.pdf;679 - ZORGVERVOER EN TAXI - 01-01-2022 - 31-12-2022 - Regulier - kvo datum - 16-02-2022;https://www.uitvoeringarbeidsvoorwaardenwetgeving.nl/mozard/!suite92.scherm1007?mObj=27297&mSelod=704739
679;679022;01/01/2022;31/12/2022;18/01/2022;CAO Zorgvervoer en Taxi 2022, definitief.pdf;679 - ZORGVERVOER EN TAXI - 01-01-2022 - 31-12-2022 - Regulier - kvo datum - 18-01-2022;https://www.uitvoeringarbeidsvoorwaardenwetgeving.nl/mozard/!suite92.scherm1007?mObj=25911&mSelod=704739
679;679023;01/01/2022;31/12/2022;26/09/2022;CAO Zorgvervoer en Taxi 2022, definitief incl inhoudsopgave september2022.pdf;679 - ZORGVERVOER EN TAXI - 01-01-2022 - 31-12-2022 - Regulier - kvo datum - 26-09-2022;https://www.uitvoeringarbeidsvoorwaardenwetgeving.nl/mozard/!suite92.scherm1007?mObj=31330&mSelod=704739
679;679024;01/01/2023;30/06/2024;09/01/2023;CAO Zorgvervoer en Taxi 2023 06012023.pdf;679 - ZORGVERVOER EN TAXI - 01-01-2023 - 30-06-2024 - Regulier - kvo datum - 09-01-2023;https://www.uitvoeringarbeidsvoorwaardenwetgeving.nl/mozard/!suite92.scherm1007?mObj=33459&mSelod=704739
679;679025;01/01/2023;30/06/2024;22/04/2024;CAO Zorgvervoer en Taxi 2023-2024 180424 def. tekst.pdf;679 - ZORGVERVOER EN TAXI - 01-01-2023 - 30-06-2024 - Regulier - kvo datum - 22-04-2024 - TTW;https://www.uitvoeringarbeidsvoorwaardenwetgeving.nl/mozard/!suite92.scherm1007?mObj=42503&mSelod=704739
679;679026;01/01/2023;30/06/2024;23/05/2024;CAO Zorgvervoer en Taxi 2023-2024 170524 definitieve tekst.pdf;679 - ZORGVERVOER EN TAXI - 01-01-2023 - 30-06-2024 - Regulier - kvo datum - 23-05-2024 - TTW;https://www.uitvoeringarbeidsvoorwaardenwetgeving.nl/mozard/!suite92.scherm1007?mObj=42769&mSelod=704739
679;679027;01/07/2024;31/12/2025;10/02/2025;CAO Zorgvervoer en Taxi 2024-2025 definitieve tekst 100125.pdf;679 - ZORGVERVOER EN TAXI - 01-07-2024 - 31-12-2025 - Regulier - kvo datum - 10-02-2025 - TTW;https://www.uitvoeringarbeidsvoorwaardenwetgeving.nl/mozard/!suite92.scherm1007?mObj=46585&mSelod=704739
679;679028;01/07/2024;31/12/2025;28/11/2024;CAO Zorgvervoer en Taxi 2024-2025 definitieve tekst 221124.pdf;679 - ZORGVERVOER EN TAXI - 01-07-2024 - 31-12-2025 - Regulier - kvo datum - 28-11-2024;https://www.uitvoeringarbeidsvoorwaardenwetgeving.nl/mozard/!suite92.scherm1007?mObj=45145&mSelod=704739
725;725001;01/01/2021;31/12/2021;13/04/2021;2104-0817 integrale cao GGI met 3e ttw.pdf;725 - GROEN, GROND EN INFRASTRUCTUUR - 01-01-2021 - 31-12-2021 - Regulier - kvo datum - 13-04-2021 - TTW;https://www.uitvoeringarbeidsvoorwaardenwetgeving.nl/mozard/!suite92.scherm1007?mObj=22593&mSelod=704741
725;725002;01/01/2021;31/12/2021;16/03/2021;2103-1098 cao GGI met 2e TTW.pdf;725 - GROEN, GROND EN INFRASTRUCTUUR - 01-01-2021 - 31-12-2021 - Regulier - kvo datum - 16-03-2021 - TTW;https://www.uitvoeringarbeidsvoorwaardenwetgeving.nl/mozard/!suite92.scherm1007?mObj=22291&mSelod=704741
725;725003;01/01/2021;31/12/2021;22/12/2020;cao GGI incl tref woorden def versie 2.docx.pdf;725 - GROEN, GROND EN INFRASTRUCTUUR - 01-01-2021 - 31-12-2021 - Regulier - kvo datum - 22-12-2020;https://www.uitvoeringarbeidsvoorwaardenwetgeving.nl/mozard/!suite92.scherm1007?mObj=21174&mSelod=704741
725;725004;01/01/2021;31/12/2021;25/01/2021;2012-1466 cao GGI incl.ttw def.docx.pdf;725 - GROEN, GROND EN INFRASTRUCTUUR - 01-01-2021 - 31-12-2021 - Regulier - kvo datum - 25-01-2021 - TTW;https://www.uitvoeringarbeidsvoorwaardenwetgeving.nl/mozard/!suite92.scherm1007?mObj=21591&mSelod=704741
725;725005;01/01/2022;31/12/2023;02/02/2022;cao GGI 1 januari 2022 tm 31 december 2023 integraal.pdf;725 - GROEN, GROND EN INFRASTRUCTUUR - 01-01-2022 - 31-12-2023 - Regulier - kvo datum - 02-02-2022;https://www.uitvoeringarbeidsvoorwaardenwetgeving.nl/mozard/!suite92.scherm1007?mObj=26600&mSelod=704741
725;725006;01/01/2022;31/12/2023;20/12/2022;2212-0813 defintieve tekst cao GGI met ttw per 1 januari 2023.pdf;725 - GROEN, GROND EN INFRASTRUCTUUR - 01-01-2022 - 31-12-2023 - Regulier - kvo datum - 20-12-2022;https://www.uitvoeringarbeidsvoorwaardenwetgeving.nl/mozard/!suite92.scherm1007?mObj=32440&mSelod=704741
725;725007;01/01/2022;31/12/2023;28/12/2022;2212-0813b defintieve tekst cao GGI met 1e ttw per 1 januari 2023.pdf;725 - GROEN, GROND EN INFRASTRUCTUUR - 01-01-2022 - 31-12-2023 - Regulier - kvo datum - 28-12-2022;https://www.uitvoeringarbeidsvoorwaardenwetgeving.nl/mozard/!suite92.scherm1007?mObj=32864&mSelod=704741
725;725008;01/01/2024;31/12/2024;22/02/2024;Integrale tekst cao Groen, Grond en Infrastructuur 1 januari 2024 - 31 december 2024.pdf;725 - GROEN, GROND EN INFRASTRUCTUUR - 01-01-2024 - 31-12-2024 - Regulier - kvo datum - 22-02-2024;https://www.uitvoeringarbeidsvoorwaardenwetgeving.nl/mozard/!suite92.scherm1007?mObj=41940&mSelod=704741
725;725009;01/01/2024;31/12/2024;29/05/2024;Eindtekst cao Groen, Grond en Infrastructuur 1 januari 2024 - 31 december 2024 incl. 1e ttw per 1 januari 2024.pdf;725 - GROEN, GROND EN INFRASTRUCTUUR - 01-01-2024 - 31-12-2024 - Regulier - kvo datum - 29-05-2024 - TTW;https://www.uitvoeringarbeidsvoorwaardenwetgeving.nl/mozard/!suite92.scherm1007?mObj=42844&mSelod=704741
725;725010;01/01/2025;30/09/2026;04/03/2025;Eindtekst cao Groen, Grond en Infrastructuur 1 januari 2025 - 30 september 2026.pdf;725 - GROEN, GROND EN INFRASTRUCTUUR - 01-01-2025 - 30-09-2026 - Regulier - kvo datum - 04-03-2025;https://www.uitvoeringarbeidsvoorwaardenwetgeving.nl/mozard/!suite92.scherm1007?mObj=47001&mSelod=704741
725;725011;01/01/2025;30/09/2026;22/04/2025;Eindtekst cao Groen, Grond en Infrastructuur 1 januari 2025 - 30 september 2026 incl. 1e ttw per 1 januari 2025.pdf;725 - GROEN, GROND EN INFRASTRUCTUUR - 01-01-2025 - 30-09-2026 - Regulier - kvo datum - 22-04-2025 - TTW;https://www.uitvoeringarbeidsvoorwaardenwetgeving.nl/mozard/!suite92.scherm1007?mObj=47817&mSelod=704741
725;725012;01/01/2016;30/04/2016;15/01/2016;verlengde_cao_LEO__inclusief_ttw_1_maart_2016.pdf;725 - LANDBOUWWERKTUIGEN EXPLOITERENDE ONDERNEMINGEN - 01-01-2016 - 30-04-2016 - Regulier - kvo datum - 15-01-2016 - TTW;https://www.uitvoeringarbeidsvoorwaardenwetgeving.nl/mozard/!suite92.scherm1007?mObj=8260&mSelod=704741
725;725013;01/04/2010;01/01/2012;04/05/2011;CAO_LEO__1_april_2010_tot_en_met_1_januari_2012.pdf;725 - LANDBOUWWERKTUIGEN EXPLOITERENDE ONDERNEMINGEN - 01-04-2010 - 01-01-2012 - Regulier - kvo datum - 04-05-2011;https://www.uitvoeringarbeidsvoorwaardenwetgeving.nl/mozard/!suite92.scherm1007?mObj=8254&mSelod=704741
725;725014;01/05/2016;30/06/2017;02/09/2016;cao_LEO_1mei_2016_tot_en_met_30_juni_2017.pdf;725 - LANDBOUWWERKTUIGEN EXPLOITERENDE ONDERNEMINGEN - 01-05-2016 - 30-06-2017 - Regulier - kvo datum - 02-09-2016;https://www.uitvoeringarbeidsvoorwaardenwetgeving.nl/mozard/!suite92.scherm1007?mObj=8261&mSelod=704741
725;725015;01/07/2013;30/06/2014;17/07/2013;cao_leo_1_juli_2013_tm_30_juni_2014__20130716N_.pdf;725 - LANDBOUWWERKTUIGEN EXPLOITERENDE ONDERNEMINGEN - 01-07-2013 - 30-06-2014 - Regulier - kvo datum - 17-07-2013;https://www.uitvoeringarbeidsvoorwaardenwetgeving.nl/mozard/!suite92.scherm1007?mObj=8257&mSelod=704741
725;725016;01/07/2014;31/12/2015;17/06/2015;cao_leo_1_juli_2014___31_december_2015tekst_def.pdf;725 - LANDBOUWWERKTUIGEN EXPLOITERENDE ONDERNEMINGEN - 01-07-2014 - 31-12-2015 - Regulier - kvo datum - 17-06-2015;https://www.uitvoeringarbeidsvoorwaardenwetgeving.nl/mozard/!suite92.scherm1007?mObj=8258&mSelod=704741
725;725017;01/07/2017;30/06/2019;11/07/2018;cao_LEO__ttw_per_1_juli_2018.pdf;725 - LANDBOUWWERKTUIGEN EXPLOITERENDE ONDERNEMINGEN - 01-07-2017 - 30-06-2019 - Regulier - kvo datum - 11-07-2018 - TTW;https://www.uitvoeringarbeidsvoorwaardenwetgeving.nl/mozard/!suite92.scherm1007?mObj=8263&mSelod=704741
725;725018;01/07/2017;30/06/2019;28/03/2018;LEO_2017_2019.pdf;725 - LANDBOUWWERKTUIGEN EXPLOITERENDE ONDERNEMINGEN - 01-07-2017 - 30-06-2019 - Regulier - kvo datum - 28-03-2018;https://www.uitvoeringarbeidsvoorwaardenwetgeving.nl/mozard/!suite92.scherm1007?mObj=8262&mSelod=704741
725;725019;01/07/2017;30/06/2019;31/08/2018;integrale_cao_Leo_2017_2019_a.pdf;725 - LANDBOUWWERKTUIGEN EXPLOITERENDE ONDERNEMINGEN - 01-07-2017 - 30-06-2019 - Regulier - kvo datum - 31-08-2018 - TTW;https://www.uitvoeringarbeidsvoorwaardenwetgeving.nl/mozard/!suite92.scherm1007?mObj=8264&mSelod=704741
725;725020;01/07/2020;31/12/2020;28/07/2020;integrale cao LEO 1 juli 2020 tot en met 31 december 2020 def.docx.pdf;725 - LANDBOUWWERKTUIGEN EXPLOITERENDE ONDERNEMINGEN - 01-07-2020 - 31-12-2020 - Regulier - kvo datum - 28-07-2020;https://www.uitvoeringarbeidsvoorwaardenwetgeving.nl/mozard/!suite92.scherm1007?mObj=18655&mSelod=704741
725;725021;01/07/2020;31/12/2020;30/10/2020;integrale cao LEO 1 juli 2020 tot en met 31 december 2020 incl TTW per 1-11-2020.pdf;725 - LANDBOUWWERKTUIGEN EXPLOITERENDE ONDERNEMINGEN - 01-07-2020 - 31-12-2020 - Regulier - kvo datum - 30-10-2020 - TTW;https://www.uitvoeringarbeidsvoorwaardenwetgeving.nl/mozard/!suite92.scherm1007?mObj=20072&mSelod=704741
725;725022;02/01/2012;30/06/2013;03/05/2012;cao_leo.pdf;725 - LANDBOUWWERKTUIGEN EXPLOITERENDE ONDERNEMINGEN - 02-01-2012 - 30-06-2013 - Regulier - kvo datum - 03-05-2012;https://www.uitvoeringarbeidsvoorwaardenwetgeving.nl/mozard/!suite92.scherm1007?mObj=8255&mSelod=704741
725;725023;02/01/2012;30/06/2013;04/03/2013;cao_leo_2_januari_2012___30_juni_2013_incl_ttw.pdf;725 - LANDBOUWWERKTUIGEN EXPLOITERENDE ONDERNEMINGEN - 02-01-2012 - 30-06-2013 - Regulier - kvo datum - 04-03-2013 - TTW;https://www.uitvoeringarbeidsvoorwaardenwetgeving.nl/mozard/!suite92.scherm1007?mObj=8256&mSelod=704741
50;50001;01/01/2014;31/12/2014;11/12/2013;Cao_Apotheken_2014_plat.pdf;50 - APOTHEKEN - 01-01-2014 - 31-12-2014 - Regulier - kvo datum - 11-12-2013;https://www.uitvoeringarbeidsvoorwaardenwetgeving.nl/mozard/!suite92.scherm1007?mObj=6862&mSelod=704745
50;50002;01/01/2016;30/04/2017;25/02/2017;20170222_Def_versie_Cao_Apotheken_2016_2017_schoon.pdf;50 - APOTHEKEN - 01-01-2016 - 30-04-2017 - Regulier - kvo datum - 25-02-2017;https://www.uitvoeringarbeidsvoorwaardenwetgeving.nl/mozard/!suite92.scherm1007?mObj=6863&mSelod=704745
50;50003;01/04/2010;31/03/2012;02/11/2010;Apotheken 50.pdf;50 - APOTHEKEN - 01-04-2010 - 31-03-2012 - Regulier - kvo datum - 02-11-2010;https://www.uitvoeringarbeidsvoorwaardenwetgeving.nl/mozard/!suite92.scherm1007?mObj=6859&mSelod=704745
50;50004;01/04/2010;31/03/2012;27/10/2011;Apotheken_2010_2011_cao_tekst.pdf;50 - APOTHEKEN - 01-04-2010 - 31-03-2012 - Regulier - kvo datum - 27-10-2011 - TTW;https://www.uitvoeringarbeidsvoorwaardenwetgeving.nl/mozard/!suite92.scherm1007?mObj=6860&mSelod=704745
50;50005;01/04/2012;31/12/2013;06/02/2013;Cao_Apotheken_2012_2013_plat.pdf;50 - APOTHEKEN - 01-04-2012 - 31-12-2013 - Regulier - kvo datum - 06-02-2013;https://www.uitvoeringarbeidsvoorwaardenwetgeving.nl/mozard/!suite92.scherm1007?mObj=6861&mSelod=704745
50;50006;01/05/2017;30/04/2019;30/01/2019;20192401 Concepttekst Cao Apotheken 2017-2019 schoon.docx .pdf;50 - APOTHEKEN - 01-05-2017 - 30-04-2019 - Regulier - kvo datum - 30-01-2019;https://www.uitvoeringarbeidsvoorwaardenwetgeving.nl/mozard/!suite92.scherm1007?mObj=760&mSelod=704745
50;50007;01/05/2019;30/06/2021;18/02/2021;Apotheken cao 2019-2021.docx.pdf;50 - APOTHEKEN - 01-05-2019 - 30-06-2021 - Regulier - kvo datum - 18-02-2021;https://www.uitvoeringarbeidsvoorwaardenwetgeving.nl/mozard/!suite92.scherm1007?mObj=21910&mSelod=704745
50;50008;01/05/2019;30/06/2021;18/03/2021;Apotheken 2019-2021 na ttw.pdf;50 - APOTHEKEN - 01-05-2019 - 30-06-2021 - Regulier - kvo datum - 18-03-2021 - TTW;https://www.uitvoeringarbeidsvoorwaardenwetgeving.nl/mozard/!suite92.scherm1007?mObj=22337&mSelod=704745
50;50009;01/07/2021;30/06/2024;05/08/2022;CAO Apotheken 2021-2024 na ttw volledig met bijlagen 05-07-2022.pdf;50 - APOTHEKEN - 01-07-2021 - 30-06-2024 - Regulier - kvo datum - 05-08-2022;https://www.uitvoeringarbeidsvoorwaardenwetgeving.nl/mozard/!suite92.scherm1007?mObj=30848&mSelod=704745
50;50010;01/07/2021;30/06/2024;07/06/2022;CAO Apotheken 2021-2024 volledig met bijlagen 02-06-2022 def.pdf;50 - APOTHEKEN - 01-07-2021 - 30-06-2024 - Regulier - kvo datum - 07-06-2022;https://www.uitvoeringarbeidsvoorwaardenwetgeving.nl/mozard/!suite92.scherm1007?mObj=30032&mSelod=704745
50;50011;01/07/2021;30/06/2024;27/07/2023;CAO Apotheken 2021-2024 na ttw ivm verhoging.pdf;50 - APOTHEKEN - 01-07-2021 - 30-06-2024 - Regulier - kvo datum - 27-07-2023;https://www.uitvoeringarbeidsvoorwaardenwetgeving.nl/mozard/!suite92.scherm1007?mObj=37857&mSelod=704745
50;50012;01/07/2024;31/12/2027;08/07/2025;Cao Apotheken 2024-2027 na ttw volledig met bijlagen 07-07-2025.pdf;50 - APOTHEKEN - 01-07-2024 - 31-12-2027 - Regulier - kvo datum - 08-07-2025;https://www.uitvoeringarbeidsvoorwaardenwetgeving.nl/mozard/!suite92.scherm1007?mObj=49252&mSelod=704745
759;759001;01/03/2011;05/04/2013;05/02/2013;cao_2011_2013_ttw4_tijdelijke_maatr_aanmelding.pdf;759 - SCHILDERS-, AFWERKINGS- EN GLASZETBEDRIJF IN NEDERLAND - 01-03-2011 - 05-04-2013 - Regulier - kvo datum - 05-02-2013 - TTW;https://www.uitvoeringarbeidsvoorwaardenwetgeving.nl/mozard/!suite92.scherm1007?mObj=8367&mSelod=704747
759;759002;01/03/2011;05/04/2013;06/12/2012;cao_2011_2013_ttw3_functieloon_aanmelding.pdf;759 - SCHILDERS-, AFWERKINGS- EN GLASZETBEDRIJF IN NEDERLAND - 01-03-2011 - 05-04-2013 - Regulier - kvo datum - 06-12-2012;https://www.uitvoeringarbeidsvoorwaardenwetgeving.nl/mozard/!suite92.scherm1007?mObj=8366&mSelod=704747
759;759003;01/03/2011;28/02/2013;14/11/2011;cao_2011_2013.pdf;759 - SCHILDERS-, AFWERKINGS- EN GLASZETBEDRIJF IN NEDERLAND - 01-03-2011 - 28-02-2013 - Regulier - kvo datum - 14-11-2011;https://www.uitvoeringarbeidsvoorwaardenwetgeving.nl/mozard/!suite92.scherm1007?mObj=8363&mSelod=704747
759;759004;01/03/2011;28/02/2013;18/11/2011;cao_2011_2013_ttw_1__aanm_.pdf;759 - SCHILDERS-, AFWERKINGS- EN GLASZETBEDRIJF IN NEDERLAND - 01-03-2011 - 28-02-2013 - Regulier - kvo datum - 18-11-2011 - TTW;https://www.uitvoeringarbeidsvoorwaardenwetgeving.nl/mozard/!suite92.scherm1007?mObj=8364&mSelod=704747
759;759005;01/03/2011;28/02/2013;30/10/2012;cao_2011_2013_ttw2_functieloon_aanmelding.pdf;759 - SCHILDERS-, AFWERKINGS- EN GLASZETBEDRIJF IN NEDERLAND - 01-03-2011 - 28-02-2013 - Regulier - kvo datum - 30-10-2012 - TTW;https://www.uitvoeringarbeidsvoorwaardenwetgeving.nl/mozard/!suite92.scherm1007?mObj=8365&mSelod=704747
759;759006;01/10/2016;30/09/2019;08/12/2017;CAO_SAG_2016_2019_ttw_20_november_2017.pdf;759 - SCHILDERS-, AFWERKINGS- EN GLASZETBEDRIJF IN NEDERLAND - 01-10-2016 - 30-09-2019 - Regulier - kvo datum - 08-12-2017 - TTW;https://www.uitvoeringarbeidsvoorwaardenwetgeving.nl/mozard/!suite92.scherm1007?mObj=8374&mSelod=704747
759;759007;01/10/2016;30/09/2019;26/09/2016;CAO_SAG_2016_2019__16_september_2016_.pdf;759 - SCHILDERS-, AFWERKINGS- EN GLASZETBEDRIJF IN NEDERLAND - 01-10-2016 - 30-09-2019 - Regulier - kvo datum - 26-09-2016;https://www.uitvoeringarbeidsvoorwaardenwetgeving.nl/mozard/!suite92.scherm1007?mObj=8370&mSelod=704747
759;759008;01/10/2016;30/09/2019;29/12/2016;CAO_SAG_2016_2019_versie_22_12_2016.pdf;759 - SCHILDERS-, AFWERKINGS- EN GLASZETBEDRIJF IN NEDERLAND - 01-10-2016 - 30-09-2019 - Regulier - kvo datum - 29-12-2016;https://www.uitvoeringarbeidsvoorwaardenwetgeving.nl/mozard/!suite92.scherm1007?mObj=8373&mSelod=704747
759;759009;01/10/2016;30/09/2019;30/09/2016;CAO_SAG_2016_2019__ttw_29_september_2016_.pdf;759 - SCHILDERS-, AFWERKINGS- EN GLASZETBEDRIJF IN NEDERLAND - 01-10-2016 - 30-09-2019 - Regulier - kvo datum - 30-09-2016 - TTW;https://www.uitvoeringarbeidsvoorwaardenwetgeving.nl/mozard/!suite92.scherm1007?mObj=8371&mSelod=704747
759;759010;01/10/2016;30/09/2021;01/04/2021;CAO SAG 2016 2021 ttw april 2021.pdf;759 - SCHILDERS-, AFWERKINGS- EN GLASZETBEDRIJF IN NEDERLAND - 01-10-2016 - 30-09-2021 - Regulier - kvo datum - 01-04-2021 - TTW;https://www.uitvoeringarbeidsvoorwaardenwetgeving.nl/mozard/!suite92.scherm1007?mObj=22537&mSelod=704747
759;759011;01/10/2016;30/09/2021;04/02/2021;CAO SAG 2016 2021 ttw januari 2021.pdf;759 - SCHILDERS-, AFWERKINGS- EN GLASZETBEDRIJF IN NEDERLAND - 01-10-2016 - 30-09-2021 - Regulier - kvo datum - 04-02-2021 - TTW;https://www.uitvoeringarbeidsvoorwaardenwetgeving.nl/mozard/!suite92.scherm1007?mObj=21748&mSelod=704747
759;759012;01/10/2016;30/09/2021;06/04/2020;CAO SAG 2016 2021 ttw 3 april 2020.pdf;759 - SCHILDERS-, AFWERKINGS- EN GLASZETBEDRIJF IN NEDERLAND - 01-10-2016 - 30-09-2021 - Regulier - kvo datum - 06-04-2020 - TTW;https://www.uitvoeringarbeidsvoorwaardenwetgeving.nl/mozard/!suite92.scherm1007?mObj=16166&mSelod=704747
759;759013;01/10/2016;30/09/2021;16/04/2021;CAO SAG 2016 2021 ttw april 2021.2.pdf;759 - SCHILDERS-, AFWERKINGS- EN GLASZETBEDRIJF IN NEDERLAND - 01-10-2016 - 30-09-2021 - Regulier - kvo datum - 16-04-2021 - TTW;https://www.uitvoeringarbeidsvoorwaardenwetgeving.nl/mozard/!suite92.scherm1007?mObj=22610&mSelod=704747
759;759014;01/10/2016;30/09/2021;16/07/2019;CAO SAG 2016 2021 15 juli 2019.docx.pdf;759 - SCHILDERS-, AFWERKINGS- EN GLASZETBEDRIJF IN NEDERLAND - 01-10-2016 - 30-09-2021 - Regulier - kvo datum - 16-07-2019 - TTW;https://www.uitvoeringarbeidsvoorwaardenwetgeving.nl/mozard/!suite92.scherm1007?mObj=14611&mSelod=704747
759;759015;01/10/2016;30/09/2021;31/01/2019;CAO SAG 2016 2021 ttw 10 oktober 2018.pdf .pdf;759 - SCHILDERS-, AFWERKINGS- EN GLASZETBEDRIJF IN NEDERLAND - 01-10-2016 - 30-09-2021 - Regulier - kvo datum - 31-01-2019;https://www.uitvoeringarbeidsvoorwaardenwetgeving.nl/mozard/!suite92.scherm1007?mObj=764&mSelod=704747
759;759016;06/04/2013;31/12/2014;02/05/2014;cao_Schilders_2013_2014.pdf;759 - SCHILDERS-, AFWERKINGS- EN GLASZETBEDRIJF IN NEDERLAND - 06-04-2013 - 31-12-2014 - Regulier - kvo datum - 02-05-2014;https://www.uitvoeringarbeidsvoorwaardenwetgeving.nl/mozard/!suite92.scherm1007?mObj=8368&mSelod=704747
759;759017;06/04/2013;31/12/2014;08/07/2014;cao_Schilders_2013_2014_ttw_1_aanmelding.pdf;759 - SCHILDERS-, AFWERKINGS- EN GLASZETBEDRIJF IN NEDERLAND - 06-04-2013 - 31-12-2014 - Regulier - kvo datum - 08-07-2014 - TTW;https://www.uitvoeringarbeidsvoorwaardenwetgeving.nl/mozard/!suite92.scherm1007?mObj=8369&mSelod=704747
759;759018;01/01/2021;31/10/2025;24/01/2025;CAO SAVG 2025.pdf;759 - SCHILDERS-, AFWERKINGS-, VASTGOEDONDERHOUD- EN GLASZETBEDRIJF IN NEDERLAND - 01-01-2021 - 31-10-2025 - Regulier - kvo datum - 24-01-2025 - TTW;https://www.uitvoeringarbeidsvoorwaardenwetgeving.nl/mozard/!suite92.scherm1007?mObj=46313&mSelod=704747
759;759019;01/01/2021;31/10/2025;26/03/2024;CAO SAVG 2021 2025 (TTW maart 2024) schone versie.pdf;759 - SCHILDERS-, AFWERKINGS-, VASTGOEDONDERHOUD- EN GLASZETBEDRIJF IN NEDERLAND - 01-01-2021 - 31-10-2025 - Regulier - kvo datum - 26-03-2024;https://www.uitvoeringarbeidsvoorwaardenwetgeving.nl/mozard/!suite92.scherm1007?mObj=42286&mSelod=704747
759;759020;01/10/2021;31/10/2025;01/03/2023;CAO SAVG 2021 2025 TTW februari 2023.pdf;759 - SCHILDERS-, AFWERKINGS-, VASTGOEDONDERHOUD- EN GLASZETBEDRIJF IN NEDERLAND - 01-10-2021 - 31-10-2025 - Regulier - kvo datum - 01-03-2023 - TTW;https://www.uitvoeringarbeidsvoorwaardenwetgeving.nl/mozard/!suite92.scherm1007?mObj=35986&mSelod=704747
759;759021;01/10/2021;31/10/2025;05/11/2021;CAO SAVG 2021 2025 oktober 2021.pdf;759 - SCHILDERS-, AFWERKINGS-, VASTGOEDONDERHOUD- EN GLASZETBEDRIJF IN NEDERLAND - 01-10-2021 - 31-10-2025 - Regulier - kvo datum - 05-11-2021;https://www.uitvoeringarbeidsvoorwaardenwetgeving.nl/mozard/!suite92.scherm1007?mObj=23572&mSelod=704747
759;759022;01/10/2021;31/10/2025;09/12/2021;CAO SAVG 2021 2025 december 2021.pdf;759 - SCHILDERS-, AFWERKINGS-, VASTGOEDONDERHOUD- EN GLASZETBEDRIJF IN NEDERLAND - 01-10-2021 - 31-10-2025 - Regulier - kvo datum - 09-12-2021;https://www.uitvoeringarbeidsvoorwaardenwetgeving.nl/mozard/!suite92.scherm1007?mObj=24510&mSelod=704747
759;759023;01/10/2021;31/10/2025;27/02/2024;CAO SAVG 2021-2025 (jan 2024) (Schilders, Afwerkings-, Vastgoedonderhoud- en Glaszetbedrijf).pdf;759 - SCHILDERS-, AFWERKINGS-, VASTGOEDONDERHOUD- EN GLASZETBEDRIJF IN NEDERLAND - 01-10-2021 - 31-10-2025 - Regulier - kvo datum - 27-02-2024 - TTW;https://www.uitvoeringarbeidsvoorwaardenwetgeving.nl/mozard/!suite92.scherm1007?mObj=41990&mSelod=704747
759;759024;01/10/2021;31/10/2025;28/10/2022;CAO SAVG 2021 2025 TTW 27 oktober 2022.pdf;759 - SCHILDERS-, AFWERKINGS-, VASTGOEDONDERHOUD- EN GLASZETBEDRIJF IN NEDERLAND - 01-10-2021 - 31-10-2025 - Regulier - kvo datum - 28-10-2022;https://www.uitvoeringarbeidsvoorwaardenwetgeving.nl/mozard/!suite92.scherm1007?mObj=31550&mSelod=704747
721;721001;01/01/2013;31/12/2013;13/09/2013;CAO_Huisartsenzorg_2013_W_versie_2.pdf;721 - HUISARTSENZORG - 01-01-2013 - 31-12-2013 - Regulier - kvo datum - 13-09-2013 - TTW;https://www.uitvoeringarbeidsvoorwaardenwetgeving.nl/mozard/!suite92.scherm1007?mObj=8238&mSelod=704749
721;721002;01/01/2013;31/12/2013;20/08/2013;CAO_Huisartsenzorg_2013_W.pdf;721 - HUISARTSENZORG - 01-01-2013 - 31-12-2013 - Regulier - kvo datum - 20-08-2013;https://www.uitvoeringarbeidsvoorwaardenwetgeving.nl/mozard/!suite92.scherm1007?mObj=8237&mSelod=704749
721;721003;01/01/2014;28/02/2015;06/11/2014;cao_HAZ_2014_2015_zwart_versie_II.pdf;721 - HUISARTSENZORG - 01-01-2014 - 28-02-2015 - Regulier - kvo datum - 06-11-2014 - TTW;https://www.uitvoeringarbeidsvoorwaardenwetgeving.nl/mozard/!suite92.scherm1007?mObj=8240&mSelod=704749
721;721004;01/01/2014;28/02/2015;11/06/2014;cao_HAZ_2014_2015_zwart.pdf;721 - HUISARTSENZORG - 01-01-2014 - 28-02-2015 - Regulier - kvo datum - 11-06-2014;https://www.uitvoeringarbeidsvoorwaardenwetgeving.nl/mozard/!suite92.scherm1007?mObj=8239&mSelod=704749
721;721005;01/01/2021;31/12/2021;27/08/2021;Cao Huisartsenzorg 2021.pdf;721 - HUISARTSENZORG - 01-01-2021 - 31-12-2021 - Regulier - kvo datum - 27-08-2021;https://www.uitvoeringarbeidsvoorwaardenwetgeving.nl/mozard/!suite92.scherm1007?mObj=23209&mSelod=704749
721;721006;01/01/2022;31/12/2023;05/07/2022;Cao-huisartsenzorg-2022-2023-incl-Handleiding.pdf;721 - HUISARTSENZORG - 01-01-2022 - 31-12-2023 - Regulier - kvo datum - 05-07-2022;https://www.uitvoeringarbeidsvoorwaardenwetgeving.nl/mozard/!suite92.scherm1007?mObj=30449&mSelod=704749
721;721007;01/01/2022;31/12/2023;08/08/2022;Cao-huisartsenzorg-2022-2023-incl-Handleiding.avv.pdf;721 - HUISARTSENZORG - 01-01-2022 - 31-12-2023 - Regulier - kvo datum - 08-08-2022;https://www.uitvoeringarbeidsvoorwaardenwetgeving.nl/mozard/!suite92.scherm1007?mObj=30876&mSelod=704749
721;721008;01/01/2022;31/12/2023;23/01/2023;Cao Huisartsenzorg 2022-2023 na TTW ivm herziening loonsverhoging per 1-1-2023.p.pdf;721 - HUISARTSENZORG - 01-01-2022 - 31-12-2023 - Regulier - kvo datum - 23-01-2023 - TTW;https://www.uitvoeringarbeidsvoorwaardenwetgeving.nl/mozard/!suite92.scherm1007?mObj=34157&mSelod=704749
721;721009;01/01/2024;30/06/2025;03/07/2024;Cao HAZ 2024-2025 met Handleiding FWHZ 3-6-2024.pdf;721 - HUISARTSENZORG - 01-01-2024 - 30-06-2025 - Regulier - kvo datum - 03-07-2024;https://www.uitvoeringarbeidsvoorwaardenwetgeving.nl/mozard/!suite92.scherm1007?mObj=43178&mSelod=704749
721;721010;01/03/2015;01/03/2017;08/01/2016;Cao_huisartsenzorg_30122015.pdf;721 - HUISARTSENZORG - 01-03-2015 - 01-03-2017 - Regulier - kvo datum - 08-01-2016;https://www.uitvoeringarbeidsvoorwaardenwetgeving.nl/mozard/!suite92.scherm1007?mObj=8241&mSelod=704749
721;721011;01/03/2015;01/03/2017;24/08/2016;wijz_III_cao_HAZ_2015_2017_incl_FWHZ_anmtkst_zwart.pdf;721 - HUISARTSENZORG - 01-03-2015 - 01-03-2017 - Regulier - kvo datum - 24-08-2016 - TTW;https://www.uitvoeringarbeidsvoorwaardenwetgeving.nl/mozard/!suite92.scherm1007?mObj=8242&mSelod=704749
721;721012;01/03/2017;28/02/2019;06/10/2017;huisartsenzorg_2017_2019_TTW.pdf;721 - HUISARTSENZORG - 01-03-2017 - 28-02-2019 - Regulier - kvo datum - 06-10-2017;https://www.uitvoeringarbeidsvoorwaardenwetgeving.nl/mozard/!suite92.scherm1007?mObj=8244&mSelod=704749
721;721013;01/03/2017;28/02/2019;24/08/2017;Huisartsenzorg__cao_tekst__cao_721.pdf;721 - HUISARTSENZORG - 01-03-2017 - 28-02-2019 - Regulier - kvo datum - 24-08-2017;https://www.uitvoeringarbeidsvoorwaardenwetgeving.nl/mozard/!suite92.scherm1007?mObj=8243&mSelod=704749
721;721014;01/03/2019;31/12/2020;01/10/2019;Huisartsenzorg cao 2019-2020.pdf;721 - HUISARTSENZORG - 01-03-2019 - 31-12-2020 - Regulier - kvo datum - 01-10-2019;https://www.uitvoeringarbeidsvoorwaardenwetgeving.nl/mozard/!suite92.scherm1007?mObj=14952&mSelod=704749
721;721015;01/03/2019;31/12/2020;05/03/2020;Cao-HZ 2019-2020 na ttw2.docx.pdf;721 - HUISARTSENZORG - 01-03-2019 - 31-12-2020 - Regulier - kvo datum - 05-03-2020 - TTW;https://www.uitvoeringarbeidsvoorwaardenwetgeving.nl/mozard/!suite92.scherm1007?mObj=15902&mSelod=704749
721;721016;01/03/2019;31/12/2020;16/01/2020;Cao-HZ 2019-2020 na ttw.docx.pdf;721 - HUISARTSENZORG - 01-03-2019 - 31-12-2020 - Regulier - kvo datum - 16-01-2020 - TTW;https://www.uitvoeringarbeidsvoorwaardenwetgeving.nl/mozard/!suite92.scherm1007?mObj=15621&mSelod=704749
721;721017;01/04/2011;31/12/2012;19/09/2011;110919_CAO_Huisartsenzorg_2011_2012_definitief.pdf;721 - HUISARTSENZORG - 01-04-2011 - 31-12-2012 - Regulier - kvo datum - 19-09-2011;https://www.uitvoeringarbeidsvoorwaardenwetgeving.nl/mozard/!suite92.scherm1007?mObj=8235&mSelod=704749
721;721018;01/04/2011;31/12/2012;22/02/2012;12_01_25_CAO_tekst_definitief.pdf;721 - HUISARTSENZORG - 01-04-2011 - 31-12-2012 - Regulier - kvo datum - 22-02-2012 - TTW;https://www.uitvoeringarbeidsvoorwaardenwetgeving.nl/mozard/!suite92.scherm1007?mObj=8236&mSelod=704749
1287;1287001;01/01/2022;31/03/2024;07/04/2022;Grafimedia cao 2022-2024 1 april 2022.pdf;1287 - GRAFIMEDIA - 01-01-2022 - 31-03-2024 - Regulier - kvo datum - 07-04-2022;https://www.uitvoeringarbeidsvoorwaardenwetgeving.nl/mozard/!suite92.scherm1007?mObj=29218&mSelod=704751
1287;1287002;01/01/2022;31/03/2024;18/03/2022;Grafimedia cao 2022-2024 2 maart 2022.pdf;1287 - GRAFIMEDIA - 01-01-2022 - 31-03-2024 - Regulier - kvo datum - 18-03-2022;https://www.uitvoeringarbeidsvoorwaardenwetgeving.nl/mozard/!suite92.scherm1007?mObj=28699&mSelod=704751
1287;1287003;01/01/2022;31/03/2024;28/02/2022;Grafimedia cao 2022-2024 15 februari 2022.pdf;1287 - GRAFIMEDIA - 01-01-2022 - 31-03-2024 - Regulier - kvo datum - 28-02-2022;https://www.uitvoeringarbeidsvoorwaardenwetgeving.nl/mozard/!suite92.scherm1007?mObj=27724&mSelod=704751
1287;1287004;01/02/2010;31/01/2015;19/10/2011;Reglement_Garantiefonds_07_12_2011__2_.pdf;1287 - GRAFIMEDIA - 01-02-2010 - 31-01-2015 - Regulier - kvo datum - 19-10-2011 - TTW;https://www.uitvoeringarbeidsvoorwaardenwetgeving.nl/mozard/!suite92.scherm1007?mObj=9120&mSelod=704751
1287;1287005;01/02/2010;31/01/2015;29/09/2010;Grafimedia def..pdf;1287 - GRAFIMEDIA - 01-02-2010 - 31-01-2015 - Regulier - kvo datum - 29-09-2010;https://www.uitvoeringarbeidsvoorwaardenwetgeving.nl/mozard/!suite92.scherm1007?mObj=9119&mSelod=704751
1287;1287006;01/02/2012;31/01/2017;15/01/2013;Cao_2012_2013_wijz_art_169_z_renv_fndsbep_def.pdf;1287 - GRAFIMEDIA - 01-02-2012 - 31-01-2017 - Regulier - kvo datum - 15-01-2013 - TTW;https://www.uitvoeringarbeidsvoorwaardenwetgeving.nl/mozard/!suite92.scherm1007?mObj=9122&mSelod=704751
1287;1287007;01/02/2012;31/01/2017;15/05/2012;Grafimedia_cao.pdf;1287 - GRAFIMEDIA - 01-02-2012 - 31-01-2017 - Regulier - kvo datum - 15-05-2012;https://www.uitvoeringarbeidsvoorwaardenwetgeving.nl/mozard/!suite92.scherm1007?mObj=9121&mSelod=704751
1287;1287008;01/04/2018;31/07/2020;18/02/2019;Grafimedia cao 2018-2020 def 12-2-19.pdf .pdf;1287 - GRAFIMEDIA - 01-04-2018 - 31-07-2020 - Regulier - kvo datum - 18-02-2019;https://www.uitvoeringarbeidsvoorwaardenwetgeving.nl/mozard/!suite92.scherm1007?mObj=842&mSelod=704751
1287;1287009;01/04/2024;31/12/2025;02/12/2024;DEF Grafimedia cao 2024-2025 schone versie TCC 29112024.pdf;1287 - GRAFIMEDIA - 01-04-2024 - 31-12-2025 - Regulier - kvo datum - 02-12-2024 - TTW;https://www.uitvoeringarbeidsvoorwaardenwetgeving.nl/mozard/!suite92.scherm1007?mObj=45231&mSelod=704751
1287;1287010;01/04/2024;31/12/2025;10/12/2024;DEF Grafimedia cao 2024-2025 TCC 09122024.pdf;1287 - GRAFIMEDIA - 01-04-2024 - 31-12-2025 - Regulier - kvo datum - 10-12-2024;https://www.uitvoeringarbeidsvoorwaardenwetgeving.nl/mozard/!suite92.scherm1007?mObj=45473&mSelod=704751
1287;1287011;01/04/2024;31/12/2025;11/02/2025;DEF Grafimedia cao 2024-2025 21012025.pdf;1287 - GRAFIMEDIA - 01-04-2024 - 31-12-2025 - Regulier - kvo datum - 11-02-2025 - TTW;https://www.uitvoeringarbeidsvoorwaardenwetgeving.nl/mozard/!suite92.scherm1007?mObj=46587&mSelod=704751
1287;1287012;01/04/2024;31/12/2025;18/11/2024;DEF Grafimedia cao 2024-2025 schone versie v23102024.pdf;1287 - GRAFIMEDIA - 01-04-2024 - 31-12-2025 - Regulier - kvo datum - 18-11-2024;https://www.uitvoeringarbeidsvoorwaardenwetgeving.nl/mozard/!suite92.scherm1007?mObj=44882&mSelod=704751
1287;1287013;01/08/2020;31/12/2021;06/07/2021;Grafimedia cao 2020-2021 6 juli 2021, gewijzigde werkingssfeer.pdf;1287 - GRAFIMEDIA - 01-08-2020 - 31-12-2021 - Regulier - kvo datum - 06-07-2021 - TTW;https://www.uitvoeringarbeidsvoorwaardenwetgeving.nl/mozard/!suite92.scherm1007?mObj=22951&mSelod=704751
1287;1287014;01/08/2020;31/12/2021;20/05/2021;Grafimedia cao 2020-2021 gewijzigde werkingssfeer.pdf;1287 - GRAFIMEDIA - 01-08-2020 - 31-12-2021 - Regulier - kvo datum - 20-05-2021 - TTW;https://www.uitvoeringarbeidsvoorwaardenwetgeving.nl/mozard/!suite92.scherm1007?mObj=22729&mSelod=704751
1287;1287015;01/08/2020;31/12/2021;21/06/2021;Grafimedia cao 2020-2021 juni 2021.pdf;1287 - GRAFIMEDIA - 01-08-2020 - 31-12-2021 - Regulier - kvo datum - 21-06-2021 - TTW;https://www.uitvoeringarbeidsvoorwaardenwetgeving.nl/mozard/!suite92.scherm1007?mObj=22867&mSelod=704751
1287;1287016;01/08/2020;31/12/2021;24/02/2021;Grafimedia cao 2020-2021 - def 230221.docx.pdf;1287 - GRAFIMEDIA - 01-08-2020 - 31-12-2021 - Regulier - kvo datum - 24-02-2021;https://www.uitvoeringarbeidsvoorwaardenwetgeving.nl/mozard/!suite92.scherm1007?mObj=22027&mSelod=704751
1287;1287017;01/11/2015;31/03/2018;02/02/2016;Grafimedia_cao_2015_2018_def_incl_stat_regl.pdf;1287 - GRAFIMEDIA - 01-11-2015 - 31-03-2018 - Regulier - kvo datum - 02-02-2016;https://www.uitvoeringarbeidsvoorwaardenwetgeving.nl/mozard/!suite92.scherm1007?mObj=9123&mSelod=704751
1287;1287018;01/11/2015;31/03/2018;28/06/2016;Grafimedia_cao_na_ttw_2015_2018_18122015_def.pdf;1287 - GRAFIMEDIA - 01-11-2015 - 31-03-2018 - Regulier - kvo datum - 28-06-2016 - TTW;https://www.uitvoeringarbeidsvoorwaardenwetgeving.nl/mozard/!suite92.scherm1007?mObj=9124&mSelod=704751
405;405001;01/07/2010;30/06/2011;09/12/2010;tekst CAO Kappers 2010-2011.pdf;405 - KAPPERSBEDRIJF - 01-07-2010 - 30-06-2011 - Regulier - kvo datum - 09-12-2010;https://www.uitvoeringarbeidsvoorwaardenwetgeving.nl/mozard/!suite92.scherm1007?mObj=7884&mSelod=704753
405;405002;01/07/2014;30/06/2016;05/08/2014;Tekst_cao_kappers_compleet.pdf;405 - KAPPERSBEDRIJF - 01-07-2014 - 30-06-2016 - Regulier - kvo datum - 05-08-2014;https://www.uitvoeringarbeidsvoorwaardenwetgeving.nl/mozard/!suite92.scherm1007?mObj=7885&mSelod=704753
405;405003;01/07/2017;30/06/2019;04/06/2018;CAO_Kappers_1_juli_2017_30_juni_2019__3105_.pdf;405 - KAPPERSBEDRIJF - 01-07-2017 - 30-06-2019 - Regulier - kvo datum - 04-06-2018 - TTW;https://www.uitvoeringarbeidsvoorwaardenwetgeving.nl/mozard/!suite92.scherm1007?mObj=7888&mSelod=704753
405;405004;01/07/2017;30/06/2019;22/05/2018;CAO_Kappers_1_juli_2017_30_juni_2019.pdf;405 - KAPPERSBEDRIJF - 01-07-2017 - 30-06-2019 - Regulier - kvo datum - 22-05-2018 - TTW;https://www.uitvoeringarbeidsvoorwaardenwetgeving.nl/mozard/!suite92.scherm1007?mObj=7887&mSelod=704753
405;405005;01/07/2017;30/06/2019;24/04/2018;CAO_Kappers_1_juli_2017_30_juni_2019_1.pdf;405 - KAPPERSBEDRIJF - 01-07-2017 - 30-06-2019 - Regulier - kvo datum - 24-04-2018;https://www.uitvoeringarbeidsvoorwaardenwetgeving.nl/mozard/!suite92.scherm1007?mObj=7886&mSelod=704753
405;405006;01/07/2019;31/01/2020;10/10/2019;CAO Kappers 1 juli 2019 31 januari 2020 renvooi 07102019.docx.pdf;405 - KAPPERSBEDRIJF - 01-07-2019 - 31-01-2020 - Regulier - kvo datum - 10-10-2019 - TTW;https://www.uitvoeringarbeidsvoorwaardenwetgeving.nl/mozard/!suite92.scherm1007?mObj=15025&mSelod=704753
405;405007;01/07/2019;31/01/2020;26/07/2019;CAO Kappers 1 juli 2019 31 januari 2020 25072019.docx.pdf;405 - KAPPERSBEDRIJF - 01-07-2019 - 31-01-2020 - Regulier - kvo datum - 26-07-2019;https://www.uitvoeringarbeidsvoorwaardenwetgeving.nl/mozard/!suite92.scherm1007?mObj=14667&mSelod=704753
405;405008;01/07/2022;30/06/2023;19/07/2022;CAOKAP~1.pdf;405 - KAPPERSBEDRIJF - 01-07-2022 - 30-06-2023 - Regulier - kvo datum - 19-07-2022;https://www.uitvoeringarbeidsvoorwaardenwetgeving.nl/mozard/!suite92.scherm1007?mObj=30600&mSelod=704753
405;405009;01/07/2022;30/06/2023;31/05/2022;CAO Kappers 1 juli 2022 30 juni 2023 schoon.pdf;405 - KAPPERSBEDRIJF - 01-07-2022 - 30-06-2023 - Regulier - kvo datum - 31-05-2022;https://www.uitvoeringarbeidsvoorwaardenwetgeving.nl/mozard/!suite92.scherm1007?mObj=29983&mSelod=704753
405;405010;01/07/2023;30/06/2024;16/05/2023;CAO Kappers 1 juli 2023 30 juni 2024 geheel def.pdf;405 - KAPPERSBEDRIJF - 01-07-2023 - 30-06-2024 - Regulier - kvo datum - 16-05-2023;https://www.uitvoeringarbeidsvoorwaardenwetgeving.nl/mozard/!suite92.scherm1007?mObj=37061&mSelod=704753
405;405011;01/07/2024;30/06/2025;13/05/2024;CAO Kappers 1 juli 2024 30 juni 2025 (definitief).pdf;405 - KAPPERSBEDRIJF - 01-07-2024 - 30-06-2025 - Regulier - kvo datum - 13-05-2024;https://www.uitvoeringarbeidsvoorwaardenwetgeving.nl/mozard/!suite92.scherm1007?mObj=42684&mSelod=704753
405;405012;01/07/2024;30/06/2025;26/06/2024;CAOKAP~2.pdf;405 - KAPPERSBEDRIJF - 01-07-2024 - 30-06-2025 - Regulier - kvo datum - 26-06-2024 - TTW;https://www.uitvoeringarbeidsvoorwaardenwetgeving.nl/mozard/!suite92.scherm1007?mObj=43133&mSelod=704753
748;748001;01/01/2019;31/12/2019;09/07/2019;Cao voor het Slagersbedrijf 2019 - ongerenvooieerd.doc.pdf;748 - SLAGERSBEDRIJF - 01-01-2019 - 31-12-2019 - Regulier - kvo datum - 09-07-2019;https://www.uitvoeringarbeidsvoorwaardenwetgeving.nl/mozard/!suite92.scherm1007?mObj=14575&mSelod=704755
748;748002;01/01/2020;31/12/2020;19/10/2020;01-CAO~1.DOC.pdf;748 - SLAGERSBEDRIJF - 01-01-2020 - 31-12-2020 - Regulier - kvo datum - 19-10-2020;https://www.uitvoeringarbeidsvoorwaardenwetgeving.nl/mozard/!suite92.scherm1007?mObj=19807&mSelod=704755
748;748003;01/01/2021;28/02/2022;29/07/2021;Cao voor het Slagersbedrijf.pdf;748 - SLAGERSBEDRIJF - 01-01-2021 - 28-02-2022 - Regulier - kvo datum - 29-07-2021;https://www.uitvoeringarbeidsvoorwaardenwetgeving.nl/mozard/!suite92.scherm1007?mObj=23090&mSelod=704755
748;748004;01/01/2021;28/02/2022;31/08/2021;CAOVOO~1.pdf;748 - SLAGERSBEDRIJF - 01-01-2021 - 28-02-2022 - Regulier - kvo datum - 31-08-2021 - TTW;https://www.uitvoeringarbeidsvoorwaardenwetgeving.nl/mozard/!suite92.scherm1007?mObj=23218&mSelod=704755
748;748005;01/03/2022;29/02/2024;10/10/2022;26-DEF~1.pdf;748 - SLAGERSBEDRIJF - 01-03-2022 - 29-02-2024 - Regulier - kvo datum - 10-10-2022;https://www.uitvoeringarbeidsvoorwaardenwetgeving.nl/mozard/!suite92.scherm1007?mObj=31426&mSelod=704755
748;748006;01/03/2024;31/08/2025;07/07/2025;02 - Cao voor het Slagersbedrijf 1-3-24 tm 31-8-25 - ongerenvooieerd.pdf;748 - SLAGERSBEDRIJF - 01-03-2024 - 31-08-2025 - Regulier - kvo datum - 07-07-2025;https://www.uitvoeringarbeidsvoorwaardenwetgeving.nl/mozard/!suite92.scherm1007?mObj=49191&mSelod=704755
748;748007;01/04/2011;31/03/2013;01/11/2011;Cao_voor_het_Slagersbedrijf_1_4_11_tm_31_3_13.pdf;748 - SLAGERSBEDRIJF - 01-04-2011 - 31-03-2013 - Regulier - kvo datum - 01-11-2011;https://www.uitvoeringarbeidsvoorwaardenwetgeving.nl/mozard/!suite92.scherm1007?mObj=8325&mSelod=704755
748;748008;01/04/2011;31/03/2013;04/01/2013;Cao_voor_het_Slagersbedrijf_1_4_2011_tm_31_3_2013.pdf;748 - SLAGERSBEDRIJF - 01-04-2011 - 31-03-2013 - Regulier - kvo datum - 04-01-2013 - TTW;https://www.uitvoeringarbeidsvoorwaardenwetgeving.nl/mozard/!suite92.scherm1007?mObj=8326&mSelod=704755
748;748009;01/04/2013;31/03/2014;06/01/2014;Cao_voor_het_Slagersbedrijf_1_4_13_tm_31_3_14.pdf;748 - SLAGERSBEDRIJF - 01-04-2013 - 31-03-2014 - Regulier - kvo datum - 06-01-2014;https://www.uitvoeringarbeidsvoorwaardenwetgeving.nl/mozard/!suite92.scherm1007?mObj=8327&mSelod=704755
748;748010;01/04/2014;31/03/2015;21/01/2015;Cao_voor_het_Slagersbedrijf_1_4_14_tm_31_3_15.pdf;748 - SLAGERSBEDRIJF - 01-04-2014 - 31-03-2015 - Regulier - kvo datum - 21-01-2015;https://www.uitvoeringarbeidsvoorwaardenwetgeving.nl/mozard/!suite92.scherm1007?mObj=8329&mSelod=704755
748;748011;01/04/2014;31/03/2015;23/12/2014;Cao_voor_het_Slagersbedrijf_1_4_14_tm_31_3_15_1.pdf;748 - SLAGERSBEDRIJF - 01-04-2014 - 31-03-2015 - Regulier - kvo datum - 23-12-2014;https://www.uitvoeringarbeidsvoorwaardenwetgeving.nl/mozard/!suite92.scherm1007?mObj=8328&mSelod=704755
748;748012;01/04/2015;31/03/2016;12/11/2015;Cao_Slagersbedrijf_1_4_15_tm_31_3_16.pdf;748 - SLAGERSBEDRIJF - 01-04-2015 - 31-03-2016 - Regulier - kvo datum - 12-11-2015;https://www.uitvoeringarbeidsvoorwaardenwetgeving.nl/mozard/!suite92.scherm1007?mObj=8330&mSelod=704755
748;748013;01/04/2016;30/09/2017;05/07/2017;Cao_Slagersbedrijf__versie_1_7_17.pdf;748 - SLAGERSBEDRIJF - 01-04-2016 - 30-09-2017 - Regulier - kvo datum - 05-07-2017 - TTW;https://www.uitvoeringarbeidsvoorwaardenwetgeving.nl/mozard/!suite92.scherm1007?mObj=8332&mSelod=704755
748;748014;01/04/2016;30/09/2017;19/07/2016;Cao_Slagers_1_4_16_tm_30_9_17.pdf;748 - SLAGERSBEDRIJF - 01-04-2016 - 30-09-2017 - Regulier - kvo datum - 19-07-2016;https://www.uitvoeringarbeidsvoorwaardenwetgeving.nl/mozard/!suite92.scherm1007?mObj=8331&mSelod=704755
748;748015;01/10/2017;31/12/2018;05/10/2018;Cao_Slagersbedrijf_1_10_17_tm_31_12_18_na_ttw.pdf;748 - SLAGERSBEDRIJF - 01-10-2017 - 31-12-2018 - Regulier - kvo datum - 05-10-2018 - TTW;https://www.uitvoeringarbeidsvoorwaardenwetgeving.nl/mozard/!suite92.scherm1007?mObj=8335&mSelod=704755
748;748016;01/10/2017;31/12/2018;21/06/2018;Cao_Slagersbedrijf_1_10_17_tm_31_12_18___def.pdf;748 - SLAGERSBEDRIJF - 01-10-2017 - 31-12-2018 - Regulier - kvo datum - 21-06-2018;https://www.uitvoeringarbeidsvoorwaardenwetgeving.nl/mozard/!suite92.scherm1007?mObj=8333&mSelod=704755
748;748017;01/10/2017;31/12/2018;24/07/2018;Cao_Slagersbedrijf_1_10_17_tm_31_12_18_na_ttw_1.pdf;748 - SLAGERSBEDRIJF - 01-10-2017 - 31-12-2018 - Regulier - kvo datum - 24-07-2018 - TTW;https://www.uitvoeringarbeidsvoorwaardenwetgeving.nl/mozard/!suite92.scherm1007?mObj=8334&mSelod=704755
1639;1639001;01/01/2016;30/04/2017;23/06/2016;Cao_DHZ_branche_2015_17_getekend.pdf;1639 - DOE-HET-ZELFBRANCHE - 01-01-2016 - 30-04-2017 - Regulier - kvo datum - 23-06-2016;https://www.uitvoeringarbeidsvoorwaardenwetgeving.nl/mozard/!suite92.scherm1007?mObj=9788&mSelod=704757
1639;1639002;01/01/2022;31/12/2023;01/07/2022;CAO-DHZ 2022-2023 geschoond.pdf;1639 - DOE-HET-ZELFBRANCHE - 01-01-2022 - 31-12-2023 - Regulier - kvo datum - 01-07-2022;https://www.uitvoeringarbeidsvoorwaardenwetgeving.nl/mozard/!suite92.scherm1007?mObj=30420&mSelod=704757
1639;1639003;01/01/2022;31/12/2023;19/12/2022;cao DHZ 2022-2023 nieuw geschoond.pdf;1639 - DOE-HET-ZELFBRANCHE - 01-01-2022 - 31-12-2023 - Regulier - kvo datum - 19-12-2022;https://www.uitvoeringarbeidsvoorwaardenwetgeving.nl/mozard/!suite92.scherm1007?mObj=32203&mSelod=704757
1639;1639004;01/01/2024;30/06/2026;02/05/2024;cao DHZ 2024-2026_def_april_2024.pdf;1639 - DOE-HET-ZELFBRANCHE - 01-01-2024 - 30-06-2026 - Regulier - kvo datum - 02-05-2024 - TTW;https://www.uitvoeringarbeidsvoorwaardenwetgeving.nl/mozard/!suite92.scherm1007?mObj=42593&mSelod=704757
1639;1639005;01/01/2024;30/06/2026;03/12/2024;cao DHZ 2024-2026_def_dec_2024.pdf;1639 - DOE-HET-ZELFBRANCHE - 01-01-2024 - 30-06-2026 - Regulier - kvo datum - 03-12-2024 - TTW;https://www.uitvoeringarbeidsvoorwaardenwetgeving.nl/mozard/!suite92.scherm1007?mObj=45232&mSelod=704757
1639;1639006;01/01/2024;30/06/2026;08/01/2024;cao DHZ 2024-2026_def_dec_2023.pdf;1639 - DOE-HET-ZELFBRANCHE - 01-01-2024 - 30-06-2026 - Regulier - kvo datum - 08-01-2024;https://www.uitvoeringarbeidsvoorwaardenwetgeving.nl/mozard/!suite92.scherm1007?mObj=41072&mSelod=704757
1639;1639007;01/01/2024;30/06/2026;10/06/2025;cao DHZ 2024-2026_def_juni_2025.pdf;1639 - DOE-HET-ZELFBRANCHE - 01-01-2024 - 30-06-2026 - Regulier - kvo datum - 10-06-2025 - TTW;https://www.uitvoeringarbeidsvoorwaardenwetgeving.nl/mozard/!suite92.scherm1007?mObj=48564&mSelod=704757
1639;1639008;01/01/2024;30/06/2026;17/05/2024;cao DHZ 2024-2026_def_mei_2024.pdf;1639 - DOE-HET-ZELFBRANCHE - 01-01-2024 - 30-06-2026 - Regulier - kvo datum - 17-05-2024 - TTW;https://www.uitvoeringarbeidsvoorwaardenwetgeving.nl/mozard/!suite92.scherm1007?mObj=42739&mSelod=704757
1639;1639009;01/05/2017;30/04/2020;04/04/2019;CAO-DHZ 2017-2020 wijzigingen geaccepteerd.doc .pdf;1639 - DOE-HET-ZELFBRANCHE - 01-05-2017 - 30-04-2020 - Regulier - kvo datum - 04-04-2019;https://www.uitvoeringarbeidsvoorwaardenwetgeving.nl/mozard/!suite92.scherm1007?mObj=13739&mSelod=704757
1639;1639010;01/05/2020;31/12/2021;19/04/2021;cao VWDHZ in pdf met handtekeningen.pdf;1639 - DOE-HET-ZELFBRANCHE - 01-05-2020 - 31-12-2021 - Regulier - kvo datum - 19-04-2021;https://www.uitvoeringarbeidsvoorwaardenwetgeving.nl/mozard/!suite92.scherm1007?mObj=22614&mSelod=704757
1639;1639011;01/07/2009;30/06/2011;09/03/2011;Dhz-cao 2009-2011 def.pdf;1639 - DOE-HET-ZELFBRANCHE - 01-07-2009 - 30-06-2011 - Regulier - kvo datum - 09-03-2011;https://www.uitvoeringarbeidsvoorwaardenwetgeving.nl/mozard/!suite92.scherm1007?mObj=9785&mSelod=704757
1639;1639012;01/07/2011;30/06/2012;06/06/2012;Dhz_cao_2009_2011_def.pdf;1639 - DOE-HET-ZELFBRANCHE - 01-07-2011 - 30-06-2012 - Regulier - kvo datum - 06-06-2012;https://www.uitvoeringarbeidsvoorwaardenwetgeving.nl/mozard/!suite92.scherm1007?mObj=9786&mSelod=704757
1639;1639013;01/07/2012;30/06/2013;15/01/2013;CAO_DHZ_2012_13_def.pdf;1639 - DOE-HET-ZELFBRANCHE - 01-07-2012 - 30-06-2013 - Regulier - kvo datum - 15-01-2013;https://www.uitvoeringarbeidsvoorwaardenwetgeving.nl/mozard/!suite92.scherm1007?mObj=9787&mSelod=704757
750;750001;01/01/2018;31/12/2022;01/05/2018;cao_definitief.pdf;750 - CONTRACTCATERINGBRANCHE - 01-01-2018 - 31-12-2022 - Regulier - kvo datum - 01-05-2018 - TTW;https://www.uitvoeringarbeidsvoorwaardenwetgeving.nl/mozard/!suite92.scherm1007?mObj=8349&mSelod=704759
750;750002;01/01/2018;31/12/2022;14/03/2018;cao_definitief_1.pdf;750 - CONTRACTCATERINGBRANCHE - 01-01-2018 - 31-12-2022 - Regulier - kvo datum - 14-03-2018;https://www.uitvoeringarbeidsvoorwaardenwetgeving.nl/mozard/!suite92.scherm1007?mObj=8348&mSelod=704759
750;750003;01/04/2010;31/03/2012;19/07/2011;cao_2010___2012__versie_juli_2011_.pdf;750 - CONTRACTCATERINGBRANCHE - 01-04-2010 - 31-03-2012 - Regulier - kvo datum - 19-07-2011 - TTW;https://www.uitvoeringarbeidsvoorwaardenwetgeving.nl/mozard/!suite92.scherm1007?mObj=8337&mSelod=704759
750;750004;01/04/2010;31/03/2012;30/03/2011;contractcatering cao en handboek.pdf;750 - CONTRACTCATERINGBRANCHE - 01-04-2010 - 31-03-2012 - Regulier - kvo datum - 30-03-2011 - TTW;https://www.uitvoeringarbeidsvoorwaardenwetgeving.nl/mozard/!suite92.scherm1007?mObj=8336&mSelod=704759
750;750005;01/04/2012;31/03/2013;17/04/2012;Contractcateringbranche__Arbeidsvoorw_cao.pdf;750 - CONTRACTCATERINGBRANCHE - 01-04-2012 - 31-03-2013 - Regulier - kvo datum - 17-04-2012;https://www.uitvoeringarbeidsvoorwaardenwetgeving.nl/mozard/!suite92.scherm1007?mObj=8338&mSelod=704759
750;750006;01/04/2012;31/03/2013;19/12/2012;cao_cc.pdf;750 - CONTRACTCATERINGBRANCHE - 01-04-2012 - 31-03-2013 - Regulier - kvo datum - 19-12-2012 - TTW;https://www.uitvoeringarbeidsvoorwaardenwetgeving.nl/mozard/!suite92.scherm1007?mObj=8339&mSelod=704759
750;750007;01/04/2013;31/03/2014;03/06/2013;cao_arbeidsvwd_2013_2014_gerenvooieerd.pdf;750 - CONTRACTCATERINGBRANCHE - 01-04-2013 - 31-03-2014 - Regulier - kvo datum - 03-06-2013;https://www.uitvoeringarbeidsvoorwaardenwetgeving.nl/mozard/!suite92.scherm1007?mObj=8340&mSelod=704759
750;750008;01/04/2013;31/03/2014;25/06/2013;cao_avwd_1_april_2013_tot_1_april_2014.pdf;750 - CONTRACTCATERINGBRANCHE - 01-04-2013 - 31-03-2014 - Regulier - kvo datum - 25-06-2013 - TTW;https://www.uitvoeringarbeidsvoorwaardenwetgeving.nl/mozard/!suite92.scherm1007?mObj=8341&mSelod=704759
750;750009;01/04/2014;30/06/2015;04/07/2014;cao_1_april_2014_tot_1_juli_2015.pdf;750 - CONTRACTCATERINGBRANCHE - 01-04-2014 - 30-06-2015 - Regulier - kvo datum - 04-07-2014;https://www.uitvoeringarbeidsvoorwaardenwetgeving.nl/mozard/!suite92.scherm1007?mObj=8342&mSelod=704759
750;750010;01/04/2014;30/06/2015;15/07/2014;cao_2014_2015.pdf;750 - CONTRACTCATERINGBRANCHE - 01-04-2014 - 30-06-2015 - Regulier - kvo datum - 15-07-2014 - TTW;https://www.uitvoeringarbeidsvoorwaardenwetgeving.nl/mozard/!suite92.scherm1007?mObj=8343&mSelod=704759
750;750011;01/04/2014;30/06/2015;17/07/2014;cao_niet_gerenvooieerd.pdf;750 - CONTRACTCATERINGBRANCHE - 01-04-2014 - 30-06-2015 - Regulier - kvo datum - 17-07-2014 - TTW;https://www.uitvoeringarbeidsvoorwaardenwetgeving.nl/mozard/!suite92.scherm1007?mObj=8344&mSelod=704759
750;750012;01/04/2019;01/04/2021;09/12/2019;cao arbeidsvoorwaarden 1 april 2019 tot 1 april 2020, definitief.docx.pdf;750 - CONTRACTCATERINGBRANCHE - 01-04-2019 - 01-04-2021 - Regulier - kvo datum - 09-12-2019;https://www.uitvoeringarbeidsvoorwaardenwetgeving.nl/mozard/!suite92.scherm1007?mObj=15408&mSelod=704759
750;750013;01/04/2019;31/03/2020;20/01/2020;cao arbeidsvoorwaarden, definitief januari 2020.docx.pdf;750 - CONTRACTCATERINGBRANCHE - 01-04-2019 - 31-03-2020 - Regulier - kvo datum - 20-01-2020 - TTW;https://www.uitvoeringarbeidsvoorwaardenwetgeving.nl/mozard/!suite92.scherm1007?mObj=15637&mSelod=704759
750;750014;01/04/2021;31/03/2022;22/09/2021;cao arbeidsvoorwaarden, definitief.pdf;750 - CONTRACTCATERINGBRANCHE - 01-04-2021 - 31-03-2022 - Regulier - kvo datum - 22-09-2021;https://www.uitvoeringarbeidsvoorwaardenwetgeving.nl/mozard/!suite92.scherm1007?mObj=23331&mSelod=704759
750;750015;01/04/2022;31/03/2024;04/07/2023;cao 1 april 2022 - 31 maart 2024, definitief 03072023.pdf;750 - CONTRACTCATERINGBRANCHE - 01-04-2022 - 31-03-2024 - Regulier - kvo datum - 04-07-2023;https://www.uitvoeringarbeidsvoorwaardenwetgeving.nl/mozard/!suite92.scherm1007?mObj=37285&mSelod=704759
750;750016;01/04/2022;31/03/2024;08/05/2023;cao 1 april 2022 - 31 maart 2024, definitief 01052023.pdf;750 - CONTRACTCATERINGBRANCHE - 01-04-2022 - 31-03-2024 - Regulier - kvo datum - 08-05-2023 - TTW;https://www.uitvoeringarbeidsvoorwaardenwetgeving.nl/mozard/!suite92.scherm1007?mObj=37012&mSelod=704759
750;750017;01/04/2022;31/03/2024;17/03/2023;cao 1 april 2022 - 31 maart 2024, definitief 17032023.pdf;750 - CONTRACTCATERINGBRANCHE - 01-04-2022 - 31-03-2024 - Regulier - kvo datum - 17-03-2023 - TTW;https://www.uitvoeringarbeidsvoorwaardenwetgeving.nl/mozard/!suite92.scherm1007?mObj=36467&mSelod=704759
750;750018;01/04/2022;31/03/2024;19/07/2023;cao 1 april 2022 - 31 maart 2024, definitief 18072023.pdf;750 - CONTRACTCATERINGBRANCHE - 01-04-2022 - 31-03-2024 - Regulier - kvo datum - 19-07-2023 - TTW;https://www.uitvoeringarbeidsvoorwaardenwetgeving.nl/mozard/!suite92.scherm1007?mObj=37706&mSelod=704759
750;750019;01/04/2022;31/03/2024;19/12/2022;cao 1 april 2022 - 31 maart 2024, definitief.pdf;750 - CONTRACTCATERINGBRANCHE - 01-04-2022 - 31-03-2024 - Regulier - kvo datum - 19-12-2022;https://www.uitvoeringarbeidsvoorwaardenwetgeving.nl/mozard/!suite92.scherm1007?mObj=32180&mSelod=704759
750;750020;01/04/2024;31/12/2025;03/07/2024;cao 1 april 2024 - 31 december 2025 definitief 28062024.pdf;750 - CONTRACTCATERINGBRANCHE - 01-04-2024 - 31-12-2025 - Regulier - kvo datum - 03-07-2024;https://www.uitvoeringarbeidsvoorwaardenwetgeving.nl/mozard/!suite92.scherm1007?mObj=43177&mSelod=704759
750;750021;01/04/2024;31/12/2025;08/10/2024;cao 1 april 2024 - 31 december 2025.docx.pdf;750 - CONTRACTCATERINGBRANCHE - 01-04-2024 - 31-12-2025 - Regulier - kvo datum - 08-10-2024;https://www.uitvoeringarbeidsvoorwaardenwetgeving.nl/mozard/!suite92.scherm1007?mObj=43976&mSelod=704759
750;750022;01/04/2024;31/12/2025;19/12/2024;cao 1 april 2024 - 31 december 2025 18122024 opgeschoonde versie.pdf;750 - CONTRACTCATERINGBRANCHE - 01-04-2024 - 31-12-2025 - Regulier - kvo datum - 19-12-2024 - TTW;https://www.uitvoeringarbeidsvoorwaardenwetgeving.nl/mozard/!suite92.scherm1007?mObj=45688&mSelod=704759
750;750023;01/04/2024;31/12/2025;30/07/2024;cao 1 april 2024 - 31 december 2025 definitief 26072024.pdf;750 - CONTRACTCATERINGBRANCHE - 01-04-2024 - 31-12-2025 - Regulier - kvo datum - 30-07-2024 - TTW;https://www.uitvoeringarbeidsvoorwaardenwetgeving.nl/mozard/!suite92.scherm1007?mObj=43420&mSelod=704759
750;750024;01/07/2015;30/06/2016;03/12/2015;cao_2015_2016_wijziging_SKA_en_SUCON_I.pdf;750 - CONTRACTCATERINGBRANCHE - 01-07-2015 - 30-06-2016 - Regulier - kvo datum - 03-12-2015 - TTW;https://www.uitvoeringarbeidsvoorwaardenwetgeving.nl/mozard/!suite92.scherm1007?mObj=8346&mSelod=704759
750;750025;01/07/2015;30/06/2016;15/07/2015;caotekst_cc.pdf;750 - CONTRACTCATERINGBRANCHE - 01-07-2015 - 30-06-2016 - Regulier - kvo datum - 15-07-2015;https://www.uitvoeringarbeidsvoorwaardenwetgeving.nl/mozard/!suite92.scherm1007?mObj=8345&mSelod=704759
750;750026;01/07/2016;30/06/2021;01/07/2016;cao_definitief_2.pdf;750 - CONTRACTCATERINGBRANCHE - 01-07-2016 - 30-06-2021 - Regulier - kvo datum - 01-07-2016;https://www.uitvoeringarbeidsvoorwaardenwetgeving.nl/mozard/!suite92.scherm1007?mObj=8347&mSelod=704759
650;650001;01/01/2017;31/12/2018;02/07/2018;GGF_ttw_cao_2017_2018.pdf;650 - GROENTEN EN FRUIT GROOTHANDEL IN- - 01-01-2017 - 31-12-2018 - Regulier - kvo datum - 02-07-2018 - TTW;https://www.uitvoeringarbeidsvoorwaardenwetgeving.nl/mozard/!suite92.scherm1007?mObj=8115&mSelod=704761
650;650002;01/01/2017;31/12/2018;20/12/2017;Groothandel_groenten_en_fruit_cao_2017_2018_na_ttw.pdf;650 - GROENTEN EN FRUIT GROOTHANDEL IN- - 01-01-2017 - 31-12-2018 - Regulier - kvo datum - 20-12-2017 - TTW;https://www.uitvoeringarbeidsvoorwaardenwetgeving.nl/mozard/!suite92.scherm1007?mObj=8114&mSelod=704761
650;650003;01/01/2017;31/12/2018;28/11/2017;Groothandel_groenten_en_fruit_cao_2017_2018.pdf;650 - GROENTEN EN FRUIT GROOTHANDEL IN- - 01-01-2017 - 31-12-2018 - Regulier - kvo datum - 28-11-2017;https://www.uitvoeringarbeidsvoorwaardenwetgeving.nl/mozard/!suite92.scherm1007?mObj=8113&mSelod=704761
650;650004;01/01/2019;31/05/2020;03/12/2019;Groothandel in Groenten en Fruit CAO 2019-2020 na ttw ivm salaristabellen.docx.pdf;650 - GROENTEN EN FRUIT GROOTHANDEL IN- - 01-01-2019 - 31-05-2020 - Regulier - kvo datum - 03-12-2019 - TTW;https://www.uitvoeringarbeidsvoorwaardenwetgeving.nl/mozard/!suite92.scherm1007?mObj=15371&mSelod=704761
650;650005;01/01/2019;31/05/2020;04/11/2019;Groothandel in Groenten en Fruit 2019-2020 definitief 03112019.pdf;650 - GROENTEN EN FRUIT GROOTHANDEL IN- - 01-01-2019 - 31-05-2020 - Regulier - kvo datum - 04-11-2019;https://www.uitvoeringarbeidsvoorwaardenwetgeving.nl/mozard/!suite92.scherm1007?mObj=15178&mSelod=704761
650;650006;01/01/2019;31/05/2020;14/05/2020;CAO Groothandel in Groenten en Fruit 2019-2020 na ttw2 art 29b en bijlage X.pdf;650 - GROENTEN EN FRUIT GROOTHANDEL IN- - 01-01-2019 - 31-05-2020 - Regulier - kvo datum - 14-05-2020 - TTW;https://www.uitvoeringarbeidsvoorwaardenwetgeving.nl/mozard/!suite92.scherm1007?mObj=16444&mSelod=704761
650;650007;01/01/2019;31/05/2020;18/03/2020;CAO Groothandel in Groenten en Fruit 2019-2020 na ttw art 13 23 40 bijlage III V.pdf;650 - GROENTEN EN FRUIT GROOTHANDEL IN- - 01-01-2019 - 31-05-2020 - Regulier - kvo datum - 18-03-2020 - TTW;https://www.uitvoeringarbeidsvoorwaardenwetgeving.nl/mozard/!suite92.scherm1007?mObj=16016&mSelod=704761
650;650008;01/01/2021;31/12/2021;21/07/2021;CAO Groothandel in Groenten en Fruit 1 jan. tm 31 dec incl functiehandboek na tt.pdf;650 - GROENTEN EN FRUIT GROOTHANDEL IN- - 01-01-2021 - 31-12-2021 - Regulier - kvo datum - 21-07-2021 - TTW;https://www.uitvoeringarbeidsvoorwaardenwetgeving.nl/mozard/!suite92.scherm1007?mObj=23078&mSelod=704761
650;650009;01/01/2021;31/12/2021;25/06/2021;Groothandel in Groenten en Fruit cao 2021.pdf;650 - GROENTEN EN FRUIT GROOTHANDEL IN- - 01-01-2021 - 31-12-2021 - Regulier - kvo datum - 25-06-2021;https://www.uitvoeringarbeidsvoorwaardenwetgeving.nl/mozard/!suite92.scherm1007?mObj=22887&mSelod=704761
650;650010;01/01/2022;31/12/2022;02/09/2022;2022.08.17 CAO Groothandel in Groenten en Fruit 1 jan. tm 31 dec 2022.pdf;650 - GROENTEN EN FRUIT GROOTHANDEL IN- - 01-01-2022 - 31-12-2022 - Regulier - kvo datum - 02-09-2022;https://www.uitvoeringarbeidsvoorwaardenwetgeving.nl/mozard/!suite92.scherm1007?mObj=31102&mSelod=704761
650;650011;01/01/2023;30/06/2024;08/05/2023;CAO Groothandel in Groenten en Fruit 1 jan. 2023 tm 30 juni 2024 versie 26-4-2023 na ttw.pdf;650 - GROENTEN EN FRUIT GROOTHANDEL IN- - 01-01-2023 - 30-06-2024 - Regulier - kvo datum - 08-05-2023 - TTW;https://www.uitvoeringarbeidsvoorwaardenwetgeving.nl/mozard/!suite92.scherm1007?mObj=37011&mSelod=704761
650;650012;01/01/2023;30/06/2024;13/03/2023;CAO Groothandel in Groenten en Fruit 1 jan. 2023 tm 30 juni 2024 versie 9-3-2023.pdf;650 - GROENTEN EN FRUIT GROOTHANDEL IN- - 01-01-2023 - 30-06-2024 - Regulier - kvo datum - 13-03-2023;https://www.uitvoeringarbeidsvoorwaardenwetgeving.nl/mozard/!suite92.scherm1007?mObj=36404&mSelod=704761
650;650013;01/04/2009;31/03/2010;09/03/2011;Frugi_Venta_2009-2010_Groothandel_AGF.pdf;650 - GROENTEN EN FRUIT GROOTHANDEL IN- - 01-04-2009 - 31-03-2010 - Regulier - kvo datum - 09-03-2011;https://www.uitvoeringarbeidsvoorwaardenwetgeving.nl/mozard/!suite92.scherm1007?mObj=8106&mSelod=704761
650;650014;01/04/2010;30/06/2011;11/03/2011;CAO_2010-2011_Groothandel_Groenten_Fruit_.pdf;650 - GROENTEN EN FRUIT GROOTHANDEL IN- - 01-04-2010 - 30-06-2011 - Regulier - kvo datum - 11-03-2011;https://www.uitvoeringarbeidsvoorwaardenwetgeving.nl/mozard/!suite92.scherm1007?mObj=8107&mSelod=704761
650;650015;01/04/2010;30/06/2011;16/03/2011;Frugi_Venta_2010-2011__(obv_463120).pdf;650 - GROENTEN EN FRUIT GROOTHANDEL IN- - 01-04-2010 - 30-06-2011 - Regulier - kvo datum - 16-03-2011 - TTW;https://www.uitvoeringarbeidsvoorwaardenwetgeving.nl/mozard/!suite92.scherm1007?mObj=8108&mSelod=704761
650;650016;01/06/2020;31/12/2020;20/10/2020;CAO boekje 2020_v5.pdf;650 - GROENTEN EN FRUIT GROOTHANDEL IN- - 01-06-2020 - 31-12-2020 - Regulier - kvo datum - 20-10-2020;https://www.uitvoeringarbeidsvoorwaardenwetgeving.nl/mozard/!suite92.scherm1007?mObj=19846&mSelod=704761
650;650017;01/07/2011;30/06/2012;25/01/2012;Frugi_Venta_CAO_2011_2012_.pdf;650 - GROENTEN EN FRUIT GROOTHANDEL IN- - 01-07-2011 - 30-06-2012 - Regulier - kvo datum - 25-01-2012;https://www.uitvoeringarbeidsvoorwaardenwetgeving.nl/mozard/!suite92.scherm1007?mObj=8109&mSelod=704761
650;650018;01/07/2012;30/06/2014;10/04/2014;CAO_tekst_Groenten_en_Fruit_met_wijz_.pdf;650 - GROENTEN EN FRUIT GROOTHANDEL IN- - 01-07-2012 - 30-06-2014 - Regulier - kvo datum - 10-04-2014 - TTW;https://www.uitvoeringarbeidsvoorwaardenwetgeving.nl/mozard/!suite92.scherm1007?mObj=8111&mSelod=704761
650;650019;01/07/2012;30/06/2014;19/03/2014;CAO_Frugi_Venta_definitief_2012_2014.pdf;650 - GROENTEN EN FRUIT GROOTHANDEL IN- - 01-07-2012 - 30-06-2014 - Regulier - kvo datum - 19-03-2014;https://www.uitvoeringarbeidsvoorwaardenwetgeving.nl/mozard/!suite92.scherm1007?mObj=8110&mSelod=704761
650;650020;01/07/2014;31/12/2016;23/03/2016;Groothandel_groenten_en_fruit_2014_2016_difinitief.pdf;650 - GROENTEN EN FRUIT GROOTHANDEL IN- - 01-07-2014 - 31-12-2016 - Regulier - kvo datum - 23-03-2016;https://www.uitvoeringarbeidsvoorwaardenwetgeving.nl/mozard/!suite92.scherm1007?mObj=8112&mSelod=704761
650;650021;01/07/2024;30/06/2025;06/02/2025;CAO Groothandel in Groenten en Fruit 1 juli 2024 tm 30 juni 2025 .pdf;650 - GROENTEN EN FRUIT GROOTHANDEL IN- - 01-07-2024 - 30-06-2025 - Regulier - kvo datum - 06-02-2025;https://www.uitvoeringarbeidsvoorwaardenwetgeving.nl/mozard/!suite92.scherm1007?mObj=46526&mSelod=704761
243;243001;01/01/2014;29/02/2016;01/12/2015;Cao_hoveniers_tm_29_2_2016_2e_TTW_26_11_2015_def.pdf;243 - HOVENIERSBEDRIJF IN NEDERLAND - 01-01-2014 - 29-02-2016 - Regulier - kvo datum - 01-12-2015 - TTW;https://www.uitvoeringarbeidsvoorwaardenwetgeving.nl/mozard/!suite92.scherm1007?mObj=7347&mSelod=704764
243;243002;01/01/2014;29/02/2016;03/02/2015;Cao_Hoveniers_integrale_tekst.pdf;243 - HOVENIERSBEDRIJF IN NEDERLAND - 01-01-2014 - 29-02-2016 - Regulier - kvo datum - 03-02-2015 - TTW;https://www.uitvoeringarbeidsvoorwaardenwetgeving.nl/mozard/!suite92.scherm1007?mObj=7345&mSelod=704764
243;243003;01/01/2014;29/02/2016;17/04/2014;Cao_hoveniers_1_1_2014_tm_29_2_2016_20140383Na.pdf;243 - HOVENIERSBEDRIJF IN NEDERLAND - 01-01-2014 - 29-02-2016 - Regulier - kvo datum - 17-04-2014;https://www.uitvoeringarbeidsvoorwaardenwetgeving.nl/mozard/!suite92.scherm1007?mObj=7344&mSelod=704764
243;243004;01/01/2014;29/02/2016;23/07/2015;Cao_hoveniers_tm_29_2_2016_TTW_15_7_2015.pdf;243 - HOVENIERSBEDRIJF IN NEDERLAND - 01-01-2014 - 29-02-2016 - Regulier - kvo datum - 23-07-2015 - TTW;https://www.uitvoeringarbeidsvoorwaardenwetgeving.nl/mozard/!suite92.scherm1007?mObj=7346&mSelod=704764
243;243005;01/03/2011;28/02/2013;17/01/2012;20120041N_Cao_hoveniers_TTW_2012.pdf;243 - HOVENIERSBEDRIJF IN NEDERLAND - 01-03-2011 - 28-02-2013 - Regulier - kvo datum - 17-01-2012 - TTW;https://www.uitvoeringarbeidsvoorwaardenwetgeving.nl/mozard/!suite92.scherm1007?mObj=7341&mSelod=704764
243;243006;01/03/2011;28/02/2013;17/08/2011;20110636N_Cao_hoveniers_01032011_tm_28022013.pdf;243 - HOVENIERSBEDRIJF IN NEDERLAND - 01-03-2011 - 28-02-2013 - Regulier - kvo datum - 17-08-2011;https://www.uitvoeringarbeidsvoorwaardenwetgeving.nl/mozard/!suite92.scherm1007?mObj=7340&mSelod=704764
243;243007;01/03/2011;28/02/2013;28/09/2012;20120946N_Cao_hoveniers_2011tm2013_TWW_artikel_9.pdf;243 - HOVENIERSBEDRIJF IN NEDERLAND - 01-03-2011 - 28-02-2013 - Regulier - kvo datum - 28-09-2012 - TTW;https://www.uitvoeringarbeidsvoorwaardenwetgeving.nl/mozard/!suite92.scherm1007?mObj=7342&mSelod=704764
243;243008;01/03/2013;31/12/2013;23/05/2013;Cao_hoveniers_1_3_2013_tm_31_12_2013_20130472N.pdf;243 - HOVENIERSBEDRIJF IN NEDERLAND - 01-03-2013 - 31-12-2013 - Regulier - kvo datum - 23-05-2013;https://www.uitvoeringarbeidsvoorwaardenwetgeving.nl/mozard/!suite92.scherm1007?mObj=7343&mSelod=704764
243;243009;01/07/2016;28/02/2018;02/08/2016;TTW_Cao_hov_2_8_16.pdf;243 - HOVENIERSBEDRIJF IN NEDERLAND - 01-07-2016 - 28-02-2018 - Regulier - kvo datum - 02-08-2016 - TTW;https://www.uitvoeringarbeidsvoorwaardenwetgeving.nl/mozard/!suite92.scherm1007?mObj=7350&mSelod=704764
243;243010;01/07/2016;28/02/2018;02/09/2016;cao_Hoveniersbedrijf_2016_2018_ttw___31_8_2016.pdf;243 - HOVENIERSBEDRIJF IN NEDERLAND - 01-07-2016 - 28-02-2018 - Regulier - kvo datum - 02-09-2016 - TTW;https://www.uitvoeringarbeidsvoorwaardenwetgeving.nl/mozard/!suite92.scherm1007?mObj=7351&mSelod=704764
243;243011;01/07/2016;28/02/2018;29/06/2016;Cao_hov_v3.pdf;243 - HOVENIERSBEDRIJF IN NEDERLAND - 01-07-2016 - 28-02-2018 - Regulier - kvo datum - 29-06-2016;https://www.uitvoeringarbeidsvoorwaardenwetgeving.nl/mozard/!suite92.scherm1007?mObj=7349&mSelod=704764
243;243012;01/07/2018;30/06/2020;06/12/2018;Cao_Hov_ttw_5_12_2018.pdf;243 - HOVENIERSBEDRIJF IN NEDERLAND - 01-07-2018 - 30-06-2020 - Regulier - kvo datum - 06-12-2018 - TTW;https://www.uitvoeringarbeidsvoorwaardenwetgeving.nl/mozard/!suite92.scherm1007?mObj=7355&mSelod=704764
243;243013;01/07/2018;30/06/2020;28/11/2018;Integ_Cao_hov_incl_ttw_2018_2020.pdf;243 - HOVENIERSBEDRIJF IN NEDERLAND - 01-07-2018 - 30-06-2020 - Regulier - kvo datum - 28-11-2018 - TTW;https://www.uitvoeringarbeidsvoorwaardenwetgeving.nl/mozard/!suite92.scherm1007?mObj=7354&mSelod=704764
243;243014;01/07/2018;30/06/2020;30/08/2018;Integrale_cao_Hov_2018_2020.pdf;243 - HOVENIERSBEDRIJF IN NEDERLAND - 01-07-2018 - 30-06-2020 - Regulier - kvo datum - 30-08-2018;https://www.uitvoeringarbeidsvoorwaardenwetgeving.nl/mozard/!suite92.scherm1007?mObj=7353&mSelod=704764
243;243015;01/07/2018;30/06/2021;05/03/2021;CAO Hoveniers 6e ttw per 1 maart 2021.docx.pdf;243 - HOVENIERSBEDRIJF IN NEDERLAND - 01-07-2018 - 30-06-2021 - Regulier - kvo datum - 05-03-2021 - TTW;https://www.uitvoeringarbeidsvoorwaardenwetgeving.nl/mozard/!suite92.scherm1007?mObj=22169&mSelod=704764
243;243016;01/07/2018;30/06/2021;20/11/2020;Cao Hoveniers 5e ttw per 20 november 2020 - 2011-1582.docx.pdf;243 - HOVENIERSBEDRIJF IN NEDERLAND - 01-07-2018 - 30-06-2021 - Regulier - kvo datum - 20-11-2020 - TTW;https://www.uitvoeringarbeidsvoorwaardenwetgeving.nl/mozard/!suite92.scherm1007?mObj=20687&mSelod=704764
243;243017;01/07/2018;30/06/2021;28/02/2019;Cao_Hov_ttw_27_2_2019.pdf;243 - HOVENIERSBEDRIJF IN NEDERLAND - 01-07-2018 - 30-06-2021 - Regulier - kvo datum - 28-02-2019 - TTW;https://www.uitvoeringarbeidsvoorwaardenwetgeving.nl/mozard/!suite92.scherm1007?mObj=7356&mSelod=704764
243;243018;01/07/2018;30/06/2021;30/10/2020;cao Hoveniers incl 4e ttw 1 novemb er 2020 def 2010-0194.docx.pdf;243 - HOVENIERSBEDRIJF IN NEDERLAND - 01-07-2018 - 30-06-2021 - Regulier - kvo datum - 30-10-2020 - TTW;https://www.uitvoeringarbeidsvoorwaardenwetgeving.nl/mozard/!suite92.scherm1007?mObj=20074&mSelod=704764
243;243019;01/07/2021;30/06/2023;06/12/2021;Cao Hoveniers 1 juli 2021 - 30 juni 2023 integraal.pdf;243 - HOVENIERSBEDRIJF IN NEDERLAND - 01-07-2021 - 30-06-2023 - Regulier - kvo datum - 06-12-2021;https://www.uitvoeringarbeidsvoorwaardenwetgeving.nl/mozard/!suite92.scherm1007?mObj=24430&mSelod=704764
243;243020;01/07/2021;30/06/2023;09/12/2021;Cao Hoveniers 1 juli 2021 - 30 juni 2023 integraal_1.pdf;243 - HOVENIERSBEDRIJF IN NEDERLAND - 01-07-2021 - 30-06-2023 - Regulier - kvo datum - 09-12-2021;https://www.uitvoeringarbeidsvoorwaardenwetgeving.nl/mozard/!suite92.scherm1007?mObj=24511&mSelod=704764
243;243021;01/07/2021;30/06/2023;27/06/2022;Cao Hoveniers 1 juli 2021 - 30 juni 2023 inclusief tussentijdse wijziging per 1.pdf;243 - HOVENIERSBEDRIJF IN NEDERLAND - 01-07-2021 - 30-06-2023 - Regulier - kvo datum - 27-06-2022;https://www.uitvoeringarbeidsvoorwaardenwetgeving.nl/mozard/!suite92.scherm1007?mObj=30369&mSelod=704764
243;243022;01/07/2021;30/06/2023;30/12/2022;Cao Hoveniers 1 juli 2021 - 30 juni 2023- ttw 1 januari 2023.pdf;243 - HOVENIERSBEDRIJF IN NEDERLAND - 01-07-2021 - 30-06-2023 - Regulier - kvo datum - 30-12-2022;https://www.uitvoeringarbeidsvoorwaardenwetgeving.nl/mozard/!suite92.scherm1007?mObj=32924&mSelod=704764
243;243023;01/07/2023;30/09/2024;21/02/2024;Integrale tekst cao voor het Hoveniersbedrijf 1 juli 2023 tm 30 september 2024 (2402-1326).pdf;243 - HOVENIERSBEDRIJF IN NEDERLAND - 01-07-2023 - 30-09-2024 - Regulier - kvo datum - 21-02-2024;https://www.uitvoeringarbeidsvoorwaardenwetgeving.nl/mozard/!suite92.scherm1007?mObj=41929&mSelod=704764
243;243024;01/07/2023;30/09/2024;26/06/2024;Integrale tekst cao voor het Hoveniersbedrijf 1 juli 2023 tm 30 september 2024 incl. TTW per 1 juli.pdf;243 - HOVENIERSBEDRIJF IN NEDERLAND - 01-07-2023 - 30-09-2024 - Regulier - kvo datum - 26-06-2024 - TTW;https://www.uitvoeringarbeidsvoorwaardenwetgeving.nl/mozard/!suite92.scherm1007?mObj=43056&mSelod=704764
243;243025;01/10/2024;30/06/2026;04/04/2025;Integrale tekst cao voor het Hoveniersbedrijf 1 oktober 2024 tm 30 juni 2026 (2503-1886).pdf;243 - HOVENIERSBEDRIJF IN NEDERLAND - 01-10-2024 - 30-06-2026 - Regulier - kvo datum - 04-04-2025;https://www.uitvoeringarbeidsvoorwaardenwetgeving.nl/mozard/!suite92.scherm1007?mObj=47571&mSelod=704764
243;243026;01/10/2024;30/06/2026;10/06/2025;Integrale tekst cao voor het Hoveniersbedrijf 1 oktober 2024 tm 30 juni 2026 incl. TTW per 1 juli 2025.pdf;243 - HOVENIERSBEDRIJF IN NEDERLAND - 01-10-2024 - 30-06-2026 - Regulier - kvo datum - 10-06-2025 - TTW;https://www.uitvoeringarbeidsvoorwaardenwetgeving.nl/mozard/!suite92.scherm1007?mObj=48563&mSelod=704764
683;683001;01/01/2015;31/12/2016;15/07/2015;tekstCAO_2015_2017_INTEGRAAL.pdf;683 - ELEKTROTECHNISCHE DETAILHANDEL - 01-01-2015 - 31-12-2016 - Regulier - kvo datum - 15-07-2015;https://www.uitvoeringarbeidsvoorwaardenwetgeving.nl/mozard/!suite92.scherm1007?mObj=8167&mSelod=704766
683;683002;01/01/2018;31/12/2019;16/02/2018;tekst_CAO20182020ETD_def.pdf;683 - ELEKTROTECHNISCHE DETAILHANDEL - 01-01-2018 - 31-12-2019 - Regulier - kvo datum - 16-02-2018;https://www.uitvoeringarbeidsvoorwaardenwetgeving.nl/mozard/!suite92.scherm1007?mObj=8168&mSelod=704766
683;683003;01/01/2018;31/12/2019;23/03/2018;CAO_2018_2020ETD_maart__def.pdf;683 - ELEKTROTECHNISCHE DETAILHANDEL - 01-01-2018 - 31-12-2019 - Regulier - kvo datum - 23-03-2018 - TTW;https://www.uitvoeringarbeidsvoorwaardenwetgeving.nl/mozard/!suite92.scherm1007?mObj=8169&mSelod=704766
683;683004;01/01/2021;31/12/2022;08/12/2020;CAO-2021-2022 ETD tekst 7 december.docx.pdf;683 - ELEKTROTECHNISCHE DETAILHANDEL - 01-01-2021 - 31-12-2022 - Regulier - kvo datum - 08-12-2020;https://www.uitvoeringarbeidsvoorwaardenwetgeving.nl/mozard/!suite92.scherm1007?mObj=20931&mSelod=704766
683;683005;01/01/2021;31/12/2022;21/06/2023;CAO-2021-2022 ETD tekst TTW d.d. 20 juni 2023.pdf;683 - ELEKTROTECHNISCHE DETAILHANDEL - 01-01-2021 - 31-12-2022 - Regulier - kvo datum - 21-06-2023;https://www.uitvoeringarbeidsvoorwaardenwetgeving.nl/mozard/!suite92.scherm1007?mObj=37190&mSelod=704766
683;683006;01/01/2023;31/12/2023;16/05/2023;CAO ETD d.d. 15 mei 2023 (naar SZW, TTW).pdf;683 - ELEKTROTECHNISCHE DETAILHANDEL - 01-01-2023 - 31-12-2023 - Regulier - kvo datum - 16-05-2023;https://www.uitvoeringarbeidsvoorwaardenwetgeving.nl/mozard/!suite92.scherm1007?mObj=37050&mSelod=704766
683;683007;01/01/2023;31/12/2023;22/05/2023;CAO ETD d.d. 17 mei 2023 (naar SZW, Aanmelding TTW).pdf;683 - ELEKTROTECHNISCHE DETAILHANDEL - 01-01-2023 - 31-12-2023 - Regulier - kvo datum - 22-05-2023;https://www.uitvoeringarbeidsvoorwaardenwetgeving.nl/mozard/!suite92.scherm1007?mObj=37070&mSelod=704766
683;683008;01/01/2023;31/12/2023;24/03/2023;CAO ETD d.d. 23 maart 2023 (naar SZW).pdf;683 - ELEKTROTECHNISCHE DETAILHANDEL - 01-01-2023 - 31-12-2023 - Regulier - kvo datum - 24-03-2023;https://www.uitvoeringarbeidsvoorwaardenwetgeving.nl/mozard/!suite92.scherm1007?mObj=36613&mSelod=704766
683;683009;01/01/2023;31/12/2023;28/02/2023;CAO ETD d.d. 27 februari 2023 (naar SZW).pdf;683 - ELEKTROTECHNISCHE DETAILHANDEL - 01-01-2023 - 31-12-2023 - Regulier - kvo datum - 28-02-2023;https://www.uitvoeringarbeidsvoorwaardenwetgeving.nl/mozard/!suite92.scherm1007?mObj=35834&mSelod=704766
683;683010;01/01/2024;31/12/2025;05/06/2024;CAO ETD platte tekst (d.d. 5 juni 2024).pdf;683 - ELEKTROTECHNISCHE DETAILHANDEL - 01-01-2024 - 31-12-2025 - Regulier - kvo datum - 05-06-2024;https://www.uitvoeringarbeidsvoorwaardenwetgeving.nl/mozard/!suite92.scherm1007?mObj=42897&mSelod=704766
683;683011;01/01/2024;31/12/2025;08/07/2024;CAO ETD tekst (d.d. 8 juli 2024).pdf;683 - ELEKTROTECHNISCHE DETAILHANDEL - 01-01-2024 - 31-12-2025 - Regulier - kvo datum - 08-07-2024 - TTW;https://www.uitvoeringarbeidsvoorwaardenwetgeving.nl/mozard/!suite92.scherm1007?mObj=43230&mSelod=704766
683;683012;01/07/2009;31/12/2011;31/01/2011;Elektro tekstCAO-2010-2011 (januari 2011).pdf;683 - ELEKTROTECHNISCHE DETAILHANDEL - 01-07-2009 - 31-12-2011 - Regulier - kvo datum - 31-01-2011;https://www.uitvoeringarbeidsvoorwaardenwetgeving.nl/mozard/!suite92.scherm1007?mObj=8166&mSelod=704766
637;637001;01/01/2014;31/12/2014;10/06/2014;Cao_binnendienst_2014.pdf;637 - VERZEKERINGSBEDRIJF BINNENDIENST - 01-01-2014 - 31-12-2014 - Regulier - kvo datum - 10-06-2014;https://www.uitvoeringarbeidsvoorwaardenwetgeving.nl/mozard/!suite92.scherm1007?mObj=8090&mSelod=704770
637;637002;01/01/2015;30/06/2016;23/12/2014;Binnendienst_2015___2016_webversie.pdf;637 - VERZEKERINGSBEDRIJF BINNENDIENST - 01-01-2015 - 30-06-2016 - Regulier - kvo datum - 23-12-2014;https://www.uitvoeringarbeidsvoorwaardenwetgeving.nl/mozard/!suite92.scherm1007?mObj=8091&mSelod=704770
637;637003;01/01/2015;30/06/2016;25/06/2015;Cao_Binnendienst_2015__2016_addendum.pdf;637 - VERZEKERINGSBEDRIJF BINNENDIENST - 01-01-2015 - 30-06-2016 - Regulier - kvo datum - 25-06-2015 - TTW;https://www.uitvoeringarbeidsvoorwaardenwetgeving.nl/mozard/!suite92.scherm1007?mObj=8092&mSelod=704770
637;637004;01/01/2018;31/12/2019;02/05/2019;CAO Binnendienst 2018-2019.pdf .pdf;637 - VERZEKERINGSBEDRIJF BINNENDIENST - 01-01-2018 - 31-12-2019 - Regulier - kvo datum - 02-05-2019 - TTW;https://www.uitvoeringarbeidsvoorwaardenwetgeving.nl/mozard/!suite92.scherm1007?mObj=14112&mSelod=704770
637;637005;01/01/2018;31/12/2019;02/07/2018;Cao_Verzekeringsbedrijf_Binnendienst_2018_2019.pdf;637 - VERZEKERINGSBEDRIJF BINNENDIENST - 01-01-2018 - 31-12-2019 - Regulier - kvo datum - 02-07-2018;https://www.uitvoeringarbeidsvoorwaardenwetgeving.nl/mozard/!suite92.scherm1007?mObj=8096&mSelod=704770
637;637006;01/06/2011;02/01/2013;30/05/2012;cao_binnendienst_2011_2012.pdf;637 - VERZEKERINGSBEDRIJF BINNENDIENST - 01-06-2011 - 02-01-2013 - Regulier - kvo datum - 30-05-2012;https://www.uitvoeringarbeidsvoorwaardenwetgeving.nl/mozard/!suite92.scherm1007?mObj=8087&mSelod=704770
637;637007;01/07/2016;31/12/2017;03/01/2018;Cao_Verzekeringsbedrijf_2016_2017_schoon_ttw.pdf;637 - VERZEKERINGSBEDRIJF BINNENDIENST - 01-07-2016 - 31-12-2017 - Regulier - kvo datum - 03-01-2018 - TTW;https://www.uitvoeringarbeidsvoorwaardenwetgeving.nl/mozard/!suite92.scherm1007?mObj=8095&mSelod=704770
637;637008;01/07/2016;31/12/2017;07/06/2017;Verzekeringsbedrijf_2016_2017_schoon_1.pdf;637 - VERZEKERINGSBEDRIJF BINNENDIENST - 01-07-2016 - 31-12-2017 - Regulier - kvo datum - 07-06-2017;https://www.uitvoeringarbeidsvoorwaardenwetgeving.nl/mozard/!suite92.scherm1007?mObj=8093&mSelod=704770
637;637009;01/07/2016;31/12/2017;16/10/2017;Cao_Binnendienst_schoon.pdf;637 - VERZEKERINGSBEDRIJF BINNENDIENST - 01-07-2016 - 31-12-2017 - Regulier - kvo datum - 16-10-2017 - TTW;https://www.uitvoeringarbeidsvoorwaardenwetgeving.nl/mozard/!suite92.scherm1007?mObj=8094&mSelod=704770
637;637010;02/01/2013;31/12/2013;03/04/2013;Cao_Binnendienst_2013.pdf;637 - VERZEKERINGSBEDRIJF BINNENDIENST - 02-01-2013 - 31-12-2013 - Regulier - kvo datum - 03-04-2013;https://www.uitvoeringarbeidsvoorwaardenwetgeving.nl/mozard/!suite92.scherm1007?mObj=8088&mSelod=704770
637;637011;02/01/2013;31/12/2013;06/01/2014;CAO_boekje_Binnendienst_wijzFAR.pdf;637 - VERZEKERINGSBEDRIJF BINNENDIENST - 02-01-2013 - 31-12-2013 - Regulier - kvo datum - 06-01-2014 - TTW;https://www.uitvoeringarbeidsvoorwaardenwetgeving.nl/mozard/!suite92.scherm1007?mObj=8089&mSelod=704770
637;637012;01/01/2020;31/12/2020;03/08/2020;Cao Verzekeringsbedrijf 2020 - integrale tekst.docx.pdf;637 - VERZEKERINGSBEDRIJF, CAO VOOR HET - 01-01-2020 - 31-12-2020 - Regulier - kvo datum - 03-08-2020;https://www.uitvoeringarbeidsvoorwaardenwetgeving.nl/mozard/!suite92.scherm1007?mObj=18706&mSelod=704770
637;637013;01/01/2021;31/12/2021;09/04/2021;Cao Verzekeringsbedrijf 2021 def versie 20210311.pdf;637 - VERZEKERINGSBEDRIJF, CAO VOOR HET - 01-01-2021 - 31-12-2021 - Regulier - kvo datum - 09-04-2021;https://www.uitvoeringarbeidsvoorwaardenwetgeving.nl/mozard/!suite92.scherm1007?mObj=22583&mSelod=704770
637;637014;01/01/2022;31/12/2023;09/02/2023;Cao Verzekeringsbedrijf 2022-2023 TTW februari 2023.pdf;637 - VERZEKERINGSBEDRIJF, CAO VOOR HET - 01-01-2022 - 31-12-2023 - Regulier - kvo datum - 09-02-2023;https://www.uitvoeringarbeidsvoorwaardenwetgeving.nl/mozard/!suite92.scherm1007?mObj=34632&mSelod=704770
637;637015;01/01/2022;31/12/2023;14/07/2022;Cao Verzekeringsbedrijf 2022-2023 def versie 24 mei 2022.pdf;637 - VERZEKERINGSBEDRIJF, CAO VOOR HET - 01-01-2022 - 31-12-2023 - Regulier - kvo datum - 14-07-2022;https://www.uitvoeringarbeidsvoorwaardenwetgeving.nl/mozard/!suite92.scherm1007?mObj=30560&mSelod=704770
637;637016;01/01/2024;31/12/2024;21/06/2024;Cao voor het Verzekeringsbedrijf 2024.pdf;637 - VERZEKERINGSBEDRIJF, CAO VOOR HET - 01-01-2024 - 31-12-2024 - Regulier - kvo datum - 21-06-2024;https://www.uitvoeringarbeidsvoorwaardenwetgeving.nl/mozard/!suite92.scherm1007?mObj=43018&mSelod=704770
637;637017;01/01/2025;30/06/2026;27/06/2025;Cao voor het Verzekeringsbedrijf 2025-2026.pdf;637 - VERZEKERINGSBEDRIJF, CAO VOOR HET - 01-01-2025 - 30-06-2026 - Regulier - kvo datum - 27-06-2025;https://www.uitvoeringarbeidsvoorwaardenwetgeving.nl/mozard/!suite92.scherm1007?mObj=48983&mSelod=704770
526;526001;01/01/2022;31/12/2023;10/01/2022;CAO meubelindustrie 2022-2023.pdf;526 - INTERIEURBOUW EN MEUBELINDUSTRIE CAO - 01-01-2022 - 31-12-2023 - Regulier - kvo datum - 10-01-2022;https://www.uitvoeringarbeidsvoorwaardenwetgeving.nl/mozard/!suite92.scherm1007?mObj=26258&mSelod=704772
526;526002;01/01/2022;31/12/2023;11/02/2022;CAO meubelindustrie 2022-2023 TTW.pdf;526 - INTERIEURBOUW EN MEUBELINDUSTRIE CAO - 01-01-2022 - 31-12-2023 - Regulier - kvo datum - 11-02-2022;https://www.uitvoeringarbeidsvoorwaardenwetgeving.nl/mozard/!suite92.scherm1007?mObj=27037&mSelod=704772
526;526003;01/01/2022;31/12/2023;18/11/2022;CAO meubelindustrie 2022-2023 TTW nieuwe cao tekst.pdf;526 - INTERIEURBOUW EN MEUBELINDUSTRIE CAO - 01-01-2022 - 31-12-2023 - Regulier - kvo datum - 18-11-2022;https://www.uitvoeringarbeidsvoorwaardenwetgeving.nl/mozard/!suite92.scherm1007?mObj=31807&mSelod=704772
526;526004;01/01/2024;31/12/2024;22/04/2024;CAO Interieurbouw en Meubelindustrie 2024 clean def.pdf;526 - INTERIEURBOUW EN MEUBELINDUSTRIE CAO - 01-01-2024 - 31-12-2024 - Regulier - kvo datum - 22-04-2024 - TTW;https://www.uitvoeringarbeidsvoorwaardenwetgeving.nl/mozard/!suite92.scherm1007?mObj=42504&mSelod=704772
526;526005;01/01/2024;31/12/2024;27/03/2024;CAO Interieurbouw en Meubelindustrie 2024 clean.pdf;526 - INTERIEURBOUW EN MEUBELINDUSTRIE CAO - 01-01-2024 - 31-12-2024 - Regulier - kvo datum - 27-03-2024;https://www.uitvoeringarbeidsvoorwaardenwetgeving.nl/mozard/!suite92.scherm1007?mObj=42276&mSelod=704772
526;526006;01/01/2015;31/12/2016;07/04/2016;CAO_tekst_2015__2016_aanmelding_tst_dispensatie.pdf;526 - MEUBELINDUSTRIE EN MEUBILERINGSBEDRIJVEN - 01-01-2015 - 31-12-2016 - Regulier - kvo datum - 07-04-2016 - TTW;https://www.uitvoeringarbeidsvoorwaardenwetgeving.nl/mozard/!suite92.scherm1007?mObj=7647&mSelod=704772
526;526007;01/01/2015;31/12/2016;10/02/2016;CAO_tekst_2015__2016_aangemeld.pdf;526 - MEUBELINDUSTRIE EN MEUBILERINGSBEDRIJVEN - 01-01-2015 - 31-12-2016 - Regulier - kvo datum - 10-02-2016;https://www.uitvoeringarbeidsvoorwaardenwetgeving.nl/mozard/!suite92.scherm1007?mObj=7646&mSelod=704772
526;526008;01/01/2017;31/12/2017;22/02/2017;CAOtekst2017.pdf;526 - MEUBELINDUSTRIE EN MEUBILERINGSBEDRIJVEN - 01-01-2017 - 31-12-2017 - Regulier - kvo datum - 22-02-2017;https://www.uitvoeringarbeidsvoorwaardenwetgeving.nl/mozard/!suite92.scherm1007?mObj=7648&mSelod=704772
526;526009;01/01/2018;31/12/2019;23/03/2018;CAO_meubelindustrie_2018_2019_Def.pdf;526 - MEUBELINDUSTRIE EN MEUBILERINGSBEDRIJVEN - 01-01-2018 - 31-12-2019 - Regulier - kvo datum - 23-03-2018 - TTW;https://www.uitvoeringarbeidsvoorwaardenwetgeving.nl/mozard/!suite92.scherm1007?mObj=7650&mSelod=704772
526;526010;01/01/2018;31/12/2019;26/02/2018;CAO_meubelindustrie_2018_2019_Def_1.pdf;526 - MEUBELINDUSTRIE EN MEUBILERINGSBEDRIJVEN - 01-01-2018 - 31-12-2019 - Regulier - kvo datum - 26-02-2018;https://www.uitvoeringarbeidsvoorwaardenwetgeving.nl/mozard/!suite92.scherm1007?mObj=7649&mSelod=704772
526;526011;01/01/2019;31/12/2019;21/03/2019;CAO meubelindustrie 2018-2019 Def.docx .pdf;526 - MEUBELINDUSTRIE EN MEUBILERINGSBEDRIJVEN - 01-01-2019 - 31-12-2019 - Regulier - kvo datum - 21-03-2019 - TTW;https://www.uitvoeringarbeidsvoorwaardenwetgeving.nl/mozard/!suite92.scherm1007?mObj=1009&mSelod=704772
526;526012;01/01/2020;31/12/2021;04/05/2021;CAO meubelindustrie 2020-2021 def.pdf;526 - MEUBELINDUSTRIE EN MEUBILERINGSBEDRIJVEN - 01-01-2020 - 31-12-2021 - Regulier - kvo datum - 04-05-2021 - TTW;https://www.uitvoeringarbeidsvoorwaardenwetgeving.nl/mozard/!suite92.scherm1007?mObj=22670&mSelod=704772
526;526013;01/01/2020;31/12/2021;11/06/2021;CAO meubelindustrie 2020-2021 def P.pdf;526 - MEUBELINDUSTRIE EN MEUBILERINGSBEDRIJVEN - 01-01-2020 - 31-12-2021 - Regulier - kvo datum - 11-06-2021 - TTW;https://www.uitvoeringarbeidsvoorwaardenwetgeving.nl/mozard/!suite92.scherm1007?mObj=22836&mSelod=704772
526;526014;01/01/2020;31/12/2021;28/04/2021;CAO meubelindustrie 2020-2021 def_1.pdf;526 - MEUBELINDUSTRIE EN MEUBILERINGSBEDRIJVEN - 01-01-2020 - 31-12-2021 - Regulier - kvo datum - 28-04-2021;https://www.uitvoeringarbeidsvoorwaardenwetgeving.nl/mozard/!suite92.scherm1007?mObj=22646&mSelod=704772
526;526015;01/07/2010;30/06/2012;01/08/2011;Meubelindustrie__29_juli_2011.pdf;526 - MEUBELINDUSTRIE EN MEUBILERINGSBEDRIJVEN - 01-07-2010 - 30-06-2012 - Regulier - kvo datum - 01-08-2011 - TTW;https://www.uitvoeringarbeidsvoorwaardenwetgeving.nl/mozard/!suite92.scherm1007?mObj=7643&mSelod=704772
526;526016;01/07/2010;30/06/2012;28/06/2011;meubelindustrie_cao_tekst.pdf;526 - MEUBELINDUSTRIE EN MEUBILERINGSBEDRIJVEN - 01-07-2010 - 30-06-2012 - Regulier - kvo datum - 28-06-2011;https://www.uitvoeringarbeidsvoorwaardenwetgeving.nl/mozard/!suite92.scherm1007?mObj=7642&mSelod=704772
526;526017;01/07/2012;31/12/2014;06/08/2013;CAO_tekst_2012_2014.pdf;526 - MEUBELINDUSTRIE EN MEUBILERINGSBEDRIJVEN - 01-07-2012 - 31-12-2014 - Regulier - kvo datum - 06-08-2013;https://www.uitvoeringarbeidsvoorwaardenwetgeving.nl/mozard/!suite92.scherm1007?mObj=7644&mSelod=704772
526;526018;01/07/2012;31/12/2014;27/08/2013;CAO_tekst_2012_2014_1.pdf;526 - MEUBELINDUSTRIE EN MEUBILERINGSBEDRIJVEN - 01-07-2012 - 31-12-2014 - Regulier - kvo datum - 27-08-2013 - TTW;https://www.uitvoeringarbeidsvoorwaardenwetgeving.nl/mozard/!suite92.scherm1007?mObj=7645&mSelod=704772
2070;2070001;01/01/2022;31/12/2023;01/06/2023;CAO Facilitaire contactcenters 2022-2023 SIGNED.pdf;2070 - FACILITAIRE CONTACTCENTERS - 01-01-2022 - 31-12-2023 - Regulier - kvo datum - 01-06-2023;https://www.uitvoeringarbeidsvoorwaardenwetgeving.nl/mozard/!suite92.scherm1007?mObj=37110&mSelod=704774
2070;2070002;01/01/2022;31/12/2023;30/06/2023;CAO Facilitaire contactcenters 2022-2023 na ttw 23-6-2023_.getekend.pdf;2070 - FACILITAIRE CONTACTCENTERS - 01-01-2022 - 31-12-2023 - Regulier - kvo datum - 30-06-2023;https://www.uitvoeringarbeidsvoorwaardenwetgeving.nl/mozard/!suite92.scherm1007?mObj=37242&mSelod=704774
2070;2070003;01/01/2024;31/12/2024;07/02/2024;CAO Facilitaire contactcenters 2024 na ttw 31-01-2024.pdf;2070 - FACILITAIRE CONTACTCENTERS - 01-01-2024 - 31-12-2024 - Regulier - kvo datum - 07-02-2024 - TTW;https://www.uitvoeringarbeidsvoorwaardenwetgeving.nl/mozard/!suite92.scherm1007?mObj=41694&mSelod=704774
2070;2070004;01/01/2024;31/12/2024;20/12/2023;CAO Facilitaire contactcenters 2024 18-12-2023.pdf;2070 - FACILITAIRE CONTACTCENTERS - 01-01-2024 - 31-12-2024 - Regulier - kvo datum - 20-12-2023;https://www.uitvoeringarbeidsvoorwaardenwetgeving.nl/mozard/!suite92.scherm1007?mObj=40681&mSelod=704774
2070;2070005;01/01/2025;31/12/2027;16/12/2024;2024.12.10 WFC cao 2025-2027 Clean Version Final_ getekend szw.pdf;2070 - FACILITAIRE CONTACTCENTERS - 01-01-2025 - 31-12-2027 - Regulier - kvo datum - 16-12-2024;https://www.uitvoeringarbeidsvoorwaardenwetgeving.nl/mozard/!suite92.scherm1007?mObj=45596&mSelod=704774
2070;2070006;01/01/2025;31/12/2027;27/02/2025;WFC cao 2025-2027 na ttw 13-2-2025 szw.pdf;2070 - FACILITAIRE CONTACTCENTERS - 01-01-2025 - 31-12-2027 - Regulier - kvo datum - 27-02-2025 - TTW;https://www.uitvoeringarbeidsvoorwaardenwetgeving.nl/mozard/!suite92.scherm1007?mObj=46887&mSelod=704774
2070;2070007;01/10/2019;31/12/2021;11/12/2020;CAO Facilitaire contactcenters 2019 - 2021 versie 10.11.2020.pdf;2070 - FACILITAIRE CONTACTCENTERS - 01-10-2019 - 31-12-2021 - Regulier - kvo datum - 11-12-2020;https://www.uitvoeringarbeidsvoorwaardenwetgeving.nl/mozard/!suite92.scherm1007?mObj=21010&mSelod=704774
2070;2070008;01/11/2017;30/09/2019;29/03/2019;Cao FACILITAIRE CONTACTCENTERS.pdf .pdf;2070 - FACILITAIRE CONTACTCENTERS - 01-11-2017 - 30-09-2019 - Regulier - kvo datum - 29-03-2019;https://www.uitvoeringarbeidsvoorwaardenwetgeving.nl/mozard/!suite92.scherm1007?mObj=13651&mSelod=704774
822;822001;01/03/2015;30/04/2017;12/07/2016;CAO_CAR__TTW_JULI.pdf;822 - M&T CARROSSERIEBEDRIJF - 01-03-2015 - 30-04-2017 - Regulier - kvo datum - 12-07-2016 - TTW;https://www.uitvoeringarbeidsvoorwaardenwetgeving.nl/mozard/!suite92.scherm1007?mObj=8415&mSelod=704776
822;822002;01/03/2015;30/04/2017;20/11/2015;CAO_CAR_2015_2017.pdf;822 - M&T CARROSSERIEBEDRIJF - 01-03-2015 - 30-04-2017 - Regulier - kvo datum - 20-11-2015;https://www.uitvoeringarbeidsvoorwaardenwetgeving.nl/mozard/!suite92.scherm1007?mObj=8413&mSelod=704776
822;822003;01/03/2015;30/04/2017;21/12/2015;CAO_CAR_arcering___wijz_AOW_LT.pdf;822 - M&T CARROSSERIEBEDRIJF - 01-03-2015 - 30-04-2017 - Regulier - kvo datum - 21-12-2015 - TTW;https://www.uitvoeringarbeidsvoorwaardenwetgeving.nl/mozard/!suite92.scherm1007?mObj=8414&mSelod=704776
822;822004;01/04/2011;30/04/2013;08/06/2011;carrosserie_aangepast_cao_n_a__v_bed.pdf;822 - M&T CARROSSERIEBEDRIJF - 01-04-2011 - 30-04-2013 - Regulier - kvo datum - 08-06-2011;https://www.uitvoeringarbeidsvoorwaardenwetgeving.nl/mozard/!suite92.scherm1007?mObj=8410&mSelod=704776
822;822005;01/04/2011;30/04/2013;19/01/2012;M_en_T_Carrosseriebedrijf_cao_en_handboek_doc.pdf;822 - M&T CARROSSERIEBEDRIJF - 01-04-2011 - 30-04-2013 - Regulier - kvo datum - 19-01-2012 - TTW;https://www.uitvoeringarbeidsvoorwaardenwetgeving.nl/mozard/!suite92.scherm1007?mObj=8411&mSelod=704776
822;822006;01/04/2024;31/01/2026;07/10/2024;HB 5e editie 2024.pdf;822 - M&T CARROSSERIEBEDRIJF - 01-04-2024 - 31-01-2026 - Regulier - kvo datum - 07-10-2024;https://www.uitvoeringarbeidsvoorwaardenwetgeving.nl/mozard/!suite92.scherm1007?mObj=43854&mSelod=704776
822;822007;01/04/2024;31/01/2026;08/10/2024;HB 5e editie 2024_1.pdf;822 - M&T CARROSSERIEBEDRIJF - 01-04-2024 - 31-01-2026 - Regulier - kvo datum - 08-10-2024;https://www.uitvoeringarbeidsvoorwaardenwetgeving.nl/mozard/!suite92.scherm1007?mObj=43984&mSelod=704776
822;822008;01/04/2024;31/01/2026;12/12/2024;HB 5e editie 2024_2.pdf;822 - M&T CARROSSERIEBEDRIJF - 01-04-2024 - 31-01-2026 - Regulier - kvo datum - 12-12-2024 - TTW;https://www.uitvoeringarbeidsvoorwaardenwetgeving.nl/mozard/!suite92.scherm1007?mObj=45541&mSelod=704776
822;822009;01/05/2013;28/02/2015;28/11/2013;M_T_Totaal_tekst.pdf;822 - M&T CARROSSERIEBEDRIJF - 01-05-2013 - 28-02-2015 - Regulier - kvo datum - 28-11-2013;https://www.uitvoeringarbeidsvoorwaardenwetgeving.nl/mozard/!suite92.scherm1007?mObj=8412&mSelod=704776
822;822010;01/05/2017;31/05/2019;05/07/2017;CAO_CAR_2017_2019_TTW_juli_2017.pdf;822 - M&T CARROSSERIEBEDRIJF - 01-05-2017 - 31-05-2019 - Regulier - kvo datum - 05-07-2017 - TTW;https://www.uitvoeringarbeidsvoorwaardenwetgeving.nl/mozard/!suite92.scherm1007?mObj=8417&mSelod=704776
822;822011;01/05/2017;31/05/2019;08/06/2017;CAO_CA_17_19.pdf;822 - M&T CARROSSERIEBEDRIJF - 01-05-2017 - 31-05-2019 - Regulier - kvo datum - 08-06-2017;https://www.uitvoeringarbeidsvoorwaardenwetgeving.nl/mozard/!suite92.scherm1007?mObj=8416&mSelod=704776
822;822012;01/05/2017;31/05/2019;23/10/2018;CAO_CAR_2017_2019_TTW_LL_nov_2018.pdf;822 - M&T CARROSSERIEBEDRIJF - 01-05-2017 - 31-05-2019 - Regulier - kvo datum - 23-10-2018 - TTW;https://www.uitvoeringarbeidsvoorwaardenwetgeving.nl/mozard/!suite92.scherm1007?mObj=8419&mSelod=704776
822;822013;01/05/2017;31/05/2019;28/11/2017;CAO_CAR_2017_2019_TTW_GP_nov_2017.pdf;822 - M&T CARROSSERIEBEDRIJF - 01-05-2017 - 31-05-2019 - Regulier - kvo datum - 28-11-2017 - TTW;https://www.uitvoeringarbeidsvoorwaardenwetgeving.nl/mozard/!suite92.scherm1007?mObj=8418&mSelod=704776
822;822014;01/06/2019;30/09/2021;21/12/2020;CAO CARR 2019 2021 SZW TTW Wagweu art 64.docx.pdf;822 - M&T CARROSSERIEBEDRIJF - 01-06-2019 - 30-09-2021 - Regulier - kvo datum - 21-12-2020 - TTW;https://www.uitvoeringarbeidsvoorwaardenwetgeving.nl/mozard/!suite92.scherm1007?mObj=21137&mSelod=704776
822;822015;01/06/2019;30/09/2021;29/01/2021;CAO CARR 2019 2021 SZW TTW V2 Wagweu.docx.pdf;822 - M&T CARROSSERIEBEDRIJF - 01-06-2019 - 30-09-2021 - Regulier - kvo datum - 29-01-2021 - TTW;https://www.uitvoeringarbeidsvoorwaardenwetgeving.nl/mozard/!suite92.scherm1007?mObj=21637&mSelod=704776
822;822016;01/10/2021;31/03/2024;10/06/2022;CAO Car 2021 2024.pdf;822 - M&T CARROSSERIEBEDRIJF - 01-10-2021 - 31-03-2024 - Regulier - kvo datum - 10-06-2022;https://www.uitvoeringarbeidsvoorwaardenwetgeving.nl/mozard/!suite92.scherm1007?mObj=30106&mSelod=704776
822;822017;01/10/2021;31/03/2024;20/06/2022;CAO Car 2021 2024b.pdf;822 - M&T CARROSSERIEBEDRIJF - 01-10-2021 - 31-03-2024 - Regulier - kvo datum - 20-06-2022;https://www.uitvoeringarbeidsvoorwaardenwetgeving.nl/mozard/!suite92.scherm1007?mObj=30225&mSelod=704776
163;163001;01/01/2011;31/12/2012;15/05/2012;CAO_OV_tekst_2011_en_2012_def_140512.pdf;163 - OPENBAAR VERVOER - 01-01-2011 - 31-12-2012 - Regulier - kvo datum - 15-05-2012;https://www.uitvoeringarbeidsvoorwaardenwetgeving.nl/mozard/!suite92.scherm1007?mObj=7177&mSelod=704778
163;163002;01/01/2013;31/12/2013;19/04/2013;CAO_OV_tekst_2013_DEFINITIEF.pdf;163 - OPENBAAR VERVOER - 01-01-2013 - 31-12-2013 - Regulier - kvo datum - 19-04-2013;https://www.uitvoeringarbeidsvoorwaardenwetgeving.nl/mozard/!suite92.scherm1007?mObj=7178&mSelod=704778
163;163003;01/01/2013;31/12/2013;19/08/2013;CAO_OV_tekst_2013_DEFINITIEF_v2.pdf;163 - OPENBAAR VERVOER - 01-01-2013 - 31-12-2013 - Regulier - kvo datum - 19-08-2013 - TTW;https://www.uitvoeringarbeidsvoorwaardenwetgeving.nl/mozard/!suite92.scherm1007?mObj=7179&mSelod=704778
163;163004;01/01/2014;31/12/2015;13/10/2015;CAO_OV_tekst_2014_en_2015_DEFINITIEF.pdf;163 - OPENBAAR VERVOER - 01-01-2014 - 31-12-2015 - Regulier - kvo datum - 13-10-2015 - TTW;https://www.uitvoeringarbeidsvoorwaardenwetgeving.nl/mozard/!suite92.scherm1007?mObj=7181&mSelod=704778
163;163005;01/01/2014;31/12/2015;18/02/2015;CAO_OV_tekst_2014_en_2015_DEFINITIEF_1.pdf;163 - OPENBAAR VERVOER - 01-01-2014 - 31-12-2015 - Regulier - kvo datum - 18-02-2015;https://www.uitvoeringarbeidsvoorwaardenwetgeving.nl/mozard/!suite92.scherm1007?mObj=7180&mSelod=704778
163;163006;01/01/2016;31/12/2017;14/04/2017;CAO_OV_tekst_2016_en_2017_DEFINITIEF.pdf;163 - OPENBAAR VERVOER - 01-01-2016 - 31-12-2017 - Regulier - kvo datum - 14-04-2017;https://www.uitvoeringarbeidsvoorwaardenwetgeving.nl/mozard/!suite92.scherm1007?mObj=7182&mSelod=704778
163;163007;01/01/2018;30/06/2020;29/05/2019;CAO OV 01012018 30062020 definitief 160519.pdf .pdf;163 - OPENBAAR VERVOER - 01-01-2018 - 30-06-2020 - Regulier - kvo datum - 29-05-2019;https://www.uitvoeringarbeidsvoorwaardenwetgeving.nl/mozard/!suite92.scherm1007?mObj=14199&mSelod=704778
163;163008;01/01/2023;31/03/2025;15/08/2023;CAO OV 1 januari 2023 31 maart 2025 tekst aanmelding.pdf;163 - OPENBAAR VERVOER - 01-01-2023 - 31-03-2025 - Regulier - kvo datum - 15-08-2023;https://www.uitvoeringarbeidsvoorwaardenwetgeving.nl/mozard/!suite92.scherm1007?mObj=38253&mSelod=704778
163;163009;01/07/2009;31/12/2010;04/01/2011;Openbaar Vervoer caotekst.pdf;163 - OPENBAAR VERVOER - 01-07-2009 - 31-12-2010 - Regulier - kvo datum - 04-01-2011;https://www.uitvoeringarbeidsvoorwaardenwetgeving.nl/mozard/!suite92.scherm1007?mObj=7176&mSelod=704778
163;163010;01/07/2020;30/06/2021;24/06/2021;CAO OV 1 juli 2020 30 juni 2021 tekst aanmelding.pdf;163 - OPENBAAR VERVOER - 01-07-2020 - 30-06-2021 - Regulier - kvo datum - 24-06-2021;https://www.uitvoeringarbeidsvoorwaardenwetgeving.nl/mozard/!suite92.scherm1007?mObj=22877&mSelod=704778
163;163011;01/07/2021;31/12/2022;04/08/2022;CAO OV 1 juli 2021 31 december 2022 tekst aanmelding.pdf;163 - OPENBAAR VERVOER - 01-07-2021 - 31-12-2022 - Regulier - kvo datum - 04-08-2022;https://www.uitvoeringarbeidsvoorwaardenwetgeving.nl/mozard/!suite92.scherm1007?mObj=30813&mSelod=704778
604;604001;01/04/2011;30/09/2012;09/12/2011;CAO_Tekst___CAO_Vast_2011___2012.pdf;604 - UITZENDONDERNEMINGEN VASTE MEDEWERKERS - 01-04-2011 - 30-09-2012 - Regulier - kvo datum - 09-12-2011;https://www.uitvoeringarbeidsvoorwaardenwetgeving.nl/mozard/!suite92.scherm1007?mObj=7763&mSelod=704780
924;924001;01/01/2022;30/06/2022;06/01/2022;Tekst cao Reisbranche 1jan-1jul2022.pdf;924 - REISBRANCHE - 01-01-2022 - 30-06-2022 - Regulier - kvo datum - 06-01-2022;https://www.uitvoeringarbeidsvoorwaardenwetgeving.nl/mozard/!suite92.scherm1007?mObj=25342&mSelod=704782
924;924002;01/01/2022;30/06/2022;08/02/2022;DEF_Tekst cao Reisbranche 1jan-1jul2022 - avv.docx.pdf;924 - REISBRANCHE - 01-01-2022 - 30-06-2022 - Regulier - kvo datum - 08-02-2022;https://www.uitvoeringarbeidsvoorwaardenwetgeving.nl/mozard/!suite92.scherm1007?mObj=26829&mSelod=704782
924;924003;01/04/2011;01/04/2012;19/08/2011;AWVN__487825_v1_DefCAO_ANVR_2011_2012.pdf;924 - REISBRANCHE - 01-04-2011 - 01-04-2012 - Regulier - kvo datum - 19-08-2011;https://www.uitvoeringarbeidsvoorwaardenwetgeving.nl/mozard/!suite92.scherm1007?mObj=8757&mSelod=704782
924;924004;01/04/2012;31/10/2013;26/10/2012;ANVR_CAO_2012_2013_Gecorrigeerde_tekst_def_R1.pdf;924 - REISBRANCHE - 01-04-2012 - 31-10-2013 - Regulier - kvo datum - 26-10-2012;https://www.uitvoeringarbeidsvoorwaardenwetgeving.nl/mozard/!suite92.scherm1007?mObj=8758&mSelod=704782
924;924005;01/07/2021;31/12/2021;25/06/2021;Tekst cao Reisbranche 1jul21-31dec21.pdf;924 - REISBRANCHE - 01-07-2021 - 31-12-2021 - Regulier - kvo datum - 25-06-2021;https://www.uitvoeringarbeidsvoorwaardenwetgeving.nl/mozard/!suite92.scherm1007?mObj=22889&mSelod=704782
924;924006;01/07/2022;30/06/2024;02/06/2022;cao Reisbranche 1jul2022-1jul2024 concept versie.pdf;924 - REISBRANCHE - 01-07-2022 - 30-06-2024 - Regulier - kvo datum - 02-06-2022;https://www.uitvoeringarbeidsvoorwaardenwetgeving.nl/mozard/!suite92.scherm1007?mObj=30004&mSelod=704782
924;924007;01/07/2022;30/06/2024;14/09/2022;cao Reisbranche 1jul2022-1jul2024 - versie 2 sept 2022.pdf;924 - REISBRANCHE - 01-07-2022 - 30-06-2024 - Regulier - kvo datum - 14-09-2022;https://www.uitvoeringarbeidsvoorwaardenwetgeving.nl/mozard/!suite92.scherm1007?mObj=31245&mSelod=704782
924;924008;01/07/2024;30/06/2026;02/07/2024;cao Reisbranche 1jul2024-1jul2026 def1.pdf;924 - REISBRANCHE - 01-07-2024 - 30-06-2026 - Regulier - kvo datum - 02-07-2024 - TTW;https://www.uitvoeringarbeidsvoorwaardenwetgeving.nl/mozard/!suite92.scherm1007?mObj=43172&mSelod=704782
924;924009;01/07/2024;30/06/2026;21/06/2024;cao Reisbranche 1jul2024-1jul2026 def.pdf;924 - REISBRANCHE - 01-07-2024 - 30-06-2026 - Regulier - kvo datum - 21-06-2024;https://www.uitvoeringarbeidsvoorwaardenwetgeving.nl/mozard/!suite92.scherm1007?mObj=43021&mSelod=704782
924;924010;01/07/2024;30/06/2026;27/08/2024;cao Reisbranche 1jul2024-1jul2026 def2.pdf;924 - REISBRANCHE - 01-07-2024 - 30-06-2026 - Regulier - kvo datum - 27-08-2024;https://www.uitvoeringarbeidsvoorwaardenwetgeving.nl/mozard/!suite92.scherm1007?mObj=43582&mSelod=704782
924;924011;01/09/2019;30/06/2021;24/11/2020;Tekst cao Reisbranche definitief.docx.pdf;924 - REISBRANCHE - 01-09-2019 - 30-06-2021 - Regulier - kvo datum - 24-11-2020;https://www.uitvoeringarbeidsvoorwaardenwetgeving.nl/mozard/!suite92.scherm1007?mObj=20766&mSelod=704782
924;924012;01/11/2013;31/10/2015;02/03/2015;CAO_teksten_voor_CAO_2013_2015_wijzigingen_def_R2.pdf;924 - REISBRANCHE - 01-11-2013 - 31-10-2015 - Regulier - kvo datum - 02-03-2015;https://www.uitvoeringarbeidsvoorwaardenwetgeving.nl/mozard/!suite92.scherm1007?mObj=8878&mSelod=704782
924;924013;01/11/2015;31/10/2016;27/10/2016;CAO_2015_2016_aanmelding.pdf;924 - REISBRANCHE - 01-11-2015 - 31-10-2016 - Regulier - kvo datum - 27-10-2016;https://www.uitvoeringarbeidsvoorwaardenwetgeving.nl/mozard/!suite92.scherm1007?mObj=8879&mSelod=704782
924;924014;01/11/2016;01/11/2018;01/09/2017;Cao_reisbranche_2016_2018_definitief_einddocument.pdf;924 - REISBRANCHE - 01-11-2016 - 01-11-2018 - Regulier - kvo datum - 01-09-2017 - TTW;https://www.uitvoeringarbeidsvoorwaardenwetgeving.nl/mozard/!suite92.scherm1007?mObj=8881&mSelod=704782
924;924015;01/11/2016;01/11/2018;31/05/2017;Tekst_cao_reisbranche_2016_2018_def_tekst.pdf;924 - REISBRANCHE - 01-11-2016 - 01-11-2018 - Regulier - kvo datum - 31-05-2017;https://www.uitvoeringarbeidsvoorwaardenwetgeving.nl/mozard/!suite92.scherm1007?mObj=8880&mSelod=704782
924;924016;01/11/2018;01/09/2019;02/07/2019;2019 Tekst cao-reisbranche 1 november 2018 - 1 september 2019 - versie 2.0.pdf;924 - REISBRANCHE - 01-11-2018 - 01-09-2019 - Regulier - kvo datum - 02-07-2019 - TTW;https://www.uitvoeringarbeidsvoorwaardenwetgeving.nl/mozard/!suite92.scherm1007?mObj=14539&mSelod=704782
924;924017;01/11/2018;01/09/2019;23/05/2019;2019 Tekst cao-reisbranche 1 november 2018 - 1 september 2019.pdf .pdf;924 - REISBRANCHE - 01-11-2018 - 01-09-2019 - Regulier - kvo datum - 23-05-2019;https://www.uitvoeringarbeidsvoorwaardenwetgeving.nl/mozard/!suite92.scherm1007?mObj=14182&mSelod=704782
3313;3313001;01/01/2023;31/12/2023;02/01/2023;cao NWb 2023 ondertekende versie.pdf;3313 - NETWERKBEDRIJVEN CAO - 01-01-2023 - 31-12-2023 - Regulier - kvo datum - 02-01-2023;https://www.uitvoeringarbeidsvoorwaardenwetgeving.nl/mozard/!suite92.scherm1007?mObj=32949&mSelod=704784
3313;3313002;01/01/2024;30/06/2025;28/02/2024;cao NWb 2024-2025_getekend.pdf;3313 - NETWERKBEDRIJVEN CAO - 01-01-2024 - 30-06-2025 - Regulier - kvo datum - 28-02-2024;https://www.uitvoeringarbeidsvoorwaardenwetgeving.nl/mozard/!suite92.scherm1007?mObj=41993&mSelod=704784
3313;3313003;01/05/2011;30/04/2013;05/08/2011;CAO_NWb_2011_def.pdf;3313 - NETWERKBEDRIJVEN CAO - 01-05-2011 - 30-04-2013 - Regulier - kvo datum - 05-08-2011 - TTW;https://www.uitvoeringarbeidsvoorwaardenwetgeving.nl/mozard/!suite92.scherm1007?mObj=11613&mSelod=704784
3313;3313004;01/05/2011;30/04/2013;05/11/2012;cao_Netwerkbedrijven_2_0_2011_2013.pdf;3313 - NETWERKBEDRIJVEN CAO - 01-05-2011 - 30-04-2013 - Regulier - kvo datum - 05-11-2012;https://www.uitvoeringarbeidsvoorwaardenwetgeving.nl/mozard/!suite92.scherm1007?mObj=11614&mSelod=704784
3313;3313005;01/05/2011;30/04/2013;21/06/2011;NWb_cao.pdf;3313 - NETWERKBEDRIJVEN CAO - 01-05-2011 - 30-04-2013 - Regulier - kvo datum - 21-06-2011;https://www.uitvoeringarbeidsvoorwaardenwetgeving.nl/mozard/!suite92.scherm1007?mObj=11612&mSelod=704784
3313;3313006;01/05/2013;01/11/2015;02/07/2015;Cao_NWb_2013_2015_met_aanpassing_DI.pdf;3313 - NETWERKBEDRIJVEN CAO - 01-05-2013 - 01-11-2015 - Regulier - kvo datum - 02-07-2015 - TTW;https://www.uitvoeringarbeidsvoorwaardenwetgeving.nl/mozard/!suite92.scherm1007?mObj=11617&mSelod=704784
3313;3313007;01/05/2013;01/11/2015;07/05/2013;Cao_NWb_2013_1_mei.pdf;3313 - NETWERKBEDRIJVEN CAO - 01-05-2013 - 01-11-2015 - Regulier - kvo datum - 07-05-2013;https://www.uitvoeringarbeidsvoorwaardenwetgeving.nl/mozard/!suite92.scherm1007?mObj=11615&mSelod=704784
3313;3313008;01/05/2013;01/11/2015;13/03/2014;Cao_NWb_2013_2015_met_aanpassing_HNW_schoon.pdf;3313 - NETWERKBEDRIJVEN CAO - 01-05-2013 - 01-11-2015 - Regulier - kvo datum - 13-03-2014 - TTW;https://www.uitvoeringarbeidsvoorwaardenwetgeving.nl/mozard/!suite92.scherm1007?mObj=11616&mSelod=704784
3313;3313009;01/05/2018;01/05/2021;07/01/2020;CAO NWb 2018-2021-def.pdf;3313 - NETWERKBEDRIJVEN CAO - 01-05-2018 - 01-05-2021 - Regulier - kvo datum - 07-01-2020 - TTW;https://www.uitvoeringarbeidsvoorwaardenwetgeving.nl/mozard/!suite92.scherm1007?mObj=15570&mSelod=704784
3313;3313010;01/05/2018;01/05/2021;17/01/2019;CAO NWb 2018 - 2021 - getekend.pdf .pdf;3313 - NETWERKBEDRIJVEN CAO - 01-05-2018 - 01-05-2021 - Regulier - kvo datum - 17-01-2019;https://www.uitvoeringarbeidsvoorwaardenwetgeving.nl/mozard/!suite92.scherm1007?mObj=701&mSelod=704784
3313;3313011;01/05/2021;31/12/2022;26/11/2021;cao NWb 2021-2022.pdf;3313 - NETWERKBEDRIJVEN CAO - 01-05-2021 - 31-12-2022 - Regulier - kvo datum - 26-11-2021;https://www.uitvoeringarbeidsvoorwaardenwetgeving.nl/mozard/!suite92.scherm1007?mObj=24168&mSelod=704784
3313;3313012;01/07/2025;31/12/2026;08/07/2025;WEN25057_cao NWb-2026NL-FINAL zonder handtekening.pdf;3313 - NETWERKBEDRIJVEN CAO - 01-07-2025 - 31-12-2026 - Regulier - kvo datum - 08-07-2025;https://www.uitvoeringarbeidsvoorwaardenwetgeving.nl/mozard/!suite92.scherm1007?mObj=49253&mSelod=704784
3313;3313013;01/11/2015;01/05/2018;02/06/2016;Cao_NWb_2015_2018_procesafspraken_30_03_2016.pdf;3313 - NETWERKBEDRIJVEN CAO - 01-11-2015 - 01-05-2018 - Regulier - kvo datum - 02-06-2016 - TTW;https://www.uitvoeringarbeidsvoorwaardenwetgeving.nl/mozard/!suite92.scherm1007?mObj=11619&mSelod=704784
3313;3313014;01/11/2015;01/05/2018;25/02/2016;cao_NWb_2015_2018.pdf;3313 - NETWERKBEDRIJVEN CAO - 01-11-2015 - 01-05-2018 - Regulier - kvo datum - 25-02-2016;https://www.uitvoeringarbeidsvoorwaardenwetgeving.nl/mozard/!suite92.scherm1007?mObj=11618&mSelod=704784
26;26001;01/01/2021;28/02/2022;08/07/2021;cao 2021 definitief voor avv.pdf;26 - VLEESSECTOR - 01-01-2021 - 28-02-2022 - Regulier - kvo datum - 08-07-2021;https://www.uitvoeringarbeidsvoorwaardenwetgeving.nl/mozard/!suite92.scherm1007?mObj=22970&mSelod=704786
26;26002;01/01/2021;28/02/2022;11/08/2021;cao 2021 compleetnav opmerkingen SZW.pdf;26 - VLEESSECTOR - 01-01-2021 - 28-02-2022 - Regulier - kvo datum - 11-08-2021 - TTW;https://www.uitvoeringarbeidsvoorwaardenwetgeving.nl/mozard/!suite92.scherm1007?mObj=23141&mSelod=704786
26;26003;01/03/2016;31/10/2017;03/03/2017;CAO_2016_na_opm_artikel_42.pdf;26 - VLEESSECTOR - 01-03-2016 - 31-10-2017 - Regulier - kvo datum - 03-03-2017 - TTW;https://www.uitvoeringarbeidsvoorwaardenwetgeving.nl/mozard/!suite92.scherm1007?mObj=6802&mSelod=704786
26;26004;01/03/2016;31/10/2017;19/05/2016;CAO_2016.pdf;26 - VLEESSECTOR - 01-03-2016 - 31-10-2017 - Regulier - kvo datum - 19-05-2016;https://www.uitvoeringarbeidsvoorwaardenwetgeving.nl/mozard/!suite92.scherm1007?mObj=6801&mSelod=704786
26;26005;01/03/2022;29/02/2024;11/07/2022;cao vlees 2022-2024 definitief.pdf;26 - VLEESSECTOR - 01-03-2022 - 29-02-2024 - Regulier - kvo datum - 11-07-2022;https://www.uitvoeringarbeidsvoorwaardenwetgeving.nl/mozard/!suite92.scherm1007?mObj=30485&mSelod=704786
26;26006;01/03/2024;30/04/2025;05/06/2024;CAO_Vleessector_2024-2025 met tussentijdse wijzigingen 3 juni 2024.pdf;26 - VLEESSECTOR - 01-03-2024 - 30-04-2025 - Regulier - kvo datum - 05-06-2024 - TTW;https://www.uitvoeringarbeidsvoorwaardenwetgeving.nl/mozard/!suite92.scherm1007?mObj=42890&mSelod=704786
26;26007;01/03/2024;30/04/2025;18/04/2024;CAO_Vleessector_2024-2025 met wijzigingen geacepteerd voor ministerie.pdf;26 - VLEESSECTOR - 01-03-2024 - 30-04-2025 - Regulier - kvo datum - 18-04-2024;https://www.uitvoeringarbeidsvoorwaardenwetgeving.nl/mozard/!suite92.scherm1007?mObj=42476&mSelod=704786
26;26008;01/04/2011;31/03/2013;28/06/2011;Vleessector_cao_incl__reglement_ongerenvooieerd.pdf;26 - VLEESSECTOR - 01-04-2011 - 31-03-2013 - Regulier - kvo datum - 28-06-2011;https://www.uitvoeringarbeidsvoorwaardenwetgeving.nl/mozard/!suite92.scherm1007?mObj=6795&mSelod=704786
26;26009;01/04/2013;31/03/2014;11/07/2013;CAO_vleessector_ongerenvooieerde_tekst_2013.pdf;26 - VLEESSECTOR - 01-04-2013 - 31-03-2014 - Regulier - kvo datum - 11-07-2013;https://www.uitvoeringarbeidsvoorwaardenwetgeving.nl/mozard/!suite92.scherm1007?mObj=6797&mSelod=704786
26;26010;01/04/2014;29/02/2016;02/10/2014;CAO_VLEESSECTOR_2014_volledige_tekst.pdf;26 - VLEESSECTOR - 01-04-2014 - 29-02-2016 - Regulier - kvo datum - 02-10-2014 - TTW;https://www.uitvoeringarbeidsvoorwaardenwetgeving.nl/mozard/!suite92.scherm1007?mObj=6800&mSelod=704786
26;26011;01/04/2014;29/02/2016;05/08/2014;CAO_VLEESSECTOR_2014_ongerenvooieerd.pdf;26 - VLEESSECTOR - 01-04-2014 - 29-02-2016 - Regulier - kvo datum - 05-08-2014;https://www.uitvoeringarbeidsvoorwaardenwetgeving.nl/mozard/!suite92.scherm1007?mObj=6798&mSelod=704786
26;26012;01/04/2014;29/02/2016;30/09/2014;CAO_VLEESSECTOR_2014_ongerenvooieerd_1.pdf;26 - VLEESSECTOR - 01-04-2014 - 29-02-2016 - Regulier - kvo datum - 30-09-2014 - TTW;https://www.uitvoeringarbeidsvoorwaardenwetgeving.nl/mozard/!suite92.scherm1007?mObj=6799&mSelod=704786
26;26013;01/11/2017;31/10/2019;03/04/2018;Tussentijds_gewijzigde_cao.pdf;26 - VLEESSECTOR - 01-11-2017 - 31-10-2019 - Regulier - kvo datum - 03-04-2018 - TTW;https://www.uitvoeringarbeidsvoorwaardenwetgeving.nl/mozard/!suite92.scherm1007?mObj=6804&mSelod=704786
26;26014;01/11/2017;31/10/2019;23/02/2018;CAO_2017_2019_tekst_voor_boekje.pdf;26 - VLEESSECTOR - 01-11-2017 - 31-10-2019 - Regulier - kvo datum - 23-02-2018;https://www.uitvoeringarbeidsvoorwaardenwetgeving.nl/mozard/!suite92.scherm1007?mObj=6803&mSelod=704786
26;26015;01/11/2019;31/12/2020;18/02/2020;cao 2019-2020 met wijzigingen geacepteerd definitief.docx.pdf;26 - VLEESSECTOR - 01-11-2019 - 31-12-2020 - Regulier - kvo datum - 18-02-2020 - TTW;https://www.uitvoeringarbeidsvoorwaardenwetgeving.nl/mozard/!suite92.scherm1007?mObj=15795&mSelod=704786
26;26016;01/11/2019;31/12/2020;28/01/2020;cao 2019-2020 met wijzigingen geacepteerd definitief.docx_1.pdf;26 - VLEESSECTOR - 01-11-2019 - 31-12-2020 - Regulier - kvo datum - 28-01-2020;https://www.uitvoeringarbeidsvoorwaardenwetgeving.nl/mozard/!suite92.scherm1007?mObj=15681&mSelod=704786
26;26017;28/09/2011;31/03/2013;04/10/2011;CAO_Vlees_2011__ongerenvooieerd_.pdf;26 - VLEESSECTOR - 28-09-2011 - 31-03-2013 - Regulier - kvo datum - 04-10-2011;https://www.uitvoeringarbeidsvoorwaardenwetgeving.nl/mozard/!suite92.scherm1007?mObj=6796&mSelod=704786
1291;1291001;01/01/2014;31/12/2018;04/05/2016;wijziging_NHG_CAO__teksten_1_juli_2016_2016.pdf;1291 - NEDERLANDS HORECA GILDE (NHG CAO) - 01-01-2014 - 31-12-2018 - Regulier - kvo datum - 04-05-2016 - TTW;https://www.uitvoeringarbeidsvoorwaardenwetgeving.nl/mozard/!suite92.scherm1007?mObj=9131&mSelod=704788
1291;1291002;01/01/2014;31/12/2018;09/01/2014;NHG_cao_1_jan_2014_tot_en_met_31_dec_2018.pdf;1291 - NEDERLANDS HORECA GILDE (NHG CAO) - 01-01-2014 - 31-12-2018 - Regulier - kvo datum - 09-01-2014;https://www.uitvoeringarbeidsvoorwaardenwetgeving.nl/mozard/!suite92.scherm1007?mObj=9128&mSelod=704788
1291;1291003;01/01/2014;31/12/2018;15/05/2014;NHG_CAO_05_2014.pdf;1291 - NEDERLANDS HORECA GILDE (NHG CAO) - 01-01-2014 - 31-12-2018 - Regulier - kvo datum - 15-05-2014 - TTW;https://www.uitvoeringarbeidsvoorwaardenwetgeving.nl/mozard/!suite92.scherm1007?mObj=9129&mSelod=704788
1291;1291004;01/01/2014;31/12/2018;27/01/2015;CAO_boekje_NHG_2014_2018_versie_2_mei_2014.pdf;1291 - NEDERLANDS HORECA GILDE (NHG CAO) - 01-01-2014 - 31-12-2018 - Regulier - kvo datum - 27-01-2015 - TTW;https://www.uitvoeringarbeidsvoorwaardenwetgeving.nl/mozard/!suite92.scherm1007?mObj=9130&mSelod=704788
1291;1291005;01/01/2019;31/12/2022;09/11/2018;NHG_Cao_tm_31_12_2022.pdf;1291 - NEDERLANDS HORECA GILDE (NHG CAO) - 01-01-2019 - 31-12-2022 - Regulier - kvo datum - 09-11-2018;https://www.uitvoeringarbeidsvoorwaardenwetgeving.nl/mozard/!suite92.scherm1007?mObj=9132&mSelod=704788
1291;1291006;01/01/2019;31/12/2022;20/01/2020;NHG-CAO 2019 tm 2022- herziene uitg. conform WAB 1 jan 2020.pdf;1291 - NEDERLANDS HORECA GILDE (NHG CAO) - 01-01-2019 - 31-12-2022 - Regulier - kvo datum - 20-01-2020 - TTW;https://www.uitvoeringarbeidsvoorwaardenwetgeving.nl/mozard/!suite92.scherm1007?mObj=15638&mSelod=704788
1291;1291007;01/01/2019;31/12/2022;24/12/2019;NHG CAO_herziene uitgave 1 januari 2020 gewijzigd conform de WAB.pdf;1291 - NEDERLANDS HORECA GILDE (NHG CAO) - 01-01-2019 - 31-12-2022 - Regulier - kvo datum - 24-12-2019 - TTW;https://www.uitvoeringarbeidsvoorwaardenwetgeving.nl/mozard/!suite92.scherm1007?mObj=15540&mSelod=704788
51;51001;01/01/2011;31/12/2012;17/04/2012;GEWIJZIGDE_april_DEF_ARBVW_2011_2012.pdf;51 - TIMMERINDUSTRIE - 01-01-2011 - 31-12-2012 - Regulier - kvo datum - 17-04-2012 - TTW;https://www.uitvoeringarbeidsvoorwaardenwetgeving.nl/mozard/!suite92.scherm1007?mObj=6865&mSelod=704790
51;51002;01/01/2011;31/12/2012;21/02/2012;DEF_ARBVW_2011_2012.pdf;51 - TIMMERINDUSTRIE - 01-01-2011 - 31-12-2012 - Regulier - kvo datum - 21-02-2012;https://www.uitvoeringarbeidsvoorwaardenwetgeving.nl/mozard/!suite92.scherm1007?mObj=6864&mSelod=704790
51;51003;01/01/2013;31/12/2013;01/10/2013;avv_REDACTIETEKST_ARBVW_2013_26sept.pdf;51 - TIMMERINDUSTRIE - 01-01-2013 - 31-12-2013 - Regulier - kvo datum - 01-10-2013;https://www.uitvoeringarbeidsvoorwaardenwetgeving.nl/mozard/!suite92.scherm1007?mObj=6866&mSelod=704790
51;51004;01/01/2014;31/12/2014;15/04/2014;CAO_Timmer_aanp_avv_14_4_2014.pdf;51 - TIMMERINDUSTRIE - 01-01-2014 - 31-12-2014 - Regulier - kvo datum - 15-04-2014 - TTW;https://www.uitvoeringarbeidsvoorwaardenwetgeving.nl/mozard/!suite92.scherm1007?mObj=6868&mSelod=704790
51;51005;01/01/2014;31/12/2014;28/03/2014;CAO_Timmer_avv_27_3_2014.pdf;51 - TIMMERINDUSTRIE - 01-01-2014 - 31-12-2014 - Regulier - kvo datum - 28-03-2014;https://www.uitvoeringarbeidsvoorwaardenwetgeving.nl/mozard/!suite92.scherm1007?mObj=6867&mSelod=704790
51;51006;01/01/2015;31/03/2017;21/07/2015;EINDVERSIE_CAO_TIMMERIND__2015_2017.pdf;51 - TIMMERINDUSTRIE - 01-01-2015 - 31-03-2017 - Regulier - kvo datum - 21-07-2015;https://www.uitvoeringarbeidsvoorwaardenwetgeving.nl/mozard/!suite92.scherm1007?mObj=6869&mSelod=704790
51;51007;01/01/2015;31/03/2017;21/10/2016;Int_2__caoTimmer_TTW_1_1_15_tm_31_3_17.pdf;51 - TIMMERINDUSTRIE - 01-01-2015 - 31-03-2017 - Regulier - kvo datum - 21-10-2016 - TTW;https://www.uitvoeringarbeidsvoorwaardenwetgeving.nl/mozard/!suite92.scherm1007?mObj=6871&mSelod=704790
51;51008;01/01/2015;31/03/2017;23/08/2016;cao_Timmerindustrie_TTW_1_1_2015_tm_31_3_2017.pdf;51 - TIMMERINDUSTRIE - 01-01-2015 - 31-03-2017 - Regulier - kvo datum - 23-08-2016 - TTW;https://www.uitvoeringarbeidsvoorwaardenwetgeving.nl/mozard/!suite92.scherm1007?mObj=6870&mSelod=704790
51;51009;01/04/2017;31/03/2018;03/10/2017;Minis_Cao_Timmer_apr__2017__apr__2018.pdf;51 - TIMMERINDUSTRIE - 01-04-2017 - 31-03-2018 - Regulier - kvo datum - 03-10-2017 - TTW;https://www.uitvoeringarbeidsvoorwaardenwetgeving.nl/mozard/!suite92.scherm1007?mObj=6873&mSelod=704790
51;51010;01/04/2017;31/03/2018;21/08/2017;Cao_Timmer_apr__2017__apr__2018.pdf;51 - TIMMERINDUSTRIE - 01-04-2017 - 31-03-2018 - Regulier - kvo datum - 21-08-2017;https://www.uitvoeringarbeidsvoorwaardenwetgeving.nl/mozard/!suite92.scherm1007?mObj=6872&mSelod=704790
51;51011;01/04/2018;31/03/2019;05/09/2018;cao_nr__51_aug__18.pdf;51 - TIMMERINDUSTRIE - 01-04-2018 - 31-03-2019 - Regulier - kvo datum - 05-09-2018;https://www.uitvoeringarbeidsvoorwaardenwetgeving.nl/mozard/!suite92.scherm1007?mObj=6874&mSelod=704790
51;51012;01/04/2018;31/03/2019;05/10/2018;CAO_Timmer_1_apr___18_t_m__31_mrt__19_2e_vers_.pdf;51 - TIMMERINDUSTRIE - 01-04-2018 - 31-03-2019 - Regulier - kvo datum - 05-10-2018 - TTW;https://www.uitvoeringarbeidsvoorwaardenwetgeving.nl/mozard/!suite92.scherm1007?mObj=6875&mSelod=704790
51;51013;01/04/2019;31/07/2020;15/07/2019;Cao Timmerindustrie 1 apr 2019 tm 31 juli 2020.pdf;51 - TIMMERINDUSTRIE - 01-04-2019 - 31-07-2020 - Regulier - kvo datum - 15-07-2019;https://www.uitvoeringarbeidsvoorwaardenwetgeving.nl/mozard/!suite92.scherm1007?mObj=14606&mSelod=704790
51;51014;01/04/2019;31/07/2020;20/09/2019;CAO Timmerindustrie 1 apr 2019 tm 31 juli 2020 wijzigingen sept.19.pdf;51 - TIMMERINDUSTRIE - 01-04-2019 - 31-07-2020 - Regulier - kvo datum - 20-09-2019 - TTW;https://www.uitvoeringarbeidsvoorwaardenwetgeving.nl/mozard/!suite92.scherm1007?mObj=14907&mSelod=704790
51;51015;01/08/2020;30/11/2021;13/04/2021;INTEGRALE TEKST cao timmerindustrie 1 aug 2020 - 30 nov 2021.pdf;51 - TIMMERINDUSTRIE - 01-08-2020 - 30-11-2021 - Regulier - kvo datum - 13-04-2021;https://www.uitvoeringarbeidsvoorwaardenwetgeving.nl/mozard/!suite92.scherm1007?mObj=22589&mSelod=704790
51;51016;01/08/2020;30/11/2021;25/05/2021;cao Timmer nr 51 INTEGRAAL 1 aug 2020 - 30 nov 21.pdf;51 - TIMMERINDUSTRIE - 01-08-2020 - 30-11-2021 - Regulier - kvo datum - 25-05-2021 - TTW;https://www.uitvoeringarbeidsvoorwaardenwetgeving.nl/mozard/!suite92.scherm1007?mObj=22752&mSelod=704790
51;51017;01/12/2021;29/02/2024;10/03/2022;Cao Timmerindustrie 1 dec 21 tt 1 mrt 2024.pdf;51 - TIMMERINDUSTRIE - 01-12-2021 - 29-02-2024 - Regulier - kvo datum - 10-03-2022;https://www.uitvoeringarbeidsvoorwaardenwetgeving.nl/mozard/!suite92.scherm1007?mObj=28378&mSelod=704790
51;51018;01/12/2021;29/02/2024;21/02/2022;INTEGRALE cao Timmerindustrie 1 dec 21 tt 1 mrt 2024.pdf;51 - TIMMERINDUSTRIE - 01-12-2021 - 29-02-2024 - Regulier - kvo datum - 21-02-2022;https://www.uitvoeringarbeidsvoorwaardenwetgeving.nl/mozard/!suite92.scherm1007?mObj=27456&mSelod=704790
51;51019;01/12/2021;29/02/2024;29/03/2023;cao Timmerindustrie 1 dec 21 tt 1 mrt 2024_1.pdf;51 - TIMMERINDUSTRIE - 01-12-2021 - 29-02-2024 - Regulier - kvo datum - 29-03-2023;https://www.uitvoeringarbeidsvoorwaardenwetgeving.nl/mozard/!suite92.scherm1007?mObj=36762&mSelod=704790
51;51020;01/03/2024;28/02/2025;03/07/2024;Cao Timmer 2024-2025 - incl bijlagen 28-06-2024.pdf;51 - TIMMERINDUSTRIE CAO - 01-03-2024 - 28-02-2025 - Regulier - kvo datum - 03-07-2024;https://www.uitvoeringarbeidsvoorwaardenwetgeving.nl/mozard/!suite92.scherm1007?mObj=43174&mSelod=704790
51;51021;01/03/2024;28/02/2025;09/09/2024;Cao Timmer 2024-2025 - TTW .pdf;51 - TIMMERINDUSTRIE CAO - 01-03-2024 - 28-02-2025 - Regulier - kvo datum - 09-09-2024;https://www.uitvoeringarbeidsvoorwaardenwetgeving.nl/mozard/!suite92.scherm1007?mObj=43642&mSelod=704790
35;35001;01/01/2018;30/06/2021;14/11/2018;Raltex_2018_2020_doorlopende_tekst.pdf;35 - TEXTIELVERZORGING - 01-01-2018 - 30-06-2021 - Regulier - kvo datum - 14-11-2018;https://www.uitvoeringarbeidsvoorwaardenwetgeving.nl/mozard/!suite92.scherm1007?mObj=6828&mSelod=704792
35;35002;01/01/2023;31/12/2023;04/05/2023;Cao Textielverzorging 2023-2024 TTW doorlopende tekst.pdf;35 - TEXTIELVERZORGING - 01-01-2023 - 31-12-2023 - Regulier - kvo datum - 04-05-2023 - TTW;https://www.uitvoeringarbeidsvoorwaardenwetgeving.nl/mozard/!suite92.scherm1007?mObj=37005&mSelod=704792
35;35003;01/01/2023;31/12/2023;23/12/2022;Cao Textielverzorging 2023-2024 doorlopende tekst def.pdf;35 - TEXTIELVERZORGING - 01-01-2023 - 31-12-2023 - Regulier - kvo datum - 23-12-2022;https://www.uitvoeringarbeidsvoorwaardenwetgeving.nl/mozard/!suite92.scherm1007?mObj=32712&mSelod=704792
35;35004;01/01/2024;30/04/2025;06/08/2024;Cao Textielverzorging 2024-2025 vs aug24.pdf;35 - TEXTIELVERZORGING - 01-01-2024 - 30-04-2025 - Regulier - kvo datum - 06-08-2024 - TTW;https://www.uitvoeringarbeidsvoorwaardenwetgeving.nl/mozard/!suite92.scherm1007?mObj=43474&mSelod=704792
35;35005;01/01/2024;30/04/2025;21/06/2024;Cao Textielverzorging 2024-2025.pdf;35 - TEXTIELVERZORGING - 01-01-2024 - 30-04-2025 - Regulier - kvo datum - 21-06-2024;https://www.uitvoeringarbeidsvoorwaardenwetgeving.nl/mozard/!suite92.scherm1007?mObj=43017&mSelod=704792
35;35006;01/05/2025;31/08/2026;06/05/2025;Cao Textielverzorging 2025-2026.pdf;35 - TEXTIELVERZORGING - 01-05-2025 - 31-08-2026 - Regulier - kvo datum - 06-05-2025;https://www.uitvoeringarbeidsvoorwaardenwetgeving.nl/mozard/!suite92.scherm1007?mObj=47973&mSelod=704792
35;35007;01/07/2011;30/06/2013;06/01/2012;digitaleintegraletekstraltex.pdf;35 - TEXTIELVERZORGING - 01-07-2011 - 30-06-2013 - Regulier - kvo datum - 06-01-2012;https://www.uitvoeringarbeidsvoorwaardenwetgeving.nl/mozard/!suite92.scherm1007?mObj=6822&mSelod=704792
35;35008;01/07/2013;30/06/2015;25/02/2014;CAO_Aanmelding.pdf;35 - TEXTIELVERZORGING - 01-07-2013 - 30-06-2015 - Regulier - kvo datum - 25-02-2014;https://www.uitvoeringarbeidsvoorwaardenwetgeving.nl/mozard/!suite92.scherm1007?mObj=6823&mSelod=704792
35;35009;01/07/2015;31/12/2017;08/06/2016;Raltex_CAO_Textielverzorging_doorlopende_tekst.pdf;35 - TEXTIELVERZORGING - 01-07-2015 - 31-12-2017 - Regulier - kvo datum - 08-06-2016;https://www.uitvoeringarbeidsvoorwaardenwetgeving.nl/mozard/!suite92.scherm1007?mObj=6824&mSelod=704792
35;35010;01/07/2015;31/12/2017;20/12/2016;Tussentijdse_wijziging_AVV_integrale_tekst.pdf;35 - TEXTIELVERZORGING - 01-07-2015 - 31-12-2017 - Regulier - kvo datum - 20-12-2016 - TTW;https://www.uitvoeringarbeidsvoorwaardenwetgeving.nl/mozard/!suite92.scherm1007?mObj=6826&mSelod=704792
35;35011;01/07/2015;31/12/2017;31/10/2016;Raltex_volledige_tekst_met_alle_bijlagen_NA_TTW.pdf;35 - TEXTIELVERZORGING - 01-07-2015 - 31-12-2017 - Regulier - kvo datum - 31-10-2016 - TTW;https://www.uitvoeringarbeidsvoorwaardenwetgeving.nl/mozard/!suite92.scherm1007?mObj=6825&mSelod=704792
35;35012;01/07/2015;31/12/2018;18/01/2017;Raltex_volledige_tekst_met_alle_bijlagen_NA_TTW_1.pdf;35 - TEXTIELVERZORGING - 01-07-2015 - 31-12-2018 - Regulier - kvo datum - 18-01-2017;https://www.uitvoeringarbeidsvoorwaardenwetgeving.nl/mozard/!suite92.scherm1007?mObj=6827&mSelod=704792
35;35013;01/07/2020;31/12/2022;03/02/2022;Cao Textielverzorging integrale tekst.pdf;35 - TEXTIELVERZORGING - 01-07-2020 - 31-12-2022 - Regulier - kvo datum - 03-02-2022;https://www.uitvoeringarbeidsvoorwaardenwetgeving.nl/mozard/!suite92.scherm1007?mObj=26683&mSelod=704792
35;35014;01/07/2020;31/12/2022;03/03/2022;Cao Textielverzorging integrale tekst TTW.pdf;35 - TEXTIELVERZORGING - 01-07-2020 - 31-12-2022 - Regulier - kvo datum - 03-03-2022;https://www.uitvoeringarbeidsvoorwaardenwetgeving.nl/mozard/!suite92.scherm1007?mObj=27938&mSelod=704792
35;35015;01/07/2020;31/12/2022;04/08/2021;Cao Textielverzorging integrale tekst 2020-2021.pdf;35 - TEXTIELVERZORGING - 01-07-2020 - 31-12-2022 - Regulier - kvo datum - 04-08-2021;https://www.uitvoeringarbeidsvoorwaardenwetgeving.nl/mozard/!suite92.scherm1007?mObj=23117&mSelod=704792
35;35016;01/07/2020;31/12/2022;20/10/2021;Cao Textielverzorging integrale tekst 2020-2021_1.pdf;35 - TEXTIELVERZORGING - 01-07-2020 - 31-12-2022 - Regulier - kvo datum - 20-10-2021 - TTW;https://www.uitvoeringarbeidsvoorwaardenwetgeving.nl/mozard/!suite92.scherm1007?mObj=23465&mSelod=704792
35;35017;01/07/2020;31/12/2022;25/04/2022;Cao Textielverzorging integrale tekst 1-4.pdf;35 - TEXTIELVERZORGING - 01-07-2020 - 31-12-2022 - Regulier - kvo datum - 25-04-2022;https://www.uitvoeringarbeidsvoorwaardenwetgeving.nl/mozard/!suite92.scherm1007?mObj=29426&mSelod=704792
35;35018;01/07/2020;31/12/2022;28/10/2021;Cao Textielverzorging integrale tekst 2020-2021 TTW2.pdf;35 - TEXTIELVERZORGING - 01-07-2020 - 31-12-2022 - Regulier - kvo datum - 28-10-2021 - TTW;https://www.uitvoeringarbeidsvoorwaardenwetgeving.nl/mozard/!suite92.scherm1007?mObj=23513&mSelod=704792
609;609001;01/04/2011;30/06/2012;08/06/2012;CAO_tekst_Tuincentra.pdf;609 - Tuincentra zie cao nr. 727 Fashion Sport Lifestyle - 01-04-2011 - 30-06-2012 - Regulier - kvo datum - 08-06-2012;https://www.uitvoeringarbeidsvoorwaardenwetgeving.nl/mozard/!suite92.scherm1007?mObj=7764&mSelod=704794
609;609002;01/07/2012;30/09/2014;15/04/2014;140408_CAO_2012_2014_eindtekst_3_juli_2013_hvb.pdf;609 - Tuincentra zie cao nr. 727 Fashion Sport Lifestyle - 01-07-2012 - 30-09-2014 - Regulier - kvo datum - 15-04-2014;https://www.uitvoeringarbeidsvoorwaardenwetgeving.nl/mozard/!suite92.scherm1007?mObj=7765&mSelod=704794
1547;1547001;01/01/2017;30/06/2019;21/03/2017;GROOTHANDEL_IN_BLOEMEN_EN_PLANTEN_cao_2017_2019.pdf;1547 - BLOEMEN EN PLANTEN GROOTHANDEL IN- - 01-01-2017 - 30-06-2019 - Regulier - kvo datum - 21-03-2017;https://www.uitvoeringarbeidsvoorwaardenwetgeving.nl/mozard/!suite92.scherm1007?mObj=9349&mSelod=704796
1547;1547002;01/01/2017;30/06/2019;21/06/2017;CAO_GBP_2017_2019_Definitieve_versie.pdf;1547 - BLOEMEN EN PLANTEN GROOTHANDEL IN- - 01-01-2017 - 30-06-2019 - Regulier - kvo datum - 21-06-2017 - TTW;https://www.uitvoeringarbeidsvoorwaardenwetgeving.nl/mozard/!suite92.scherm1007?mObj=9351&mSelod=704796
1547;1547003;01/01/2017;30/06/2019;29/03/2017;CAO_GBP_2017_2019_Definitieve_versie_1.pdf;1547 - BLOEMEN EN PLANTEN GROOTHANDEL IN- - 01-01-2017 - 30-06-2019 - Regulier - kvo datum - 29-03-2017;https://www.uitvoeringarbeidsvoorwaardenwetgeving.nl/mozard/!suite92.scherm1007?mObj=9350&mSelod=704796
1547;1547004;01/07/2009;30/06/2012;01/11/2010;Groothandel_in_Bloemen_en_Planten_2009-2012.pdf;1547 - BLOEMEN EN PLANTEN GROOTHANDEL IN- - 01-07-2009 - 30-06-2012 - Regulier - kvo datum - 01-11-2010;https://www.uitvoeringarbeidsvoorwaardenwetgeving.nl/mozard/!suite92.scherm1007?mObj=9345&mSelod=704796
1547;1547005;01/07/2012;30/06/2014;26/03/2013;Groothandel_in_Bloemen_en_Planten____CAO_2012_2014.pdf;1547 - BLOEMEN EN PLANTEN GROOTHANDEL IN- - 01-07-2012 - 30-06-2014 - Regulier - kvo datum - 26-03-2013;https://www.uitvoeringarbeidsvoorwaardenwetgeving.nl/mozard/!suite92.scherm1007?mObj=9346&mSelod=704796
1547;1547006;01/07/2014;30/06/2016;27/01/2015;CAO_GBP_2014_2016_definitieve_versie.pdf;1547 - BLOEMEN EN PLANTEN GROOTHANDEL IN- - 01-07-2014 - 30-06-2016 - Regulier - kvo datum - 27-01-2015;https://www.uitvoeringarbeidsvoorwaardenwetgeving.nl/mozard/!suite92.scherm1007?mObj=9347&mSelod=704796
1547;1547007;01/07/2019;30/06/2021;09/12/2019;CAO tekst juli 2019 tm juni 2021.pdf;1547 - BLOEMEN EN PLANTEN GROOTHANDEL IN- - 01-07-2019 - 30-06-2021 - Regulier - kvo datum - 09-12-2019;https://www.uitvoeringarbeidsvoorwaardenwetgeving.nl/mozard/!suite92.scherm1007?mObj=15411&mSelod=704796
1547;1547008;01/07/2021;30/06/2023;06/12/2021;Definitieve cao VGB 2021-2023.pdf;1547 - BLOEMEN EN PLANTEN GROOTHANDEL IN- - 01-07-2021 - 30-06-2023 - Regulier - kvo datum - 06-12-2021;https://www.uitvoeringarbeidsvoorwaardenwetgeving.nl/mozard/!suite92.scherm1007?mObj=24409&mSelod=704796
1547;1547009;01/07/2021;30/06/2023;26/04/2022;VGB TTW 2021-2023.pdf;1547 - BLOEMEN EN PLANTEN GROOTHANDEL IN- - 01-07-2021 - 30-06-2023 - Regulier - kvo datum - 26-04-2022;https://www.uitvoeringarbeidsvoorwaardenwetgeving.nl/mozard/!suite92.scherm1007?mObj=29442&mSelod=704796
1547;1547010;01/07/2023;30/09/2024;21/12/2023;VGB cao tekst.pdf;1547 - BLOEMEN EN PLANTEN GROOTHANDEL IN- - 01-07-2023 - 30-09-2024 - Regulier - kvo datum - 21-12-2023;https://www.uitvoeringarbeidsvoorwaardenwetgeving.nl/mozard/!suite92.scherm1007?mObj=40678&mSelod=704796
1547;1547011;01/10/2024;30/09/2026;20/02/2025;VGB cao 2024 - 2026.pdf;1547 - BLOEMEN EN PLANTEN GROOTHANDEL IN- - 01-10-2024 - 30-09-2026 - Regulier - kvo datum - 20-02-2025;https://www.uitvoeringarbeidsvoorwaardenwetgeving.nl/mozard/!suite92.scherm1007?mObj=46761&mSelod=704796
359;359001;01/01/2014;31/12/2014;15/04/2014;VBZ_cao_2014.pdf;359 - ZOETWARENINDUSTRIE - 01-01-2014 - 31-12-2014 - Regulier - kvo datum - 15-04-2014;https://www.uitvoeringarbeidsvoorwaardenwetgeving.nl/mozard/!suite92.scherm1007?mObj=7502&mSelod=704798
359;359002;01/01/2015;31/12/2016;03/06/2015;VBZ_cao_2015_2016.pdf;359 - ZOETWARENINDUSTRIE - 01-01-2015 - 31-12-2016 - Regulier - kvo datum - 03-06-2015;https://www.uitvoeringarbeidsvoorwaardenwetgeving.nl/mozard/!suite92.scherm1007?mObj=7503&mSelod=704798
359;359003;01/01/2017;31/12/2017;25/04/2017;VBZ_cao_2017_def.pdf;359 - ZOETWARENINDUSTRIE - 01-01-2017 - 31-12-2017 - Regulier - kvo datum - 25-04-2017;https://www.uitvoeringarbeidsvoorwaardenwetgeving.nl/mozard/!suite92.scherm1007?mObj=7504&mSelod=704798
359;359004;01/01/2018;31/12/2018;19/07/2018;Zoetwarenindustrie_cao_2018.pdf;359 - ZOETWARENINDUSTRIE - 01-01-2018 - 31-12-2018 - Regulier - kvo datum - 19-07-2018;https://www.uitvoeringarbeidsvoorwaardenwetgeving.nl/mozard/!suite92.scherm1007?mObj=7505&mSelod=704798
359;359005;01/01/2019;31/12/2020;04/06/2019;Zoetwarenindustrie 2019-2020 na ttw ivm artikel 14 en 25 lid 3.pdf .pdf;359 - ZOETWARENINDUSTRIE - 01-01-2019 - 31-12-2020 - Regulier - kvo datum - 04-06-2019 - TTW;https://www.uitvoeringarbeidsvoorwaardenwetgeving.nl/mozard/!suite92.scherm1007?mObj=14218&mSelod=704798
359;359006;01/01/2019;31/12/2020;07/05/2019;zoetwarindustrie cao 2019-2020 FINAAL.docx .pdf;359 - ZOETWARENINDUSTRIE - 01-01-2019 - 31-12-2020 - Regulier - kvo datum - 07-05-2019;https://www.uitvoeringarbeidsvoorwaardenwetgeving.nl/mozard/!suite92.scherm1007?mObj=14131&mSelod=704798
359;359007;01/01/2021;31/12/2022;16/11/2021;Cao Zoetwarenindustrie 2021-2022 def.pdf;359 - ZOETWARENINDUSTRIE - 01-01-2021 - 31-12-2022 - Regulier - kvo datum - 16-11-2021;https://www.uitvoeringarbeidsvoorwaardenwetgeving.nl/mozard/!suite92.scherm1007?mObj=23622&mSelod=704798
359;359008;01/01/2021;31/12/2022;18/01/2022;Cao Zoetwarenindustrie 2021-2022 na correctie art 31.pdf;359 - ZOETWARENINDUSTRIE - 01-01-2021 - 31-12-2022 - Regulier - kvo datum - 18-01-2022;https://www.uitvoeringarbeidsvoorwaardenwetgeving.nl/mozard/!suite92.scherm1007?mObj=25892&mSelod=704798
359;359009;01/01/2023;30/09/2024;13/11/2023;Cao na ttw Zoetwaren looptijd 1 januari 2023 tm 30 september 2024 (6 november 2023).pdf;359 - ZOETWARENINDUSTRIE - 01-01-2023 - 30-09-2024 - Regulier - kvo datum - 13-11-2023 - TTW;https://www.uitvoeringarbeidsvoorwaardenwetgeving.nl/mozard/!suite92.scherm1007?mObj=39568&mSelod=704798
359;359010;01/01/2023;30/09/2024;27/09/2023;Cao Zoetwarenindustrie 2023-2024.pdf;359 - ZOETWARENINDUSTRIE - 01-01-2023 - 30-09-2024 - Regulier - kvo datum - 27-09-2023;https://www.uitvoeringarbeidsvoorwaardenwetgeving.nl/mozard/!suite92.scherm1007?mObj=38846&mSelod=704798
359;359011;01/04/2011;31/03/2012;21/12/2011;Zoetwaren_arbvoorw_CAO_2011_2012_.pdf;359 - ZOETWARENINDUSTRIE - 01-04-2011 - 31-03-2012 - Regulier - kvo datum - 21-12-2011;https://www.uitvoeringarbeidsvoorwaardenwetgeving.nl/mozard/!suite92.scherm1007?mObj=7499&mSelod=704798
359;359012;01/04/2012;31/12/2013;04/03/2013;VBZ_CAO_2012_2013__def.pdf;359 - ZOETWARENINDUSTRIE - 01-04-2012 - 31-12-2013 - Regulier - kvo datum - 04-03-2013;https://www.uitvoeringarbeidsvoorwaardenwetgeving.nl/mozard/!suite92.scherm1007?mObj=7500&mSelod=704798
359;359013;01/04/2012;31/12/2013;09/04/2013;VBZ_CAO_2012_2013__na_ttw_ivm_avv.pdf;359 - ZOETWARENINDUSTRIE - 01-04-2012 - 31-12-2013 - Regulier - kvo datum - 09-04-2013 - TTW;https://www.uitvoeringarbeidsvoorwaardenwetgeving.nl/mozard/!suite92.scherm1007?mObj=7501&mSelod=704798
359;359014;01/10/2024;30/09/2026;06/05/2025;Herschreven cao Zoetwaren_finale versie (2 december 2024)_incl. IKB en akkoord cao-partijen (25 april 2025).pdf;359 - ZOETWARENINDUSTRIE - 01-10-2024 - 30-09-2026 - Regulier - kvo datum - 06-05-2025;https://www.uitvoeringarbeidsvoorwaardenwetgeving.nl/mozard/!suite92.scherm1007?mObj=47967&mSelod=704798
359;359015;01/10/2024;30/09/2026;09/07/2025;Cao Zoetwaren 2024-2026 na ttw (12 juni 2025).pdf;359 - ZOETWARENINDUSTRIE - 01-10-2024 - 30-09-2026 - Regulier - kvo datum - 09-07-2025 - TTW;https://www.uitvoeringarbeidsvoorwaardenwetgeving.nl/mozard/!suite92.scherm1007?mObj=49311&mSelod=704798
2535;2535001;01/01/2019;31/03/2020;16/09/2019;MITT cao 2019-2020.pdf;2535 - MODE- INTERIEUR- TAPIJT- EN TEXTIELINDUSTRIE - 01-01-2019 - 31-03-2020 - Regulier - kvo datum - 16-09-2019;https://www.uitvoeringarbeidsvoorwaardenwetgeving.nl/mozard/!suite92.scherm1007?mObj=14889&mSelod=704800
2535;2535002;01/01/2021;31/12/2022;07/05/2021;CAO MITT 2021-2022.pdf;2535 - MODE- INTERIEUR- TAPIJT- EN TEXTIELINDUSTRIE - 01-01-2021 - 31-12-2022 - Regulier - kvo datum - 07-05-2021;https://www.uitvoeringarbeidsvoorwaardenwetgeving.nl/mozard/!suite92.scherm1007?mObj=22682&mSelod=704800
2535;2535003;01/01/2022;31/12/2026;18/03/2022;CAO MITT 2022-2023 definitief.pdf;2535 - MODE- INTERIEUR- TAPIJT- EN TEXTIELINDUSTRIE - 01-01-2022 - 31-12-2026 - Regulier - kvo datum - 18-03-2022;https://www.uitvoeringarbeidsvoorwaardenwetgeving.nl/mozard/!suite92.scherm1007?mObj=28698&mSelod=704800
2535;2535004;01/01/2023;31/12/2027;17/07/2023;CAO MITT 2023 versie 06072023.pdf;2535 - MODE- INTERIEUR- TAPIJT- EN TEXTIELINDUSTRIE - 01-01-2023 - 31-12-2027 - Regulier - kvo datum - 17-07-2023;https://www.uitvoeringarbeidsvoorwaardenwetgeving.nl/mozard/!suite92.scherm1007?mObj=37653&mSelod=704800
2535;2535005;01/01/2024;31/08/2025;02/12/2024;Cao MITT 2024-2025 versie 18 06112024 (003).pdf;2535 - MODE- INTERIEUR- TAPIJT- EN TEXTIELINDUSTRIE - 01-01-2024 - 31-08-2025 - Regulier - kvo datum - 02-12-2024;https://www.uitvoeringarbeidsvoorwaardenwetgeving.nl/mozard/!suite92.scherm1007?mObj=45203&mSelod=704800
2535;2535006;01/04/2020;01/01/2021;01/10/2020;CAO MITT 2020 .pdf;2535 - MODE- INTERIEUR- TAPIJT- EN TEXTIELINDUSTRIE - 01-04-2020 - 01-01-2021 - Regulier - kvo datum - 01-10-2020;https://www.uitvoeringarbeidsvoorwaardenwetgeving.nl/mozard/!suite92.scherm1007?mObj=19506&mSelod=704800
2535;2535007;01/04/2020;31/12/2021;11/11/2020;CAO MITT 2020 _1.pdf;2535 - MODE- INTERIEUR- TAPIJT- EN TEXTIELINDUSTRIE - 01-04-2020 - 31-12-2021 - Regulier - kvo datum - 11-11-2020 - TTW;https://www.uitvoeringarbeidsvoorwaardenwetgeving.nl/mozard/!suite92.scherm1007?mObj=20348&mSelod=704800
2535;2535008;01/04/2020;31/12/2021;12/04/2021;CAO MITT 2020 na ttw2 art. 1.3 en 6.3.pdf;2535 - MODE- INTERIEUR- TAPIJT- EN TEXTIELINDUSTRIE - 01-04-2020 - 31-12-2021 - Regulier - kvo datum - 12-04-2021 - TTW;https://www.uitvoeringarbeidsvoorwaardenwetgeving.nl/mozard/!suite92.scherm1007?mObj=22584&mSelod=704800
2535;2535009;01/07/2010;30/06/2014;21/12/2011;SZW_CAO_MITT_2010_2012__wijziging_dec_2011_schoon.pdf;2535 - MODE- INTERIEUR- TAPIJT- EN TEXTIELINDUSTRIE - 01-07-2010 - 30-06-2014 - Regulier - kvo datum - 21-12-2011 - TTW;https://www.uitvoeringarbeidsvoorwaardenwetgeving.nl/mozard/!suite92.scherm1007?mObj=10769&mSelod=704800
2535;2535010;01/07/2010;30/06/2014;29/10/2010;CAO MITT 2010-2012 -melding sept 2010-schoon.pdf;2535 - MODE- INTERIEUR- TAPIJT- EN TEXTIELINDUSTRIE - 01-07-2010 - 30-06-2014 - Regulier - kvo datum - 29-10-2010;https://www.uitvoeringarbeidsvoorwaardenwetgeving.nl/mozard/!suite92.scherm1007?mObj=10768&mSelod=704800
2535;2535011;01/07/2010;30/06/2014;31/01/2012;SZW_CAO_MITT_2010_2012__wijziging_jan_2012_schoon.pdf;2535 - MODE- INTERIEUR- TAPIJT- EN TEXTIELINDUSTRIE - 01-07-2010 - 30-06-2014 - Regulier - kvo datum - 31-01-2012 - TTW;https://www.uitvoeringarbeidsvoorwaardenwetgeving.nl/mozard/!suite92.scherm1007?mObj=10770&mSelod=704800
2535;2535012;01/07/2012;30/06/2014;11/09/2012;SZW_CAO_MITT_2012_2014_schoon_dd_6_9_2012.pdf;2535 - MODE- INTERIEUR- TAPIJT- EN TEXTIELINDUSTRIE - 01-07-2012 - 30-06-2014 - Regulier - kvo datum - 11-09-2012;https://www.uitvoeringarbeidsvoorwaardenwetgeving.nl/mozard/!suite92.scherm1007?mObj=10771&mSelod=704800
2535;2535013;01/07/2012;30/06/2014;19/10/2012;CAO_MITT_2012_2014_schoon_dd__18_10_2012.pdf;2535 - MODE- INTERIEUR- TAPIJT- EN TEXTIELINDUSTRIE - 01-07-2012 - 30-06-2014 - Regulier - kvo datum - 19-10-2012 - TTW;https://www.uitvoeringarbeidsvoorwaardenwetgeving.nl/mozard/!suite92.scherm1007?mObj=10772&mSelod=704800
2535;2535014;01/07/2014;30/06/2016;04/01/2016;CAOMITT_2014_2016_tussent_wijz_dec__2015_sch2.pdf;2535 - MODE- INTERIEUR- TAPIJT- EN TEXTIELINDUSTRIE - 01-07-2014 - 30-06-2016 - Regulier - kvo datum - 04-01-2016 - TTW;https://www.uitvoeringarbeidsvoorwaardenwetgeving.nl/mozard/!suite92.scherm1007?mObj=10775&mSelod=704800
2535;2535015;01/07/2014;30/06/2016;07/05/2015;CAO_MITT_2014_2016___schoon___niet_geel_gearceerd.pdf;2535 - MODE- INTERIEUR- TAPIJT- EN TEXTIELINDUSTRIE - 01-07-2014 - 30-06-2016 - Regulier - kvo datum - 07-05-2015;https://www.uitvoeringarbeidsvoorwaardenwetgeving.nl/mozard/!suite92.scherm1007?mObj=10773&mSelod=704800
2535;2535016;01/07/2014;30/06/2016;23/07/2015;CAO_MITT_2014_2016_tussent__wijz__sch_szw.pdf;2535 - MODE- INTERIEUR- TAPIJT- EN TEXTIELINDUSTRIE - 01-07-2014 - 30-06-2016 - Regulier - kvo datum - 23-07-2015 - TTW;https://www.uitvoeringarbeidsvoorwaardenwetgeving.nl/mozard/!suite92.scherm1007?mObj=10774&mSelod=704800
2535;2535017;01/07/2014;30/06/2016;25/07/2017;CAOMITT2014_16_tussent_wijz__juli_2017_sch_szw.pdf;2535 - MODE- INTERIEUR- TAPIJT- EN TEXTIELINDUSTRIE - 01-07-2014 - 30-06-2016 - Regulier - kvo datum - 25-07-2017 - TTW;https://www.uitvoeringarbeidsvoorwaardenwetgeving.nl/mozard/!suite92.scherm1007?mObj=10776&mSelod=704800
2535;2535018;01/07/2016;31/12/2020;01/11/2017;SZW_CAOMITT2016_19_melding_schn_geen_wijz__zichtb_.pdf;2535 - MODE- INTERIEUR- TAPIJT- EN TEXTIELINDUSTRIE - 01-07-2016 - 31-12-2020 - Regulier - kvo datum - 01-11-2017;https://www.uitvoeringarbeidsvoorwaardenwetgeving.nl/mozard/!suite92.scherm1007?mObj=10777&mSelod=704800
2535;2535019;01/07/2016;31/12/2020;12/03/2018;SZW_CAOMITT2016_19_meld_3e_tussent__wijz__sch_.pdf;2535 - MODE- INTERIEUR- TAPIJT- EN TEXTIELINDUSTRIE - 01-07-2016 - 31-12-2020 - Regulier - kvo datum - 12-03-2018 - TTW;https://www.uitvoeringarbeidsvoorwaardenwetgeving.nl/mozard/!suite92.scherm1007?mObj=10780&mSelod=704800
2535;2535020;01/07/2016;31/12/2020;12/12/2017;SZW_CAOMITT2016_19_melding__tussent__wijz__sch.pdf;2535 - MODE- INTERIEUR- TAPIJT- EN TEXTIELINDUSTRIE - 01-07-2016 - 31-12-2020 - Regulier - kvo datum - 12-12-2017 - TTW;https://www.uitvoeringarbeidsvoorwaardenwetgeving.nl/mozard/!suite92.scherm1007?mObj=10778&mSelod=704800
2535;2535021;01/07/2016;31/12/2020;18/12/2017;SZW_CAOMITT2016_19_meld_2e_tussent__wijz__sch.pdf;2535 - MODE- INTERIEUR- TAPIJT- EN TEXTIELINDUSTRIE - 01-07-2016 - 31-12-2020 - Regulier - kvo datum - 18-12-2017 - TTW;https://www.uitvoeringarbeidsvoorwaardenwetgeving.nl/mozard/!suite92.scherm1007?mObj=10779&mSelod=704800
884;884001;01/10/2021;30/09/2023;09/03/2023;Tekst CAO Boek en Kantoor 21 23 def.pdf;884 - BOEKHANDEL EN DE KANTOORVAKHANDEL, CAO VOOR DE - 01-10-2021 - 30-09-2023 - Regulier - kvo datum - 09-03-2023;https://www.uitvoeringarbeidsvoorwaardenwetgeving.nl/mozard/!suite92.scherm1007?mObj=36346&mSelod=704802
884;884002;01/10/2023;30/09/2024;12/02/2024;070224_Tekst CAO Boek en Kantoor 23 24 ongemark def.pdf;884 - BOEKHANDEL EN DE KANTOORVAKHANDEL, CAO VOOR DE - 01-10-2023 - 30-09-2024 - Regulier - kvo datum - 12-02-2024;https://www.uitvoeringarbeidsvoorwaardenwetgeving.nl/mozard/!suite92.scherm1007?mObj=41754&mSelod=704802
884;884003;01/10/2024;30/09/2025;09/12/2024;Tekst CAO Boek en Kantoor 24 25 ongemark def.pdf;884 - BOEKHANDEL EN DE KANTOORVAKHANDEL, CAO VOOR DE - 01-10-2024 - 30-09-2025 - Regulier - kvo datum - 09-12-2024;https://www.uitvoeringarbeidsvoorwaardenwetgeving.nl/mozard/!suite92.scherm1007?mObj=45445&mSelod=704802
884;884004;01/02/2010;31/03/2012;18/08/2010;Boekhandel Kantoorvakhandel 2010-2012.pdf;884 - KANTOORVAKHANDEL - 01-02-2010 - 31-03-2012 - Regulier - kvo datum - 18-08-2010;https://www.uitvoeringarbeidsvoorwaardenwetgeving.nl/mozard/!suite92.scherm1007?mObj=8696&mSelod=704802
884;884005;01/04/2012;31/03/2014;30/01/2013;Cao_Boekhandel_en_Kantoorvakhandel_2012_2014.pdf;884 - KANTOORVAKHANDEL - 01-04-2012 - 31-03-2014 - Regulier - kvo datum - 30-01-2013;https://www.uitvoeringarbeidsvoorwaardenwetgeving.nl/mozard/!suite92.scherm1007?mObj=8697&mSelod=704802
884;884006;01/04/2014;31/03/2016;15/07/2014;Cao_Boekhandel_en_Kantoorvakhandel_2014_2016.pdf;884 - KANTOORVAKHANDEL - 01-04-2014 - 31-03-2016 - Regulier - kvo datum - 15-07-2014;https://www.uitvoeringarbeidsvoorwaardenwetgeving.nl/mozard/!suite92.scherm1007?mObj=8698&mSelod=704802
884;884007;01/04/2014;31/03/2016;21/08/2014;Cao_Boekh_en_Kantoorvakh_2012_2014_def.pdf;884 - KANTOORVAKHANDEL - 01-04-2014 - 31-03-2016 - Regulier - kvo datum - 21-08-2014 - TTW;https://www.uitvoeringarbeidsvoorwaardenwetgeving.nl/mozard/!suite92.scherm1007?mObj=8699&mSelod=704802
884;884008;01/04/2016;31/03/2017;29/12/2016;CAO_Kantoor_en_Boek_16_17_def.pdf;884 - KANTOORVAKHANDEL - 01-04-2016 - 31-03-2017 - Regulier - kvo datum - 29-12-2016;https://www.uitvoeringarbeidsvoorwaardenwetgeving.nl/mozard/!suite92.scherm1007?mObj=8700&mSelod=704802
884;884009;01/04/2017;31/03/2018;14/06/2017;CAO_Kantoor_en_Boek_17_18_def.pdf;884 - KANTOORVAKHANDEL - 01-04-2017 - 31-03-2018 - Regulier - kvo datum - 14-06-2017;https://www.uitvoeringarbeidsvoorwaardenwetgeving.nl/mozard/!suite92.scherm1007?mObj=8701&mSelod=704802
884;884010;01/04/2017;31/03/2018;17/10/2017;CAO_Kantoor_en_Boek_17_18_nw_sept.pdf;884 - KANTOORVAKHANDEL - 01-04-2017 - 31-03-2018 - Regulier - kvo datum - 17-10-2017 - TTW;https://www.uitvoeringarbeidsvoorwaardenwetgeving.nl/mozard/!suite92.scherm1007?mObj=8702&mSelod=704802
884;884011;01/04/2017;31/03/2018;28/11/2017;CAO_Kantoor_en_Boek_17_18_nw_def.pdf;884 - KANTOORVAKHANDEL - 01-04-2017 - 31-03-2018 - Regulier - kvo datum - 28-11-2017 - TTW;https://www.uitvoeringarbeidsvoorwaardenwetgeving.nl/mozard/!suite92.scherm1007?mObj=8703&mSelod=704802
884;884012;01/04/2018;31/03/2019;17/10/2018;CAO_Kantoor_18_19_def_aanm.pdf;884 - KANTOORVAKHANDEL - 01-04-2018 - 31-03-2019 - Regulier - kvo datum - 17-10-2018;https://www.uitvoeringarbeidsvoorwaardenwetgeving.nl/mozard/!suite92.scherm1007?mObj=8704&mSelod=704802
884;884013;01/04/2019;30/09/2020;12/11/2019;Tekst CAO Boek en Kantoor 19 20 31-10-2019 ongemark def aanm.docx.pdf;884 - KANTOORVAKHANDEL - 01-04-2019 - 30-09-2020 - Regulier - kvo datum - 12-11-2019;https://www.uitvoeringarbeidsvoorwaardenwetgeving.nl/mozard/!suite92.scherm1007?mObj=15218&mSelod=704802
615;615001;01/06/2010;31/05/2011;04/01/2011;CAO voor de Zorgverzekeraars 2010-2011.pdf;615 - ZORGVERZEKERAARS - 01-06-2010 - 31-05-2011 - Regulier - kvo datum - 04-01-2011;https://www.uitvoeringarbeidsvoorwaardenwetgeving.nl/mozard/!suite92.scherm1007?mObj=7766&mSelod=704804
615;615002;01/06/2011;30/09/2012;12/12/2011;CAO_voor_de_Zorgverzekeraars_2011_2012.pdf;615 - ZORGVERZEKERAARS - 01-06-2011 - 30-09-2012 - Regulier - kvo datum - 12-12-2011;https://www.uitvoeringarbeidsvoorwaardenwetgeving.nl/mozard/!suite92.scherm1007?mObj=7767&mSelod=704804
615;615003;01/07/2013;01/07/2015;18/02/2015;CAO_voor_de_Zorgverzekeraars_2013_2015.pdf;615 - ZORGVERZEKERAARS - 01-07-2013 - 01-07-2015 - Regulier - kvo datum - 18-02-2015;https://www.uitvoeringarbeidsvoorwaardenwetgeving.nl/mozard/!suite92.scherm1007?mObj=7768&mSelod=704804
615;615004;01/07/2015;30/06/2016;17/03/2016;Cao_zorgverzekeraars_2015_2016_definitief.pdf;615 - ZORGVERZEKERAARS - 01-07-2015 - 30-06-2016 - Regulier - kvo datum - 17-03-2016;https://www.uitvoeringarbeidsvoorwaardenwetgeving.nl/mozard/!suite92.scherm1007?mObj=7769&mSelod=704804
615;615005;01/07/2016;01/07/2018;01/02/2017;Cao_voor_de_Zorgverzekeraars_2016_2018.pdf;615 - ZORGVERZEKERAARS - 01-07-2016 - 01-07-2018 - Regulier - kvo datum - 01-02-2017;https://www.uitvoeringarbeidsvoorwaardenwetgeving.nl/mozard/!suite92.scherm1007?mObj=7770&mSelod=704804
615;615006;01/07/2018;30/06/2019;07/11/2018;CAO_Zorgverzekeraars_2018_2019.pdf;615 - ZORGVERZEKERAARS - 01-07-2018 - 30-06-2019 - Regulier - kvo datum - 07-11-2018;https://www.uitvoeringarbeidsvoorwaardenwetgeving.nl/mozard/!suite92.scherm1007?mObj=7771&mSelod=704804
615;615007;01/07/2019;30/09/2020;20/01/2020;CAO Zorgverzekeraars 2019-2020.pdf;615 - ZORGVERZEKERAARS - 01-07-2019 - 30-09-2020 - Regulier - kvo datum - 20-01-2020;https://www.uitvoeringarbeidsvoorwaardenwetgeving.nl/mozard/!suite92.scherm1007?mObj=15635&mSelod=704804
615;615008;01/10/2021;30/09/2022;11/01/2022;Cao voor de Zorgverzekeraars 2021-2022.pdf;615 - ZORGVERZEKERAARS - 01-10-2021 - 30-09-2022 - Regulier - kvo datum - 11-01-2022;https://www.uitvoeringarbeidsvoorwaardenwetgeving.nl/mozard/!suite92.scherm1007?mObj=25666&mSelod=704804
615;615009;01/10/2022;30/09/2024;28/07/2023;CAO voor de Zorgverzekeraars 2022-2024.pdf;615 - ZORGVERZEKERAARS - 01-10-2022 - 30-09-2024 - Regulier - kvo datum - 28-07-2023;https://www.uitvoeringarbeidsvoorwaardenwetgeving.nl/mozard/!suite92.scherm1007?mObj=37917&mSelod=704804
1285;1285001;01/01/2020;31/12/2021;20/07/2020;cao tekst Tank Was 2020 2021 versie 16 juli.doc.pdf;1285 - TANKSTATIONS EN WASBEDRIJVEN - 01-01-2020 - 31-12-2021 - Regulier - kvo datum - 20-07-2020 - TTW;https://www.uitvoeringarbeidsvoorwaardenwetgeving.nl/mozard/!suite92.scherm1007?mObj=18266&mSelod=704806
1285;1285002;01/01/2020;31/12/2021;21/07/2020;cao tekst Tank Was 2020 2021 versie 20 juli 2020.doc.pdf;1285 - TANKSTATIONS EN WASBEDRIJVEN - 01-01-2020 - 31-12-2021 - Regulier - kvo datum - 21-07-2020 - TTW;https://www.uitvoeringarbeidsvoorwaardenwetgeving.nl/mozard/!suite92.scherm1007?mObj=18426&mSelod=704806
1285;1285003;01/01/2020;31/12/2021;23/06/2020;cao tekst Tank Was 2020 2021 versie 22 juni.doc.pdf;1285 - TANKSTATIONS EN WASBEDRIJVEN - 01-01-2020 - 31-12-2021 - Regulier - kvo datum - 23-06-2020;https://www.uitvoeringarbeidsvoorwaardenwetgeving.nl/mozard/!suite92.scherm1007?mObj=16713&mSelod=704806
1285;1285004;01/01/2020;31/12/2021;23/07/2020;cao tekst Tank Was 2020 2021 versie 22 juli 2020.doc.pdf;1285 - TANKSTATIONS EN WASBEDRIJVEN - 01-01-2020 - 31-12-2021 - Regulier - kvo datum - 23-07-2020 - TTW;https://www.uitvoeringarbeidsvoorwaardenwetgeving.nl/mozard/!suite92.scherm1007?mObj=18586&mSelod=704806
1285;1285005;01/01/2022;31/12/2023;01/03/2022;cao tekst Tank Was 2022-2023, definitief.pdf;1285 - TANKSTATIONS EN WASBEDRIJVEN - 01-01-2022 - 31-12-2023 - Regulier - kvo datum - 01-03-2022;https://www.uitvoeringarbeidsvoorwaardenwetgeving.nl/mozard/!suite92.scherm1007?mObj=27778&mSelod=704806
1285;1285006;01/01/2022;31/12/2023;28/03/2022;cao tekst Tank Was 2022-2023, definitief 28032022.pdf;1285 - TANKSTATIONS EN WASBEDRIJVEN - 01-01-2022 - 31-12-2023 - Regulier - kvo datum - 28-03-2022;https://www.uitvoeringarbeidsvoorwaardenwetgeving.nl/mozard/!suite92.scherm1007?mObj=29023&mSelod=704806
1285;1285007;01/01/2024;31/03/2025;27/03/2024;cao tekst Tank Was 2024 - 2025, definitief 21032024.pdf;1285 - TANKSTATIONS EN WASBEDRIJVEN - 01-01-2024 - 31-03-2025 - Regulier - kvo datum - 27-03-2024 - TTW;https://www.uitvoeringarbeidsvoorwaardenwetgeving.nl/mozard/!suite92.scherm1007?mObj=42275&mSelod=704806
1285;1285008;01/01/2024;31/03/2025;29/01/2024;cao tekst Tank Was 2024 - 2025, definitief 25012024.pdf;1285 - TANKSTATIONS EN WASBEDRIJVEN - 01-01-2024 - 31-03-2025 - Regulier - kvo datum - 29-01-2024;https://www.uitvoeringarbeidsvoorwaardenwetgeving.nl/mozard/!suite92.scherm1007?mObj=41564&mSelod=704806
1285;1285009;01/04/2025;31/12/2026;16/06/2025;Ingediend bij SZW - Eindtekst cao Tankstations en Wasbedrijven 1 april 2025 - 31 december 2026.pdf;1285 - TANKSTATIONS EN WASBEDRIJVEN - 01-04-2025 - 31-12-2026 - Regulier - kvo datum - 16-06-2025;https://www.uitvoeringarbeidsvoorwaardenwetgeving.nl/mozard/!suite92.scherm1007?mObj=48651&mSelod=704806
1285;1285010;01/09/2011;31/10/2013;09/03/2012;CAO_tekst_2011_2013__2_.pdf;1285 - TANKSTATIONS EN WASBEDRIJVEN - 01-09-2011 - 31-10-2013 - Regulier - kvo datum - 09-03-2012 - TTW;https://www.uitvoeringarbeidsvoorwaardenwetgeving.nl/mozard/!suite92.scherm1007?mObj=9106&mSelod=704806
1285;1285011;01/09/2011;31/10/2013;23/12/2011;CAO_tekst_2011_2013.pdf;1285 - TANKSTATIONS EN WASBEDRIJVEN - 01-09-2011 - 31-10-2013 - Regulier - kvo datum - 23-12-2011;https://www.uitvoeringarbeidsvoorwaardenwetgeving.nl/mozard/!suite92.scherm1007?mObj=9105&mSelod=704806
1285;1285012;01/11/2013;31/10/2015;02/04/2014;CAO_tekst_2013_2015.pdf;1285 - TANKSTATIONS EN WASBEDRIJVEN - 01-11-2013 - 31-10-2015 - Regulier - kvo datum - 02-04-2014;https://www.uitvoeringarbeidsvoorwaardenwetgeving.nl/mozard/!suite92.scherm1007?mObj=9107&mSelod=704806
1285;1285013;01/11/2013;31/10/2015;22/04/2014;CAO_tekst_2013_2015_def.pdf;1285 - TANKSTATIONS EN WASBEDRIJVEN - 01-11-2013 - 31-10-2015 - Regulier - kvo datum - 22-04-2014 - TTW;https://www.uitvoeringarbeidsvoorwaardenwetgeving.nl/mozard/!suite92.scherm1007?mObj=9108&mSelod=704806
1285;1285014;01/11/2015;31/12/2017;03/08/2016;cao_tekst_Tank_Was_def_3_juni_2016.pdf;1285 - TANKSTATIONS EN WASBEDRIJVEN - 01-11-2015 - 31-12-2017 - Regulier - kvo datum - 03-08-2016 - TTW;https://www.uitvoeringarbeidsvoorwaardenwetgeving.nl/mozard/!suite92.scherm1007?mObj=9110&mSelod=704806
1285;1285015;01/11/2015;31/12/2017;16/06/2016;cao_tekst_Tank_Was_def_3_juni_2016_1.pdf;1285 - TANKSTATIONS EN WASBEDRIJVEN - 01-11-2015 - 31-12-2017 - Regulier - kvo datum - 16-06-2016;https://www.uitvoeringarbeidsvoorwaardenwetgeving.nl/mozard/!suite92.scherm1007?mObj=9109&mSelod=704806
1285;1285016;01/12/2017;31/12/2019;03/01/2018;cao_tekst_Tank_Was_2017_2019_v1.pdf;1285 - TANKSTATIONS EN WASBEDRIJVEN - 01-12-2017 - 31-12-2019 - Regulier - kvo datum - 03-01-2018;https://www.uitvoeringarbeidsvoorwaardenwetgeving.nl/mozard/!suite92.scherm1007?mObj=9111&mSelod=704806
1285;1285017;01/12/2017;31/12/2019;08/01/2018;cao_tekst_Tank_Was_2017_2019_def.pdf;1285 - TANKSTATIONS EN WASBEDRIJVEN - 01-12-2017 - 31-12-2019 - Regulier - kvo datum - 08-01-2018;https://www.uitvoeringarbeidsvoorwaardenwetgeving.nl/mozard/!suite92.scherm1007?mObj=9112&mSelod=704806
1285;1285018;01/12/2017;31/12/2019;21/02/2018;cao_tekst_Tank_Was_2017_2019_def_1.pdf;1285 - TANKSTATIONS EN WASBEDRIJVEN - 01-12-2017 - 31-12-2019 - Regulier - kvo datum - 21-02-2018 - TTW;https://www.uitvoeringarbeidsvoorwaardenwetgeving.nl/mozard/!suite92.scherm1007?mObj=9113&mSelod=704806
41;41001;01/01/2017;31/12/2018;05/02/2018;CAO_tekst_2017_2018_geschoond.pdf;41 - BOUWMATERIALEN, HANDEL IN- - 01-01-2017 - 31-12-2018 - Regulier - kvo datum - 05-02-2018;https://www.uitvoeringarbeidsvoorwaardenwetgeving.nl/mozard/!suite92.scherm1007?mObj=6841&mSelod=704808
41;41002;01/01/2017;31/12/2018;23/02/2018;hibin_CAO_tekst_2017_2018.pdf;41 - BOUWMATERIALEN, HANDEL IN- - 01-01-2017 - 31-12-2018 - Regulier - kvo datum - 23-02-2018 - TTW;https://www.uitvoeringarbeidsvoorwaardenwetgeving.nl/mozard/!suite92.scherm1007?mObj=6842&mSelod=704808
41;41003;01/01/2019;31/12/2019;05/06/2019;CAO-tekst 2019_vs2.docx .pdf;41 - BOUWMATERIALEN, HANDEL IN- - 01-01-2019 - 31-12-2019 - Regulier - kvo datum - 05-06-2019 - TTW;https://www.uitvoeringarbeidsvoorwaardenwetgeving.nl/mozard/!suite92.scherm1007?mObj=14223&mSelod=704808
41;41004;01/01/2019;31/12/2019;17/07/2019;cao tekst.pdf;41 - BOUWMATERIALEN, HANDEL IN- - 01-01-2019 - 31-12-2019 - Regulier - kvo datum - 17-07-2019 - TTW;https://www.uitvoeringarbeidsvoorwaardenwetgeving.nl/mozard/!suite92.scherm1007?mObj=14619&mSelod=704808
41;41005;01/01/2019;31/12/2019;19/06/2019;CAO-tekst 2019_vs3.docx .pdf;41 - BOUWMATERIALEN, HANDEL IN- - 01-01-2019 - 31-12-2019 - Regulier - kvo datum - 19-06-2019 - TTW;https://www.uitvoeringarbeidsvoorwaardenwetgeving.nl/mozard/!suite92.scherm1007?mObj=14273&mSelod=704808
41;41006;01/01/2019;31/12/2019;22/05/2019;CAO-tekst 2019.docx .pdf;41 - BOUWMATERIALEN, HANDEL IN- - 01-01-2019 - 31-12-2019 - Regulier - kvo datum - 22-05-2019;https://www.uitvoeringarbeidsvoorwaardenwetgeving.nl/mozard/!suite92.scherm1007?mObj=14168&mSelod=704808
41;41007;01/01/2019;31/12/2019;27/06/2019;CAO-tekst 2019_vs4_def.docx .pdf;41 - BOUWMATERIALEN, HANDEL IN- - 01-01-2019 - 31-12-2019 - Regulier - kvo datum - 27-06-2019 - TTW;https://www.uitvoeringarbeidsvoorwaardenwetgeving.nl/mozard/!suite92.scherm1007?mObj=14480&mSelod=704808
41;41008;01/01/2020;31/12/2020;30/11/2020;CAO-tekst 2020_def.docx.pdf;41 - BOUWMATERIALEN, HANDEL IN- - 01-01-2020 - 31-12-2020 - Regulier - kvo datum - 30-11-2020;https://www.uitvoeringarbeidsvoorwaardenwetgeving.nl/mozard/!suite92.scherm1007?mObj=20830&mSelod=704808
41;41009;01/01/2021;31/12/2022;15/10/2021;CAO-tekst 2021_2022_geschoond3.pdf;41 - BOUWMATERIALEN, HANDEL IN- - 01-01-2021 - 31-12-2022 - Regulier - kvo datum - 15-10-2021 - TTW;https://www.uitvoeringarbeidsvoorwaardenwetgeving.nl/mozard/!suite92.scherm1007?mObj=23432&mSelod=704808
41;41010;01/01/2021;31/12/2022;19/08/2021;CAO-tekst 2021_2022_defV2_geschoond.pdf;41 - BOUWMATERIALEN, HANDEL IN- - 01-01-2021 - 31-12-2022 - Regulier - kvo datum - 19-08-2021;https://www.uitvoeringarbeidsvoorwaardenwetgeving.nl/mozard/!suite92.scherm1007?mObj=23181&mSelod=704808
41;41011;01/01/2021;31/12/2022;23/11/2021;CAO-tekst 2021_2022_geschoond.pdf;41 - BOUWMATERIALEN, HANDEL IN- - 01-01-2021 - 31-12-2022 - Regulier - kvo datum - 23-11-2021 - TTW;https://www.uitvoeringarbeidsvoorwaardenwetgeving.nl/mozard/!suite92.scherm1007?mObj=23990&mSelod=704808
41;41012;01/01/2023;31/03/2024;01/05/2023;CAO-tekst 2023_2024_geschoond_04.pdf;41 - BOUWMATERIALEN, HANDEL IN- - 01-01-2023 - 31-03-2024 - Regulier - kvo datum - 01-05-2023;https://www.uitvoeringarbeidsvoorwaardenwetgeving.nl/mozard/!suite92.scherm1007?mObj=36974&mSelod=704808
41;41013;01/01/2023;31/03/2024;07/04/2023;CAO-tekst 2023-2024 versie 1.0 zonder wijzigingen.pdf;41 - BOUWMATERIALEN, HANDEL IN- - 01-01-2023 - 31-03-2024 - Regulier - kvo datum - 07-04-2023;https://www.uitvoeringarbeidsvoorwaardenwetgeving.nl/mozard/!suite92.scherm1007?mObj=36830&mSelod=704808
41;41014;01/01/2023;31/03/2024;26/04/2023;CAO-tekst 2023_2024_geschoond_02.pdf;41 - BOUWMATERIALEN, HANDEL IN- - 01-01-2023 - 31-03-2024 - Regulier - kvo datum - 26-04-2023;https://www.uitvoeringarbeidsvoorwaardenwetgeving.nl/mozard/!suite92.scherm1007?mObj=36959&mSelod=704808
41;41015;01/04/2024;30/09/2025;06/11/2024;CAO-tekst 2024-2025 versie 1.0.pdf;41 - BOUWMATERIALEN, HANDEL IN- - 01-04-2024 - 30-09-2025 - Regulier - kvo datum - 06-11-2024;https://www.uitvoeringarbeidsvoorwaardenwetgeving.nl/mozard/!suite92.scherm1007?mObj=44604&mSelod=704808
41;41016;01/04/2024;30/09/2025;25/11/2024;CAO-tekst 2024-2025 versie 2.0.pdf;41 - BOUWMATERIALEN, HANDEL IN- - 01-04-2024 - 30-09-2025 - Regulier - kvo datum - 25-11-2024 - TTW;https://www.uitvoeringarbeidsvoorwaardenwetgeving.nl/mozard/!suite92.scherm1007?mObj=44968&mSelod=704808
41;41017;01/07/2010;30/06/2012;11/02/2013;CAO_tekst_2010_2012_per01042013.pdf;41 - BOUWMATERIALEN, HANDEL IN- - 01-07-2010 - 30-06-2012 - Regulier - kvo datum - 11-02-2013 - TTW;https://www.uitvoeringarbeidsvoorwaardenwetgeving.nl/mozard/!suite92.scherm1007?mObj=6839&mSelod=704808
41;41018;01/07/2010;30/06/2012;15/10/2010;integrale CAO-tekst 2010-2012.pdf;41 - BOUWMATERIALEN, HANDEL IN- - 01-07-2010 - 30-06-2012 - Regulier - kvo datum - 15-10-2010;https://www.uitvoeringarbeidsvoorwaardenwetgeving.nl/mozard/!suite92.scherm1007?mObj=6837&mSelod=704808
41;41019;01/07/2010;30/06/2012;27/09/2011;handel__in_bouwmaterialen_cao_integraal.pdf;41 - BOUWMATERIALEN, HANDEL IN- - 01-07-2010 - 30-06-2012 - Regulier - kvo datum - 27-09-2011 - TTW;https://www.uitvoeringarbeidsvoorwaardenwetgeving.nl/mozard/!suite92.scherm1007?mObj=6838&mSelod=704808
41;41020;01/07/2015;31/12/2016;14/09/2015;CAO_tekst_2015_2016_geschoond.pdf;41 - BOUWMATERIALEN, HANDEL IN- - 01-07-2015 - 31-12-2016 - Regulier - kvo datum - 14-09-2015;https://www.uitvoeringarbeidsvoorwaardenwetgeving.nl/mozard/!suite92.scherm1007?mObj=6840&mSelod=704808
1945;1945001;01/01/2010;30/06/2012;01/04/2011;CAO_Dierhouderij_2010__2012.pdf;1945 - PRODUCTIEGERICHTE DIERHOUDERIJ - 01-01-2010 - 30-06-2012 - Regulier - kvo datum - 01-04-2011;https://www.uitvoeringarbeidsvoorwaardenwetgeving.nl/mozard/!suite92.scherm1007?mObj=9925&mSelod=704810
1945;1945002;01/01/2014;31/12/2017;11/10/2017;cao_tekst_integraal.pdf;1945 - PRODUCTIEGERICHTE DIERHOUDERIJ - 01-01-2014 - 31-12-2017 - Regulier - kvo datum - 11-10-2017 - TTW;https://www.uitvoeringarbeidsvoorwaardenwetgeving.nl/mozard/!suite92.scherm1007?mObj=9930&mSelod=704810
1945;1945003;01/01/2014;31/12/2017;28/03/2017;Cao_productiegerichte_dierhouderij_2014_2017.pdf;1945 - PRODUCTIEGERICHTE DIERHOUDERIJ - 01-01-2014 - 31-12-2017 - Regulier - kvo datum - 28-03-2017;https://www.uitvoeringarbeidsvoorwaardenwetgeving.nl/mozard/!suite92.scherm1007?mObj=9928&mSelod=704810
1945;1945004;01/01/2018;31/12/2020;13/02/2018;cao_tekst_Pg_Dierhouderij.pdf;1945 - PRODUCTIEGERICHTE DIERHOUDERIJ - 01-01-2018 - 31-12-2020 - Regulier - kvo datum - 13-02-2018;https://www.uitvoeringarbeidsvoorwaardenwetgeving.nl/mozard/!suite92.scherm1007?mObj=9931&mSelod=704810
1945;1945005;01/01/2018;31/12/2020;14/03/2018;cao_Pg_Dierhouderij.pdf;1945 - PRODUCTIEGERICHTE DIERHOUDERIJ - 01-01-2018 - 31-12-2020 - Regulier - kvo datum - 14-03-2018 - TTW;https://www.uitvoeringarbeidsvoorwaardenwetgeving.nl/mozard/!suite92.scherm1007?mObj=9932&mSelod=704810
1945;1945006;01/01/2018;31/12/2020;23/07/2020;cao PGD integraal def.docx.pdf;1945 - PRODUCTIEGERICHTE DIERHOUDERIJ - 01-01-2018 - 31-12-2020 - Regulier - kvo datum - 23-07-2020;https://www.uitvoeringarbeidsvoorwaardenwetgeving.nl/mozard/!suite92.scherm1007?mObj=18590&mSelod=704810
1945;1945007;01/01/2021;31/12/2021;09/02/2021;cao productiegerichte dierhouderij 2021 versie 30 januari 2021.docx.pdf;1945 - PRODUCTIEGERICHTE DIERHOUDERIJ - 01-01-2021 - 31-12-2021 - Regulier - kvo datum - 09-02-2021;https://www.uitvoeringarbeidsvoorwaardenwetgeving.nl/mozard/!suite92.scherm1007?mObj=21812&mSelod=704810
1945;1945008;01/01/2021;31/12/2021;18/03/2021;cao productiegerichte dierhouderij 2021 ttw 17 maart 2021.pdf;1945 - PRODUCTIEGERICHTE DIERHOUDERIJ - 01-01-2021 - 31-12-2021 - Regulier - kvo datum - 18-03-2021 - TTW;https://www.uitvoeringarbeidsvoorwaardenwetgeving.nl/mozard/!suite92.scherm1007?mObj=22335&mSelod=704810
1945;1945009;01/01/2022;31/12/2023;09/02/2023;cao Productiegerichte Dierhouderij 1 januari 2022 - 31 december 2023 inclusief T.pdf;1945 - PRODUCTIEGERICHTE DIERHOUDERIJ - 01-01-2022 - 31-12-2023 - Regulier - kvo datum - 09-02-2023;https://www.uitvoeringarbeidsvoorwaardenwetgeving.nl/mozard/!suite92.scherm1007?mObj=34634&mSelod=704810
1945;1945010;01/01/2022;31/12/2023;12/07/2022;cao Productiegerichte Dierhouderij 1 januari 2022 - 31 december 2023.pdf;1945 - PRODUCTIEGERICHTE DIERHOUDERIJ - 01-01-2022 - 31-12-2023 - Regulier - kvo datum - 12-07-2022;https://www.uitvoeringarbeidsvoorwaardenwetgeving.nl/mozard/!suite92.scherm1007?mObj=30525&mSelod=704810
1945;1945011;01/01/2022;31/12/2023;12/07/2023;Integrale tekst cao Productiegerichte Dierhouderij 2022 - 2023 (TTW per 1 juli 2023).pdf;1945 - PRODUCTIEGERICHTE DIERHOUDERIJ - 01-01-2022 - 31-12-2023 - Regulier - kvo datum - 12-07-2023;https://www.uitvoeringarbeidsvoorwaardenwetgeving.nl/mozard/!suite92.scherm1007?mObj=37528&mSelod=704810
1945;1945012;01/01/2022;31/12/2023;27/06/2022;cao Productiegerichte Dierhouderij 1 januari 2022 - 31 december 2023_1.pdf;1945 - PRODUCTIEGERICHTE DIERHOUDERIJ - 01-01-2022 - 31-12-2023 - Regulier - kvo datum - 27-06-2022;https://www.uitvoeringarbeidsvoorwaardenwetgeving.nl/mozard/!suite92.scherm1007?mObj=30364&mSelod=704810
1945;1945013;01/01/2022;31/12/2023;31/01/2023;cao Productiegerichte Dierhouderij 1 januari 2022 - 31 december 2023 inclusief T_1.pdf;1945 - PRODUCTIEGERICHTE DIERHOUDERIJ - 01-01-2022 - 31-12-2023 - Regulier - kvo datum - 31-01-2023;https://www.uitvoeringarbeidsvoorwaardenwetgeving.nl/mozard/!suite92.scherm1007?mObj=34389&mSelod=704810
1945;1945014;01/01/2024;31/12/2025;11/04/2024;Eindtekst cao Productiegerichte Dierhouderij 1 januari 2024 - 31 december 2025.pdf;1945 - PRODUCTIEGERICHTE DIERHOUDERIJ - 01-01-2024 - 31-12-2025 - Regulier - kvo datum - 11-04-2024;https://www.uitvoeringarbeidsvoorwaardenwetgeving.nl/mozard/!suite92.scherm1007?mObj=42426&mSelod=704810
1945;1945015;01/01/2024;31/12/2025;16/07/2024;Eindtekst cao Productiegerichte Dierhouderij 1 januari 2024 - 31 december 2025 incl. 1e ttw per 1 januari 2024.pdf;1945 - PRODUCTIEGERICHTE DIERHOUDERIJ - 01-01-2024 - 31-12-2025 - Regulier - kvo datum - 16-07-2024 - TTW;https://www.uitvoeringarbeidsvoorwaardenwetgeving.nl/mozard/!suite92.scherm1007?mObj=43296&mSelod=704810
1945;1945016;01/01/2024;31/12/2025;20/12/2024;Eindtekst cao Productiegerichte Dierhouderij 1 januari 2024 - 31 december 2025 incl. 2e ttw per 1 januari 2025.pdf;1945 - PRODUCTIEGERICHTE DIERHOUDERIJ - 01-01-2024 - 31-12-2025 - Regulier - kvo datum - 20-12-2024 - TTW;https://www.uitvoeringarbeidsvoorwaardenwetgeving.nl/mozard/!suite92.scherm1007?mObj=45746&mSelod=704810
1945;1945017;01/07/2012;31/12/2013;04/12/2012;Eindtekst_cao_Dierhouderij_2012_2013_incl__ttw.pdf;1945 - PRODUCTIEGERICHTE DIERHOUDERIJ - 01-07-2012 - 31-12-2013 - Regulier - kvo datum - 04-12-2012 - TTW;https://www.uitvoeringarbeidsvoorwaardenwetgeving.nl/mozard/!suite92.scherm1007?mObj=9927&mSelod=704810
1945;1945018;01/07/2012;31/12/2013;19/10/2012;20120967N_Eindtekst_cao_Dierhouderij_2012_2013.pdf;1945 - PRODUCTIEGERICHTE DIERHOUDERIJ - 01-07-2012 - 31-12-2013 - Regulier - kvo datum - 19-10-2012;https://www.uitvoeringarbeidsvoorwaardenwetgeving.nl/mozard/!suite92.scherm1007?mObj=9926&mSelod=704810
3335;3335001;01/01/2025;31/12/2026;20/05/2025;Sector-cao PLb 2025-2026 definitief.pdf;3335 - PRODUCTIE- EN LEVERINGSBEDRIJVEN CAO - 01-01-2025 - 31-12-2026 - Regulier - kvo datum - 20-05-2025;https://www.uitvoeringarbeidsvoorwaardenwetgeving.nl/mozard/!suite92.scherm1007?mObj=48207&mSelod=704812
3335;3335002;01/05/2022;30/06/2023;04/11/2022;CAO PLb 2022-2023 definitief ondertekend.pdf;3335 - PRODUCTIE- EN LEVERINGSBEDRIJVEN CAO - 01-05-2022 - 30-06-2023 - Regulier - kvo datum - 04-11-2022;https://www.uitvoeringarbeidsvoorwaardenwetgeving.nl/mozard/!suite92.scherm1007?mObj=31604&mSelod=704812
3335;3335003;01/07/2023;31/12/2024;30/10/2023;CAO tekst CAO PLb 2023-2024 ondertekend door cao-partijen.pdf;3335 - PRODUCTIE- EN LEVERINGSBEDRIJVEN CAO - 01-07-2023 - 31-12-2024 - Regulier - kvo datum - 30-10-2023;https://www.uitvoeringarbeidsvoorwaardenwetgeving.nl/mozard/!suite92.scherm1007?mObj=39236&mSelod=704812
3335;3335004;01/10/2020;30/04/2022;07/07/2021;Cao PLb versie 5 juli 2021-signed.pdf;3335 - PRODUCTIE- EN LEVERINGSBEDRIJVEN CAO - 01-10-2020 - 30-04-2022 - Regulier - kvo datum - 07-07-2021;https://www.uitvoeringarbeidsvoorwaardenwetgeving.nl/mozard/!suite92.scherm1007?mObj=23225&mSelod=704812
3335;3335005;01/05/2011;30/04/2013;04/10/2011;Productie__en_Leveringsbedrijven_cao_2011_2013.pdf;3335 - Productie- en Leveringsbedrijven cao 2015-2018 - 01-05-2011 - 30-04-2013 - Regulier - kvo datum - 04-10-2011;https://www.uitvoeringarbeidsvoorwaardenwetgeving.nl/mozard/!suite92.scherm1007?mObj=11674&mSelod=704812
3335;3335006;01/05/2013;30/04/2015;03/02/2014;CAO_PLb_2013_def___ondertekend.pdf;3335 - Productie- en Leveringsbedrijven cao 2015-2018 - 01-05-2013 - 30-04-2015 - Regulier - kvo datum - 03-02-2014;https://www.uitvoeringarbeidsvoorwaardenwetgeving.nl/mozard/!suite92.scherm1007?mObj=11675&mSelod=704812
3335;3335007;01/05/2013;30/04/2015;30/04/2014;CAO_PLb_2013_caotekst.pdf;3335 - Productie- en Leveringsbedrijven cao 2015-2018 - 01-05-2013 - 30-04-2015 - Regulier - kvo datum - 30-04-2014;https://www.uitvoeringarbeidsvoorwaardenwetgeving.nl/mozard/!suite92.scherm1007?mObj=11676&mSelod=704812
3335;3335008;01/05/2015;30/04/2018;12/07/2016;CAO_PLb_2015___2018_definitief__30_juni_2016_.pdf;3335 - Productie- en Leveringsbedrijven cao 2015-2018 - 01-05-2015 - 30-04-2018 - Regulier - kvo datum - 12-07-2016;https://www.uitvoeringarbeidsvoorwaardenwetgeving.nl/mozard/!suite92.scherm1007?mObj=11677&mSelod=704812
3335;3335009;01/05/2015;30/04/2018;26/01/2017;CaoPLb_herstel_foute_verwijz_en_redac_wijz_tbvAVV.pdf;3335 - Productie- en Leveringsbedrijven cao 2015-2018 - 01-05-2015 - 30-04-2018 - Regulier - kvo datum - 26-01-2017;https://www.uitvoeringarbeidsvoorwaardenwetgeving.nl/mozard/!suite92.scherm1007?mObj=11678&mSelod=704812
3335;3335010;01/05/2018;30/09/2020;14/02/2019;CAO PLb 2018 - 2020 ondertekend.pdf .pdf;3335 - Productie- en Leveringsbedrijven cao 2015-2018 - 01-05-2018 - 30-09-2020 - Regulier - kvo datum - 14-02-2019;https://www.uitvoeringarbeidsvoorwaardenwetgeving.nl/mozard/!suite92.scherm1007?mObj=820&mSelod=704812
1504;1504001;01/01/2011;30/06/2012;23/12/2011;CAO_BTU_2011_2012__Def____v1_23__Opmaak.pdf;1504 - BOEKEN- EN TIJDSCHRIFTUITGEVERIJBEDRIJF - 01-01-2011 - 30-06-2012 - Regulier - kvo datum - 23-12-2011;https://www.uitvoeringarbeidsvoorwaardenwetgeving.nl/mozard/!suite92.scherm1007?mObj=9671&mSelod=704814
1504;1504002;01/01/2014;31/12/2014;18/12/2014;CAO_BTU_2014.pdf;1504 - BOEKEN- EN TIJDSCHRIFTUITGEVERIJBEDRIJF - 01-01-2014 - 31-12-2014 - Regulier - kvo datum - 18-12-2014;https://www.uitvoeringarbeidsvoorwaardenwetgeving.nl/mozard/!suite92.scherm1007?mObj=9673&mSelod=704814
1504;1504003;01/07/2012;31/12/2013;28/10/2013;CAO_BTU_2012_2013_v1_21_Geschoond.pdf;1504 - BOEKEN- EN TIJDSCHRIFTUITGEVERIJBEDRIJF - 01-07-2012 - 31-12-2013 - Regulier - kvo datum - 28-10-2013;https://www.uitvoeringarbeidsvoorwaardenwetgeving.nl/mozard/!suite92.scherm1007?mObj=9672&mSelod=704814
592;592001;01/01/2018;31/12/2019;19/06/2018;CAO_Gespec_Detailh_Bloemen_en_Planten_2018___2019.pdf;592 - BLOEMEN EN PLANTEN GESPECIALISEERDE DETAILHANDEL IN - 01-01-2018 - 31-12-2019 - Regulier - kvo datum - 19-06-2018;https://www.uitvoeringarbeidsvoorwaardenwetgeving.nl/mozard/!suite92.scherm1007?mObj=7749&mSelod=704816
592;592002;01/01/2018;31/12/2019;21/08/2018;cao_Bloemenspeciaalzaken_16_8_2018.pdf;592 - BLOEMEN EN PLANTEN GESPECIALISEERDE DETAILHANDEL IN - 01-01-2018 - 31-12-2019 - Regulier - kvo datum - 21-08-2018 - TTW;https://www.uitvoeringarbeidsvoorwaardenwetgeving.nl/mozard/!suite92.scherm1007?mObj=7750&mSelod=704816
592;592003;01/01/2020;31/12/2022;15/04/2020;2.1.c Cao Gespecialiseerde detailhandel in bloemen en planten 2020 - 2022.docx.pdf;592 - BLOEMEN EN PLANTEN GESPECIALISEERDE DETAILHANDEL IN - 01-01-2020 - 31-12-2022 - Regulier - kvo datum - 15-04-2020;https://www.uitvoeringarbeidsvoorwaardenwetgeving.nl/mozard/!suite92.scherm1007?mObj=16234&mSelod=704816
592;592004;01/01/2020;31/12/2022;28/05/2020;Gewijzigde tekst 14 mei 2020 2.1.c Cao Gespecialiseerde detailhandel in bloemen.pdf;592 - BLOEMEN EN PLANTEN GESPECIALISEERDE DETAILHANDEL IN - 01-01-2020 - 31-12-2022 - Regulier - kvo datum - 28-05-2020 - TTW;https://www.uitvoeringarbeidsvoorwaardenwetgeving.nl/mozard/!suite92.scherm1007?mObj=16522&mSelod=704816
592;592005;01/01/2023;31/12/2023;03/01/2023;def. cao tekst Gespecialiseerde detailhandel in bloemen en planten 2023.pdf;592 - BLOEMEN EN PLANTEN GESPECIALISEERDE DETAILHANDEL IN - 01-01-2023 - 31-12-2023 - Regulier - kvo datum - 03-01-2023;https://www.uitvoeringarbeidsvoorwaardenwetgeving.nl/mozard/!suite92.scherm1007?mObj=33159&mSelod=704816
592;592006;01/01/2023;31/12/2023;09/12/2022;def. cao tekst Gespecialiseerde detailhandel in bloemen en planten 2023_1.pdf;592 - BLOEMEN EN PLANTEN GESPECIALISEERDE DETAILHANDEL IN - 01-01-2023 - 31-12-2023 - Regulier - kvo datum - 09-12-2022;https://www.uitvoeringarbeidsvoorwaardenwetgeving.nl/mozard/!suite92.scherm1007?mObj=31934&mSelod=704816
592;592007;01/01/2024;31/12/2024;10/04/2024;c. 20240403 (Schoon) Tekst tussentijds gewijzigde cao Gespecialiseerde detailhandel bloemen en planten.pdf;592 - BLOEMEN EN PLANTEN GESPECIALISEERDE DETAILHANDEL IN - 01-01-2024 - 31-12-2024 - Regulier - kvo datum - 10-04-2024 - TTW;https://www.uitvoeringarbeidsvoorwaardenwetgeving.nl/mozard/!suite92.scherm1007?mObj=42414&mSelod=704816
592;592008;01/01/2024;31/12/2024;16/02/2024;2024-02-15 Def. tekst tussentijds gewijzigde cao met wijzigingen bijgehouden cao Gespecialiseerde detailhandel in bloemen en planten 2024.pdf;592 - BLOEMEN EN PLANTEN GESPECIALISEERDE DETAILHANDEL IN - 01-01-2024 - 31-12-2024 - Regulier - kvo datum - 16-02-2024 - TTW;https://www.uitvoeringarbeidsvoorwaardenwetgeving.nl/mozard/!suite92.scherm1007?mObj=41800&mSelod=704816
592;592009;01/01/2024;31/12/2024;31/01/2024;2024-01-19 Def. tekst schoon cao Gespecialiseerde detailhandel in bloemen en planten 2024.pdf;592 - BLOEMEN EN PLANTEN GESPECIALISEERDE DETAILHANDEL IN - 01-01-2024 - 31-12-2024 - Regulier - kvo datum - 31-01-2024;https://www.uitvoeringarbeidsvoorwaardenwetgeving.nl/mozard/!suite92.scherm1007?mObj=41601&mSelod=704816
592;592010;01/01/2025;31/12/2026;20/01/2025;1. 20250117 Def. cao Gesp. detailhandel bloemen en planten 2025-2026.pdf;592 - BLOEMEN EN PLANTEN GESPECIALISEERDE DETAILHANDEL IN - 01-01-2025 - 31-12-2026 - Regulier - kvo datum - 20-01-2025;https://www.uitvoeringarbeidsvoorwaardenwetgeving.nl/mozard/!suite92.scherm1007?mObj=46191&mSelod=704816
592;592011;01/04/2011;31/03/2012;25/11/2011;cao_2011__2012_definitief.pdf;592 - BLOEMEN EN PLANTEN GESPECIALISEERDE DETAILHANDEL IN - 01-04-2011 - 31-03-2012 - Regulier - kvo datum - 25-11-2011;https://www.uitvoeringarbeidsvoorwaardenwetgeving.nl/mozard/!suite92.scherm1007?mObj=7745&mSelod=704816
592;592012;01/05/2015;31/12/2017;10/09/2015;Cao_tekst.pdf;592 - BLOEMEN EN PLANTEN GESPECIALISEERDE DETAILHANDEL IN - 01-05-2015 - 31-12-2017 - Regulier - kvo datum - 10-09-2015 - TTW;https://www.uitvoeringarbeidsvoorwaardenwetgeving.nl/mozard/!suite92.scherm1007?mObj=7747&mSelod=704816
592;592013;01/05/2015;31/12/2017;13/07/2015;2__Cao_Gesp___Detailh__in_Bloemen_en_Planten.pdf;592 - BLOEMEN EN PLANTEN GESPECIALISEERDE DETAILHANDEL IN - 01-05-2015 - 31-12-2017 - Regulier - kvo datum - 13-07-2015;https://www.uitvoeringarbeidsvoorwaardenwetgeving.nl/mozard/!suite92.scherm1007?mObj=7746&mSelod=704816
592;592014;01/05/2015;31/12/2017;15/09/2015;Cao_tekst_1.pdf;592 - BLOEMEN EN PLANTEN GESPECIALISEERDE DETAILHANDEL IN - 01-05-2015 - 31-12-2017 - Regulier - kvo datum - 15-09-2015 - TTW;https://www.uitvoeringarbeidsvoorwaardenwetgeving.nl/mozard/!suite92.scherm1007?mObj=7748&mSelod=704816
80;80001;01/02/2025;31/03/2027;27/06/2025;CAO Waterbouw 2025-2027 schoon-zn.pdf;80 - WATERBOUW - 01-02-2025 - 31-03-2027 - Regulier - kvo datum - 27-06-2025;https://www.uitvoeringarbeidsvoorwaardenwetgeving.nl/mozard/!suite92.scherm1007?mObj=48982&mSelod=704818
80;80002;01/04/2010;31/03/2011;30/03/2011;CAO_Waterbouw VERSIE 110329.pdf;80 - WATERBOUW - 01-04-2010 - 31-03-2011 - Regulier - kvo datum - 30-03-2011;https://www.uitvoeringarbeidsvoorwaardenwetgeving.nl/mozard/!suite92.scherm1007?mObj=7060&mSelod=704818
80;80003;01/04/2011;31/03/2013;20/06/2012;CAO_VVW12.pdf;80 - WATERBOUW - 01-04-2011 - 31-03-2013 - Regulier - kvo datum - 20-06-2012;https://www.uitvoeringarbeidsvoorwaardenwetgeving.nl/mozard/!suite92.scherm1007?mObj=7061&mSelod=704818
80;80004;01/04/2013;31/03/2014;22/10/2013;CAO_Waterbouw_2013_2014_def.pdf;80 - WATERBOUW - 01-04-2013 - 31-03-2014 - Regulier - kvo datum - 22-10-2013;https://www.uitvoeringarbeidsvoorwaardenwetgeving.nl/mozard/!suite92.scherm1007?mObj=7062&mSelod=704818
80;80005;01/04/2014;31/03/2015;05/06/2014;CAO_Waterbouw__def_23_mei_2014_AVV.pdf;80 - WATERBOUW - 01-04-2014 - 31-03-2015 - Regulier - kvo datum - 05-06-2014;https://www.uitvoeringarbeidsvoorwaardenwetgeving.nl/mozard/!suite92.scherm1007?mObj=7063&mSelod=704818
80;80006;01/04/2015;31/03/2018;13/07/2015;CAO_Waterbouw_2015_2018_def__8_juli_2015.pdf;80 - WATERBOUW - 01-04-2015 - 31-03-2018 - Regulier - kvo datum - 13-07-2015;https://www.uitvoeringarbeidsvoorwaardenwetgeving.nl/mozard/!suite92.scherm1007?mObj=7064&mSelod=704818
80;80007;01/04/2018;31/03/2019;29/05/2018;CAO_Waterbouw_2018_2019_definitief.pdf;80 - WATERBOUW - 01-04-2018 - 31-03-2019 - Regulier - kvo datum - 29-05-2018;https://www.uitvoeringarbeidsvoorwaardenwetgeving.nl/mozard/!suite92.scherm1007?mObj=7066&mSelod=704818
80;80008;01/04/2019;31/03/2020;02/04/2019;CAO Waterbouw 2019-2020 definitief.docx .pdf;80 - WATERBOUW - 01-04-2019 - 31-03-2020 - Regulier - kvo datum - 02-04-2019;https://www.uitvoeringarbeidsvoorwaardenwetgeving.nl/mozard/!suite92.scherm1007?mObj=13698&mSelod=704818
80;80009;01/04/2021;31/03/2022;06/12/2021;CAO Waterbouw 2021-2022 Integraal 03.12.2021.pdf;80 - WATERBOUW - 01-04-2021 - 31-03-2022 - Regulier - kvo datum - 06-12-2021;https://www.uitvoeringarbeidsvoorwaardenwetgeving.nl/mozard/!suite92.scherm1007?mObj=24428&mSelod=704818
80;80010;01/04/2022;31/03/2023;06/10/2022;CAO Waterbouw 2022-2023.pdf;80 - WATERBOUW - 01-04-2022 - 31-03-2023 - Regulier - kvo datum - 06-10-2022;https://www.uitvoeringarbeidsvoorwaardenwetgeving.nl/mozard/!suite92.scherm1007?mObj=31411&mSelod=704818
80;80011;01/04/2022;31/03/2023;09/09/2022;CAO Waterbouw 2022-2023_1.pdf;80 - WATERBOUW - 01-04-2022 - 31-03-2023 - Regulier - kvo datum - 09-09-2022;https://www.uitvoeringarbeidsvoorwaardenwetgeving.nl/mozard/!suite92.scherm1007?mObj=31212&mSelod=704818
80;80012;01/04/2023;31/03/2024;30/06/2023;CAO Waterbouw 2023-2024 schoon.pdf;80 - WATERBOUW - 01-04-2023 - 31-03-2024 - Regulier - kvo datum - 30-06-2023;https://www.uitvoeringarbeidsvoorwaardenwetgeving.nl/mozard/!suite92.scherm1007?mObj=37240&mSelod=704818
80;80013;01/04/2024;31/01/2025;18/07/2024;CAO Waterbouw 2024-2025 schoon.pdf;80 - WATERBOUW - 01-04-2024 - 31-01-2025 - Regulier - kvo datum - 18-07-2024;https://www.uitvoeringarbeidsvoorwaardenwetgeving.nl/mozard/!suite92.scherm1007?mObj=43311&mSelod=704818
791;791001;01/04/2011;31/03/2012;05/07/2011;Textielgroothandel_CAO_2011_2012.pdf;791 - TEXTIELGOEDEREN EN AANVERWANTE ARTIKELEN GROOTHANDEL IN - 01-04-2011 - 31-03-2012 - Regulier - kvo datum - 05-07-2011;https://www.uitvoeringarbeidsvoorwaardenwetgeving.nl/mozard/!suite92.scherm1007?mObj=8061&mSelod=704821
791;791002;01/04/2012;31/07/2013;18/02/2013;Textielgr__NVW_ttw_ivm_fkb_2012_2013_obv_1538864.pdf;791 - TEXTIELGOEDEREN EN AANVERWANTE ARTIKELEN GROOTHANDEL IN - 01-04-2012 - 31-07-2013 - Regulier - kvo datum - 18-02-2013 - TTW;https://www.uitvoeringarbeidsvoorwaardenwetgeving.nl/mozard/!suite92.scherm1007?mObj=8063&mSelod=704821
791;791003;01/04/2012;31/07/2013;23/01/2013;Textielgroothandel_2012_2013.pdf;791 - TEXTIELGOEDEREN EN AANVERWANTE ARTIKELEN GROOTHANDEL IN - 01-04-2012 - 31-07-2013 - Regulier - kvo datum - 23-01-2013;https://www.uitvoeringarbeidsvoorwaardenwetgeving.nl/mozard/!suite92.scherm1007?mObj=8062&mSelod=704821
791;791004;01/04/2016;30/06/2017;17/08/2016;cao_2016_2017_Textielgroothandel.pdf;791 - TEXTIELGOEDEREN EN AANVERWANTE ARTIKELEN GROOTHANDEL IN - 01-04-2016 - 30-06-2017 - Regulier - kvo datum - 17-08-2016;https://www.uitvoeringarbeidsvoorwaardenwetgeving.nl/mozard/!suite92.scherm1007?mObj=8066&mSelod=704821
791;791005;01/04/2016;30/06/2017;25/02/2017;Textielgroothandel_cao_ttw.pdf;791 - TEXTIELGOEDEREN EN AANVERWANTE ARTIKELEN GROOTHANDEL IN - 01-04-2016 - 30-06-2017 - Regulier - kvo datum - 25-02-2017 - TTW;https://www.uitvoeringarbeidsvoorwaardenwetgeving.nl/mozard/!suite92.scherm1007?mObj=8067&mSelod=704821
791;791006;01/07/2017;30/06/2018;13/07/2017;Textielgroothandel_cao_2017_2018.pdf;791 - TEXTIELGOEDEREN EN AANVERWANTE ARTIKELEN GROOTHANDEL IN - 01-07-2017 - 30-06-2018 - Regulier - kvo datum - 13-07-2017;https://www.uitvoeringarbeidsvoorwaardenwetgeving.nl/mozard/!suite92.scherm1007?mObj=8068&mSelod=704821
791;791007;01/07/2018;30/06/2020;24/07/2018;Textielgroothandel_cao_2018_2020.pdf;791 - TEXTIELGOEDEREN EN AANVERWANTE ARTIKELEN GROOTHANDEL IN - 01-07-2018 - 30-06-2020 - Regulier - kvo datum - 24-07-2018;https://www.uitvoeringarbeidsvoorwaardenwetgeving.nl/mozard/!suite92.scherm1007?mObj=8069&mSelod=704821
791;791008;01/07/2021;30/06/2023;03/11/2021;Cao 2021-2023 na ttw.pdf;791 - TEXTIELGOEDEREN EN AANVERWANTE ARTIKELEN GROOTHANDEL IN - 01-07-2021 - 30-06-2023 - Regulier - kvo datum - 03-11-2021;https://www.uitvoeringarbeidsvoorwaardenwetgeving.nl/mozard/!suite92.scherm1007?mObj=23565&mSelod=704821
791;791009;01/07/2021;30/06/2023;04/10/2021;cao 2021-2023.pdf;791 - TEXTIELGOEDEREN EN AANVERWANTE ARTIKELEN GROOTHANDEL IN - 01-07-2021 - 30-06-2023 - Regulier - kvo datum - 04-10-2021;https://www.uitvoeringarbeidsvoorwaardenwetgeving.nl/mozard/!suite92.scherm1007?mObj=23369&mSelod=704821
791;791010;01/07/2023;30/06/2024;21/07/2023;Cao Textielgroothandel 2023-2024 versie 19-7-2023.pdf;791 - TEXTIELGOEDEREN EN AANVERWANTE ARTIKELEN GROOTHANDEL IN - 01-07-2023 - 30-06-2024 - Regulier - kvo datum - 21-07-2023;https://www.uitvoeringarbeidsvoorwaardenwetgeving.nl/mozard/!suite92.scherm1007?mObj=37768&mSelod=704821
791;791011;01/07/2023;30/06/2024;23/08/2023;Cao Textielgroothandel 2023-2024 versie 21-8-2023.pdf;791 - TEXTIELGOEDEREN EN AANVERWANTE ARTIKELEN GROOTHANDEL IN - 01-07-2023 - 30-06-2024 - Regulier - kvo datum - 23-08-2023;https://www.uitvoeringarbeidsvoorwaardenwetgeving.nl/mozard/!suite92.scherm1007?mObj=38313&mSelod=704821
791;791012;01/07/2024;30/06/2026;12/03/2025;Cao Textielgroothandel 2024-2026 versie 21-1-2025.pdf;791 - TEXTIELGOEDEREN EN AANVERWANTE ARTIKELEN GROOTHANDEL IN - 01-07-2024 - 30-06-2026 - Regulier - kvo datum - 12-03-2025;https://www.uitvoeringarbeidsvoorwaardenwetgeving.nl/mozard/!suite92.scherm1007?mObj=47154&mSelod=704821
791;791013;01/08/2013;30/09/2014;21/01/2014;Textielgroothandel_CAO_2013_2014.pdf;791 - TEXTIELGOEDEREN EN AANVERWANTE ARTIKELEN GROOTHANDEL IN - 01-08-2013 - 30-09-2014 - Regulier - kvo datum - 21-01-2014;https://www.uitvoeringarbeidsvoorwaardenwetgeving.nl/mozard/!suite92.scherm1007?mObj=8064&mSelod=704821
791;791014;01/10/2014;31/03/2016;15/07/2015;Textielgroothandel_cao_2014_2016.pdf;791 - TEXTIELGOEDEREN EN AANVERWANTE ARTIKELEN GROOTHANDEL IN - 01-10-2014 - 31-03-2016 - Regulier - kvo datum - 15-07-2015;https://www.uitvoeringarbeidsvoorwaardenwetgeving.nl/mozard/!suite92.scherm1007?mObj=8065&mSelod=704821
475;475001;01/01/2012;31/12/2012;10/08/2012;def__cao_WOS_01_01_2012_totmet_31_12_2012.pdf;475 - SPORT - 01-01-2012 - 31-12-2012 - Regulier - kvo datum - 10-08-2012;https://www.uitvoeringarbeidsvoorwaardenwetgeving.nl/mozard/!suite92.scherm1007?mObj=7789&mSelod=704823
475;475002;01/01/2013;31/12/2013;26/02/2013;WOS_cao_2013_definitief.pdf;475 - SPORT - 01-01-2013 - 31-12-2013 - Regulier - kvo datum - 26-02-2013;https://www.uitvoeringarbeidsvoorwaardenwetgeving.nl/mozard/!suite92.scherm1007?mObj=7790&mSelod=704823
475;475003;01/01/2014;31/12/2014;13/02/2014;Sport_WOS_cao_2014.pdf;475 - SPORT - 01-01-2014 - 31-12-2014 - Regulier - kvo datum - 13-02-2014;https://www.uitvoeringarbeidsvoorwaardenwetgeving.nl/mozard/!suite92.scherm1007?mObj=7791&mSelod=704823
475;475004;01/01/2015;31/12/2015;16/03/2015;CAO_Sport_2015.pdf;475 - SPORT - 01-01-2015 - 31-12-2015 - Regulier - kvo datum - 16-03-2015;https://www.uitvoeringarbeidsvoorwaardenwetgeving.nl/mozard/!suite92.scherm1007?mObj=7792&mSelod=704823
475;475005;01/01/2016;31/12/2018;14/04/2016;CAO_Sport_2016_2018_DEF.pdf;475 - SPORT - 01-01-2016 - 31-12-2018 - Regulier - kvo datum - 14-04-2016;https://www.uitvoeringarbeidsvoorwaardenwetgeving.nl/mozard/!suite92.scherm1007?mObj=7793&mSelod=704823
475;475006;01/01/2016;31/12/2018;30/08/2017;CAO_Sport_2016_2018_DEF_1.pdf;475 - SPORT - 01-01-2016 - 31-12-2018 - Regulier - kvo datum - 30-08-2017 - TTW;https://www.uitvoeringarbeidsvoorwaardenwetgeving.nl/mozard/!suite92.scherm1007?mObj=7794&mSelod=704823
475;475007;01/06/2009;31/12/2011;18/01/2011;CAO 2009_2012_definitief.pdf;475 - SPORT - 01-06-2009 - 31-12-2011 - Regulier - kvo datum - 18-01-2011;https://www.uitvoeringarbeidsvoorwaardenwetgeving.nl/mozard/!suite92.scherm1007?mObj=7788&mSelod=704823
475;475008;01/01/2019;31/12/2020;19/06/2019;CAO DEFINITIEF WOS.pdf .pdf;475 - SPORT, WERKGEVERSORGANISATIE IN DE - 01-01-2019 - 31-12-2020 - Regulier - kvo datum - 19-06-2019;https://www.uitvoeringarbeidsvoorwaardenwetgeving.nl/mozard/!suite92.scherm1007?mObj=14261&mSelod=704823
475;475009;01/01/2019;31/12/2020;21/07/2020;Sport-CAO 2019-2020 ttw.pdf;475 - SPORT, WERKGEVERSORGANISATIE IN DE - 01-01-2019 - 31-12-2020 - Regulier - kvo datum - 21-07-2020 - TTW;https://www.uitvoeringarbeidsvoorwaardenwetgeving.nl/mozard/!suite92.scherm1007?mObj=18386&mSelod=704823
475;475010;01/01/2021;31/12/2021;17/02/2021;Sport 2021 definitief.pdf;475 - SPORT, WERKGEVERSORGANISATIE IN DE - 01-01-2021 - 31-12-2021 - Regulier - kvo datum - 17-02-2021;https://www.uitvoeringarbeidsvoorwaardenwetgeving.nl/mozard/!suite92.scherm1007?mObj=21890&mSelod=704823
475;475011;01/01/2022;31/12/2023;26/01/2022;Definitieve cao Sport 2022 - 2023.pdf;475 - SPORT, WERKGEVERSORGANISATIE IN DE - 01-01-2022 - 31-12-2023 - Regulier - kvo datum - 26-01-2022;https://www.uitvoeringarbeidsvoorwaardenwetgeving.nl/mozard/!suite92.scherm1007?mObj=26298&mSelod=704823
475;475012;01/01/2022;31/12/2023;31/01/2022;CAO Sport 2022-2023 2.pdf;475 - SPORT, WERKGEVERSORGANISATIE IN DE - 01-01-2022 - 31-12-2023 - Regulier - kvo datum - 31-01-2022 - TTW;https://www.uitvoeringarbeidsvoorwaardenwetgeving.nl/mozard/!suite92.scherm1007?mObj=26522&mSelod=704823
475;475013;01/01/2024;31/12/2025;19/12/2023;Sport cao 2024-2025.pdf;475 - SPORT, WERKGEVERSORGANISATIE IN DE - 01-01-2024 - 31-12-2025 - Regulier - kvo datum - 19-12-2023;https://www.uitvoeringarbeidsvoorwaardenwetgeving.nl/mozard/!suite92.scherm1007?mObj=40627&mSelod=704823
254;254001;01/01/2011;31/12/2012;07/10/2011;cao_afbouw_2011_12__integrale_cao.pdf;254 - AFBOUW - 01-01-2011 - 31-12-2012 - Regulier - kvo datum - 07-10-2011;https://www.uitvoeringarbeidsvoorwaardenwetgeving.nl/mozard/!suite92.scherm1007?mObj=7377&mSelod=704825
254;254002;01/01/2013;31/12/2014;15/05/2014;CAO_2013_2014_definitief.pdf;254 - AFBOUW - 01-01-2013 - 31-12-2014 - Regulier - kvo datum - 15-05-2014;https://www.uitvoeringarbeidsvoorwaardenwetgeving.nl/mozard/!suite92.scherm1007?mObj=7378&mSelod=704825
254;254003;01/01/2013;31/12/2014;25/06/2014;CAO_2013_2014_definitief_2.pdf;254 - AFBOUW - 01-01-2013 - 31-12-2014 - Regulier - kvo datum - 25-06-2014;https://www.uitvoeringarbeidsvoorwaardenwetgeving.nl/mozard/!suite92.scherm1007?mObj=7379&mSelod=704825
254;254004;01/01/2015;31/12/2017;05/10/2015;CAO_2015_2017_integrale_tekst2.pdf;254 - AFBOUW - 01-01-2015 - 31-12-2017 - Regulier - kvo datum - 05-10-2015;https://www.uitvoeringarbeidsvoorwaardenwetgeving.nl/mozard/!suite92.scherm1007?mObj=7381&mSelod=704825
254;254005;01/01/2015;31/12/2017;09/09/2015;CAO_2015_2017_integrale_tekst.pdf;254 - AFBOUW - 01-01-2015 - 31-12-2017 - Regulier - kvo datum - 09-09-2015;https://www.uitvoeringarbeidsvoorwaardenwetgeving.nl/mozard/!suite92.scherm1007?mObj=7380&mSelod=704825
254;254006;01/01/2015;31/12/2017;21/12/2015;CAO_2015_2017_TTW_integrale_tekst.pdf;254 - AFBOUW - 01-01-2015 - 31-12-2017 - Regulier - kvo datum - 21-12-2015 - TTW;https://www.uitvoeringarbeidsvoorwaardenwetgeving.nl/mozard/!suite92.scherm1007?mObj=7382&mSelod=704825
254;254007;01/01/2015;31/12/2017;25/02/2016;CAO_2015_2017_TTW_integrale_tekst_1.pdf;254 - AFBOUW - 01-01-2015 - 31-12-2017 - Regulier - kvo datum - 25-02-2016 - TTW;https://www.uitvoeringarbeidsvoorwaardenwetgeving.nl/mozard/!suite92.scherm1007?mObj=7383&mSelod=704825
254;254008;01/01/2018;31/12/2019;12/06/2018;CAO_2018_2019_integraal.pdf;254 - AFBOUW - 01-01-2018 - 31-12-2019 - Regulier - kvo datum - 12-06-2018;https://www.uitvoeringarbeidsvoorwaardenwetgeving.nl/mozard/!suite92.scherm1007?mObj=7384&mSelod=704825
254;254009;01/01/2018;31/12/2019;21/08/2018;CAO_2018_2019_integraal_versie_8.pdf;254 - AFBOUW - 01-01-2018 - 31-12-2019 - Regulier - kvo datum - 21-08-2018 - TTW;https://www.uitvoeringarbeidsvoorwaardenwetgeving.nl/mozard/!suite92.scherm1007?mObj=7385&mSelod=704825
254;254010;01/01/2020;31/12/2021;03/03/2021;cao 2020-2021 ttw integraal.docx.pdf;254 - AFBOUW - 01-01-2020 - 31-12-2021 - Regulier - kvo datum - 03-03-2021 - TTW;https://www.uitvoeringarbeidsvoorwaardenwetgeving.nl/mozard/!suite92.scherm1007?mObj=22132&mSelod=704825
254;254011;01/01/2020;31/12/2021;15/04/2020;cao 2020-2021 integraal.docx.pdf;254 - AFBOUW - 01-01-2020 - 31-12-2021 - Regulier - kvo datum - 15-04-2020;https://www.uitvoeringarbeidsvoorwaardenwetgeving.nl/mozard/!suite92.scherm1007?mObj=16235&mSelod=704825
254;254012;01/01/2020;31/12/2021;25/06/2020;cao 2020-2021 integraal2.docx.pdf;254 - AFBOUW - 01-01-2020 - 31-12-2021 - Regulier - kvo datum - 25-06-2020 - TTW;https://www.uitvoeringarbeidsvoorwaardenwetgeving.nl/mozard/!suite92.scherm1007?mObj=16728&mSelod=704825
254;254013;01/01/2022;31/12/2023;02/02/2022;cao afbouw 2022-2023 6 januari 2022 aanmelding 2.docx.pdf;254 - AFBOUW - 01-01-2022 - 31-12-2023 - Regulier - kvo datum - 02-02-2022;https://www.uitvoeringarbeidsvoorwaardenwetgeving.nl/mozard/!suite92.scherm1007?mObj=26620&mSelod=704825
254;254014;01/01/2022;31/12/2023;10/02/2023;cao 2022-2023 ttw februari 2023 integraal.pdf;254 - AFBOUW - 01-01-2022 - 31-12-2023 - Regulier - kvo datum - 10-02-2023;https://www.uitvoeringarbeidsvoorwaardenwetgeving.nl/mozard/!suite92.scherm1007?mObj=34722&mSelod=704825
254;254015;01/01/2022;31/12/2023;11/01/2022;cao 2022-2023 6 januari 2022 aanmelding.pdf;254 - AFBOUW - 01-01-2022 - 31-12-2023 - Regulier - kvo datum - 11-01-2022;https://www.uitvoeringarbeidsvoorwaardenwetgeving.nl/mozard/!suite92.scherm1007?mObj=25665&mSelod=704825
254;254016;01/01/2022;31/12/2023;14/03/2023;cao 2022-2023 ttw 10 maart 2023 integraal.pdf;254 - AFBOUW - 01-01-2022 - 31-12-2023 - Regulier - kvo datum - 14-03-2023;https://www.uitvoeringarbeidsvoorwaardenwetgeving.nl/mozard/!suite92.scherm1007?mObj=36414&mSelod=704825
254;254017;01/01/2024;31/12/2025;06/01/2025;20241203 cao 2024-2025 ttw januari 2025 integraal.pdf;254 - AFBOUW - 01-01-2024 - 31-12-2025 - Regulier - kvo datum - 06-01-2025 - TTW;https://www.uitvoeringarbeidsvoorwaardenwetgeving.nl/mozard/!suite92.scherm1007?mObj=45985&mSelod=704825
254;254018;01/01/2024;31/12/2025;06/08/2024;cao 2024-2025, ttw augustus 2024, integraal.pdf;254 - AFBOUW - 01-01-2024 - 31-12-2025 - Regulier - kvo datum - 06-08-2024 - TTW;https://www.uitvoeringarbeidsvoorwaardenwetgeving.nl/mozard/!suite92.scherm1007?mObj=43473&mSelod=704825
254;254019;01/01/2024;31/12/2025;22/04/2024;cao 2024-2025, 18 april 2024 integraal.pdf;254 - AFBOUW - 01-01-2024 - 31-12-2025 - Regulier - kvo datum - 22-04-2024 - TTW;https://www.uitvoeringarbeidsvoorwaardenwetgeving.nl/mozard/!suite92.scherm1007?mObj=42505&mSelod=704825
254;254020;01/01/2024;31/12/2025;31/01/2024;cao 2024-2025, 30 januari 2024 integraal.pdf;254 - AFBOUW - 01-01-2024 - 31-12-2025 - Regulier - kvo datum - 31-01-2024;https://www.uitvoeringarbeidsvoorwaardenwetgeving.nl/mozard/!suite92.scherm1007?mObj=41602&mSelod=704825
254;254021;04/04/2019;31/12/2019;09/04/2019;CAO 2018-2019 integraal.docx .pdf;254 - AFBOUW - 04-04-2019 - 31-12-2019 - Regulier - kvo datum - 09-04-2019 - TTW;https://www.uitvoeringarbeidsvoorwaardenwetgeving.nl/mozard/!suite92.scherm1007?mObj=13803&mSelod=704825
214;214001;01/01/2010;31/12/2011;21/12/2010;CAO 2010-2011.pdf;214 - BIBLIOTHEKEN, OPENBARE - 01-01-2010 - 31-12-2011 - Regulier - kvo datum - 21-12-2010;https://www.uitvoeringarbeidsvoorwaardenwetgeving.nl/mozard/!suite92.scherm1007?mObj=7260&mSelod=704830
214;214002;01/01/2012;31/12/2013;24/02/2012;Openbare_Bibliotheken_2012_2013.pdf;214 - BIBLIOTHEKEN, OPENBARE - 01-01-2012 - 31-12-2013 - Regulier - kvo datum - 24-02-2012;https://www.uitvoeringarbeidsvoorwaardenwetgeving.nl/mozard/!suite92.scherm1007?mObj=7261&mSelod=704830
214;214003;01/01/2012;31/12/2013;28/05/2013;CAO_2012_2013_def_incl_aanpassing_vakantiewet.pdf;214 - BIBLIOTHEKEN, OPENBARE - 01-01-2012 - 31-12-2013 - Regulier - kvo datum - 28-05-2013 - TTW;https://www.uitvoeringarbeidsvoorwaardenwetgeving.nl/mozard/!suite92.scherm1007?mObj=7262&mSelod=704830
214;214004;01/01/2014;31/12/2014;06/05/2014;13_00052_Cao_OB_2014.pdf;214 - BIBLIOTHEKEN, OPENBARE - 01-01-2014 - 31-12-2014 - Regulier - kvo datum - 06-05-2014;https://www.uitvoeringarbeidsvoorwaardenwetgeving.nl/mozard/!suite92.scherm1007?mObj=7263&mSelod=704830
214;214005;01/01/2015;14/06/2015;12/03/2015;Cao_OB_verlenging_1_januari_2015_tot_15_juni_2015.pdf;214 - BIBLIOTHEKEN, OPENBARE - 01-01-2015 - 14-06-2015 - Regulier - kvo datum - 12-03-2015;https://www.uitvoeringarbeidsvoorwaardenwetgeving.nl/mozard/!suite92.scherm1007?mObj=7264&mSelod=704830
214;214006;01/01/2023;31/03/2024;02/05/2023;230428 cao OB 1.1.2023_31.3.2024_DEF.pdf;214 - BIBLIOTHEKEN, OPENBARE - 01-01-2023 - 31-03-2024 - Regulier - kvo datum - 02-05-2023;https://www.uitvoeringarbeidsvoorwaardenwetgeving.nl/mozard/!suite92.scherm1007?mObj=36985&mSelod=704830
214;214007;01/01/2023;31/03/2024;27/11/2023;231122_wijz geaccepteerd_tussentijdse wijziging ivm avv_230428 cao OB 1.1.2023_31.3.2024_DEF.pdf;214 - BIBLIOTHEKEN, OPENBARE - 01-01-2023 - 31-03-2024 - Regulier - kvo datum - 27-11-2023;https://www.uitvoeringarbeidsvoorwaardenwetgeving.nl/mozard/!suite92.scherm1007?mObj=40106&mSelod=704830
214;214008;01/04/2024;31/03/2026;14/08/2024;2024-08-09 Cao OB gehele tekst met juiste opmaak_inhoudsopgave.pdf;214 - BIBLIOTHEKEN, OPENBARE - 01-04-2024 - 31-03-2026 - Regulier - kvo datum - 14-08-2024;https://www.uitvoeringarbeidsvoorwaardenwetgeving.nl/mozard/!suite92.scherm1007?mObj=43529&mSelod=704830
214;214009;01/04/2024;31/03/2026;15/09/2024;Cao OB 2024 2026_incl gewijz Ontheffingsregeling.pdf;214 - BIBLIOTHEKEN, OPENBARE - 01-04-2024 - 31-03-2026 - Regulier - kvo datum - 15-09-2024 - TTW;https://www.uitvoeringarbeidsvoorwaardenwetgeving.nl/mozard/!suite92.scherm1007?mObj=43668&mSelod=704830
214;214010;01/04/2024;31/03/2026;16/12/2024;241129 Cao OB 2024 2026 tussentijdse wijzigingen.pdf;214 - BIBLIOTHEKEN, OPENBARE - 01-04-2024 - 31-03-2026 - Regulier - kvo datum - 16-12-2024 - TTW;https://www.uitvoeringarbeidsvoorwaardenwetgeving.nl/mozard/!suite92.scherm1007?mObj=45599&mSelod=704830
214;214011;01/07/2019;01/07/2020;08/08/2019;Cao OB_1.7.2019-1.7.2020.docx.pdf;214 - BIBLIOTHEKEN, OPENBARE - 01-07-2019 - 01-07-2020 - Regulier - kvo datum - 08-08-2019;https://www.uitvoeringarbeidsvoorwaardenwetgeving.nl/mozard/!suite92.scherm1007?mObj=14740&mSelod=704830
214;214012;01/07/2020;31/12/2022;07/03/2022;Cao OB 1.7.2020 31.12.2022 ondertekend.pdf;214 - BIBLIOTHEKEN, OPENBARE - 01-07-2020 - 31-12-2022 - Regulier - kvo datum - 07-03-2022;https://www.uitvoeringarbeidsvoorwaardenwetgeving.nl/mozard/!suite92.scherm1007?mObj=28039&mSelod=704830
214;214013;01/07/2020;31/12/2022;19/12/2022;Cao OB 1.7.2020 31.12.2022 ondertekend TUSSENTIJDSE WIJZIGING SALARISGARANTIE_GE.pdf;214 - BIBLIOTHEKEN, OPENBARE - 01-07-2020 - 31-12-2022 - Regulier - kvo datum - 19-12-2022;https://www.uitvoeringarbeidsvoorwaardenwetgeving.nl/mozard/!suite92.scherm1007?mObj=32181&mSelod=704830
214;214014;01/07/2020;31/12/2022;27/07/2022;Cao OB 1.7.2020 31.12.2022 ondertekend TUSSENTIJDSE TEKSTUELE WIJZIGINGEN GEAC.pdf;214 - BIBLIOTHEKEN, OPENBARE - 01-07-2020 - 31-12-2022 - Regulier - kvo datum - 27-07-2022;https://www.uitvoeringarbeidsvoorwaardenwetgeving.nl/mozard/!suite92.scherm1007?mObj=30691&mSelod=704830
214;214015;15/06/2015;30/06/2019;03/07/2015;15_00080a_NvW_Cao_OB_2015_2019_wijz_geaccepteerd.pdf;214 - BIBLIOTHEKEN, OPENBARE - 15-06-2015 - 30-06-2019 - Regulier - kvo datum - 03-07-2015;https://www.uitvoeringarbeidsvoorwaardenwetgeving.nl/mozard/!suite92.scherm1007?mObj=7265&mSelod=704830
214;214016;15/06/2015;30/06/2019;13/02/2017;Cao_OB_2015_2019_invulling_loonruimte_2017.pdf;214 - BIBLIOTHEKEN, OPENBARE - 15-06-2015 - 30-06-2019 - Regulier - kvo datum - 13-02-2017 - TTW;https://www.uitvoeringarbeidsvoorwaardenwetgeving.nl/mozard/!suite92.scherm1007?mObj=7267&mSelod=704830
214;214017;15/06/2015;30/06/2019;14/12/2017;Cao_OB_2015_2019_invulling_loonruimte_2018.pdf;214 - BIBLIOTHEKEN, OPENBARE - 15-06-2015 - 30-06-2019 - Regulier - kvo datum - 14-12-2017;https://www.uitvoeringarbeidsvoorwaardenwetgeving.nl/mozard/!suite92.scherm1007?mObj=7269&mSelod=704830
214;214018;15/06/2015;30/06/2019;16/12/2015;Cao_OB_2015_2019_invulling_loonruimte_2016.pdf;214 - BIBLIOTHEKEN, OPENBARE - 15-06-2015 - 30-06-2019 - Regulier - kvo datum - 16-12-2015 - TTW;https://www.uitvoeringarbeidsvoorwaardenwetgeving.nl/mozard/!suite92.scherm1007?mObj=7266&mSelod=704830
214;214019;15/06/2015;30/06/2019;19/06/2018;Cao_OB_2015_2019_WML_2018.pdf;214 - BIBLIOTHEKEN, OPENBARE - 15-06-2015 - 30-06-2019 - Regulier - kvo datum - 19-06-2018 - TTW;https://www.uitvoeringarbeidsvoorwaardenwetgeving.nl/mozard/!suite92.scherm1007?mObj=7270&mSelod=704830
214;214020;15/06/2015;30/06/2019;20/12/2018;Cao_OB_2015_2019_invulling_loonruimte_2019.pdf;214 - BIBLIOTHEKEN, OPENBARE - 15-06-2015 - 30-06-2019 - Regulier - kvo datum - 20-12-2018 - TTW;https://www.uitvoeringarbeidsvoorwaardenwetgeving.nl/mozard/!suite92.scherm1007?mObj=7271&mSelod=704830
214;214021;15/06/2015;30/06/2019;21/07/2017;Cao_OB_2015_2019_salaristabel_1_juli_2017.pdf;214 - BIBLIOTHEKEN, OPENBARE - 15-06-2015 - 30-06-2019 - Regulier - kvo datum - 21-07-2017;https://www.uitvoeringarbeidsvoorwaardenwetgeving.nl/mozard/!suite92.scherm1007?mObj=7268&mSelod=704830
43;43001;01/01/2024;31/03/2024;06/03/2024;43 Cao voor architectenbureaus_ 1 jan tm 31 dec 2024_schone tekst - Kopie.pdf;43 - ARCHITECTENBUREAUS - 01-01-2024 - 31-03-2024 - Regulier - kvo datum - 06-03-2024;https://www.uitvoeringarbeidsvoorwaardenwetgeving.nl/mozard/!suite92.scherm1007?mObj=42044&mSelod=704833
43;43002;01/01/2024;31/12/2024;06/02/2024;43 Cao voor architectenbureaus_ 1 jan tm 31 dec 2024_schone tekst.pdf;43 - ARCHITECTENBUREAUS - 01-01-2024 - 31-12-2024 - Regulier - kvo datum - 06-02-2024;https://www.uitvoeringarbeidsvoorwaardenwetgeving.nl/mozard/!suite92.scherm1007?mObj=41676&mSelod=704833
43;43003;01/01/2024;31/12/2024;06/03/2024;43 Cao voor architectenbureaus_ 1 jan tm 31 dec 2024_schone tekst - Kopie_1.pdf;43 - ARCHITECTENBUREAUS - 01-01-2024 - 31-12-2024 - Regulier - kvo datum - 06-03-2024;https://www.uitvoeringarbeidsvoorwaardenwetgeving.nl/mozard/!suite92.scherm1007?mObj=42470&mSelod=704833
43;43004;01/01/2025;30/06/2026;26/03/2025;43 Cao 25-26 excl wijzigingen_ (002).pdf;43 - ARCHITECTENBUREAUS - 01-01-2025 - 30-06-2026 - Regulier - kvo datum - 26-03-2025;https://www.uitvoeringarbeidsvoorwaardenwetgeving.nl/mozard/!suite92.scherm1007?mObj=47369&mSelod=704833
43;43005;01/03/2013;28/02/2015;05/03/2014;CAO_2013_2015__2_.pdf;43 - ARCHITECTENBUREAUS - 01-03-2013 - 28-02-2015 - Regulier - kvo datum - 05-03-2014 - TTW;https://www.uitvoeringarbeidsvoorwaardenwetgeving.nl/mozard/!suite92.scherm1007?mObj=6845&mSelod=704833
43;43006;01/03/2013;28/02/2015;09/04/2013;Cao_2013_2015.pdf;43 - ARCHITECTENBUREAUS - 01-03-2013 - 28-02-2015 - Regulier - kvo datum - 09-04-2013;https://www.uitvoeringarbeidsvoorwaardenwetgeving.nl/mozard/!suite92.scherm1007?mObj=6844&mSelod=704833
43;43007;01/03/2015;28/02/2017;03/08/2016;Architecten_met_salaristabel.pdf;43 - ARCHITECTENBUREAUS - 01-03-2015 - 28-02-2017 - Regulier - kvo datum - 03-08-2016 - TTW;https://www.uitvoeringarbeidsvoorwaardenwetgeving.nl/mozard/!suite92.scherm1007?mObj=6849&mSelod=704833
43;43008;01/03/2015;28/02/2017;13/05/2016;cao_2015_2017_opmaak_A4.pdf;43 - ARCHITECTENBUREAUS - 01-03-2015 - 28-02-2017 - Regulier - kvo datum - 13-05-2016 - TTW;https://www.uitvoeringarbeidsvoorwaardenwetgeving.nl/mozard/!suite92.scherm1007?mObj=6848&mSelod=704833
43;43009;01/03/2015;28/02/2017;13/07/2015;CAO_2015_2017.pdf;43 - ARCHITECTENBUREAUS - 01-03-2015 - 28-02-2017 - Regulier - kvo datum - 13-07-2015;https://www.uitvoeringarbeidsvoorwaardenwetgeving.nl/mozard/!suite92.scherm1007?mObj=6846&mSelod=704833
43;43010;01/03/2015;28/02/2017;21/10/2015;CAO_2015_2017_1.pdf;43 - ARCHITECTENBUREAUS - 01-03-2015 - 28-02-2017 - Regulier - kvo datum - 21-10-2015 - TTW;https://www.uitvoeringarbeidsvoorwaardenwetgeving.nl/mozard/!suite92.scherm1007?mObj=6847&mSelod=704833
43;43011;01/03/2017;28/02/2019;01/05/2018;cao_architectenbureaus_2017_2019_per1_7_2018_def.pdf;43 - ARCHITECTENBUREAUS - 01-03-2017 - 28-02-2019 - Regulier - kvo datum - 01-05-2018 - TTW;https://www.uitvoeringarbeidsvoorwaardenwetgeving.nl/mozard/!suite92.scherm1007?mObj=6852&mSelod=704833
43;43012;01/03/2017;28/02/2019;26/10/2017;cao_architectenbureaus_2017_2019.pdf;43 - ARCHITECTENBUREAUS - 01-03-2017 - 28-02-2019 - Regulier - kvo datum - 26-10-2017;https://www.uitvoeringarbeidsvoorwaardenwetgeving.nl/mozard/!suite92.scherm1007?mObj=6850&mSelod=704833
43;43013;01/03/2017;28/02/2019;28/11/2017;cao_architectenbureaus_2017_2019_2.pdf;43 - ARCHITECTENBUREAUS - 01-03-2017 - 28-02-2019 - Regulier - kvo datum - 28-11-2017 - TTW;https://www.uitvoeringarbeidsvoorwaardenwetgeving.nl/mozard/!suite92.scherm1007?mObj=6851&mSelod=704833
43;43014;01/03/2019;28/02/2021;17/03/2020;cao tekst 2020, incl. functiehandboek TTW.docx.pdf;43 - ARCHITECTENBUREAUS - 01-03-2019 - 28-02-2021 - Regulier - kvo datum - 17-03-2020 - TTW;https://www.uitvoeringarbeidsvoorwaardenwetgeving.nl/mozard/!suite92.scherm1007?mObj=16013&mSelod=704833
43;43015;01/03/2019;28/02/2021;19/06/2019;cao 2019-2021 incl functiehandboek - aangemeld.docx .pdf;43 - ARCHITECTENBUREAUS - 01-03-2019 - 28-02-2021 - Regulier - kvo datum - 19-06-2019;https://www.uitvoeringarbeidsvoorwaardenwetgeving.nl/mozard/!suite92.scherm1007?mObj=14264&mSelod=704833
43;43016;01/03/2019;28/02/2021;27/08/2019;cao 2019-2021 incl functiehandboek met gewenste wijzigingen - aangemeld.docx.pdf;43 - ARCHITECTENBUREAUS - 01-03-2019 - 28-02-2021 - Regulier - kvo datum - 27-08-2019 - TTW;https://www.uitvoeringarbeidsvoorwaardenwetgeving.nl/mozard/!suite92.scherm1007?mObj=14801&mSelod=704833
43;43017;01/03/2021;28/02/2023;03/11/2022;Cao Architectenbureaus 2021 2023 incl functiehandboek_TTW artikel 22 lid 5_schoon.pdf;43 - ARCHITECTENBUREAUS - 01-03-2021 - 28-02-2023 - Regulier - kvo datum - 03-11-2022;https://www.uitvoeringarbeidsvoorwaardenwetgeving.nl/mozard/!suite92.scherm1007?mObj=31599&mSelod=704833
43;43018;01/03/2021;28/02/2023;29/07/2021;Cao Architectenbureaus 2021 2023 incl functiehandboek schoon.pdf;43 - ARCHITECTENBUREAUS - 01-03-2021 - 28-02-2023 - Regulier - kvo datum - 29-07-2021;https://www.uitvoeringarbeidsvoorwaardenwetgeving.nl/mozard/!suite92.scherm1007?mObj=23087&mSelod=704833
43;43019;01/03/2023;31/12/2023;21/09/2023;43 Cao voor architectenbureaus_schoon_1 mrt tm 31 dec 2023.pdf;43 - ARCHITECTENBUREAUS - 01-03-2023 - 31-12-2023 - Regulier - kvo datum - 21-09-2023;https://www.uitvoeringarbeidsvoorwaardenwetgeving.nl/mozard/!suite92.scherm1007?mObj=38728&mSelod=704833
43;43020;01/04/2011;28/02/2013;26/03/2013;CAO_nw_2011_2013_boekje.pdf;43 - ARCHITECTENBUREAUS - 01-04-2011 - 28-02-2013 - Regulier - kvo datum - 26-03-2013;https://www.uitvoeringarbeidsvoorwaardenwetgeving.nl/mozard/!suite92.scherm1007?mObj=6843&mSelod=704833
83;83001;01/01/2023;31/12/2023;20/03/2023;Cao Betonproductenindustrie 2023 versie 13-3-2023.pdf;83 - BETONPRODUCTENINDUSTRIE - 01-01-2023 - 31-12-2023 - Regulier - kvo datum - 20-03-2023;https://www.uitvoeringarbeidsvoorwaardenwetgeving.nl/mozard/!suite92.scherm1007?mObj=36502&mSelod=704837
83;83002;01/01/2024;31/12/2024;23/05/2024;Cao Betonproductenindustrie 2024 versie 8-5-2024.pdf;83 - BETONPRODUCTENINDUSTRIE - 01-01-2024 - 31-12-2024 - Regulier - kvo datum - 23-05-2024;https://www.uitvoeringarbeidsvoorwaardenwetgeving.nl/mozard/!suite92.scherm1007?mObj=42760&mSelod=704837
83;83003;01/01/2025;30/06/2026;05/03/2025;Cao Betonproductenindustrie 2025-2026 versie 17-2-2025.pdf;83 - BETONPRODUCTENINDUSTRIE - 01-01-2025 - 30-06-2026 - Regulier - kvo datum - 05-03-2025;https://www.uitvoeringarbeidsvoorwaardenwetgeving.nl/mozard/!suite92.scherm1007?mObj=47005&mSelod=704837
83;83004;01/03/2009;31/03/2011;22/12/2010;cao voor de betonproductenindustrie.pdf;83 - BETONPRODUCTENINDUSTRIE - 01-03-2009 - 31-03-2011 - Regulier - kvo datum - 22-12-2010;https://www.uitvoeringarbeidsvoorwaardenwetgeving.nl/mozard/!suite92.scherm1007?mObj=7068&mSelod=704837
83;83005;01/04/2011;31/03/2013;20/12/2011;CAO_voor_de_betonproductenindustrie_2011_2013.pdf;83 - BETONPRODUCTENINDUSTRIE - 01-04-2011 - 31-03-2013 - Regulier - kvo datum - 20-12-2011;https://www.uitvoeringarbeidsvoorwaardenwetgeving.nl/mozard/!suite92.scherm1007?mObj=7069&mSelod=704837
83;83006;01/04/2013;31/03/2014;02/10/2013;cao_voor_de_betonproductenindustrie_2013__2014.pdf;83 - BETONPRODUCTENINDUSTRIE - 01-04-2013 - 31-03-2014 - Regulier - kvo datum - 02-10-2013;https://www.uitvoeringarbeidsvoorwaardenwetgeving.nl/mozard/!suite92.scherm1007?mObj=7070&mSelod=704837
83;83007;01/04/2014;31/03/2017;16/03/2016;Cao_BPI_2014_2017_nieuwe_tekst.pdf;83 - BETONPRODUCTENINDUSTRIE - 01-04-2014 - 31-03-2017 - Regulier - kvo datum - 16-03-2016;https://www.uitvoeringarbeidsvoorwaardenwetgeving.nl/mozard/!suite92.scherm1007?mObj=7071&mSelod=704837
83;83008;01/04/2017;31/07/2019;15/11/2017;Integrale_Cao_tekst_2017_2019_vs2.pdf;83 - BETONPRODUCTENINDUSTRIE - 01-04-2017 - 31-07-2019 - Regulier - kvo datum - 15-11-2017 - TTW;https://www.uitvoeringarbeidsvoorwaardenwetgeving.nl/mozard/!suite92.scherm1007?mObj=7073&mSelod=704837
83;83009;01/04/2017;31/07/2019;25/10/2017;CAO_2017_2019.pdf;83 - BETONPRODUCTENINDUSTRIE - 01-04-2017 - 31-07-2019 - Regulier - kvo datum - 25-10-2017;https://www.uitvoeringarbeidsvoorwaardenwetgeving.nl/mozard/!suite92.scherm1007?mObj=7072&mSelod=704837
83;83010;01/04/2017;31/07/2019;29/10/2018;Integrale_Cao_tekst_2017_2019_vs3.pdf;83 - BETONPRODUCTENINDUSTRIE - 01-04-2017 - 31-07-2019 - Regulier - kvo datum - 29-10-2018 - TTW;https://www.uitvoeringarbeidsvoorwaardenwetgeving.nl/mozard/!suite92.scherm1007?mObj=7074&mSelod=704837
83;83011;01/08/2019;30/09/2021;27/05/2021;Cao Betonproductenindustrie 2019-2021 na ttw versie 25-05-2021.pdf;83 - BETONPRODUCTENINDUSTRIE - 01-08-2019 - 30-09-2021 - Regulier - kvo datum - 27-05-2021 - TTW;https://www.uitvoeringarbeidsvoorwaardenwetgeving.nl/mozard/!suite92.scherm1007?mObj=22771&mSelod=704837
83;83012;01/08/2019;30/09/2021;28/04/2021;Cao Betonproductenindustrie 2019-2021 versie 08-04-2021.pdf;83 - BETONPRODUCTENINDUSTRIE - 01-08-2019 - 30-09-2021 - Regulier - kvo datum - 28-04-2021;https://www.uitvoeringarbeidsvoorwaardenwetgeving.nl/mozard/!suite92.scherm1007?mObj=22650&mSelod=704837
83;83013;01/10/2021;31/12/2022;12/04/2022;Cao Betonproductenindustrie 2021-2022 definitief.pdf;83 - BETONPRODUCTENINDUSTRIE - 01-10-2021 - 31-12-2022 - Regulier - kvo datum - 12-04-2022;https://www.uitvoeringarbeidsvoorwaardenwetgeving.nl/mozard/!suite92.scherm1007?mObj=29295&mSelod=704837
83;83014;01/10/2021;31/12/2022;31/05/2022;Cao Betonproductenindustrie 2021-2022 na ttw definitief.pdf;83 - BETONPRODUCTENINDUSTRIE - 01-10-2021 - 31-12-2022 - Regulier - kvo datum - 31-05-2022;https://www.uitvoeringarbeidsvoorwaardenwetgeving.nl/mozard/!suite92.scherm1007?mObj=29980&mSelod=704837
1393;1393001;01/01/2024;13/07/2025;16/07/2024;Cao Railinfrastructuur - 9 juli 2024.pdf;1393 - RAILINFRASTRUCTUUR - 01-01-2024 - 13-07-2025 - Regulier - kvo datum - 16-07-2024 - TTW;https://www.uitvoeringarbeidsvoorwaardenwetgeving.nl/mozard/!suite92.scherm1007?mObj=43295&mSelod=704845
1393;1393002;01/01/2024;13/07/2025;21/06/2024;versie 2 def Cao Railinfrastructuur - DEFINITIEF juni 2024 - versie voor AVV - kopie.pdf;1393 - RAILINFRASTRUCTUUR - 01-01-2024 - 13-07-2025 - Regulier - kvo datum - 21-06-2024;https://www.uitvoeringarbeidsvoorwaardenwetgeving.nl/mozard/!suite92.scherm1007?mObj=43016&mSelod=704845
1393;1393003;01/01/2024;13/07/2025;29/03/2024;Cao Railinfrastructuur - DEFINITIEF 21 maart 2024 (002).pdf;1393 - RAILINFRASTRUCTUUR - 01-01-2024 - 13-07-2025 - Regulier - kvo datum - 29-03-2024;https://www.uitvoeringarbeidsvoorwaardenwetgeving.nl/mozard/!suite92.scherm1007?mObj=42292&mSelod=704845
1393;1393004;02/01/2023;31/12/2023;29/03/2023;PDF Werkdocument Cao 2023 vers.02 01032023 (002).pdf;1393 - RAILINFRASTRUCTUUR - 02-01-2023 - 31-12-2023 - Regulier - kvo datum - 29-03-2023;https://www.uitvoeringarbeidsvoorwaardenwetgeving.nl/mozard/!suite92.scherm1007?mObj=36766&mSelod=704845
1393;1393005;11/07/2014;14/04/2016;02/05/2016;Railinfra_CAO_2014_def_26042016.pdf;1393 - RAILINFRASTRUCTUUR - 11-07-2014 - 14-04-2016 - Regulier - kvo datum - 02-05-2016;https://www.uitvoeringarbeidsvoorwaardenwetgeving.nl/mozard/!suite92.scherm1007?mObj=9197&mSelod=704845
1393;1393006;13/07/2018;29/12/2019;03/06/2019;Tekst Cao 2018.2019 def d.d. 22-05-2019 .pdf .pdf;1393 - RAILINFRASTRUCTUUR - 13-07-2018 - 29-12-2019 - Regulier - kvo datum - 03-06-2019;https://www.uitvoeringarbeidsvoorwaardenwetgeving.nl/mozard/!suite92.scherm1007?mObj=14215&mSelod=704845
1393;1393007;14/07/2025;31/12/2026;12/06/2025;Cao Railinfrastructuur -staand DEFINITIEF periode 8-2025 voor AVV.pdf;1393 - RAILINFRASTRUCTUUR - 14-07-2025 - 31-12-2026 - Regulier - kvo datum - 12-06-2025;https://www.uitvoeringarbeidsvoorwaardenwetgeving.nl/mozard/!suite92.scherm1007?mObj=48628&mSelod=704845
1393;1393008;15/07/2016;12/07/2018;03/10/2017;Railinfra_CAO_2017_def_280917.pdf;1393 - RAILINFRASTRUCTUUR - 15-07-2016 - 12-07-2018 - Regulier - kvo datum - 03-10-2017;https://www.uitvoeringarbeidsvoorwaardenwetgeving.nl/mozard/!suite92.scherm1007?mObj=9198&mSelod=704845
1393;1393009;15/07/2016;12/07/2018;15/03/2018;Railinfra_CAO_2017_def_280917_1.pdf;1393 - RAILINFRASTRUCTUUR - 15-07-2016 - 12-07-2018 - Regulier - kvo datum - 15-03-2018 - TTW;https://www.uitvoeringarbeidsvoorwaardenwetgeving.nl/mozard/!suite92.scherm1007?mObj=9199&mSelod=704845
1393;1393010;22/04/2011;27/12/2012;17/07/2012;Rallinfra_CAO_2011_2012__definitief.pdf;1393 - RAILINFRASTRUCTUUR - 22-04-2011 - 27-12-2012 - Regulier - kvo datum - 17-07-2012;https://www.uitvoeringarbeidsvoorwaardenwetgeving.nl/mozard/!suite92.scherm1007?mObj=9195&mSelod=704845
1393;1393011;26/04/2010;22/04/2011;07/01/2011;Rallinfra caotekst.pdf;1393 - RAILINFRASTRUCTUUR - 26-04-2010 - 22-04-2011 - Regulier - kvo datum - 07-01-2011;https://www.uitvoeringarbeidsvoorwaardenwetgeving.nl/mozard/!suite92.scherm1007?mObj=9193&mSelod=704845
1393;1393012;26/04/2010;22/04/2011;29/07/2011;railinfra_addendum_en_cao.pdf;1393 - RAILINFRASTRUCTUUR - 26-04-2010 - 22-04-2011 - Regulier - kvo datum - 29-07-2011 - TTW;https://www.uitvoeringarbeidsvoorwaardenwetgeving.nl/mozard/!suite92.scherm1007?mObj=9194&mSelod=704845
1393;1393013;28/12/2012;11/07/2014;08/08/2013;Railinfra_CAO_2013__DEF_02_08_13.pdf;1393 - RAILINFRASTRUCTUUR - 28-12-2012 - 11-07-2014 - Regulier - kvo datum - 08-08-2013;https://www.uitvoeringarbeidsvoorwaardenwetgeving.nl/mozard/!suite92.scherm1007?mObj=9196&mSelod=704845
1393;1393014;30/12/2019;01/01/2023;11/06/2021;Def tekst Cao 2021 versie 0.7_01062021.pdf;1393 - RAILINFRASTRUCTUUR - 30-12-2019 - 01-01-2023 - Regulier - kvo datum - 11-06-2021;https://www.uitvoeringarbeidsvoorwaardenwetgeving.nl/mozard/!suite92.scherm1007?mObj=22831&mSelod=704845
148;148001;01/01/2023;31/12/2025;29/03/2023;Cao Graanbe- en verwerkende Bedrijven 2023 DEF.pdf;148 - GRAANBE- EN VERWERKENDE BEDRIJVEN - 01-01-2023 - 31-12-2025 - Regulier - kvo datum - 29-03-2023;https://www.uitvoeringarbeidsvoorwaardenwetgeving.nl/mozard/!suite92.scherm1007?mObj=36729&mSelod=704847
148;148002;01/01/2024;31/12/2025;05/06/2024;Cao Graanbe- en verwerkende Bedrijven 2024.pdf.pdf;148 - GRAANBE- EN VERWERKENDE BEDRIJVEN - 01-01-2024 - 31-12-2025 - Regulier - kvo datum - 05-06-2024;https://www.uitvoeringarbeidsvoorwaardenwetgeving.nl/mozard/!suite92.scherm1007?mObj=42891&mSelod=704847
148;148003;01/01/2025;31/12/2025;07/05/2025;x DEF Cao-teksten graanbe- en verwerkende bedrijven 2025.pdf;148 - GRAANBE- EN VERWERKENDE BEDRIJVEN - 01-01-2025 - 31-12-2025 - Regulier - kvo datum - 07-05-2025;https://www.uitvoeringarbeidsvoorwaardenwetgeving.nl/mozard/!suite92.scherm1007?mObj=48024&mSelod=704847
148;148004;01/04/2010;01/04/2012;29/03/2011;cao tekst 2010 - 2012 per 1-4-2011.pdf;148 - GRAANBE- EN VERWERKENDE BEDRIJVEN - 01-04-2010 - 01-04-2012 - Regulier - kvo datum - 29-03-2011 - TTW;https://www.uitvoeringarbeidsvoorwaardenwetgeving.nl/mozard/!suite92.scherm1007?mObj=7572&mSelod=704847
148;148005;01/04/2012;31/03/2013;11/02/2013;Cao_boekje_2012_2013.pdf;148 - GRAANBE- EN VERWERKENDE BEDRIJVEN - 01-04-2012 - 31-03-2013 - Regulier - kvo datum - 11-02-2013;https://www.uitvoeringarbeidsvoorwaardenwetgeving.nl/mozard/!suite92.scherm1007?mObj=7573&mSelod=704847
148;148006;01/04/2013;31/03/2014;17/07/2013;cao_tekst_2013___2014_DEF_Z_HT.pdf;148 - GRAANBE- EN VERWERKENDE BEDRIJVEN - 01-04-2013 - 31-03-2014 - Regulier - kvo datum - 17-07-2013;https://www.uitvoeringarbeidsvoorwaardenwetgeving.nl/mozard/!suite92.scherm1007?mObj=7574&mSelod=704847
148;148007;01/04/2013;31/03/2014;24/10/2013;cao_tekst_2013___2014.pdf;148 - GRAANBE- EN VERWERKENDE BEDRIJVEN - 01-04-2013 - 31-03-2014 - Regulier - kvo datum - 24-10-2013 - TTW;https://www.uitvoeringarbeidsvoorwaardenwetgeving.nl/mozard/!suite92.scherm1007?mObj=7575&mSelod=704847
148;148008;01/04/2014;31/03/2015;25/09/2014;CAO_boekje_2014___2015.pdf;148 - GRAANBE- EN VERWERKENDE BEDRIJVEN - 01-04-2014 - 31-03-2015 - Regulier - kvo datum - 25-09-2014;https://www.uitvoeringarbeidsvoorwaardenwetgeving.nl/mozard/!suite92.scherm1007?mObj=7576&mSelod=704847
148;148009;01/04/2015;31/03/2017;21/07/2015;cao_boekje_2015_2017.pdf;148 - GRAANBE- EN VERWERKENDE BEDRIJVEN - 01-04-2015 - 31-03-2017 - Regulier - kvo datum - 21-07-2015;https://www.uitvoeringarbeidsvoorwaardenwetgeving.nl/mozard/!suite92.scherm1007?mObj=7577&mSelod=704847
148;148010;01/04/2015;31/03/2017;21/10/2015;cao_tekst_2015___2017.pdf;148 - GRAANBE- EN VERWERKENDE BEDRIJVEN - 01-04-2015 - 31-03-2017 - Regulier - kvo datum - 21-10-2015 - TTW;https://www.uitvoeringarbeidsvoorwaardenwetgeving.nl/mozard/!suite92.scherm1007?mObj=7578&mSelod=704847
148;148011;01/04/2015;31/03/2017;29/12/2016;Cao_graan_be_en_verwerkende_bedrijven_2015___2017.pdf;148 - GRAANBE- EN VERWERKENDE BEDRIJVEN - 01-04-2015 - 31-03-2017 - Regulier - kvo datum - 29-12-2016 - TTW;https://www.uitvoeringarbeidsvoorwaardenwetgeving.nl/mozard/!suite92.scherm1007?mObj=7579&mSelod=704847
148;148012;01/04/2017;31/05/2018;01/11/2017;Tekst_cao_graan_2017__2018_def_MET_handtekening.pdf;148 - GRAANBE- EN VERWERKENDE BEDRIJVEN - 01-04-2017 - 31-05-2018 - Regulier - kvo datum - 01-11-2017;https://www.uitvoeringarbeidsvoorwaardenwetgeving.nl/mozard/!suite92.scherm1007?mObj=7580&mSelod=704847
148;148013;01/06/2018;31/05/2020;11/12/2018;cao_arbeidsvoorwaarden_2018_2020_getekend.pdf;148 - GRAANBE- EN VERWERKENDE BEDRIJVEN - 01-06-2018 - 31-05-2020 - Regulier - kvo datum - 11-12-2018;https://www.uitvoeringarbeidsvoorwaardenwetgeving.nl/mozard/!suite92.scherm1007?mObj=7581&mSelod=704847
148;148014;01/06/2018;31/05/2020;20/12/2018;cao_arbeidsvoorwaarden_2018_2020_getekend_1.pdf;148 - GRAANBE- EN VERWERKENDE BEDRIJVEN - 01-06-2018 - 31-05-2020 - Regulier - kvo datum - 20-12-2018 - TTW;https://www.uitvoeringarbeidsvoorwaardenwetgeving.nl/mozard/!suite92.scherm1007?mObj=7582&mSelod=704847
148;148015;01/06/2020;31/05/2025;04/11/2022;Cao Graanbe- en verwerkende bedrijven 2020 - 2022.pdf;148 - GRAANBE- EN VERWERKENDE BEDRIJVEN - 01-06-2020 - 31-05-2025 - Regulier - kvo datum - 04-11-2022;https://www.uitvoeringarbeidsvoorwaardenwetgeving.nl/mozard/!suite92.scherm1007?mObj=31641&mSelod=704847
549;549001;01/01/2024;31/12/2025;03/03/2024;Definitieve tekst CAO AGF Detailhandel 2024-2025.pdf;549 - AARDAPPELEN GROENTEN EN FRUIT, DETAILHANDEL IN- - 01-01-2024 - 31-12-2025 - Regulier - kvo datum - 03-03-2024;https://www.uitvoeringarbeidsvoorwaardenwetgeving.nl/mozard/!suite92.scherm1007?mObj=42020&mSelod=704849
549;549002;01/01/2024;31/12/2025;13/05/2024;Definitieve tekst CAO AGF Detailhandel 2024-2025_1.pdf;549 - AARDAPPELEN GROENTEN EN FRUIT, DETAILHANDEL IN- - 01-01-2024 - 31-12-2025 - Regulier - kvo datum - 13-05-2024 - TTW;https://www.uitvoeringarbeidsvoorwaardenwetgeving.nl/mozard/!suite92.scherm1007?mObj=42681&mSelod=704849
549;549003;01/04/2010;01/04/2012;04/02/2011;cao 2010-2012 volledig.pdf;549 - AARDAPPELEN GROENTEN EN FRUIT, DETAILHANDEL IN- - 01-04-2010 - 01-04-2012 - Regulier - kvo datum - 04-02-2011;https://www.uitvoeringarbeidsvoorwaardenwetgeving.nl/mozard/!suite92.scherm1007?mObj=7679&mSelod=704849
549;549004;01/04/2012;01/04/2014;13/02/2013;CAO_Aardapp__en_loont_.pdf;549 - AARDAPPELEN GROENTEN EN FRUIT, DETAILHANDEL IN- - 01-04-2012 - 01-04-2014 - Regulier - kvo datum - 13-02-2013;https://www.uitvoeringarbeidsvoorwaardenwetgeving.nl/mozard/!suite92.scherm1007?mObj=7680&mSelod=704849
549;549005;01/04/2014;01/04/2016;05/02/2015;CAO_2014_2016_AGF_Detailhandel_zonder_bijlagen.pdf;549 - AARDAPPELEN GROENTEN EN FRUIT, DETAILHANDEL IN- - 01-04-2014 - 01-04-2016 - Regulier - kvo datum - 05-02-2015;https://www.uitvoeringarbeidsvoorwaardenwetgeving.nl/mozard/!suite92.scherm1007?mObj=7681&mSelod=704849
549;549006;01/04/2016;31/03/2018;09/02/2017;CAO_2016_2018_AGF_Detailhandel.pdf;549 - AARDAPPELEN GROENTEN EN FRUIT, DETAILHANDEL IN- - 01-04-2016 - 31-03-2018 - Regulier - kvo datum - 09-02-2017;https://www.uitvoeringarbeidsvoorwaardenwetgeving.nl/mozard/!suite92.scherm1007?mObj=7682&mSelod=704849
549;549007;01/04/2016;31/03/2018;23/05/2017;CAO_2016_2018_AGF_Detailhandel_1.pdf;549 - AARDAPPELEN GROENTEN EN FRUIT, DETAILHANDEL IN- - 01-04-2016 - 31-03-2018 - Regulier - kvo datum - 23-05-2017 - TTW;https://www.uitvoeringarbeidsvoorwaardenwetgeving.nl/mozard/!suite92.scherm1007?mObj=7683&mSelod=704849
549;549008;01/04/2018;31/03/2020;01/10/2018;AGF_detailhandel_in_Nieuwe_CAO_2018_2020.pdf;549 - AARDAPPELEN GROENTEN EN FRUIT, DETAILHANDEL IN- - 01-04-2018 - 31-03-2020 - Regulier - kvo datum - 01-10-2018;https://www.uitvoeringarbeidsvoorwaardenwetgeving.nl/mozard/!suite92.scherm1007?mObj=7684&mSelod=704849
549;549009;01/04/2018;31/03/2020;25/07/2019;Nieuwe CAO 2018-2020 volledig.docx.pdf;549 - AARDAPPELEN GROENTEN EN FRUIT, DETAILHANDEL IN- - 01-04-2018 - 31-03-2020 - Regulier - kvo datum - 25-07-2019 - TTW;https://www.uitvoeringarbeidsvoorwaardenwetgeving.nl/mozard/!suite92.scherm1007?mObj=14646&mSelod=704849
549;549010;01/04/2020;31/03/2021;19/02/2021;CAO AGF Detailhandel 2020-2021 volledig def.docx.pdf;549 - AARDAPPELEN GROENTEN EN FRUIT, DETAILHANDEL IN- - 01-04-2020 - 31-03-2021 - Regulier - kvo datum - 19-02-2021 - TTW;https://www.uitvoeringarbeidsvoorwaardenwetgeving.nl/mozard/!suite92.scherm1007?mObj=21947&mSelod=704849
549;549011;01/04/2020;31/03/2021;26/01/2021;CAO AGF Detailhandel 2020-2021 volledig.docx.pdf;549 - AARDAPPELEN GROENTEN EN FRUIT, DETAILHANDEL IN- - 01-04-2020 - 31-03-2021 - Regulier - kvo datum - 26-01-2021;https://www.uitvoeringarbeidsvoorwaardenwetgeving.nl/mozard/!suite92.scherm1007?mObj=21617&mSelod=704849
549;549012;01/04/2021;31/12/2023;01/03/2022;CAO AGF Detailhandel 2021-2024 aanmelding.pdf;549 - AARDAPPELEN GROENTEN EN FRUIT, DETAILHANDEL IN- - 01-04-2021 - 31-12-2023 - Regulier - kvo datum - 01-03-2022;https://www.uitvoeringarbeidsvoorwaardenwetgeving.nl/mozard/!suite92.scherm1007?mObj=27798&mSelod=704849
549;549013;01/04/2021;31/12/2023;06/04/2022;CAO AGF Detailhandel 2021-2024 def_.pdf;549 - AARDAPPELEN GROENTEN EN FRUIT, DETAILHANDEL IN- - 01-04-2021 - 31-12-2023 - Regulier - kvo datum - 06-04-2022;https://www.uitvoeringarbeidsvoorwaardenwetgeving.nl/mozard/!suite92.scherm1007?mObj=29200&mSelod=704849
465;465001;01/01/2016;31/12/2017;16/06/2016;CAO_2016___2017_geschoond.pdf;465 - BANDEN- EN WIELENBRANCHE - 01-01-2016 - 31-12-2017 - Regulier - kvo datum - 16-06-2016;https://www.uitvoeringarbeidsvoorwaardenwetgeving.nl/mozard/!suite92.scherm1007?mObj=8012&mSelod=704851
465;465002;01/01/2016;31/12/2017;28/07/2016;cao_2016_2017_geschoond_26_07_16.pdf;465 - BANDEN- EN WIELENBRANCHE - 01-01-2016 - 31-12-2017 - Regulier - kvo datum - 28-07-2016 - TTW;https://www.uitvoeringarbeidsvoorwaardenwetgeving.nl/mozard/!suite92.scherm1007?mObj=8013&mSelod=704851
465;465003;01/01/2018;28/02/2019;13/02/2018;sociale_afspraken_2018___2019_geschoond.pdf;465 - BANDEN- EN WIELENBRANCHE - 01-01-2018 - 28-02-2019 - Regulier - kvo datum - 13-02-2018;https://www.uitvoeringarbeidsvoorwaardenwetgeving.nl/mozard/!suite92.scherm1007?mObj=8014&mSelod=704851
465;465004;01/03/2019;31/08/2020;12/09/2019;sociale afspraken 2019 - 2020 geschoond.docx.pdf;465 - BANDEN- EN WIELENBRANCHE - 01-03-2019 - 31-08-2020 - Regulier - kvo datum - 12-09-2019;https://www.uitvoeringarbeidsvoorwaardenwetgeving.nl/mozard/!suite92.scherm1007?mObj=14867&mSelod=704851
465;465005;01/04/2024;31/05/2025;05/06/2024;CAO na ttw Banden- en Wielenbranche 2024-2025 versie 30-4-2024.pdf;465 - BANDEN- EN WIELENBRANCHE - 01-04-2024 - 31-05-2025 - Regulier - kvo datum - 05-06-2024;https://www.uitvoeringarbeidsvoorwaardenwetgeving.nl/mozard/!suite92.scherm1007?mObj=42904&mSelod=704851
465;465006;01/04/2024;31/05/2025;15/04/2024;CAO Banden- en Wielenbranche 2024-2025 versie 9-4-2024 (2).pdf;465 - BANDEN- EN WIELENBRANCHE - 01-04-2024 - 31-05-2025 - Regulier - kvo datum - 15-04-2024;https://www.uitvoeringarbeidsvoorwaardenwetgeving.nl/mozard/!suite92.scherm1007?mObj=42442&mSelod=704851
465;465007;01/04/2024;31/05/2025;25/07/2024;CAO Banden- en Wielenbranche 2024-2025 na ttw2 versie 26-6-2024.pdf;465 - BANDEN- EN WIELENBRANCHE - 01-04-2024 - 31-05-2025 - Regulier - kvo datum - 25-07-2024 - TTW;https://www.uitvoeringarbeidsvoorwaardenwetgeving.nl/mozard/!suite92.scherm1007?mObj=43363&mSelod=704851
465;465008;01/09/2020;01/01/2023;23/09/2021;sociale afspraken 2020 - 2023 geschoond.pdf;465 - BANDEN- EN WIELENBRANCHE - 01-09-2020 - 01-01-2023 - Regulier - kvo datum - 23-09-2021;https://www.uitvoeringarbeidsvoorwaardenwetgeving.nl/mozard/!suite92.scherm1007?mObj=23337&mSelod=704851
465;465009;01/09/2020;01/01/2023;25/10/2021;sociale afspraken 2020 - 2023 geschoond_1.pdf;465 - BANDEN- EN WIELENBRANCHE - 01-09-2020 - 01-01-2023 - Regulier - kvo datum - 25-10-2021 - TTW;https://www.uitvoeringarbeidsvoorwaardenwetgeving.nl/mozard/!suite92.scherm1007?mObj=23489&mSelod=704851
465;465010;01/10/2010;31/12/2012;17/06/2011;CAO_2010___2012_geschoond.pdf;465 - BANDEN- EN WIELENBRANCHE - 01-10-2010 - 31-12-2012 - Regulier - kvo datum - 17-06-2011;https://www.uitvoeringarbeidsvoorwaardenwetgeving.nl/mozard/!suite92.scherm1007?mObj=8011&mSelod=704851
465;465011;02/01/2023;31/03/2024;03/07/2023;CAO Banden- en Wielenbranche 2023 12-6-2023.pdf;465 - BANDEN- EN WIELENBRANCHE - 02-01-2023 - 31-03-2024 - Regulier - kvo datum - 03-07-2023;https://www.uitvoeringarbeidsvoorwaardenwetgeving.nl/mozard/!suite92.scherm1007?mObj=37279&mSelod=704851
465;465012;02/01/2023;31/03/2024;18/07/2023;CAO Banden- en Wielenbranche 2023 na ttw 17-7-2023.pdf;465 - BANDEN- EN WIELENBRANCHE - 02-01-2023 - 31-03-2024 - Regulier - kvo datum - 18-07-2023;https://www.uitvoeringarbeidsvoorwaardenwetgeving.nl/mozard/!suite92.scherm1007?mObj=37679&mSelod=704851
157;157001;01/01/2021;31/12/2021;11/10/2021;Zuivel cao I 2021.pdf;157 - ZUIVELINDUSTRIE I - 01-01-2021 - 31-12-2021 - Regulier - kvo datum - 11-10-2021;https://www.uitvoeringarbeidsvoorwaardenwetgeving.nl/mozard/!suite92.scherm1007?mObj=23403&mSelod=704853
157;157002;01/01/2022;31/12/2022;10/12/2021;Zuivel cao I 2022 tussentijdse wijziging dec 2021.pdf;157 - ZUIVELINDUSTRIE I - 01-01-2022 - 31-12-2022 - Regulier - kvo datum - 10-12-2021;https://www.uitvoeringarbeidsvoorwaardenwetgeving.nl/mozard/!suite92.scherm1007?mObj=24536&mSelod=704853
157;157003;01/01/2022;31/12/2022;14/06/2022;Cao I zuivel 2022na ttw def.pdf;157 - ZUIVELINDUSTRIE I - 01-01-2022 - 31-12-2022 - Regulier - kvo datum - 14-06-2022;https://www.uitvoeringarbeidsvoorwaardenwetgeving.nl/mozard/!suite92.scherm1007?mObj=30149&mSelod=704853
157;157004;01/01/2022;31/12/2022;26/10/2021;Zuivel cao I 2022.pdf;157 - ZUIVELINDUSTRIE I - 01-01-2022 - 31-12-2022 - Regulier - kvo datum - 26-10-2021;https://www.uitvoeringarbeidsvoorwaardenwetgeving.nl/mozard/!suite92.scherm1007?mObj=23499&mSelod=704853
157;157005;01/01/2023;31/03/2024;23/10/2023;Zuivel cao I 1 januari 2023 tot en met 31 maart 2024.pdf;157 - ZUIVELINDUSTRIE I - 01-01-2023 - 31-03-2024 - Regulier - kvo datum - 23-10-2023;https://www.uitvoeringarbeidsvoorwaardenwetgeving.nl/mozard/!suite92.scherm1007?mObj=39124&mSelod=704853
157;157006;01/01/2023;31/03/2024;30/11/2023;Cao I zuivel na ttw 1 januari 2023 tot en met 31 maart 2024.pdf;157 - ZUIVELINDUSTRIE I - 01-01-2023 - 31-03-2024 - Regulier - kvo datum - 30-11-2023;https://www.uitvoeringarbeidsvoorwaardenwetgeving.nl/mozard/!suite92.scherm1007?mObj=40230&mSelod=704853
157;157007;01/04/2010;31/03/2012;25/07/2011;Zuivel_ttw_ivm_Arla_obv_481097.pdf;157 - ZUIVELINDUSTRIE I - 01-04-2010 - 31-03-2012 - Regulier - kvo datum - 25-07-2011 - TTW;https://www.uitvoeringarbeidsvoorwaardenwetgeving.nl/mozard/!suite92.scherm1007?mObj=7594&mSelod=704853
157;157008;01/04/2012;31/03/2014;10/10/2012;Zuivel_CAO_I_na_ttw_2012_2014_obv__1499987v0_2.pdf;157 - ZUIVELINDUSTRIE I - 01-04-2012 - 31-03-2014 - Regulier - kvo datum - 10-10-2012 - TTW;https://www.uitvoeringarbeidsvoorwaardenwetgeving.nl/mozard/!suite92.scherm1007?mObj=7596&mSelod=704853
157;157009;01/04/2012;31/03/2014;14/02/2013;Zuivel_CAO_I_na_ttw2.pdf;157 - ZUIVELINDUSTRIE I - 01-04-2012 - 31-03-2014 - Regulier - kvo datum - 14-02-2013 - TTW;https://www.uitvoeringarbeidsvoorwaardenwetgeving.nl/mozard/!suite92.scherm1007?mObj=7598&mSelod=704853
157;157010;01/04/2012;31/03/2014;31/08/2012;AWVN__534089_v1_Zuivel_CAO_I_2012_2014.pdf;157 - ZUIVELINDUSTRIE I - 01-04-2012 - 31-03-2014 - Regulier - kvo datum - 31-08-2012;https://www.uitvoeringarbeidsvoorwaardenwetgeving.nl/mozard/!suite92.scherm1007?mObj=7595&mSelod=704853
157;157011;01/04/2014;31/03/2016;16/10/2014;Zuivelindustrie_tekst_nieuw_2014_2016.pdf;157 - ZUIVELINDUSTRIE I - 01-04-2014 - 31-03-2016 - Regulier - kvo datum - 16-10-2014;https://www.uitvoeringarbeidsvoorwaardenwetgeving.nl/mozard/!suite92.scherm1007?mObj=7599&mSelod=704853
157;157012;01/04/2016;31/03/2018;05/12/2016;Zuivel_cao_I_2016_2018.pdf;157 - ZUIVELINDUSTRIE I - 01-04-2016 - 31-03-2018 - Regulier - kvo datum - 05-12-2016;https://www.uitvoeringarbeidsvoorwaardenwetgeving.nl/mozard/!suite92.scherm1007?mObj=7600&mSelod=704853
157;157013;01/04/2016;31/03/2018;17/01/2017;Zuivel_2016_2018_cao_I.pdf;157 - ZUIVELINDUSTRIE I - 01-04-2016 - 31-03-2018 - Regulier - kvo datum - 17-01-2017;https://www.uitvoeringarbeidsvoorwaardenwetgeving.nl/mozard/!suite92.scherm1007?mObj=7601&mSelod=704853
157;157014;01/04/2018;31/03/2020;03/04/2019;Zuivel I 2018-2020.docx .pdf;157 - ZUIVELINDUSTRIE I - 01-04-2018 - 31-03-2020 - Regulier - kvo datum - 03-04-2019 - TTW;https://www.uitvoeringarbeidsvoorwaardenwetgeving.nl/mozard/!suite92.scherm1007?mObj=13719&mSelod=704853
157;157015;01/04/2018;31/03/2020;04/02/2019;Zuivel I 2018-2020.pdf .pdf;157 - ZUIVELINDUSTRIE I - 01-04-2018 - 31-03-2020 - Regulier - kvo datum - 04-02-2019;https://www.uitvoeringarbeidsvoorwaardenwetgeving.nl/mozard/!suite92.scherm1007?mObj=782&mSelod=704853
157;157016;01/04/2020;31/12/2020;07/09/2020;Zuivel I 2020.pdf;157 - ZUIVELINDUSTRIE I - 01-04-2020 - 31-12-2020 - Regulier - kvo datum - 07-09-2020;https://www.uitvoeringarbeidsvoorwaardenwetgeving.nl/mozard/!suite92.scherm1007?mObj=19146&mSelod=704853
157;157017;01/04/2024;31/03/2025;26/07/2024;DEF cao I zuivel 1 april 2024 tot 1 april 2025.pdf;157 - ZUIVELINDUSTRIE I - 01-04-2024 - 31-03-2025 - Regulier - kvo datum - 26-07-2024;https://www.uitvoeringarbeidsvoorwaardenwetgeving.nl/mozard/!suite92.scherm1007?mObj=43375&mSelod=704853
632;632001;01/01/2014;30/06/2014;07/02/2014;CAO__01012014_tot_01072014__CAO_tekst_14_jan_2014.pdf;632 - BANKEN CAO - 01-01-2014 - 30-06-2014 - Regulier - kvo datum - 07-02-2014;https://www.uitvoeringarbeidsvoorwaardenwetgeving.nl/mozard/!suite92.scherm1007?mObj=8471&mSelod=704856
632;632002;01/01/2017;31/12/2018;24/03/2017;CAO_2017.pdf;632 - BANKEN CAO - 01-01-2017 - 31-12-2018 - Regulier - kvo datum - 24-03-2017;https://www.uitvoeringarbeidsvoorwaardenwetgeving.nl/mozard/!suite92.scherm1007?mObj=8473&mSelod=704856
632;632003;01/01/2019;31/12/2020;19/04/2019;OD18976_NVB CAO-boekje 2019_digitaal.pdf - CAO Banken_PDF digitaal NL versie.pdf .pdf;632 - BANKEN CAO - 01-01-2019 - 31-12-2020 - Regulier - kvo datum - 19-04-2019;https://www.uitvoeringarbeidsvoorwaardenwetgeving.nl/mozard/!suite92.scherm1007?mObj=14074&mSelod=704856
632;632004;01/01/2021;31/12/2021;27/05/2021;NVB CAO-boekje 2021_14-04.pdf;632 - BANKEN CAO - 01-01-2021 - 31-12-2021 - Regulier - kvo datum - 27-05-2021;https://www.uitvoeringarbeidsvoorwaardenwetgeving.nl/mozard/!suite92.scherm1007?mObj=22767&mSelod=704856
632;632005;01/01/2022;31/12/2022;30/05/2022;CAO_Banken_2022.DefNL.pdf;632 - BANKEN CAO - 01-01-2022 - 31-12-2022 - Regulier - kvo datum - 30-05-2022;https://www.uitvoeringarbeidsvoorwaardenwetgeving.nl/mozard/!suite92.scherm1007?mObj=29966&mSelod=704856
632;632006;01/01/2023;31/12/2024;24/01/2025;NVB_CAO-boekje_2023_addendum.20240502.pdf;632 - BANKEN CAO - 01-01-2023 - 31-12-2024 - Regulier - kvo datum - 24-01-2025 - TTW;https://www.uitvoeringarbeidsvoorwaardenwetgeving.nl/mozard/!suite92.scherm1007?mObj=46282&mSelod=704856
632;632007;01/01/2023;31/12/2024;26/01/2023;NVB CAO-boekje 2023_digitaal-NL.pdf;632 - BANKEN CAO - 01-01-2023 - 31-12-2024 - Regulier - kvo datum - 26-01-2023;https://www.uitvoeringarbeidsvoorwaardenwetgeving.nl/mozard/!suite92.scherm1007?mObj=34276&mSelod=704856
632;632008;01/01/2025;31/12/2026;16/04/2025;NVB_CAO-boekje_2025_digitaal__redacted.pdf;632 - BANKEN CAO - 01-01-2025 - 31-12-2026 - Regulier - kvo datum - 16-04-2025;https://www.uitvoeringarbeidsvoorwaardenwetgeving.nl/mozard/!suite92.scherm1007?mObj=47756&mSelod=704856
632;632009;01/07/2014;31/12/2016;22/04/2015;CAO_Banken.pdf;632 - BANKEN CAO - 01-07-2014 - 31-12-2016 - Regulier - kvo datum - 22-04-2015;https://www.uitvoeringarbeidsvoorwaardenwetgeving.nl/mozard/!suite92.scherm1007?mObj=8472&mSelod=704856
632;632010;01/11/2010;31/12/2011;27/05/2011;tekst_CAO_01112010__01012012.pdf;632 - BANKEN CAO - 01-11-2010 - 31-12-2011 - Regulier - kvo datum - 27-05-2011;https://www.uitvoeringarbeidsvoorwaardenwetgeving.nl/mozard/!suite92.scherm1007?mObj=8470&mSelod=704856
1296;1296001;01/01/2011;31/12/2011;02/05/2011;Tekst_ICK_CAO_2011.pdf;1296 - INFORMATIE-, COMMUNICATIE- EN KANTOORTECHNOLOGIEBRANCHE (ICK) - 01-01-2011 - 31-12-2011 - Regulier - kvo datum - 02-05-2011;https://www.uitvoeringarbeidsvoorwaardenwetgeving.nl/mozard/!suite92.scherm1007?mObj=9137&mSelod=704858
1296;1296002;01/01/2012;31/12/2012;17/02/2012;Digitale_versie_ICK_CAO_2012.pdf;1296 - INFORMATIE-, COMMUNICATIE- EN KANTOORTECHNOLOGIEBRANCHE (ICK) - 01-01-2012 - 31-12-2012 - Regulier - kvo datum - 17-02-2012;https://www.uitvoeringarbeidsvoorwaardenwetgeving.nl/mozard/!suite92.scherm1007?mObj=9138&mSelod=704858
1296;1296003;01/01/2013;31/12/2013;06/03/2013;Definitieve_Tekst_ICK_CAO_2013_18_februari_2013_MV.pdf;1296 - INFORMATIE-, COMMUNICATIE- EN KANTOORTECHNOLOGIEBRANCHE (ICK) - 01-01-2013 - 31-12-2013 - Regulier - kvo datum - 06-03-2013;https://www.uitvoeringarbeidsvoorwaardenwetgeving.nl/mozard/!suite92.scherm1007?mObj=9139&mSelod=704858
1296;1296004;01/01/2014;31/12/2014;02/04/2014;Definitieve_tekst_ICK_CAO_2014_6_maart_2014.pdf;1296 - INFORMATIE-, COMMUNICATIE- EN KANTOORTECHNOLOGIEBRANCHE (ICK) - 01-01-2014 - 31-12-2014 - Regulier - kvo datum - 02-04-2014;https://www.uitvoeringarbeidsvoorwaardenwetgeving.nl/mozard/!suite92.scherm1007?mObj=9140&mSelod=704858
1296;1296005;01/01/2015;31/12/2015;20/05/2015;ICK_CAO_2015___definitief.pdf;1296 - INFORMATIE-, COMMUNICATIE- EN KANTOORTECHNOLOGIEBRANCHE (ICK) - 01-01-2015 - 31-12-2015 - Regulier - kvo datum - 20-05-2015;https://www.uitvoeringarbeidsvoorwaardenwetgeving.nl/mozard/!suite92.scherm1007?mObj=9141&mSelod=704858
1296;1296006;01/01/2016;31/12/2016;03/05/2016;ICK_CAO_2016_definitief.pdf;1296 - INFORMATIE-, COMMUNICATIE- EN KANTOORTECHNOLOGIEBRANCHE (ICK) - 01-01-2016 - 31-12-2016 - Regulier - kvo datum - 03-05-2016;https://www.uitvoeringarbeidsvoorwaardenwetgeving.nl/mozard/!suite92.scherm1007?mObj=9142&mSelod=704858
1296;1296007;01/01/2017;31/12/2017;25/04/2017;ICK_CAO_2017.pdf;1296 - INFORMATIE-, COMMUNICATIE- EN KANTOORTECHNOLOGIEBRANCHE (ICK) - 01-01-2017 - 31-12-2017 - Regulier - kvo datum - 25-04-2017;https://www.uitvoeringarbeidsvoorwaardenwetgeving.nl/mozard/!suite92.scherm1007?mObj=9143&mSelod=704858
1296;1296008;01/01/2018;31/12/2018;08/01/2019;ICK-CAO 2018.pdf .pdf;1296 - INFORMATIE-, COMMUNICATIE- EN KANTOORTECHNOLOGIEBRANCHE (ICK) - 01-01-2018 - 31-12-2018 - Regulier - kvo datum - 08-01-2019;https://www.uitvoeringarbeidsvoorwaardenwetgeving.nl/mozard/!suite92.scherm1007?mObj=637&mSelod=704858
1296;1296009;01/01/2019;31/12/2019;06/04/2020;CAO 2019.pdf;1296 - INFORMATIE-, COMMUNICATIE- EN KANTOORTECHNOLOGIEBRANCHE (ICK) - 01-01-2019 - 31-12-2019 - Regulier - kvo datum - 06-04-2020;https://www.uitvoeringarbeidsvoorwaardenwetgeving.nl/mozard/!suite92.scherm1007?mObj=16170&mSelod=704858
1296;1296010;01/01/2020;31/12/2020;15/04/2020;ICK CAO 2020_def.docx.pdf;1296 - INFORMATIE-, COMMUNICATIE- EN KANTOORTECHNOLOGIEBRANCHE (ICK) - 01-01-2020 - 31-12-2020 - Regulier - kvo datum - 15-04-2020;https://www.uitvoeringarbeidsvoorwaardenwetgeving.nl/mozard/!suite92.scherm1007?mObj=16231&mSelod=704858
1296;1296011;01/01/2021;31/12/2021;29/07/2021;ICK CAO 2021.pdf;1296 - INFORMATIE-, COMMUNICATIE- EN KANTOORTECHNOLOGIEBRANCHE (ICK) - 01-01-2021 - 31-12-2021 - Regulier - kvo datum - 29-07-2021 - TTW;https://www.uitvoeringarbeidsvoorwaardenwetgeving.nl/mozard/!suite92.scherm1007?mObj=23086&mSelod=704858
1296;1296012;01/01/2021;31/12/2021;31/03/2021;ICK CAO 2021_1.pdf;1296 - INFORMATIE-, COMMUNICATIE- EN KANTOORTECHNOLOGIEBRANCHE (ICK) - 01-01-2021 - 31-12-2021 - Regulier - kvo datum - 31-03-2021;https://www.uitvoeringarbeidsvoorwaardenwetgeving.nl/mozard/!suite92.scherm1007?mObj=22511&mSelod=704858
1296;1296013;01/01/2022;31/12/2022;22/07/2022;ICK CAO 2022 v2.pdf;1296 - INFORMATIE-, COMMUNICATIE- EN KANTOORTECHNOLOGIEBRANCHE (ICK) - 01-01-2022 - 31-12-2022 - Regulier - kvo datum - 22-07-2022;https://www.uitvoeringarbeidsvoorwaardenwetgeving.nl/mozard/!suite92.scherm1007?mObj=30646&mSelod=704858
1296;1296014;01/01/2022;31/12/2022;27/06/2022;Cdef_ ICK CAO 2022.pdf;1296 - INFORMATIE-, COMMUNICATIE- EN KANTOORTECHNOLOGIEBRANCHE (ICK) - 01-01-2022 - 31-12-2022 - Regulier - kvo datum - 27-06-2022;https://www.uitvoeringarbeidsvoorwaardenwetgeving.nl/mozard/!suite92.scherm1007?mObj=30368&mSelod=704858
1296;1296015;01/01/2023;31/12/2023;11/12/2023;ICK-cao 2023.pdf;1296 - INFORMATIE-, COMMUNICATIE- EN KANTOORTECHNOLOGIEBRANCHE (ICK) - 01-01-2023 - 31-12-2023 - Regulier - kvo datum - 11-12-2023;https://www.uitvoeringarbeidsvoorwaardenwetgeving.nl/mozard/!suite92.scherm1007?mObj=40466&mSelod=704858
1296;1296016;01/01/2024;31/03/2025;04/11/2024;ICK cao 2024-2025.pdf;1296 - INFORMATIE-, COMMUNICATIE- EN KANTOORTECHNOLOGIEBRANCHE (ICK) - 01-01-2024 - 31-03-2025 - Regulier - kvo datum - 04-11-2024;https://www.uitvoeringarbeidsvoorwaardenwetgeving.nl/mozard/!suite92.scherm1007?mObj=44572&mSelod=704858
1296;1296017;01/04/2025;31/03/2026;02/07/2025;ICK cao 2025-2026.pdf;1296 - INFORMATIE-, COMMUNICATIE- EN KANTOORTECHNOLOGIEBRANCHE (ICK) - 01-04-2025 - 31-03-2026 - Regulier - kvo datum - 02-07-2025;https://www.uitvoeringarbeidsvoorwaardenwetgeving.nl/mozard/!suite92.scherm1007?mObj=49050&mSelod=704858
573;573001;01/01/2017;30/04/2019;09/02/2017;CAO_pluimvee_per_1_januari_2017_per_9_2_2017.pdf;573 - PLUIMVEEVERWERKENDE INDUSTRIE - 01-01-2017 - 30-04-2019 - Regulier - kvo datum - 09-02-2017 - TTW;https://www.uitvoeringarbeidsvoorwaardenwetgeving.nl/mozard/!suite92.scherm1007?mObj=7729&mSelod=704862
573;573002;01/01/2017;30/04/2019;13/02/2017;CAO_pluimvee_per_1_januari_2017_per_13_2_2017.pdf;573 - PLUIMVEEVERWERKENDE INDUSTRIE - 01-01-2017 - 30-04-2019 - Regulier - kvo datum - 13-02-2017 - TTW;https://www.uitvoeringarbeidsvoorwaardenwetgeving.nl/mozard/!suite92.scherm1007?mObj=7730&mSelod=704862
573;573003;01/01/2017;30/04/2019;19/01/2017;CAO_pluimvee_per_1_januari_2017.pdf;573 - PLUIMVEEVERWERKENDE INDUSTRIE - 01-01-2017 - 30-04-2019 - Regulier - kvo datum - 19-01-2017;https://www.uitvoeringarbeidsvoorwaardenwetgeving.nl/mozard/!suite92.scherm1007?mObj=7728&mSelod=704862
573;573004;01/01/2017;30/04/2019;23/04/2018;CAO_pluimvee_per_1_januari_2017_per_19_4_2018.pdf;573 - PLUIMVEEVERWERKENDE INDUSTRIE - 01-01-2017 - 30-04-2019 - Regulier - kvo datum - 23-04-2018 - TTW;https://www.uitvoeringarbeidsvoorwaardenwetgeving.nl/mozard/!suite92.scherm1007?mObj=7732&mSelod=704862
573;573005;01/01/2017;30/04/2019;28/03/2018;CAO_pluimvee_per_1_januari_2017_per_23_3_2018.pdf;573 - PLUIMVEEVERWERKENDE INDUSTRIE - 01-01-2017 - 30-04-2019 - Regulier - kvo datum - 28-03-2018 - TTW;https://www.uitvoeringarbeidsvoorwaardenwetgeving.nl/mozard/!suite92.scherm1007?mObj=7731&mSelod=704862
573;573006;01/01/2020;31/03/2021;05/03/2020;Cao pluimvee - cao 2020-2021 .pdf;573 - PLUIMVEEVERWERKENDE INDUSTRIE - 01-01-2020 - 31-03-2021 - Regulier - kvo datum - 05-03-2020;https://www.uitvoeringarbeidsvoorwaardenwetgeving.nl/mozard/!suite92.scherm1007?mObj=15895&mSelod=704862
573;573007;01/01/2020;31/03/2021;08/04/2020;Cao pluimvee - cao 2020-2021 na ttw art 31 52 77 78 79 bijlage 3 .pdf;573 - PLUIMVEEVERWERKENDE INDUSTRIE - 01-01-2020 - 31-03-2021 - Regulier - kvo datum - 08-04-2020 - TTW;https://www.uitvoeringarbeidsvoorwaardenwetgeving.nl/mozard/!suite92.scherm1007?mObj=16187&mSelod=704862
573;573008;01/01/2020;31/03/2021;26/05/2020;Cao pluimvee - cao 2020-2021 na ttw2 art 77 .pdf;573 - PLUIMVEEVERWERKENDE INDUSTRIE - 01-01-2020 - 31-03-2021 - Regulier - kvo datum - 26-05-2020 - TTW;https://www.uitvoeringarbeidsvoorwaardenwetgeving.nl/mozard/!suite92.scherm1007?mObj=16514&mSelod=704862
573;573009;01/04/2021;31/03/2023;05/10/2021;Cao pluimvee - cao 2021-2023 versie 7-9-2021.pdf;573 - PLUIMVEEVERWERKENDE INDUSTRIE - 01-04-2021 - 31-03-2023 - Regulier - kvo datum - 05-10-2021;https://www.uitvoeringarbeidsvoorwaardenwetgeving.nl/mozard/!suite92.scherm1007?mObj=23379&mSelod=704862
573;573010;01/04/2023;31/03/2025;05/06/2024;Cao pluimvee 2023-2025 na ttw 9-4-2024 (incl. gewijzigd functiehandboek).pdf;573 - PLUIMVEEVERWERKENDE INDUSTRIE - 01-04-2023 - 31-03-2025 - Regulier - kvo datum - 05-06-2024 - TTW;https://www.uitvoeringarbeidsvoorwaardenwetgeving.nl/mozard/!suite92.scherm1007?mObj=42893&mSelod=704862
573;573011;01/04/2023;31/03/2025;12/09/2023;Cao pluimvee na ttw - cao 2023-2025.pdf;573 - PLUIMVEEVERWERKENDE INDUSTRIE - 01-04-2023 - 31-03-2025 - Regulier - kvo datum - 12-09-2023 - TTW;https://www.uitvoeringarbeidsvoorwaardenwetgeving.nl/mozard/!suite92.scherm1007?mObj=38582&mSelod=704862
573;573012;01/04/2023;31/03/2025;31/07/2023;Cao pluimvee - cao 2023-2025 def.pdf;573 - PLUIMVEEVERWERKENDE INDUSTRIE - 01-04-2023 - 31-03-2025 - Regulier - kvo datum - 31-07-2023;https://www.uitvoeringarbeidsvoorwaardenwetgeving.nl/mozard/!suite92.scherm1007?mObj=37919&mSelod=704862
573;573013;01/05/2012;30/04/2013;11/07/2012;CAO_pluimvee_per_1_mei_2012.pdf;573 - PLUIMVEEVERWERKENDE INDUSTRIE - 01-05-2012 - 30-04-2013 - Regulier - kvo datum - 11-07-2012;https://www.uitvoeringarbeidsvoorwaardenwetgeving.nl/mozard/!suite92.scherm1007?mObj=7726&mSelod=704862
573;573014;01/05/2013;30/04/2014;08/07/2014;CAO_pluimvee_per_1_mei_2013.pdf;573 - PLUIMVEEVERWERKENDE INDUSTRIE - 01-05-2013 - 30-04-2014 - Regulier - kvo datum - 08-07-2014;https://www.uitvoeringarbeidsvoorwaardenwetgeving.nl/mozard/!suite92.scherm1007?mObj=7727&mSelod=704862
573;573015;01/05/2019;31/12/2019;09/05/2019;pluimvee - 2019 na ttw ivm wijziging art 55.pdf .pdf;573 - PLUIMVEEVERWERKENDE INDUSTRIE - 01-05-2019 - 31-12-2019 - Regulier - kvo datum - 09-05-2019 - TTW;https://www.uitvoeringarbeidsvoorwaardenwetgeving.nl/mozard/!suite92.scherm1007?mObj=14143&mSelod=704862
573;573016;01/05/2019;31/12/2019;14/05/2019;Cao pluimvee - 2019 na ttw2 ivm wijziging art 28.pdf .pdf;573 - PLUIMVEEVERWERKENDE INDUSTRIE - 01-05-2019 - 31-12-2019 - Regulier - kvo datum - 14-05-2019 - TTW;https://www.uitvoeringarbeidsvoorwaardenwetgeving.nl/mozard/!suite92.scherm1007?mObj=14154&mSelod=704862
573;573017;01/05/2019;31/12/2019;19/06/2019;Cao pluimvee - 2019 na ttw3 ivm wijziging art 25.docx .pdf;573 - PLUIMVEEVERWERKENDE INDUSTRIE - 01-05-2019 - 31-12-2019 - Regulier - kvo datum - 19-06-2019 - TTW;https://www.uitvoeringarbeidsvoorwaardenwetgeving.nl/mozard/!suite92.scherm1007?mObj=14274&mSelod=704862
573;573018;01/05/2019;31/12/2019;23/04/2019;Pluimvee cao 2019.pdf .pdf;573 - PLUIMVEEVERWERKENDE INDUSTRIE - 01-05-2019 - 31-12-2019 - Regulier - kvo datum - 23-04-2019;https://www.uitvoeringarbeidsvoorwaardenwetgeving.nl/mozard/!suite92.scherm1007?mObj=14080&mSelod=704862
1471;1471001;01/01/2016;31/12/2017;30/09/2016;Cao_Afval_en_Milieu_Proces_2016_2017.pdf;1471 - ENERGIE- EN NUTSBEDRIJVEN WENB SECTOR CAO GEO PROCES EN SERVICES - 01-01-2016 - 31-12-2017 - Regulier - kvo datum - 30-09-2016;https://www.uitvoeringarbeidsvoorwaardenwetgeving.nl/mozard/!suite92.scherm1007?mObj=9269&mSelod=704864
1471;1471002;01/01/2018;31/12/2019;16/05/2018;Cao_GEO_PROCES_2018_2019.pdf;1471 - ENERGIE- EN NUTSBEDRIJVEN WENB SECTOR CAO GEO PROCES EN SERVICES - 01-01-2018 - 31-12-2019 - Regulier - kvo datum - 16-05-2018;https://www.uitvoeringarbeidsvoorwaardenwetgeving.nl/mozard/!suite92.scherm1007?mObj=9270&mSelod=704864
1471;1471003;01/01/2018;31/12/2019;22/10/2018;cao_GEO_vernieuwd_definitief.pdf;1471 - ENERGIE- EN NUTSBEDRIJVEN WENB SECTOR CAO GEO PROCES EN SERVICES - 01-01-2018 - 31-12-2019 - Regulier - kvo datum - 22-10-2018 - TTW;https://www.uitvoeringarbeidsvoorwaardenwetgeving.nl/mozard/!suite92.scherm1007?mObj=9272&mSelod=704864
1471;1471004;01/01/2018;31/12/2019;29/05/2018;GEO_Cao.pdf;1471 - ENERGIE- EN NUTSBEDRIJVEN WENB SECTOR CAO GEO PROCES EN SERVICES - 01-01-2018 - 31-12-2019 - Regulier - kvo datum - 29-05-2018 - TTW;https://www.uitvoeringarbeidsvoorwaardenwetgeving.nl/mozard/!suite92.scherm1007?mObj=9271&mSelod=704864
1471;1471005;01/01/2020;31/12/2020;19/05/2020;CAO GEO PROCES en SERVICES 2020.pdf;1471 - ENERGIE- EN NUTSBEDRIJVEN WENB SECTOR CAO GEO PROCES EN SERVICES - 01-01-2020 - 31-12-2020 - Regulier - kvo datum - 19-05-2020;https://www.uitvoeringarbeidsvoorwaardenwetgeving.nl/mozard/!suite92.scherm1007?mObj=16475&mSelod=704864
1471;1471006;01/01/2021;31/03/2022;04/05/2021;CAO Grondstoffen Energie en Omgeving PROCES 2021 20210503 ondertekend.pdf;1471 - ENERGIE- EN NUTSBEDRIJVEN WENB SECTOR CAO GEO PROCES EN SERVICES - 01-01-2021 - 31-03-2022 - Regulier - kvo datum - 04-05-2021;https://www.uitvoeringarbeidsvoorwaardenwetgeving.nl/mozard/!suite92.scherm1007?mObj=22669&mSelod=704864
1471;1471007;01/01/2021;31/12/2025;08/06/2022;Cao 2022-2024 Proces - ondertekening.pdf;1471 - ENERGIE- EN NUTSBEDRIJVEN WENB SECTOR CAO GEO PROCES EN SERVICES - 01-01-2021 - 31-12-2025 - Regulier - kvo datum - 08-06-2022;https://www.uitvoeringarbeidsvoorwaardenwetgeving.nl/mozard/!suite92.scherm1007?mObj=30080&mSelod=704864
1471;1471008;01/04/2022;31/03/2024;17/04/2023;CAO Grondstoffen Energie en Omgeving Services 2022-2023-2024 - signed.pdf;1471 - ENERGIE- EN NUTSBEDRIJVEN WENB SECTOR CAO GEO PROCES EN SERVICES - 01-04-2022 - 31-03-2024 - Regulier - kvo datum - 17-04-2023;https://www.uitvoeringarbeidsvoorwaardenwetgeving.nl/mozard/!suite92.scherm1007?mObj=36913&mSelod=704864
1471;1471009;01/04/2024;31/03/2026;22/07/2024;Cao GEO SERVICES 2024-2026.pdf;1471 - ENERGIE- EN NUTSBEDRIJVEN WENB SECTOR CAO GEO PROCES EN SERVICES - 01-04-2024 - 31-03-2026 - Regulier - kvo datum - 22-07-2024;https://www.uitvoeringarbeidsvoorwaardenwetgeving.nl/mozard/!suite92.scherm1007?mObj=43356&mSelod=704864
1471;1471010;01/06/2011;31/05/2013;05/11/2012;Energiebedrijf_1471.pdf;1471 - ENERGIE- EN NUTSBEDRIJVEN WENB SECTOR CAO GEO PROCES EN SERVICES - 01-06-2011 - 31-05-2013 - Regulier - kvo datum - 05-11-2012;https://www.uitvoeringarbeidsvoorwaardenwetgeving.nl/mozard/!suite92.scherm1007?mObj=9266&mSelod=704864
1471;1471011;01/06/2013;31/08/2014;03/02/2014;cao_afval_en_milieu_proces_2013_2014_met_handtek.pdf;1471 - ENERGIE- EN NUTSBEDRIJVEN WENB SECTOR CAO GEO PROCES EN SERVICES - 01-06-2013 - 31-08-2014 - Regulier - kvo datum - 03-02-2014;https://www.uitvoeringarbeidsvoorwaardenwetgeving.nl/mozard/!suite92.scherm1007?mObj=9267&mSelod=704864
1471;1471012;01/09/2014;31/12/2015;06/11/2014;cao_Afval_en_Milieu_Proces_2014_2015.pdf;1471 - ENERGIE- EN NUTSBEDRIJVEN WENB SECTOR CAO GEO PROCES EN SERVICES - 01-09-2014 - 31-12-2015 - Regulier - kvo datum - 06-11-2014;https://www.uitvoeringarbeidsvoorwaardenwetgeving.nl/mozard/!suite92.scherm1007?mObj=9268&mSelod=704864
245;245001;01/01/2014;30/06/2016;11/09/2014;Tuinzaden_cao_2014_2016.pdf;245 - TUINZAADBEDRIJVEN - 01-01-2014 - 30-06-2016 - Regulier - kvo datum - 11-09-2014;https://www.uitvoeringarbeidsvoorwaardenwetgeving.nl/mozard/!suite92.scherm1007?mObj=7361&mSelod=704866
245;245002;01/01/2018;31/12/2019;27/06/2018;CAO_Tuinzaadbedrijven_1_jan_2018_tm_31_dec_2019.pdf;245 - TUINZAADBEDRIJVEN - 01-01-2018 - 31-12-2019 - Regulier - kvo datum - 27-06-2018 - TTW;https://www.uitvoeringarbeidsvoorwaardenwetgeving.nl/mozard/!suite92.scherm1007?mObj=7364&mSelod=704866
245;245003;01/01/2018;31/12/2019;30/05/2018;Cao_Tuinzaadbedrijven_20180101___20191231.pdf;245 - TUINZAADBEDRIJVEN - 01-01-2018 - 31-12-2019 - Regulier - kvo datum - 30-05-2018;https://www.uitvoeringarbeidsvoorwaardenwetgeving.nl/mozard/!suite92.scherm1007?mObj=7363&mSelod=704866
245;245004;01/01/2020;31/12/2020;06/07/2020;Afspraken cao Tuinzaadbedrijven 2020 versie definitief.pdf;245 - TUINZAADBEDRIJVEN - 01-01-2020 - 31-12-2020 - Regulier - kvo datum - 06-07-2020;https://www.uitvoeringarbeidsvoorwaardenwetgeving.nl/mozard/!suite92.scherm1007?mObj=17166&mSelod=704866
245;245005;01/01/2021;31/12/2022;05/08/2022;Tuinzaadbedrijven 2021 - 2022 TTW augustus 2022.pdf;245 - TUINZAADBEDRIJVEN - 01-01-2021 - 31-12-2022 - Regulier - kvo datum - 05-08-2022;https://www.uitvoeringarbeidsvoorwaardenwetgeving.nl/mozard/!suite92.scherm1007?mObj=30846&mSelod=704866
245;245006;01/01/2021;31/12/2022;14/12/2021;defintieve tekst CAO Tuinzaadbedrijven 2021 - 2022.pdf;245 - TUINZAADBEDRIJVEN - 01-01-2021 - 31-12-2022 - Regulier - kvo datum - 14-12-2021;https://www.uitvoeringarbeidsvoorwaardenwetgeving.nl/mozard/!suite92.scherm1007?mObj=24571&mSelod=704866
245;245007;01/01/2021;31/12/2022;15/08/2022;Tuinzaadbedrijven 2021 - 2022 TTW2.pdf;245 - TUINZAADBEDRIJVEN - 01-01-2021 - 31-12-2022 - Regulier - kvo datum - 15-08-2022;https://www.uitvoeringarbeidsvoorwaardenwetgeving.nl/mozard/!suite92.scherm1007?mObj=30913&mSelod=704866
245;245008;01/01/2023;31/12/2023;15/02/2023;Tuinzaadbedrijven 1 januari 2023 - 31 december 2023 definitief.pdf;245 - TUINZAADBEDRIJVEN - 01-01-2023 - 31-12-2023 - Regulier - kvo datum - 15-02-2023;https://www.uitvoeringarbeidsvoorwaardenwetgeving.nl/mozard/!suite92.scherm1007?mObj=34992&mSelod=704866
245;245009;01/01/2024;31/12/2025;03/10/2024;Tekst CAO Tuinzaadbedrijven 1 januari 2024 - 31 december 2025 def.pdf;245 - TUINZAADBEDRIJVEN - 01-01-2024 - 31-12-2025 - Regulier - kvo datum - 03-10-2024;https://www.uitvoeringarbeidsvoorwaardenwetgeving.nl/mozard/!suite92.scherm1007?mObj=43794&mSelod=704866
245;245010;01/07/2016;31/12/2017;23/09/2016;CAO_Tuinzaden_2016_2017.pdf;245 - TUINZAADBEDRIJVEN - 01-07-2016 - 31-12-2017 - Regulier - kvo datum - 23-09-2016;https://www.uitvoeringarbeidsvoorwaardenwetgeving.nl/mozard/!suite92.scherm1007?mObj=7362&mSelod=704866
245;245011;01/10/2011;31/12/2013;18/02/2013;2e__gem_t_t_w__1_10_2011___01_01_2014.pdf;245 - TUINZAADBEDRIJVEN - 01-10-2011 - 31-12-2013 - Regulier - kvo datum - 18-02-2013 - TTW;https://www.uitvoeringarbeidsvoorwaardenwetgeving.nl/mozard/!suite92.scherm1007?mObj=7360&mSelod=704866
245;245012;01/10/2011;31/12/2013;18/11/2011;Plantum___definitieve_CAO_2011___2014.pdf;245 - TUINZAADBEDRIJVEN - 01-10-2011 - 31-12-2013 - Regulier - kvo datum - 18-11-2011;https://www.uitvoeringarbeidsvoorwaardenwetgeving.nl/mozard/!suite92.scherm1007?mObj=7357&mSelod=704866
245;245013;01/10/2011;31/12/2013;19/10/2012;Plantum___CAO_2011____2014.pdf;245 - TUINZAADBEDRIJVEN - 01-10-2011 - 31-12-2013 - Regulier - kvo datum - 19-10-2012 - TTW;https://www.uitvoeringarbeidsvoorwaardenwetgeving.nl/mozard/!suite92.scherm1007?mObj=7359&mSelod=704866
245;245014;01/10/2011;31/12/2013;28/09/2012;Plantum_ttw_CAO_2011_2014.pdf;245 - TUINZAADBEDRIJVEN - 01-10-2011 - 31-12-2013 - Regulier - kvo datum - 28-09-2012 - TTW;https://www.uitvoeringarbeidsvoorwaardenwetgeving.nl/mozard/!suite92.scherm1007?mObj=7358&mSelod=704866
20;20001;01/01/2012;31/12/2013;31/10/2012;Goederenvervoer_Nederland_2012_2013.pdf;20 - GOEDERENVERVOER NEDERLAND - 01-01-2012 - 31-12-2013 - Regulier - kvo datum - 31-10-2012;https://www.uitvoeringarbeidsvoorwaardenwetgeving.nl/mozard/!suite92.scherm1007?mObj=6971&mSelod=704869
20;20002;01/01/2014;31/12/2016;06/01/2015;CAO_KNV_1_januari_2014__1_januari_2017.pdf;20 - GOEDERENVERVOER NEDERLAND - 01-01-2014 - 31-12-2016 - Regulier - kvo datum - 06-01-2015;https://www.uitvoeringarbeidsvoorwaardenwetgeving.nl/mozard/!suite92.scherm1007?mObj=6972&mSelod=704869
932;932001;01/01/2011;31/12/2011;04/02/2011;Integrale CAO tekst.pdf;932 - BIOSCOOPBEDRIJF - 01-01-2011 - 31-12-2011 - Regulier - kvo datum - 04-02-2011;https://www.uitvoeringarbeidsvoorwaardenwetgeving.nl/mozard/!suite92.scherm1007?mObj=8899&mSelod=704872
932;932002;01/01/2014;01/07/2016;07/10/2014;Tekst_Bioscoopbedrijf___aanmelding.pdf;932 - BIOSCOOPBEDRIJF - 01-01-2014 - 01-07-2016 - Regulier - kvo datum - 07-10-2014;https://www.uitvoeringarbeidsvoorwaardenwetgeving.nl/mozard/!suite92.scherm1007?mObj=8900&mSelod=704872
233;233001;01/01/2012;31/12/2013;05/06/2012;CAOtekst_2012_2013_PvL_5jun2012.pdf;233 - HOUTHANDEL - 01-01-2012 - 31-12-2013 - Regulier - kvo datum - 05-06-2012;https://www.uitvoeringarbeidsvoorwaardenwetgeving.nl/mozard/!suite92.scherm1007?mObj=7302&mSelod=704874
233;233002;01/01/2012;31/12/2013;27/07/2012;CAOtekst_2012_2013_PvL_26jul2012.pdf;233 - HOUTHANDEL - 01-01-2012 - 31-12-2013 - Regulier - kvo datum - 27-07-2012 - TTW;https://www.uitvoeringarbeidsvoorwaardenwetgeving.nl/mozard/!suite92.scherm1007?mObj=7303&mSelod=704874
233;233003;01/01/2014;31/12/2014;12/05/2014;CAOtekst_2014_PvL_6mei2014.pdf;233 - HOUTHANDEL - 01-01-2014 - 31-12-2014 - Regulier - kvo datum - 12-05-2014;https://www.uitvoeringarbeidsvoorwaardenwetgeving.nl/mozard/!suite92.scherm1007?mObj=7304&mSelod=704874
233;233004;01/01/2015;31/03/2017;14/09/2015;CAOtekst_2015_31mrt2017_PvL_11sep2015.pdf;233 - HOUTHANDEL - 01-01-2015 - 31-03-2017 - Regulier - kvo datum - 14-09-2015;https://www.uitvoeringarbeidsvoorwaardenwetgeving.nl/mozard/!suite92.scherm1007?mObj=7305&mSelod=704874
233;233005;01/04/2017;31/03/2019;04/06/2018;CAOtekst_1apr2017_31mrt2019_PvL_30mei2018.pdf;233 - HOUTHANDEL - 01-04-2017 - 31-03-2019 - Regulier - kvo datum - 04-06-2018 - TTW;https://www.uitvoeringarbeidsvoorwaardenwetgeving.nl/mozard/!suite92.scherm1007?mObj=7307&mSelod=704874
233;233006;01/04/2017;31/03/2019;13/04/2018;CAOtekst_1apr2017_31mrt2019.pdf;233 - HOUTHANDEL - 01-04-2017 - 31-03-2019 - Regulier - kvo datum - 13-04-2018;https://www.uitvoeringarbeidsvoorwaardenwetgeving.nl/mozard/!suite92.scherm1007?mObj=7306&mSelod=704874
233;233007;01/04/2019;31/03/2020;04/02/2020;2020feb3_PvL_CAOtekst_1apr2019-31mrt2020.pdf;233 - HOUTHANDEL - 01-04-2019 - 31-03-2020 - Regulier - kvo datum - 04-02-2020 - TTW;https://www.uitvoeringarbeidsvoorwaardenwetgeving.nl/mozard/!suite92.scherm1007?mObj=15710&mSelod=704874
233;233008;01/04/2019;31/03/2020;09/01/2020;2020jan8_PvL_CAOtekst_1apr2019-31mrt2020.pdf;233 - HOUTHANDEL - 01-04-2019 - 31-03-2020 - Regulier - kvo datum - 09-01-2020;https://www.uitvoeringarbeidsvoorwaardenwetgeving.nl/mozard/!suite92.scherm1007?mObj=15577&mSelod=704874
233;233009;01/04/2019;31/12/2019;23/05/2019;CAOtekst_1apr2019-31dec2019_PvL_6mei2019.pdf .pdf;233 - HOUTHANDEL - 01-04-2019 - 31-12-2019 - Regulier - kvo datum - 23-05-2019;https://www.uitvoeringarbeidsvoorwaardenwetgeving.nl/mozard/!suite92.scherm1007?mObj=14181&mSelod=704874
233;233010;01/04/2020;31/03/2022;21/12/2021;2021dec17_HWi_CAOtekst-tbv-Cao-aanmelden_1apr2020-31mrt2022_exclCaoFondsOOA_v2.d.pdf;233 - HOUTHANDEL - 01-04-2020 - 31-03-2022 - Regulier - kvo datum - 21-12-2021;https://www.uitvoeringarbeidsvoorwaardenwetgeving.nl/mozard/!suite92.scherm1007?mObj=24773&mSelod=704874
233;233011;01/04/2020;31/03/2022;22/11/2021;2021nov12_HWi_CAOtekst_1apr2020-31mrt2022.pdf;233 - HOUTHANDEL - 01-04-2020 - 31-03-2022 - Regulier - kvo datum - 22-11-2021;https://www.uitvoeringarbeidsvoorwaardenwetgeving.nl/mozard/!suite92.scherm1007?mObj=23948&mSelod=704874
233;233012;01/04/2022;31/03/2023;01/07/2022;2022jun30_HWi_CAOtekst_1apr2022-31mrt2023_Cao-Aanmelden_exclCaoFondsOOA.pdf;233 - HOUTHANDEL - 01-04-2022 - 31-03-2023 - Regulier - kvo datum - 01-07-2022;https://www.uitvoeringarbeidsvoorwaardenwetgeving.nl/mozard/!suite92.scherm1007?mObj=30421&mSelod=704874
233;233013;01/04/2023;30/06/2024;27/03/2024;2024Mrt25_schonetekstcao.pdf;233 - HOUTHANDEL - 01-04-2023 - 30-06-2024 - Regulier - kvo datum - 27-03-2024 - TTW;https://www.uitvoeringarbeidsvoorwaardenwetgeving.nl/mozard/!suite92.scherm1007?mObj=42272&mSelod=704874
233;233014;01/04/2023;30/06/2024;31/01/2024;2024jan30_CAOHH2023-2024.pdf;233 - HOUTHANDEL - 01-04-2023 - 30-06-2024 - Regulier - kvo datum - 31-01-2024;https://www.uitvoeringarbeidsvoorwaardenwetgeving.nl/mozard/!suite92.scherm1007?mObj=41603&mSelod=704874
233;233015;01/07/2024;30/06/2025;16/01/2025;2025_14jan_schone_tekstcaotbvavv_MvD.pdf;233 - HOUTHANDEL - 01-07-2024 - 30-06-2025 - Regulier - kvo datum - 16-01-2025;https://www.uitvoeringarbeidsvoorwaardenwetgeving.nl/mozard/!suite92.scherm1007?mObj=46138&mSelod=704874
233;233016;01/07/2024;30/06/2025;31/10/2024;2024_31okt_tekstcaotbvavvschoon_MvD.pdf;233 - HOUTHANDEL - 01-07-2024 - 30-06-2025 - Regulier - kvo datum - 31-10-2024;https://www.uitvoeringarbeidsvoorwaardenwetgeving.nl/mozard/!suite92.scherm1007?mObj=44465&mSelod=704874
233;233017;17/12/2024;30/06/2025;19/12/2024;2024_17dec_schone_tekstcaotbvavv_MvD4.pdf;233 - HOUTHANDEL - 17-12-2024 - 30-06-2025 - Regulier - kvo datum - 19-12-2024 - TTW;https://www.uitvoeringarbeidsvoorwaardenwetgeving.nl/mozard/!suite92.scherm1007?mObj=45691&mSelod=704874
306;306001;01/01/2016;31/12/2016;24/02/2016;CAO_tekst_integraal.pdf;306 - KAASPAKHUISBEDRIJF, PARTIKULIERE - 01-01-2016 - 31-12-2016 - Regulier - kvo datum - 24-02-2016 - TTW;https://www.uitvoeringarbeidsvoorwaardenwetgeving.nl/mozard/!suite92.scherm1007?mObj=7471&mSelod=704876
306;306002;01/01/2016;31/12/2016;28/01/2016;CAO_tekst_integraal1.pdf;306 - KAASPAKHUISBEDRIJF, PARTIKULIERE - 01-01-2016 - 31-12-2016 - Regulier - kvo datum - 28-01-2016;https://www.uitvoeringarbeidsvoorwaardenwetgeving.nl/mozard/!suite92.scherm1007?mObj=7470&mSelod=704876
306;306003;01/01/2017;31/12/2018;25/08/2017;CAO_tekst_definitief.pdf;306 - KAASPAKHUISBEDRIJF, PARTIKULIERE - 01-01-2017 - 31-12-2018 - Regulier - kvo datum - 25-08-2017;https://www.uitvoeringarbeidsvoorwaardenwetgeving.nl/mozard/!suite92.scherm1007?mObj=7472&mSelod=704876
306;306004;01/01/2019;31/12/2020;05/11/2019;CAO-tekst definitief.docx.pdf;306 - KAASPAKHUISBEDRIJF, PARTIKULIERE - 01-01-2019 - 31-12-2020 - Regulier - kvo datum - 05-11-2019 - TTW;https://www.uitvoeringarbeidsvoorwaardenwetgeving.nl/mozard/!suite92.scherm1007?mObj=15189&mSelod=704876
306;306005;01/01/2019;31/12/2020;23/09/2019;CAO-tekst definitief.docx_1.pdf;306 - KAASPAKHUISBEDRIJF, PARTIKULIERE - 01-01-2019 - 31-12-2020 - Regulier - kvo datum - 23-09-2019;https://www.uitvoeringarbeidsvoorwaardenwetgeving.nl/mozard/!suite92.scherm1007?mObj=14915&mSelod=704876
306;306006;01/04/2010;31/03/2012;04/02/2011;CAO 2010-2012 tekst.pdf;306 - KAASPAKHUISBEDRIJF, PARTIKULIERE - 01-04-2010 - 31-03-2012 - Regulier - kvo datum - 04-02-2011;https://www.uitvoeringarbeidsvoorwaardenwetgeving.nl/mozard/!suite92.scherm1007?mObj=7467&mSelod=704876
306;306007;01/04/2014;31/03/2015;05/02/2015;CAOtekst_AVV__integraal_.pdf;306 - KAASPAKHUISBEDRIJF, PARTIKULIERE - 01-04-2014 - 31-03-2015 - Regulier - kvo datum - 05-02-2015;https://www.uitvoeringarbeidsvoorwaardenwetgeving.nl/mozard/!suite92.scherm1007?mObj=7468&mSelod=704876
306;306008;01/04/2015;31/12/2015;15/07/2015;CAOtekst_AVV__integraal__verlenging.pdf;306 - KAASPAKHUISBEDRIJF, PARTIKULIERE - 01-04-2015 - 31-12-2015 - Regulier - kvo datum - 15-07-2015;https://www.uitvoeringarbeidsvoorwaardenwetgeving.nl/mozard/!suite92.scherm1007?mObj=7469&mSelod=704876
306;306009;01/01/2021;31/12/2022;15/10/2021;CAO-tekst 2021-2022 OKT schoon.pdf;306 - PARTICULIER KAASPAKHUIS - 01-01-2021 - 31-12-2022 - Regulier - kvo datum - 15-10-2021 - TTW;https://www.uitvoeringarbeidsvoorwaardenwetgeving.nl/mozard/!suite92.scherm1007?mObj=23433&mSelod=704876
306;306010;01/01/2021;31/12/2022;23/08/2021;20072021 CAO-boekje 2021-2022.pdf;306 - PARTICULIER KAASPAKHUIS - 01-01-2021 - 31-12-2022 - Regulier - kvo datum - 23-08-2021;https://www.uitvoeringarbeidsvoorwaardenwetgeving.nl/mozard/!suite92.scherm1007?mObj=23196&mSelod=704876
306;306011;01/01/2023;31/12/2023;03/08/2023;CAO Particulier Kaaspakhuis 2023 na ttw versie 1-8-2023.pdf;306 - PARTICULIER KAASPAKHUIS - 01-01-2023 - 31-12-2023 - Regulier - kvo datum - 03-08-2023;https://www.uitvoeringarbeidsvoorwaardenwetgeving.nl/mozard/!suite92.scherm1007?mObj=37979&mSelod=704876
306;306012;01/01/2023;31/12/2023;18/07/2023;CAO Particulier Kaaspakhuis 2023 versie 17-7-2023.pdf;306 - PARTICULIER KAASPAKHUIS - 01-01-2023 - 31-12-2023 - Regulier - kvo datum - 18-07-2023;https://www.uitvoeringarbeidsvoorwaardenwetgeving.nl/mozard/!suite92.scherm1007?mObj=37678&mSelod=704876
306;306013;01/01/2024;30/04/2025;19/09/2024;CAO Particulier Kaaspakhuis 01-01-2024 definitief.pdf;306 - PARTICULIER KAASPAKHUIS - 01-01-2024 - 30-04-2025 - Regulier - kvo datum - 19-09-2024;https://www.uitvoeringarbeidsvoorwaardenwetgeving.nl/mozard/!suite92.scherm1007?mObj=43688&mSelod=704876
306;306014;01/01/2024;30/04/2025;24/10/2024;20240725 CAO Particulier Kaaspakhuis 01-01-2024- 1-05-2025 wijzigingen bijgehouden.pdf;306 - PARTICULIER KAASPAKHUIS - 01-01-2024 - 30-04-2025 - Regulier - kvo datum - 24-10-2024 - TTW;https://www.uitvoeringarbeidsvoorwaardenwetgeving.nl/mozard/!suite92.scherm1007?mObj=44306&mSelod=704876
2266;2266001;01/01/2015;31/12/2016;14/04/2015;CAO_visdetailhandel_per_1__1__2015_org__getekend.pdf;2266 - VISDETAILHANDEL - 01-01-2015 - 31-12-2016 - Regulier - kvo datum - 14-04-2015;https://www.uitvoeringarbeidsvoorwaardenwetgeving.nl/mozard/!suite92.scherm1007?mObj=10165&mSelod=704878
2266;2266002;01/01/2015;31/12/2016;29/05/2015;VNV_cao_boekje_A5_2015_408280_C.pdf;2266 - VISDETAILHANDEL - 01-01-2015 - 31-12-2016 - Regulier - kvo datum - 29-05-2015 - TTW;https://www.uitvoeringarbeidsvoorwaardenwetgeving.nl/mozard/!suite92.scherm1007?mObj=10166&mSelod=704878
2266;2266003;01/01/2017;31/12/2018;05/04/2018;cao_tkst_AVV_na_gesprek_ministerie.pdf;2266 - VISDETAILHANDEL - 01-01-2017 - 31-12-2018 - Regulier - kvo datum - 05-04-2018 - TTW;https://www.uitvoeringarbeidsvoorwaardenwetgeving.nl/mozard/!suite92.scherm1007?mObj=10168&mSelod=704878
2266;2266004;01/01/2017;31/12/2018;19/04/2018;cao_tkst_AVV_na_gesprek_ministerie_1.pdf;2266 - VISDETAILHANDEL - 01-01-2017 - 31-12-2018 - Regulier - kvo datum - 19-04-2018 - TTW;https://www.uitvoeringarbeidsvoorwaardenwetgeving.nl/mozard/!suite92.scherm1007?mObj=10169&mSelod=704878
2266;2266005;01/01/2017;31/12/2018;27/06/2017;Cao_Visdetailhandel_2017_2018.pdf;2266 - VISDETAILHANDEL - 01-01-2017 - 31-12-2018 - Regulier - kvo datum - 27-06-2017;https://www.uitvoeringarbeidsvoorwaardenwetgeving.nl/mozard/!suite92.scherm1007?mObj=10167&mSelod=704878
2266;2266006;01/01/2019;31/12/2020;12/03/2019;CAO visdetailhandel 2019-2020 definitieve versie aangeboden aan ministerie.docx .pdf;2266 - VISDETAILHANDEL - 01-01-2019 - 31-12-2020 - Regulier - kvo datum - 12-03-2019;https://www.uitvoeringarbeidsvoorwaardenwetgeving.nl/mozard/!suite92.scherm1007?mObj=968&mSelod=704878
2266;2266007;01/01/2021;31/12/2023;09/05/2022;CAO visdetailhandel 2021-2023 def voor ministerie na controle wg.pdf;2266 - VISDETAILHANDEL - 01-01-2021 - 31-12-2023 - Regulier - kvo datum - 09-05-2022;https://www.uitvoeringarbeidsvoorwaardenwetgeving.nl/mozard/!suite92.scherm1007?mObj=29662&mSelod=704878
2266;2266008;01/01/2021;31/12/2023;25/10/2022;Integrale cao-tekst visdetailhandel 2021-2023.pdf;2266 - VISDETAILHANDEL - 01-01-2021 - 31-12-2023 - Regulier - kvo datum - 25-10-2022;https://www.uitvoeringarbeidsvoorwaardenwetgeving.nl/mozard/!suite92.scherm1007?mObj=31533&mSelod=704878
2266;2266009;01/01/2024;31/12/2024;13/06/2024;Integrale cao-tekst visdetailhandel 2024 .pdf;2266 - VISDETAILHANDEL - 01-01-2024 - 31-12-2024 - Regulier - kvo datum - 13-06-2024 - TTW;https://www.uitvoeringarbeidsvoorwaardenwetgeving.nl/mozard/!suite92.scherm1007?mObj=42947&mSelod=704878
2266;2266010;01/01/2024;31/12/2024;21/03/2024;Integrale cao-tekst visdetailhandel 2024 (definitieve versie 21 februari 2024).pdf;2266 - VISDETAILHANDEL - 01-01-2024 - 31-12-2024 - Regulier - kvo datum - 21-03-2024;https://www.uitvoeringarbeidsvoorwaardenwetgeving.nl/mozard/!suite92.scherm1007?mObj=42211&mSelod=704878
2266;2266011;01/01/2025;31/12/2025;04/07/2025;Cao visdetailhandel 2025 tussentijdse wijzigingen juni 2025.pdf;2266 - VISDETAILHANDEL - 01-01-2025 - 31-12-2025 - Regulier - kvo datum - 04-07-2025 - TTW;https://www.uitvoeringarbeidsvoorwaardenwetgeving.nl/mozard/!suite92.scherm1007?mObj=49132&mSelod=704878
2266;2266012;01/01/2025;31/12/2025;14/04/2025;Integrale cao-tekst visdetailhandel 2025 geschoond.pdf;2266 - VISDETAILHANDEL - 01-01-2025 - 31-12-2025 - Regulier - kvo datum - 14-04-2025;https://www.uitvoeringarbeidsvoorwaardenwetgeving.nl/mozard/!suite92.scherm1007?mObj=47705&mSelod=704878
2266;2266013;01/07/2010;31/12/2011;09/02/2011;visdetailhandel cao en bijlagen.pdf;2266 - VISDETAILHANDEL - 01-07-2010 - 31-12-2011 - Regulier - kvo datum - 09-02-2011;https://www.uitvoeringarbeidsvoorwaardenwetgeving.nl/mozard/!suite92.scherm1007?mObj=10164&mSelod=704878
218;218001;01/01/2012;19/03/2012;21/07/2011;CAO_tekst_brochure_BB_1_1__2012_19_03__20122.pdf;218 - BESLOTEN BUSVERVOER - 01-01-2012 - 19-03-2012 - Regulier - kvo datum - 21-07-2011;https://www.uitvoeringarbeidsvoorwaardenwetgeving.nl/mozard/!suite92.scherm1007?mObj=7277&mSelod=704880
218;218002;01/01/2012;31/03/2013;14/03/2012;tekst_CAO_BB_2012_2013__versie_szw.pdf;218 - BESLOTEN BUSVERVOER - 01-01-2012 - 31-03-2013 - Regulier - kvo datum - 14-03-2012;https://www.uitvoeringarbeidsvoorwaardenwetgeving.nl/mozard/!suite92.scherm1007?mObj=7278&mSelod=704880
218;218003;01/01/2012;31/03/2013;18/01/2013;Integrale_tekst_CAO_BB_TTW.pdf;218 - BESLOTEN BUSVERVOER - 01-01-2012 - 31-03-2013 - Regulier - kvo datum - 18-01-2013 - TTW;https://www.uitvoeringarbeidsvoorwaardenwetgeving.nl/mozard/!suite92.scherm1007?mObj=7279&mSelod=704880
218;218004;01/01/2015;31/12/2016;16/01/2015;CAO_2015_2016_definitieve_tekst.pdf;218 - BESLOTEN BUSVERVOER - 01-01-2015 - 31-12-2016 - Regulier - kvo datum - 16-01-2015;https://www.uitvoeringarbeidsvoorwaardenwetgeving.nl/mozard/!suite92.scherm1007?mObj=7282&mSelod=704880
218;218005;01/01/2019;31/12/2019;22/05/2019;CAO 1-1-2019 tm 31-12-2019 def tekst.docx .pdf;218 - BESLOTEN BUSVERVOER - 01-01-2019 - 31-12-2019 - Regulier - kvo datum - 22-05-2019;https://www.uitvoeringarbeidsvoorwaardenwetgeving.nl/mozard/!suite92.scherm1007?mObj=14170&mSelod=704880
218;218006;01/01/2020;31/12/2021;05/03/2020;FSO cao 2020 nieuwe tekst.doc.pdf;218 - BESLOTEN BUSVERVOER - 01-01-2020 - 31-12-2021 - Regulier - kvo datum - 05-03-2020;https://www.uitvoeringarbeidsvoorwaardenwetgeving.nl/mozard/!suite92.scherm1007?mObj=15904&mSelod=704880
218;218007;01/01/2020;31/12/2021;30/03/2020;Def. nieuwe tekst cao bb 2020 2021.docx.pdf;218 - BESLOTEN BUSVERVOER - 01-01-2020 - 31-12-2021 - Regulier - kvo datum - 30-03-2020 - TTW;https://www.uitvoeringarbeidsvoorwaardenwetgeving.nl/mozard/!suite92.scherm1007?mObj=16093&mSelod=704880
218;218008;01/01/2023;31/12/2024;09/01/2023;cao bb 2023-2024 integrale tekst definitief 230106.pdf;218 - BESLOTEN BUSVERVOER - 01-01-2023 - 31-12-2024 - Regulier - kvo datum - 09-01-2023;https://www.uitvoeringarbeidsvoorwaardenwetgeving.nl/mozard/!suite92.scherm1007?mObj=33549&mSelod=704880
218;218009;01/01/2025;31/12/2026;17/06/2025;cao bb 2025-2026 def. 250617 zonder namen en handtekeningen.pdf;218 - BESLOTEN BUSVERVOER - 01-01-2025 - 31-12-2026 - Regulier - kvo datum - 17-06-2025;https://www.uitvoeringarbeidsvoorwaardenwetgeving.nl/mozard/!suite92.scherm1007?mObj=48693&mSelod=704880
218;218010;01/04/2013;31/12/2013;12/03/2013;Tekst_CAO_BB_1_4_13_tm_31_13.pdf;218 - BESLOTEN BUSVERVOER - 01-04-2013 - 31-12-2013 - Regulier - kvo datum - 12-03-2013;https://www.uitvoeringarbeidsvoorwaardenwetgeving.nl/mozard/!suite92.scherm1007?mObj=7280&mSelod=704880
218;218011;01/04/2013;31/12/2014;20/01/2014;Tekst_CAO_BB_1_april_2013_tm_31_decb_2014.pdf;218 - BESLOTEN BUSVERVOER - 01-04-2013 - 31-12-2014 - Regulier - kvo datum - 20-01-2014;https://www.uitvoeringarbeidsvoorwaardenwetgeving.nl/mozard/!suite92.scherm1007?mObj=7281&mSelod=704880
218;218012;20/11/2016;31/12/2018;27/12/2016;CAO_20_11_2016_tm_31_12_2018_correctie.pdf;218 - BESLOTEN BUSVERVOER - 20-11-2016 - 31-12-2018 - Regulier - kvo datum - 27-12-2016;https://www.uitvoeringarbeidsvoorwaardenwetgeving.nl/mozard/!suite92.scherm1007?mObj=7283&mSelod=704880
557;557001;01/03/2010;31/03/2011;20/01/2011;Slijterijen 2010-2011 integrale tekst definitief.pdf;557 - SLIJTERIJEN - 01-03-2010 - 31-03-2011 - Regulier - kvo datum - 20-01-2011;https://www.uitvoeringarbeidsvoorwaardenwetgeving.nl/mozard/!suite92.scherm1007?mObj=7685&mSelod=704882
557;557002;01/04/2011;31/03/2013;09/02/2012;CAO_Slijterijen_2011_2013_integrale_tekst_def.pdf;557 - SLIJTERIJEN - 01-04-2011 - 31-03-2013 - Regulier - kvo datum - 09-02-2012;https://www.uitvoeringarbeidsvoorwaardenwetgeving.nl/mozard/!suite92.scherm1007?mObj=7686&mSelod=704882
826;826001;01/03/2015;30/04/2017;12/07/2016;CAO_ISO_TTW_JULI.pdf;826 - M&T ISOLATIEBEDRIJF - 01-03-2015 - 30-04-2017 - Regulier - kvo datum - 12-07-2016 - TTW;https://www.uitvoeringarbeidsvoorwaardenwetgeving.nl/mozard/!suite92.scherm1007?mObj=8441&mSelod=704885
826;826002;01/03/2015;30/04/2017;20/11/2015;CAO_ISO.pdf;826 - M&T ISOLATIEBEDRIJF - 01-03-2015 - 30-04-2017 - Regulier - kvo datum - 20-11-2015;https://www.uitvoeringarbeidsvoorwaardenwetgeving.nl/mozard/!suite92.scherm1007?mObj=8439&mSelod=704885
826;826003;01/03/2015;30/04/2017;21/12/2015;CAO_ISO_arcering___wijz_AOW_LT.pdf;826 - M&T ISOLATIEBEDRIJF - 01-03-2015 - 30-04-2017 - Regulier - kvo datum - 21-12-2015 - TTW;https://www.uitvoeringarbeidsvoorwaardenwetgeving.nl/mozard/!suite92.scherm1007?mObj=8440&mSelod=704885
826;826004;01/04/2011;30/04/2013;07/06/2011;Isolatie_cao_en_handboek.pdf;826 - M&T ISOLATIEBEDRIJF - 01-04-2011 - 30-04-2013 - Regulier - kvo datum - 07-06-2011;https://www.uitvoeringarbeidsvoorwaardenwetgeving.nl/mozard/!suite92.scherm1007?mObj=8436&mSelod=704885
826;826005;01/04/2011;30/04/2013;19/01/2012;M_T_Isolatie_Cao___Handboek.pdf;826 - M&T ISOLATIEBEDRIJF - 01-04-2011 - 30-04-2013 - Regulier - kvo datum - 19-01-2012 - TTW;https://www.uitvoeringarbeidsvoorwaardenwetgeving.nl/mozard/!suite92.scherm1007?mObj=8437&mSelod=704885
826;826006;01/04/2024;31/01/2026;01/10/2024;HB 5e editie 2024.pdf;826 - M&T ISOLATIEBEDRIJF - 01-04-2024 - 31-01-2026 - Regulier - kvo datum - 01-10-2024;https://www.uitvoeringarbeidsvoorwaardenwetgeving.nl/mozard/!suite92.scherm1007?mObj=43859&mSelod=704885
826;826007;01/04/2024;31/01/2026;10/10/2024;HB 5e editie 2024_1.pdf;826 - M&T ISOLATIEBEDRIJF - 01-04-2024 - 31-01-2026 - Regulier - kvo datum - 10-10-2024 - TTW;https://www.uitvoeringarbeidsvoorwaardenwetgeving.nl/mozard/!suite92.scherm1007?mObj=43985&mSelod=704885
826;826008;01/04/2024;31/01/2026;12/12/2024;HB 5e editie 2024_2.pdf;826 - M&T ISOLATIEBEDRIJF - 01-04-2024 - 31-01-2026 - Regulier - kvo datum - 12-12-2024 - TTW;https://www.uitvoeringarbeidsvoorwaardenwetgeving.nl/mozard/!suite92.scherm1007?mObj=45540&mSelod=704885
826;826009;01/05/2013;28/02/2015;03/12/2013;m_en_t_islollatiebedrijf_kvo.pdf;826 - M&T ISOLATIEBEDRIJF - 01-05-2013 - 28-02-2015 - Regulier - kvo datum - 03-12-2013;https://www.uitvoeringarbeidsvoorwaardenwetgeving.nl/mozard/!suite92.scherm1007?mObj=8438&mSelod=704885
826;826010;01/05/2017;31/05/2019;05/07/2017;CAO_ISO_2017_2019__TTW.pdf;826 - M&T ISOLATIEBEDRIJF - 01-05-2017 - 31-05-2019 - Regulier - kvo datum - 05-07-2017 - TTW;https://www.uitvoeringarbeidsvoorwaardenwetgeving.nl/mozard/!suite92.scherm1007?mObj=8443&mSelod=704885
826;826011;01/05/2017;31/05/2019;07/06/2017;CAO_ISO_17_19.pdf;826 - M&T ISOLATIEBEDRIJF - 01-05-2017 - 31-05-2019 - Regulier - kvo datum - 07-06-2017;https://www.uitvoeringarbeidsvoorwaardenwetgeving.nl/mozard/!suite92.scherm1007?mObj=8442&mSelod=704885
826;826012;01/05/2017;31/05/2019;23/10/2018;CAO_ISO_2017_2019__TTW_LL_nov_2018.pdf;826 - M&T ISOLATIEBEDRIJF - 01-05-2017 - 31-05-2019 - Regulier - kvo datum - 23-10-2018 - TTW;https://www.uitvoeringarbeidsvoorwaardenwetgeving.nl/mozard/!suite92.scherm1007?mObj=8445&mSelod=704885
826;826013;01/05/2017;31/05/2019;28/11/2017;CAO_ISO_2017_2019__TTW_GP_nov_2017.pdf;826 - M&T ISOLATIEBEDRIJF - 01-05-2017 - 31-05-2019 - Regulier - kvo datum - 28-11-2017 - TTW;https://www.uitvoeringarbeidsvoorwaardenwetgeving.nl/mozard/!suite92.scherm1007?mObj=8444&mSelod=704885
826;826014;01/06/2019;30/09/2021;01/02/2021;CAO ISO 2019 2021 SZW TTW V2 wagweu.docx.pdf;826 - M&T ISOLATIEBEDRIJF - 01-06-2019 - 30-09-2021 - Regulier - kvo datum - 01-02-2021 - TTW;https://www.uitvoeringarbeidsvoorwaardenwetgeving.nl/mozard/!suite92.scherm1007?mObj=21672&mSelod=704885
826;826015;01/06/2019;30/09/2021;21/12/2020;CAO ISO 2019 2021 SZW TTW wagweu art 64.docx.pdf;826 - M&T ISOLATIEBEDRIJF - 01-06-2019 - 30-09-2021 - Regulier - kvo datum - 21-12-2020 - TTW;https://www.uitvoeringarbeidsvoorwaardenwetgeving.nl/mozard/!suite92.scherm1007?mObj=21136&mSelod=704885
826;826016;01/10/2021;31/03/2024;08/06/2022;CAO ISO 2021 2024.pdf;826 - M&T ISOLATIEBEDRIJF - 01-10-2021 - 31-03-2024 - Regulier - kvo datum - 08-06-2022;https://www.uitvoeringarbeidsvoorwaardenwetgeving.nl/mozard/!suite92.scherm1007?mObj=30079&mSelod=704885
826;826017;01/10/2021;31/03/2024;10/06/2022;CAO ISO 2021 2024_1.pdf;826 - M&T ISOLATIEBEDRIJF - 01-10-2021 - 31-03-2024 - Regulier - kvo datum - 10-06-2022;https://www.uitvoeringarbeidsvoorwaardenwetgeving.nl/mozard/!suite92.scherm1007?mObj=30105&mSelod=704885
826;826018;01/10/2021;31/03/2024;17/06/2022;CAO ISO 2021 2024b.pdf;826 - M&T ISOLATIEBEDRIJF - 01-10-2021 - 31-03-2024 - Regulier - kvo datum - 17-06-2022;https://www.uitvoeringarbeidsvoorwaardenwetgeving.nl/mozard/!suite92.scherm1007?mObj=30202&mSelod=704885
1809;1809001;01-01-2023;30-06-2027;09-09-2024;CAO Scheidsrechter 2023-2027.pdf;1809 - (ASSISTENT-) SCHEIDSRECHTERS BETAALD VOETBAL - 01-01-2023 - 30-06-2027 - Regulier - kvo datum - 09-09-2024;https://www.uitvoeringarbeidsvoorwaardenwetgeving.nl/mozard/!suite92.scherm1007?mObj=43644&mSelod=734103
1809;1809002;01-07-2016;30-06-2021;13-07-2016;CAO_scheidsrechters_betaald_voetbal.pdf;1809 - (ASSISTENT-) SCHEIDSRECHTERS BETAALD VOETBAL - 01-07-2016 - 30-06-2021 - Regulier - kvo datum - 13-07-2016;https://www.uitvoeringarbeidsvoorwaardenwetgeving.nl/mozard/!suite92.scherm1007?mObj=9504&mSelod=734103
1809;1809003;01-07-2016;30-06-2021;14-11-2018;ZST_PS005_ZST_BGB_P_052_2744_001.pdf;1809 - (ASSISTENT-) SCHEIDSRECHTERS BETAALD VOETBAL - 01-07-2016 - 30-06-2021 - Regulier - kvo datum - 14-11-2018 - TTW;https://www.uitvoeringarbeidsvoorwaardenwetgeving.nl/mozard/!suite92.scherm1007?mObj=9505&mSelod=734103
4205;4205001;01-01-2024;31-12-2024;13-05-2024;202405_Tekst Cao Aan de slag 2024.pdf;4205 - AAN DE SLAG - 01-01-2024 - 31-12-2024 - Regulier - kvo datum - 13-05-2024;https://www.uitvoeringarbeidsvoorwaardenwetgeving.nl/mozard/!suite92.scherm1007?mObj=42679&mSelod=734235
4205;4205002;01-01-2025;31-12-2025;16-07-2025;2025_Tekst Cao Aan de slag 2025_def.pdf;4205 - AAN DE SLAG - 01-01-2025 - 31-12-2025 - Regulier - kvo datum - 16-07-2025;https://www.uitvoeringarbeidsvoorwaardenwetgeving.nl/mozard/!suite92.scherm1007?mObj=49613&mSelod=734235
4205;4205003;01-07-2021;31-12-2023;15-07-2021;Tekst cao Aan de slag.pdf;4205 - AAN DE SLAG - 01-07-2021 - 31-12-2023 - Regulier - kvo datum - 15-07-2021;https://www.uitvoeringarbeidsvoorwaardenwetgeving.nl/mozard/!suite92.scherm1007?mObj=23004&mSelod=734235
1581;1581001;01-01-2011;31-12-2011;23-06-2011;Aedes_CAO_2011.pdf;1581 - AEDES VERENIGING VAN WONINGCORPORATIES - 01-01-2011 - 31-12-2011 - Regulier - kvo datum - 23-06-2011;https://www.uitvoeringarbeidsvoorwaardenwetgeving.nl/mozard/!suite92.scherm1007?mObj=9707&mSelod=734278
685;685001;01-04-2009;31-03-2010;01-02-2012;CAO_1_april_2009.pdf;685 - AMATEURKUNST CAO - 01-04-2009 - 31-03-2010 - Regulier - kvo datum - 01-02-2012;https://www.uitvoeringarbeidsvoorwaardenwetgeving.nl/mozard/!suite92.scherm1007?mObj=8170&mSelod=734362
3618;3618001;01-01-2014;31-12-2014;09-09-2014;cao_2014_definitief.pdf;3618 - AMBACHTELIJKE PLUIMVEE EN WILDBEDRIJVEN - 01-01-2014 - 31-12-2014 - Regulier - kvo datum - 09-09-2014;https://www.uitvoeringarbeidsvoorwaardenwetgeving.nl/mozard/!suite92.scherm1007?mObj=11978&mSelod=734364
3618;3618002;01-01-2015;29-02-2016;16-07-2015;cao_de_raad_2015_definitief.pdf;3618 - AMBACHTELIJKE PLUIMVEE EN WILDBEDRIJVEN - 01-01-2015 - 29-02-2016 - Regulier - kvo datum - 16-07-2015;https://www.uitvoeringarbeidsvoorwaardenwetgeving.nl/mozard/!suite92.scherm1007?mObj=11979&mSelod=734364
3618;3618003;01-01-2025;31-08-2025;04-08-2025;Cao Ambachtelijke Pluimvee- en Wildbedrijven 1-1-25 tm 31-08-25.pdf;3618 - AMBACHTELIJKE PLUIMVEE EN WILDBEDRIJVEN - 01-01-2025 - 31-08-2025 - Regulier - kvo datum - 04-08-2025 - TTW;https://www.uitvoeringarbeidsvoorwaardenwetgeving.nl/mozard/!suite92.scherm1007?mObj=50211&mSelod=734364
3618;3618004;01-01-2025;31-08-2025;16-07-2025;05 - Cao Ambachtelijke Pluimvee- en Wildbedrijven 1-1-25 tm 31-08-25.pdf;3618 - AMBACHTELIJKE PLUIMVEE EN WILDBEDRIJVEN - 01-01-2025 - 31-08-2025 - Regulier - kvo datum - 16-07-2025;https://www.uitvoeringarbeidsvoorwaardenwetgeving.nl/mozard/!suite92.scherm1007?mObj=49615&mSelod=734364
3618;3618005;01-03-2017;28-02-2018;06-12-2017;CAO_Ambachtelijke_Pluimvee__en_Wildbedrijven_2017.pdf;3618 - AMBACHTELIJKE PLUIMVEE EN WILDBEDRIJVEN - 01-03-2017 - 28-02-2018 - Regulier - kvo datum - 06-12-2017;https://www.uitvoeringarbeidsvoorwaardenwetgeving.nl/mozard/!suite92.scherm1007?mObj=11982&mSelod=734364
3618;3618006;01-03-2018;28-02-2019;04-04-2018;CAO_Pluimvee_2018_2019.pdf;3618 - AMBACHTELIJKE PLUIMVEE EN WILDBEDRIJVEN - 01-03-2018 - 28-02-2019 - Regulier - kvo datum - 04-04-2018;https://www.uitvoeringarbeidsvoorwaardenwetgeving.nl/mozard/!suite92.scherm1007?mObj=11983&mSelod=734364
3618;3618007;01-03-2018;28-02-2019;08-06-2018;CAO_Pluimvee_2018_2019_1.pdf;3618 - AMBACHTELIJKE PLUIMVEE EN WILDBEDRIJVEN - 01-03-2018 - 28-02-2019 - Regulier - kvo datum - 08-06-2018 - TTW;https://www.uitvoeringarbeidsvoorwaardenwetgeving.nl/mozard/!suite92.scherm1007?mObj=11984&mSelod=734364
3618;3618008;01-03-2018;28-02-2019;11-06-2018;CAO_Pluimvee_2018_2019_2.pdf;3618 - AMBACHTELIJKE PLUIMVEE EN WILDBEDRIJVEN - 01-03-2018 - 28-02-2019 - Regulier - kvo datum - 11-06-2018 - TTW;https://www.uitvoeringarbeidsvoorwaardenwetgeving.nl/mozard/!suite92.scherm1007?mObj=11985&mSelod=734364
3618;3618009;01-03-2019;29-02-2020;12-12-2019;Collectieve arbeidsovereenkomst Ambachtelijke Pluimvee 2019-2020 - SCHOON.docx.pdf;3618 - AMBACHTELIJKE PLUIMVEE EN WILDBEDRIJVEN - 01-03-2019 - 29-02-2020 - Regulier - kvo datum - 12-12-2019;https://www.uitvoeringarbeidsvoorwaardenwetgeving.nl/mozard/!suite92.scherm1007?mObj=15431&mSelod=734364
3618;3618010;01-03-2020;28-02-2021;10-05-2021;Definitieve Cao Ambachtelijke Pluimvee- en Wildbedrijven 2020-2021.pdf;3618 - AMBACHTELIJKE PLUIMVEE EN WILDBEDRIJVEN - 01-03-2020 - 28-02-2021 - Regulier - kvo datum - 10-05-2021;https://www.uitvoeringarbeidsvoorwaardenwetgeving.nl/mozard/!suite92.scherm1007?mObj=22692&mSelod=734364
3618;3618011;01-03-2021;28-02-2022;15-11-2021;Cao Ambachtelijke Pluimvee- en Wildbedrijven 2021-2022 na 1e TTW.pdf;3618 - AMBACHTELIJKE PLUIMVEE EN WILDBEDRIJVEN - 01-03-2021 - 28-02-2022 - Regulier - kvo datum - 15-11-2021 - TTW;https://www.uitvoeringarbeidsvoorwaardenwetgeving.nl/mozard/!suite92.scherm1007?mObj=23617&mSelod=734364
3618;3618012;01-03-2021;28-02-2022;19-10-2021;99 - Definitieve Cao Ambachtelijke Pluimvee- en Wildbedrijven 2021-2022.pdf;3618 - AMBACHTELIJKE PLUIMVEE EN WILDBEDRIJVEN - 01-03-2021 - 28-02-2022 - Regulier - kvo datum - 19-10-2021;https://www.uitvoeringarbeidsvoorwaardenwetgeving.nl/mozard/!suite92.scherm1007?mObj=23457&mSelod=734364
3618;3618013;01-03-2022;29-02-2024;09-05-2023;Cao Ambachtelijke Poeliers.pdf;3618 - AMBACHTELIJKE PLUIMVEE EN WILDBEDRIJVEN - 01-03-2022 - 29-02-2024 - Regulier - kvo datum - 09-05-2023;https://www.uitvoeringarbeidsvoorwaardenwetgeving.nl/mozard/!suite92.scherm1007?mObj=37028&mSelod=734364
3618;3618014;01-03-2022;29-02-2024;15-09-2022;09 - Cao Ambachtelijke Poeliersbranche.pdf;3618 - AMBACHTELIJKE PLUIMVEE EN WILDBEDRIJVEN - 01-03-2022 - 29-02-2024 - Regulier - kvo datum - 15-09-2022;https://www.uitvoeringarbeidsvoorwaardenwetgeving.nl/mozard/!suite92.scherm1007?mObj=31248&mSelod=734364
3618;3618015;01-03-2024;31-12-2024;18-11-2024;Cao Poeliers 01-03-24 tm 31-12-24.pdf;3618 - AMBACHTELIJKE PLUIMVEE EN WILDBEDRIJVEN - 01-03-2024 - 31-12-2024 - Regulier - kvo datum - 18-11-2024;https://www.uitvoeringarbeidsvoorwaardenwetgeving.nl/mozard/!suite92.scherm1007?mObj=44880&mSelod=734364
3618;3618016;29-02-2016;01-03-2017;28-01-2016;Ambachtelijke_Pluimvee_en_Wildbedrijven_verlenging.pdf;3618 - AMBACHTELIJKE PLUIMVEE EN WILDBEDRIJVEN - 29-02-2016 - 01-03-2017 - Regulier - kvo datum - 28-01-2016;https://www.uitvoeringarbeidsvoorwaardenwetgeving.nl/mozard/!suite92.scherm1007?mObj=11980&mSelod=734364
3618;3618017;29-02-2016;01-03-2017;31-03-2016;cao_2016_definitief.pdf;3618 - AMBACHTELIJKE PLUIMVEE EN WILDBEDRIJVEN - 29-02-2016 - 01-03-2017 - Regulier - kvo datum - 31-03-2016 - TTW;https://www.uitvoeringarbeidsvoorwaardenwetgeving.nl/mozard/!suite92.scherm1007?mObj=11981&mSelod=734364
696;696001;01-01-2013;31-12-2014;03-12-2013;DEF_cao_2013_2014.pdf;696 - AMBULANCEZORG - 01-01-2013 - 31-12-2014 - Regulier - kvo datum - 03-12-2013;https://www.uitvoeringarbeidsvoorwaardenwetgeving.nl/mozard/!suite92.scherm1007?mObj=8178&mSelod=734366
696;696002;01-01-2015;31-12-2018;11-02-2016;AZN_CAO_2015_2019_def_met_opmaak.pdf;696 - AMBULANCEZORG - 01-01-2015 - 31-12-2018 - Regulier - kvo datum - 11-02-2016;https://www.uitvoeringarbeidsvoorwaardenwetgeving.nl/mozard/!suite92.scherm1007?mObj=8179&mSelod=734366
696;696003;01-01-2019;31-12-2019;03-01-2019;AZN CNV CAO DEF 21-12-2018.pdf .pdf;696 - AMBULANCEZORG - 01-01-2019 - 31-12-2019 - Regulier - kvo datum - 03-01-2019;https://www.uitvoeringarbeidsvoorwaardenwetgeving.nl/mozard/!suite92.scherm1007?mObj=605&mSelod=734366
696;696004;01-01-2020;30-06-2021;24-08-2020;AZN CAO 2020 def.pdf;696 - AMBULANCEZORG - 01-01-2020 - 30-06-2021 - Regulier - kvo datum - 24-08-2020;https://www.uitvoeringarbeidsvoorwaardenwetgeving.nl/mozard/!suite92.scherm1007?mObj=18971&mSelod=734366
696;696005;01-07-2021;31-01-2025;21-02-2024;Cao_ambulancezorg 2021 2025.pdf;696 - AMBULANCEZORG - 01-07-2021 - 31-01-2025 - Regulier - kvo datum - 21-02-2024;https://www.uitvoeringarbeidsvoorwaardenwetgeving.nl/mozard/!suite92.scherm1007?mObj=41936&mSelod=734366
2630;2630001;01-01-2009;31-03-2011;07-01-2011;Aanmeldtekst zwart CAO Ambulante handel 2009-2011.pdf;2630 - AMBULANTE DETAILHANDEL - 01-01-2009 - 31-03-2011 - Regulier - kvo datum - 07-01-2011;https://www.uitvoeringarbeidsvoorwaardenwetgeving.nl/mozard/!suite92.scherm1007?mObj=10840&mSelod=734370
3821;3821001;01-01-2017;31-12-2017;25-02-2017;Cao_ap_in_dienstverband_2017.pdf;3821 - Apothekers in dienstverband - 01-01-2017 - 31-12-2017 - Regulier - kvo datum - 25-02-2017;https://www.uitvoeringarbeidsvoorwaardenwetgeving.nl/mozard/!suite92.scherm1007?mObj=12571&mSelod=734420
3821;3821002;01-03-2023;29-02-2024;01-06-2023;20230525.Cao AiD 2023-2024 schone versie definitief.DB.pdf;3821 - Apothekers in dienstverband - 01-03-2023 - 29-02-2024 - Regulier - kvo datum - 01-06-2023;https://www.uitvoeringarbeidsvoorwaardenwetgeving.nl/mozard/!suite92.scherm1007?mObj=37108&mSelod=734420
3821;3821003;01-03-2024;28-02-2025;06-02-2025;20240815.Cao.AiD.2024-2025.DB v6.definitieve.tekst.zondernaam.pdf;3821 - Apothekers in dienstverband - 01-03-2024 - 28-02-2025 - Regulier - kvo datum - 06-02-2025;https://www.uitvoeringarbeidsvoorwaardenwetgeving.nl/mozard/!suite92.scherm1007?mObj=46528&mSelod=734420
3821;3821004;01-07-2022;28-02-2023;28-09-2022;20220927 Cao AiD 2022-2023 definitief.pdf;3821 - Apothekers in dienstverband - 01-07-2022 - 28-02-2023 - Regulier - kvo datum - 28-09-2022;https://www.uitvoeringarbeidsvoorwaardenwetgeving.nl/mozard/!suite92.scherm1007?mObj=31351&mSelod=734420
3821;3821005;01-09-2021;30-06-2022;16-02-2022;20210917 Cao AiD 2021-2022 Definitief 14feb2022.pdf;3821 - Apothekers in dienstverband - 01-09-2021 - 30-06-2022 - Regulier - kvo datum - 16-02-2022;https://www.uitvoeringarbeidsvoorwaardenwetgeving.nl/mozard/!suite92.scherm1007?mObj=27316&mSelod=734420
152;152001;01-01-2022;30-04-2023;16-06-2022;Baksteen 2022 - mei 2023 def_.pdf;152 - BAKSTEENINDUSTRIE, NEDERLANDSE - 01-01-2022 - 30-04-2023 - Regulier - kvo datum - 16-06-2022;https://www.uitvoeringarbeidsvoorwaardenwetgeving.nl/mozard/!suite92.scherm1007?mObj=30183&mSelod=734518
152;152002;01-04-2019;30-06-2020;16-11-2020;Baksteenindustrie 2019 - 2020 def.pdf;152 - BAKSTEENINDUSTRIE, NEDERLANDSE - 01-04-2019 - 30-06-2020 - Regulier - kvo datum - 16-11-2020;https://www.uitvoeringarbeidsvoorwaardenwetgeving.nl/mozard/!suite92.scherm1007?mObj=20487&mSelod=734518
152;152003;01-05-2023;30-04-2024;08-04-2025;Baksteen 1 mei 2023 tot 1 mei 2024 definitief_.pdf;152 - BAKSTEENINDUSTRIE, NEDERLANDSE - 01-05-2023 - 30-04-2024 - Regulier - kvo datum - 08-04-2025;https://www.uitvoeringarbeidsvoorwaardenwetgeving.nl/mozard/!suite92.scherm1007?mObj=47603&mSelod=734518
152;152004;01-05-2024;30-09-2025;29-04-2025;Baksteen 1 mei 2024 tot 1 oktober 2025.pdf;152 - BAKSTEENINDUSTRIE, NEDERLANDSE - 01-05-2024 - 30-09-2025 - Regulier - kvo datum - 29-04-2025;https://www.uitvoeringarbeidsvoorwaardenwetgeving.nl/mozard/!suite92.scherm1007?mObj=47914&mSelod=734518
152;152005;01-07-2011;30-06-2013;13-01-2012;Definitieve_cao_KNB_11_13.pdf;152 - BAKSTEENINDUSTRIE, NEDERLANDSE - 01-07-2011 - 30-06-2013 - Regulier - kvo datum - 13-01-2012;https://www.uitvoeringarbeidsvoorwaardenwetgeving.nl/mozard/!suite92.scherm1007?mObj=7583&mSelod=734518
152;152006;01-07-2013;30-06-2014;17-02-2014;cao_Vereniging_KNB_2013_2014.pdf;152 - BAKSTEENINDUSTRIE, NEDERLANDSE - 01-07-2013 - 30-06-2014 - Regulier - kvo datum - 17-02-2014;https://www.uitvoeringarbeidsvoorwaardenwetgeving.nl/mozard/!suite92.scherm1007?mObj=7584&mSelod=734518
152;152007;01-07-2014;30-06-2015;18-12-2014;Definitieve_cao_Baksteen_Vereniging_KNB_2014_2015.pdf;152 - BAKSTEENINDUSTRIE, NEDERLANDSE - 01-07-2014 - 30-06-2015 - Regulier - kvo datum - 18-12-2014;https://www.uitvoeringarbeidsvoorwaardenwetgeving.nl/mozard/!suite92.scherm1007?mObj=7585&mSelod=734518
152;152008;01-07-2015;30-09-2017;18-03-2016;KNB_cao__2015_2017__def.pdf;152 - BAKSTEENINDUSTRIE, NEDERLANDSE - 01-07-2015 - 30-09-2017 - Regulier - kvo datum - 18-03-2016;https://www.uitvoeringarbeidsvoorwaardenwetgeving.nl/mozard/!suite92.scherm1007?mObj=7586&mSelod=734518
152;152009;01-07-2020;31-12-2021;07-01-2021;Baksteen 2020 - 2021.pdf;152 - BAKSTEENINDUSTRIE, NEDERLANDSE - 01-07-2020 - 31-12-2021 - Regulier - kvo datum - 07-01-2021;https://www.uitvoeringarbeidsvoorwaardenwetgeving.nl/mozard/!suite92.scherm1007?mObj=21350&mSelod=734518
152;152010;01-10-2017;31-03-2019;28-03-2018;Baksteenindustrie_cao_2017_2019.pdf;152 - BAKSTEENINDUSTRIE, NEDERLANDSE - 01-10-2017 - 31-03-2019 - Regulier - kvo datum - 28-03-2018;https://www.uitvoeringarbeidsvoorwaardenwetgeving.nl/mozard/!suite92.scherm1007?mObj=7587&mSelod=734518
634;634001;01-01-2021;28-02-2022;31-08-2021;Definitieve cao Bedrijfsverzorgingsdiensten 2021-2022.pdf;634 - BEDRIJFSVERZORGINGSDIENSTEN - 01-01-2021 - 28-02-2022 - Regulier - kvo datum - 31-08-2021;https://www.uitvoeringarbeidsvoorwaardenwetgeving.nl/mozard/!suite92.scherm1007?mObj=23224&mSelod=734535
634;634002;01-03-2022;28-02-2023;27-05-2022;Bedrijfsverzorgingsdiensten 2022-2023 def.pdf;634 - BEDRIJFSVERZORGINGSDIENSTEN - 01-03-2022 - 28-02-2023 - Regulier - kvo datum - 27-05-2022;https://www.uitvoeringarbeidsvoorwaardenwetgeving.nl/mozard/!suite92.scherm1007?mObj=29940&mSelod=734535
634;634003;01-03-2023;30-04-2024;16-10-2023;Bedrijfsverzorgingsdiensten 2023-2024.pdf;634 - BEDRIJFSVERZORGINGSDIENSTEN - 01-03-2023 - 30-04-2024 - Regulier - kvo datum - 16-10-2023;https://www.uitvoeringarbeidsvoorwaardenwetgeving.nl/mozard/!suite92.scherm1007?mObj=39029&mSelod=734535
634;634004;01-05-2024;31-10-2025;22-08-2024;Bedrijfsverzorgingsdiensten 2024-2025.pdf;634 - BEDRIJFSVERZORGINGSDIENSTEN - 01-05-2024 - 31-10-2025 - Regulier - kvo datum - 22-08-2024;https://www.uitvoeringarbeidsvoorwaardenwetgeving.nl/mozard/!suite92.scherm1007?mObj=43578&mSelod=734535
634;634005;01-07-2010;30-06-2012;17-02-2011;20110172N - cao BVD 2010 2012 incl TTW 160211.pdf;634 - BEDRIJFSVERZORGINGSDIENSTEN - 01-07-2010 - 30-06-2012 - Regulier - kvo datum - 17-02-2011 - TTW;https://www.uitvoeringarbeidsvoorwaardenwetgeving.nl/mozard/!suite92.scherm1007?mObj=8498&mSelod=734535
634;634006;01-07-2012;30-06-2013;03-01-2013;20121087N___cao_BVD_2012_2013.pdf;634 - BEDRIJFSVERZORGINGSDIENSTEN - 01-07-2012 - 30-06-2013 - Regulier - kvo datum - 03-01-2013;https://www.uitvoeringarbeidsvoorwaardenwetgeving.nl/mozard/!suite92.scherm1007?mObj=8499&mSelod=734535
634;634007;01-07-2013;30-06-2016;26-04-2016;Werkgeversvereniging_AB_Nederland_cao_2013_2016.pdf;634 - BEDRIJFSVERZORGINGSDIENSTEN - 01-07-2013 - 30-06-2016 - Regulier - kvo datum - 26-04-2016;https://www.uitvoeringarbeidsvoorwaardenwetgeving.nl/mozard/!suite92.scherm1007?mObj=8500&mSelod=734535
634;634008;01-07-2016;30-06-2019;06-12-2017;WAB_cao_Bedrijfsverzorgingsdiensten_2016_2019.pdf;634 - BEDRIJFSVERZORGINGSDIENSTEN - 01-07-2016 - 30-06-2019 - Regulier - kvo datum - 06-12-2017;https://www.uitvoeringarbeidsvoorwaardenwetgeving.nl/mozard/!suite92.scherm1007?mObj=8501&mSelod=734535
634;634009;01-07-2016;30-06-2019;12-12-2017;WAB_cao_Bedrijfsverzorgingsdiensten_2016_2019_1.pdf;634 - BEDRIJFSVERZORGINGSDIENSTEN - 01-07-2016 - 30-06-2019 - Regulier - kvo datum - 12-12-2017 - TTW;https://www.uitvoeringarbeidsvoorwaardenwetgeving.nl/mozard/!suite92.scherm1007?mObj=8502&mSelod=734535
634;634010;01-07-2019;31-12-2020;05-03-2020;Defintieve cao Bedrijfsverzorgingsdiensten 2019-2020.pdf;634 - BEDRIJFSVERZORGINGSDIENSTEN - 01-07-2019 - 31-12-2020 - Regulier - kvo datum - 05-03-2020;https://www.uitvoeringarbeidsvoorwaardenwetgeving.nl/mozard/!suite92.scherm1007?mObj=15899&mSelod=734535
819;819001;01-04-2010;31-03-2012;30-09-2011;CAO_2010___2012.pdf;819 - BEREIDE VERF- EN DRUKINKTINDUSTRIE - 01-04-2010 - 31-03-2012 - Regulier - kvo datum - 30-09-2011;https://www.uitvoeringarbeidsvoorwaardenwetgeving.nl/mozard/!suite92.scherm1007?mObj=8404&mSelod=734547
819;819002;01-04-2012;31-05-2013;02-04-2014;CAO_2012___2013.pdf;819 - BEREIDE VERF- EN DRUKINKTINDUSTRIE - 01-04-2012 - 31-05-2013 - Regulier - kvo datum - 02-04-2014;https://www.uitvoeringarbeidsvoorwaardenwetgeving.nl/mozard/!suite92.scherm1007?mObj=8405&mSelod=734547
819;819003;01-04-2022;30-04-2023;08-08-2022;CAO Verf-en-drukinktindustrie 2022-2023.pdf;819 - BEREIDE VERF- EN DRUKINKTINDUSTRIE - 01-04-2022 - 30-04-2023 - Regulier - kvo datum - 08-08-2022;https://www.uitvoeringarbeidsvoorwaardenwetgeving.nl/mozard/!suite92.scherm1007?mObj=30867&mSelod=734547
819;819004;01-05-2023;30-04-2024;05-07-2023;CAO Verf-en-drukinktindustrie 2023-2024.pdf;819 - BEREIDE VERF- EN DRUKINKTINDUSTRIE - 01-05-2023 - 30-04-2024 - Regulier - kvo datum - 05-07-2023;https://www.uitvoeringarbeidsvoorwaardenwetgeving.nl/mozard/!suite92.scherm1007?mObj=37380&mSelod=734547
819;819005;01-05-2024;31-10-2025;05-02-2025;Cao-tekst boekje - Nota van Wijzigingen_v2025 ivm overwerk.pdf;819 - BEREIDE VERF- EN DRUKINKTINDUSTRIE - 01-05-2024 - 31-10-2025 - Regulier - kvo datum - 05-02-2025 - TTW;https://www.uitvoeringarbeidsvoorwaardenwetgeving.nl/mozard/!suite92.scherm1007?mObj=46525&mSelod=734547
819;819006;01-05-2024;31-10-2025;27-08-2024;CAO Verf-en-drukinktindustrie 2024-2025.pdf;819 - BEREIDE VERF- EN DRUKINKTINDUSTRIE - 01-05-2024 - 31-10-2025 - Regulier - kvo datum - 27-08-2024;https://www.uitvoeringarbeidsvoorwaardenwetgeving.nl/mozard/!suite92.scherm1007?mObj=43583&mSelod=734547
819;819007;01-06-2013;31-05-2014;16-04-2014;CAO_2013___2014.pdf;819 - BEREIDE VERF- EN DRUKINKTINDUSTRIE - 01-06-2013 - 31-05-2014 - Regulier - kvo datum - 16-04-2014;https://www.uitvoeringarbeidsvoorwaardenwetgeving.nl/mozard/!suite92.scherm1007?mObj=8406&mSelod=734547
819;819008;01-06-2014;31-05-2015;21-05-2015;CAO_2014___2015__6.pdf;819 - BEREIDE VERF- EN DRUKINKTINDUSTRIE - 01-06-2014 - 31-05-2015 - Regulier - kvo datum - 21-05-2015;https://www.uitvoeringarbeidsvoorwaardenwetgeving.nl/mozard/!suite92.scherm1007?mObj=8407&mSelod=734547
819;819009;01-06-2015;30-09-2017;07-04-2016;00_CAO_tekst_2015_2017_DEF.pdf;819 - BEREIDE VERF- EN DRUKINKTINDUSTRIE - 01-06-2015 - 30-09-2017 - Regulier - kvo datum - 07-04-2016;https://www.uitvoeringarbeidsvoorwaardenwetgeving.nl/mozard/!suite92.scherm1007?mObj=8408&mSelod=734547
819;819010;01-10-2017;30-09-2018;12-04-2018;VVVF_CAO_boek_2017_2018_online.pdf;819 - BEREIDE VERF- EN DRUKINKTINDUSTRIE - 01-10-2017 - 30-09-2018 - Regulier - kvo datum - 12-04-2018;https://www.uitvoeringarbeidsvoorwaardenwetgeving.nl/mozard/!suite92.scherm1007?mObj=8409&mSelod=734547
819;819011;01-10-2018;30-09-2019;05-06-2019;CAO Verf-en-drukinktindustrie 2018-2019 Bijlage bij cao-boekje.pdf .pdf;819 - BEREIDE VERF- EN DRUKINKTINDUSTRIE - 01-10-2018 - 30-09-2019 - Regulier - kvo datum - 05-06-2019;https://www.uitvoeringarbeidsvoorwaardenwetgeving.nl/mozard/!suite92.scherm1007?mObj=14224&mSelod=734547
819;819012;01-10-2019;30-11-2020;16-12-2019;CAO Verf-en-drukinktindustrie 2019-2020.pdf;819 - BEREIDE VERF- EN DRUKINKTINDUSTRIE - 01-10-2019 - 30-11-2020 - Regulier - kvo datum - 16-12-2019;https://www.uitvoeringarbeidsvoorwaardenwetgeving.nl/mozard/!suite92.scherm1007?mObj=15453&mSelod=734547
819;819013;01-12-2020;31-03-2022;05-07-2021;2020-2022 CAO-boekje_online.pdf;819 - BEREIDE VERF- EN DRUKINKTINDUSTRIE - 01-12-2020 - 31-03-2022 - Regulier - kvo datum - 05-07-2021;https://www.uitvoeringarbeidsvoorwaardenwetgeving.nl/mozard/!suite92.scherm1007?mObj=22945&mSelod=734547
3324;3324001;01-01-2010;31-12-2012;26-07-2011;getekende_CAO_2010.pdf;3324 - Beroepsrenners Nederlandse Wielerploegen 2010-2012 - 01-01-2010 - 31-12-2012 - Regulier - kvo datum - 26-07-2011;https://www.uitvoeringarbeidsvoorwaardenwetgeving.nl/mozard/!suite92.scherm1007?mObj=11647&mSelod=734555
4273;4273001;01-01-2022;28-02-2023;09-11-2022;Cao Bestuurders Funderend Onderwijs 2022_versie 07-11-2022.pdf;4273 - BESTUURDERS FUNDEREND ONDERWIJS - 01-01-2022 - 28-02-2023 - Regulier - kvo datum - 09-11-2022;https://www.uitvoeringarbeidsvoorwaardenwetgeving.nl/mozard/!suite92.scherm1007?mObj=31689&mSelod=734559
4273;4273002;01-03-2023;29-02-2024;29-01-2024;cao-bestuurders-funderend-onderwijs-2023.pdf;4273 - BESTUURDERS FUNDEREND ONDERWIJS - 01-03-2023 - 29-02-2024 - Regulier - kvo datum - 29-01-2024;https://www.uitvoeringarbeidsvoorwaardenwetgeving.nl/mozard/!suite92.scherm1007?mObj=41561&mSelod=734559
4273;4273003;01-03-2024;28-02-2025;31-10-2024;cao-bestuurders-funderend-onderwijs-2024.pdf;4273 - BESTUURDERS FUNDEREND ONDERWIJS - 01-03-2024 - 28-02-2025 - Regulier - kvo datum - 31-10-2024;https://www.uitvoeringarbeidsvoorwaardenwetgeving.nl/mozard/!suite92.scherm1007?mObj=44457&mSelod=734559
4273;4273004;01-03-2025;28-02-2026;04-08-2025;20250731 CAO Bestuurders Funderend Onderwijs 2025-def.pdf;4273 - BESTUURDERS FUNDEREND ONDERWIJS - 01-03-2025 - 28-02-2026 - Regulier - kvo datum - 04-08-2025;https://www.uitvoeringarbeidsvoorwaardenwetgeving.nl/mozard/!suite92.scherm1007?mObj=50219&mSelod=734559
3553;3553001;01-01-2020;31-03-2021;11-01-2021;CAO-bestuurders-PO-2020_verlenging tot 01-04-2021.pdf;3553 - Bestuurders PO - 01-01-2020 - 31-03-2021 - Regulier - kvo datum - 11-01-2021;https://www.uitvoeringarbeidsvoorwaardenwetgeving.nl/mozard/!suite92.scherm1007?mObj=21408&mSelod=734561
3553;3553002;01-01-2020;31-12-2020;15-12-2020;cao bestuurders PO 2020 getekend.pdf;3553 - Bestuurders PO - 01-01-2020 - 31-12-2020 - Regulier - kvo datum - 15-12-2020;https://www.uitvoeringarbeidsvoorwaardenwetgeving.nl/mozard/!suite92.scherm1007?mObj=21056&mSelod=734561
3553;3553003;01-04-2018;01-01-2020;18-02-2019;CAO bestuurders PO 2018-2019 vs 3 def._schoon_def.docx .pdf;3553 - Bestuurders PO - 01-04-2018 - 01-01-2020 - Regulier - kvo datum - 18-02-2019;https://www.uitvoeringarbeidsvoorwaardenwetgeving.nl/mozard/!suite92.scherm1007?mObj=834&mSelod=734561
3553;3553004;01-04-2018;01-01-2020;26-04-2019;Cao bestuurders PO 2018-2019 _ versie 10-04-2019_ schoon.docx .pdf;3553 - Bestuurders PO - 01-04-2018 - 01-01-2020 - Regulier - kvo datum - 26-04-2019 - TTW;https://www.uitvoeringarbeidsvoorwaardenwetgeving.nl/mozard/!suite92.scherm1007?mObj=14093&mSelod=734561
3553;3553005;01-04-2021;31-12-2021;10-02-2022;CAO-bestuurders-PO-2020_verlenging tot 31-12-2021.pdf;3553 - Bestuurders PO - 01-04-2021 - 31-12-2021 - Regulier - kvo datum - 10-02-2022;https://www.uitvoeringarbeidsvoorwaardenwetgeving.nl/mozard/!suite92.scherm1007?mObj=26996&mSelod=734561
3553;3553006;01-09-2015;31-08-2016;15-04-2016;scan_getekende_cao_bestuurders_PO_2015versie29juni.pdf;3553 - Bestuurders PO - 01-09-2015 - 31-08-2016 - Regulier - kvo datum - 15-04-2016;https://www.uitvoeringarbeidsvoorwaardenwetgeving.nl/mozard/!suite92.scherm1007?mObj=11857&mSelod=734561
3967;3967001;01-01-2021;30-04-2022;07-07-2021;Cao Betonpompenindustrie 2021-2022 def.pdf;3967 - BETONPOMPBEDRIJVEN CAO VOOR DE - 01-01-2021 - 30-04-2022 - Regulier - kvo datum - 07-07-2021;https://www.uitvoeringarbeidsvoorwaardenwetgeving.nl/mozard/!suite92.scherm1007?mObj=22957&mSelod=734563
3967;3967002;01-01-2021;30-04-2022;23-08-2021;Cao Betonpombedrijven 2021-2022 def na ttw.pdf;3967 - BETONPOMPBEDRIJVEN CAO VOOR DE - 01-01-2021 - 30-04-2022 - Regulier - kvo datum - 23-08-2021 - TTW;https://www.uitvoeringarbeidsvoorwaardenwetgeving.nl/mozard/!suite92.scherm1007?mObj=23188&mSelod=734563
3967;3967003;01-01-2023;30-06-2023;14-02-2023;Cao Betonpompbedrijven 2023 versie 1-2-2023.pdf;3967 - BETONPOMPBEDRIJVEN CAO VOOR DE - 01-01-2023 - 30-06-2023 - Regulier - kvo datum - 14-02-2023;https://www.uitvoeringarbeidsvoorwaardenwetgeving.nl/mozard/!suite92.scherm1007?mObj=34846&mSelod=734563
3967;3967004;01-05-2022;31-12-2022;08-07-2022;Cao Betonpompbedrijven 2022 na ttw2 versie 8-7-2022.pdf;3967 - BETONPOMPBEDRIJVEN CAO VOOR DE - 01-05-2022 - 31-12-2022 - Regulier - kvo datum - 08-07-2022;https://www.uitvoeringarbeidsvoorwaardenwetgeving.nl/mozard/!suite92.scherm1007?mObj=30474&mSelod=734563
3967;3967005;01-05-2022;31-12-2022;27-06-2022;Cao Betonpompbedrijven 2022 versie 23-6-2022.pdf;3967 - BETONPOMPBEDRIJVEN CAO VOOR DE - 01-05-2022 - 31-12-2022 - Regulier - kvo datum - 27-06-2022;https://www.uitvoeringarbeidsvoorwaardenwetgeving.nl/mozard/!suite92.scherm1007?mObj=30366&mSelod=734563
3967;3967006;01-05-2022;31-12-2022;29-06-2022;Cao Betonpompbedrijven 2022 na ttw versie 28-6-2022.pdf;3967 - BETONPOMPBEDRIJVEN CAO VOOR DE - 01-05-2022 - 31-12-2022 - Regulier - kvo datum - 29-06-2022;https://www.uitvoeringarbeidsvoorwaardenwetgeving.nl/mozard/!suite92.scherm1007?mObj=30400&mSelod=734563
3967;3967007;01-09-2017;31-08-2019;09-05-2018;Tekst_cao_BBB_integraal_versie_2.pdf;3967 - BETONPOMPBEDRIJVEN CAO VOOR DE - 01-09-2017 - 31-08-2019 - Regulier - kvo datum - 09-05-2018 - TTW;https://www.uitvoeringarbeidsvoorwaardenwetgeving.nl/mozard/!suite92.scherm1007?mObj=12314&mSelod=734563
3967;3967008;01-09-2017;31-08-2019;20-02-2018;Tekst_cao_BBB_vs240118_integraal.pdf;3967 - BETONPOMPBEDRIJVEN CAO VOOR DE - 01-09-2017 - 31-08-2019 - Regulier - kvo datum - 20-02-2018;https://www.uitvoeringarbeidsvoorwaardenwetgeving.nl/mozard/!suite92.scherm1007?mObj=12313&mSelod=734563
3967;3967009;01-09-2019;31-12-2020;12-03-2020;CAO BBB 2019-2020 integraal.pdf;3967 - BETONPOMPBEDRIJVEN CAO VOOR DE - 01-09-2019 - 31-12-2020 - Regulier - kvo datum - 12-03-2020;https://www.uitvoeringarbeidsvoorwaardenwetgeving.nl/mozard/!suite92.scherm1007?mObj=15992&mSelod=734563
3967;3967010;01-09-2019;31-12-2020;26-10-2020;CAO_BBB_TTW_integraal_okt20.pdf;3967 - BETONPOMPBEDRIJVEN CAO VOOR DE - 01-09-2019 - 31-12-2020 - Regulier - kvo datum - 26-10-2020 - TTW;https://www.uitvoeringarbeidsvoorwaardenwetgeving.nl/mozard/!suite92.scherm1007?mObj=19988&mSelod=734563
3967;3967011;01-09-2019;31-12-2020;31-03-2020;CAO BBB 2019-2020 integraal_1.pdf;3967 - BETONPOMPBEDRIJVEN CAO VOOR DE - 01-09-2019 - 31-12-2020 - Regulier - kvo datum - 31-03-2020 - TTW;https://www.uitvoeringarbeidsvoorwaardenwetgeving.nl/mozard/!suite92.scherm1007?mObj=16108&mSelod=734563
463;463001;01-01-2013;31-12-2013;03-01-2013;Binnenscheepvaart_2013_cao_def.pdf;463 - BINNENSCHEEPVAART - 01-01-2013 - 31-12-2013 - Regulier - kvo datum - 03-01-2013;https://www.uitvoeringarbeidsvoorwaardenwetgeving.nl/mozard/!suite92.scherm1007?mObj=8010&mSelod=734578
118;118001;01-01-2012;31-12-2012;11-07-2012;Bitumineuzen_CAO2012_def.pdf;118 - BITUMINEUZE EN KUNSTSTOF DAKBEDEKKINGSBEDRIJVEN - 01-01-2012 - 31-12-2012 - Regulier - kvo datum - 11-07-2012;https://www.uitvoeringarbeidsvoorwaardenwetgeving.nl/mozard/!suite92.scherm1007?mObj=6992&mSelod=734585
118;118002;01-01-2013;31-12-2013;12-07-2013;nieuw_CAO2013_def.pdf;118 - BITUMINEUZE EN KUNSTSTOF DAKBEDEKKINGSBEDRIJVEN - 01-01-2013 - 31-12-2013 - Regulier - kvo datum - 12-07-2013;https://www.uitvoeringarbeidsvoorwaardenwetgeving.nl/mozard/!suite92.scherm1007?mObj=6993&mSelod=734585
118;118003;01-01-2014;31-12-2014;06-08-2014;CAO_2014_ttw_def.pdf;118 - BITUMINEUZE EN KUNSTSTOF DAKBEDEKKINGSBEDRIJVEN - 01-01-2014 - 31-12-2014 - Regulier - kvo datum - 06-08-2014 - TTW;https://www.uitvoeringarbeidsvoorwaardenwetgeving.nl/mozard/!suite92.scherm1007?mObj=6995&mSelod=734585
118;118004;01-01-2014;31-12-2014;15-07-2014;CAO_2014_def.pdf;118 - BITUMINEUZE EN KUNSTSTOF DAKBEDEKKINGSBEDRIJVEN - 01-01-2014 - 31-12-2014 - Regulier - kvo datum - 15-07-2014;https://www.uitvoeringarbeidsvoorwaardenwetgeving.nl/mozard/!suite92.scherm1007?mObj=6994&mSelod=734585
118;118005;01-01-2015;31-12-2017;02-03-2017;CAO_BIKUDAK_2015_2017_def_5.pdf;118 - BITUMINEUZE EN KUNSTSTOF DAKBEDEKKINGSBEDRIJVEN - 01-01-2015 - 31-12-2017 - Regulier - kvo datum - 02-03-2017 - TTW;https://www.uitvoeringarbeidsvoorwaardenwetgeving.nl/mozard/!suite92.scherm1007?mObj=7001&mSelod=734585
118;118006;01-01-2015;31-12-2017;05-01-2017;CAO_BIKUDAK_2015_2017_def.pdf;118 - BITUMINEUZE EN KUNSTSTOF DAKBEDEKKINGSBEDRIJVEN - 01-01-2015 - 31-12-2017 - Regulier - kvo datum - 05-01-2017 - TTW;https://www.uitvoeringarbeidsvoorwaardenwetgeving.nl/mozard/!suite92.scherm1007?mObj=6999&mSelod=734585
118;118007;01-01-2015;31-12-2017;06-07-2016;CAO_BIKUDAK_2015_2017_ttw_def.pdf;118 - BITUMINEUZE EN KUNSTSTOF DAKBEDEKKINGSBEDRIJVEN - 01-01-2015 - 31-12-2017 - Regulier - kvo datum - 06-07-2016 - TTW;https://www.uitvoeringarbeidsvoorwaardenwetgeving.nl/mozard/!suite92.scherm1007?mObj=6997&mSelod=734585
118;118008;01-01-2015;31-12-2017;09-08-2017;CAO_BIKUDAK_2015_2017_def_augustus_2017.pdf;118 - BITUMINEUZE EN KUNSTSTOF DAKBEDEKKINGSBEDRIJVEN - 01-01-2015 - 31-12-2017 - Regulier - kvo datum - 09-08-2017 - TTW;https://www.uitvoeringarbeidsvoorwaardenwetgeving.nl/mozard/!suite92.scherm1007?mObj=7002&mSelod=734585
118;118009;01-01-2015;31-12-2017;12-11-2016;CAO_BIKUDAK_2015_2017_def_1.pdf;118 - BITUMINEUZE EN KUNSTSTOF DAKBEDEKKINGSBEDRIJVEN - 01-01-2015 - 31-12-2017 - Regulier - kvo datum - 12-11-2016 - TTW;https://www.uitvoeringarbeidsvoorwaardenwetgeving.nl/mozard/!suite92.scherm1007?mObj=6998&mSelod=734585
118;118010;01-01-2015;31-12-2017;18-05-2016;CAO_BIKUDAK_2015_2017_def_23_5_16.pdf;118 - BITUMINEUZE EN KUNSTSTOF DAKBEDEKKINGSBEDRIJVEN - 01-01-2015 - 31-12-2017 - Regulier - kvo datum - 18-05-2016;https://www.uitvoeringarbeidsvoorwaardenwetgeving.nl/mozard/!suite92.scherm1007?mObj=6996&mSelod=734585
118;118011;01-01-2015;31-12-2017;26-01-2017;CAO_BIKUDAK_2015_2017_def_4.pdf;118 - BITUMINEUZE EN KUNSTSTOF DAKBEDEKKINGSBEDRIJVEN - 01-01-2015 - 31-12-2017 - Regulier - kvo datum - 26-01-2017 - TTW;https://www.uitvoeringarbeidsvoorwaardenwetgeving.nl/mozard/!suite92.scherm1007?mObj=7000&mSelod=734585
118;118012;01-01-2018;31-12-2018;11-05-2018;CAO_BIKUDAK_2018_integraal.pdf;118 - BITUMINEUZE EN KUNSTSTOF DAKBEDEKKINGSBEDRIJVEN - 01-01-2018 - 31-12-2018 - Regulier - kvo datum - 11-05-2018;https://www.uitvoeringarbeidsvoorwaardenwetgeving.nl/mozard/!suite92.scherm1007?mObj=7003&mSelod=734585
118;118013;01-01-2018;31-12-2018;17-10-2018;CAO_BIKUDAK_2018_oktober_2018_integraal.pdf;118 - BITUMINEUZE EN KUNSTSTOF DAKBEDEKKINGSBEDRIJVEN - 01-01-2018 - 31-12-2018 - Regulier - kvo datum - 17-10-2018 - TTW;https://www.uitvoeringarbeidsvoorwaardenwetgeving.nl/mozard/!suite92.scherm1007?mObj=7005&mSelod=734585
118;118014;01-01-2018;31-12-2018;28-07-2018;CAO_BIKUDAK_2018_integraal_v2.pdf;118 - BITUMINEUZE EN KUNSTSTOF DAKBEDEKKINGSBEDRIJVEN - 01-01-2018 - 31-12-2018 - Regulier - kvo datum - 28-07-2018 - TTW;https://www.uitvoeringarbeidsvoorwaardenwetgeving.nl/mozard/!suite92.scherm1007?mObj=7004&mSelod=734585
118;118015;01-01-2019;31-12-2020;08-09-2020;CAO_BIKUDAK_2019-2020_ttw_juli_2020_integraal.docx.pdf;118 - BITUMINEUZE EN KUNSTSTOF DAKBEDEKKINGSBEDRIJVEN - 01-01-2019 - 31-12-2020 - Regulier - kvo datum - 08-09-2020 - TTW;https://www.uitvoeringarbeidsvoorwaardenwetgeving.nl/mozard/!suite92.scherm1007?mObj=19168&mSelod=734585
118;118016;01-01-2019;31-12-2020;12-11-2019;CAO_BIKUDAK_2019-2020_ttw_november_2019_def.docx.pdf;118 - BITUMINEUZE EN KUNSTSTOF DAKBEDEKKINGSBEDRIJVEN - 01-01-2019 - 31-12-2020 - Regulier - kvo datum - 12-11-2019 - TTW;https://www.uitvoeringarbeidsvoorwaardenwetgeving.nl/mozard/!suite92.scherm1007?mObj=15213&mSelod=734585
118;118017;01-01-2019;31-12-2020;23-07-2019;CAO_BIKUDAK_2019-2020_integraal.docx.pdf;118 - BITUMINEUZE EN KUNSTSTOF DAKBEDEKKINGSBEDRIJVEN - 01-01-2019 - 31-12-2020 - Regulier - kvo datum - 23-07-2019;https://www.uitvoeringarbeidsvoorwaardenwetgeving.nl/mozard/!suite92.scherm1007?mObj=14634&mSelod=734585
118;118018;01-01-2019;31-12-2020;23-07-2020;CAO_BIKUDAK_2019-2020_ttw_juli_2020_integraal.docx_1.pdf;118 - BITUMINEUZE EN KUNSTSTOF DAKBEDEKKINGSBEDRIJVEN - 01-01-2019 - 31-12-2020 - Regulier - kvo datum - 23-07-2020 - TTW;https://www.uitvoeringarbeidsvoorwaardenwetgeving.nl/mozard/!suite92.scherm1007?mObj=18594&mSelod=734585
118;118019;01-01-2021;31-12-2021;09-06-2021;CAO_BIKUDAK_2021_ttw_juni 2021_integraal.pdf;118 - BITUMINEUZE EN KUNSTSTOF DAKBEDEKKINGSBEDRIJVEN - 01-01-2021 - 31-12-2021 - Regulier - kvo datum - 09-06-2021 - TTW;https://www.uitvoeringarbeidsvoorwaardenwetgeving.nl/mozard/!suite92.scherm1007?mObj=22824&mSelod=734585
118;118020;01-01-2021;31-12-2021;19-05-2021;CAO_BIKUDAK_2021_integraal.pdf;118 - BITUMINEUZE EN KUNSTSTOF DAKBEDEKKINGSBEDRIJVEN - 01-01-2021 - 31-12-2021 - Regulier - kvo datum - 19-05-2021;https://www.uitvoeringarbeidsvoorwaardenwetgeving.nl/mozard/!suite92.scherm1007?mObj=22728&mSelod=734585
118;118021;01-01-2022;31-12-2023;03-06-2022;CAO_BIKUDAK_2022-2023_ttw_20220602_integraal.pdf;118 - BITUMINEUZE EN KUNSTSTOF DAKBEDEKKINGSBEDRIJVEN - 01-01-2022 - 31-12-2023 - Regulier - kvo datum - 03-06-2022;https://www.uitvoeringarbeidsvoorwaardenwetgeving.nl/mozard/!suite92.scherm1007?mObj=30019&mSelod=734585
118;118022;01-01-2022;31-12-2023;09-05-2022;CAO_BIKUDAK_2022-2023_integraal.pdf;118 - BITUMINEUZE EN KUNSTSTOF DAKBEDEKKINGSBEDRIJVEN - 01-01-2022 - 31-12-2023 - Regulier - kvo datum - 09-05-2022;https://www.uitvoeringarbeidsvoorwaardenwetgeving.nl/mozard/!suite92.scherm1007?mObj=29660&mSelod=734585
118;118023;01-01-2022;31-12-2023;16-09-2022;CAO_BIKUDAK_2022-2023_ttw_20220915-integraal.pdf;118 - BITUMINEUZE EN KUNSTSTOF DAKBEDEKKINGSBEDRIJVEN - 01-01-2022 - 31-12-2023 - Regulier - kvo datum - 16-09-2022;https://www.uitvoeringarbeidsvoorwaardenwetgeving.nl/mozard/!suite92.scherm1007?mObj=31255&mSelod=734585
118;118024;01-01-2022;31-12-2023;19-07-2023;CAO_BIKUDAK_2022-2023_ttw_20230718_integraal.pdf;118 - BITUMINEUZE EN KUNSTSTOF DAKBEDEKKINGSBEDRIJVEN - 01-01-2022 - 31-12-2023 - Regulier - kvo datum - 19-07-2023;https://www.uitvoeringarbeidsvoorwaardenwetgeving.nl/mozard/!suite92.scherm1007?mObj=37713&mSelod=734585
118;118025;01-01-2022;31-12-2023;26-01-2023;CAO_BIKUDAK_2022-2023_ttw_20230126_integraal.pdf;118 - BITUMINEUZE EN KUNSTSTOF DAKBEDEKKINGSBEDRIJVEN - 01-01-2022 - 31-12-2023 - Regulier - kvo datum - 26-01-2023;https://www.uitvoeringarbeidsvoorwaardenwetgeving.nl/mozard/!suite92.scherm1007?mObj=34274&mSelod=734585
118;118026;01-01-2024;31-12-2024;03-06-2024;CAO_BIKUDAK_2024_20240530_integraal schoon -2 def.pdf;118 - BITUMINEUZE EN KUNSTSTOF DAKBEDEKKINGSBEDRIJVEN - 01-01-2024 - 31-12-2024 - Regulier - kvo datum - 03-06-2024 - TTW;https://www.uitvoeringarbeidsvoorwaardenwetgeving.nl/mozard/!suite92.scherm1007?mObj=42864&mSelod=734585
118;118027;01-01-2024;31-12-2024;16-04-2024;CAO_BIKUDAK_2024_2024-04-15_integraal schoon.pdf;118 - BITUMINEUZE EN KUNSTSTOF DAKBEDEKKINGSBEDRIJVEN - 01-01-2024 - 31-12-2024 - Regulier - kvo datum - 16-04-2024;https://www.uitvoeringarbeidsvoorwaardenwetgeving.nl/mozard/!suite92.scherm1007?mObj=42452&mSelod=734585
118;118028;01-01-2024;31-12-2024;17-06-2024;CAO_BIKUDAK_2024_20240530_integraal schoon -3 def.pdf;118 - BITUMINEUZE EN KUNSTSTOF DAKBEDEKKINGSBEDRIJVEN - 01-01-2024 - 31-12-2024 - Regulier - kvo datum - 17-06-2024;https://www.uitvoeringarbeidsvoorwaardenwetgeving.nl/mozard/!suite92.scherm1007?mObj=42981&mSelod=734585
118;118029;01-01-2024;31-12-2024;18-07-2024;CAO_BIKUDAK_2024_20240715_integraal schoon-v5.pdf;118 - BITUMINEUZE EN KUNSTSTOF DAKBEDEKKINGSBEDRIJVEN - 01-01-2024 - 31-12-2024 - Regulier - kvo datum - 18-07-2024 - TTW;https://www.uitvoeringarbeidsvoorwaardenwetgeving.nl/mozard/!suite92.scherm1007?mObj=43354&mSelod=734585
118;118030;01-01-2024;31-12-2024;27-06-2024;CAO_BIKUDAK_2024_20240627_integraal schoon - vs4 def.pdf;118 - BITUMINEUZE EN KUNSTSTOF DAKBEDEKKINGSBEDRIJVEN - 01-01-2024 - 31-12-2024 - Regulier - kvo datum - 27-06-2024 - TTW;https://www.uitvoeringarbeidsvoorwaardenwetgeving.nl/mozard/!suite92.scherm1007?mObj=43136&mSelod=734585
118;118031;01-01-2024;31-12-2024;29-08-2024;CAO_BIKUDAK_2024_20240828_integraal_schoon_v6.pdf;118 - BITUMINEUZE EN KUNSTSTOF DAKBEDEKKINGSBEDRIJVEN - 01-01-2024 - 31-12-2024 - Regulier - kvo datum - 29-08-2024 - TTW;https://www.uitvoeringarbeidsvoorwaardenwetgeving.nl/mozard/!suite92.scherm1007?mObj=43590&mSelod=734585
118;118032;01-01-2025;31-12-2025;29-04-2025;CAO_BIKUDAK_2025_250424_integraal schoon.pdf;118 - BITUMINEUZE EN KUNSTSTOF DAKBEDEKKINGSBEDRIJVEN - 01-01-2025 - 31-12-2025 - Regulier - kvo datum - 29-04-2025;https://www.uitvoeringarbeidsvoorwaardenwetgeving.nl/mozard/!suite92.scherm1007?mObj=47915&mSelod=734585
1841;1841001;01-07-2012;30-06-2014;05-06-2013;CAO_Groothandel_in_Bloembollen.pdf;1841 - BLOEMBOLLEN, GROOTHANDEL IN- - 01-07-2012 - 30-06-2014 - Regulier - kvo datum - 05-06-2013;https://www.uitvoeringarbeidsvoorwaardenwetgeving.nl/mozard/!suite92.scherm1007?mObj=9526&mSelod=734587
1841;1841002;01-07-2016;30-06-2018;10-08-2016;cao_Groothandel_in_Bloembollen_2016_2018.pdf;1841 - BLOEMBOLLEN, GROOTHANDEL IN- - 01-07-2016 - 30-06-2018 - Regulier - kvo datum - 10-08-2016;https://www.uitvoeringarbeidsvoorwaardenwetgeving.nl/mozard/!suite92.scherm1007?mObj=9528&mSelod=734587
1841;1841003;01-07-2016;30-06-2018;24-01-2018;Cao_Groothandel_in_Bloembollen_incl_ttw_1_jan_2018.pdf;1841 - BLOEMBOLLEN, GROOTHANDEL IN- - 01-07-2016 - 30-06-2018 - Regulier - kvo datum - 24-01-2018 - TTW;https://www.uitvoeringarbeidsvoorwaardenwetgeving.nl/mozard/!suite92.scherm1007?mObj=9530&mSelod=734587
1841;1841004;01-07-2018;30-06-2021;03-06-2020;integrale Cao Bloembollen Groothandel 2018-2021 incl 3e ttw per 1-1-2020.docx.pdf;1841 - BLOEMBOLLEN, GROOTHANDEL IN- - 01-07-2018 - 30-06-2021 - Regulier - kvo datum - 03-06-2020 - TTW;https://www.uitvoeringarbeidsvoorwaardenwetgeving.nl/mozard/!suite92.scherm1007?mObj=16554&mSelod=734587
1841;1841005;01-07-2018;30-06-2021;07-09-2018;Cao_BBGH_sept_2018.pdf;1841 - BLOEMBOLLEN, GROOTHANDEL IN- - 01-07-2018 - 30-06-2021 - Regulier - kvo datum - 07-09-2018 - TTW;https://www.uitvoeringarbeidsvoorwaardenwetgeving.nl/mozard/!suite92.scherm1007?mObj=9532&mSelod=734587
1841;1841006;01-07-2018;30-06-2021;11-04-2019;Integrale Cao Bloembollen Groothandel 2018-2021.docx .pdf;1841 - BLOEMBOLLEN, GROOTHANDEL IN- - 01-07-2018 - 30-06-2021 - Regulier - kvo datum - 11-04-2019 - TTW;https://www.uitvoeringarbeidsvoorwaardenwetgeving.nl/mozard/!suite92.scherm1007?mObj=13878&mSelod=734587
1841;1841007;01-07-2018;30-06-2021;21-07-2020;integrale Cao Bloembollen Groothandel 2018-2021 incl 4e ttw per 1-1-2020.docx.pdf;1841 - BLOEMBOLLEN, GROOTHANDEL IN- - 01-07-2018 - 30-06-2021 - Regulier - kvo datum - 21-07-2020 - TTW;https://www.uitvoeringarbeidsvoorwaardenwetgeving.nl/mozard/!suite92.scherm1007?mObj=18366&mSelod=734587
1841;1841008;01-07-2021;30-06-2023;20-09-2021;Cao Bloembollengroothandel 2021-2023 1e TTW.pdf;1841 - BLOEMBOLLEN, GROOTHANDEL IN- - 01-07-2021 - 30-06-2023 - Regulier - kvo datum - 20-09-2021 - TTW;https://www.uitvoeringarbeidsvoorwaardenwetgeving.nl/mozard/!suite92.scherm1007?mObj=23313&mSelod=734587
1841;1841009;01-07-2021;30-06-2023;24-08-2021;Cao Bloembollengroothandel 2021-2023 integraal.pdf;1841 - BLOEMBOLLEN, GROOTHANDEL IN- - 01-07-2021 - 30-06-2023 - Regulier - kvo datum - 24-08-2021;https://www.uitvoeringarbeidsvoorwaardenwetgeving.nl/mozard/!suite92.scherm1007?mObj=23200&mSelod=734587
1841;1841010;01-07-2023;30-06-2024;11-12-2023;Integrale tekst cao Groothandel in Bloembollen 1 juli 2023 tm 30 juni 2024 incl. 2e TTW per 1 januari 2024 (2311-0900).pdf;1841 - BLOEMBOLLEN, GROOTHANDEL IN- - 01-07-2023 - 30-06-2024 - Regulier - kvo datum - 11-12-2023 - TTW;https://www.uitvoeringarbeidsvoorwaardenwetgeving.nl/mozard/!suite92.scherm1007?mObj=40498&mSelod=734587
1841;1841011;01-07-2023;30-06-2024;19-07-2023;Cao Groothandel in Bloembollen 1 juli 2023 tm 30 juni 2024.pdf;1841 - BLOEMBOLLEN, GROOTHANDEL IN- - 01-07-2023 - 30-06-2024 - Regulier - kvo datum - 19-07-2023;https://www.uitvoeringarbeidsvoorwaardenwetgeving.nl/mozard/!suite92.scherm1007?mObj=37708&mSelod=734587
1841;1841012;01-07-2023;30-06-2024;23-08-2023;Cao Groothandel in Bloembollen 1 juli 2023 tm 30 juni 2024 incl. 1e TTW per 1 juli 2023.pdf;1841 - BLOEMBOLLEN, GROOTHANDEL IN- - 01-07-2023 - 30-06-2024 - Regulier - kvo datum - 23-08-2023 - TTW;https://www.uitvoeringarbeidsvoorwaardenwetgeving.nl/mozard/!suite92.scherm1007?mObj=38310&mSelod=734587
1841;1841013;01-07-2024;31-12-2025;09-12-2024;Eindtekst cao Groothandel in Bloembollen 1 juli 2024 tm 31 december 2025.pdf;1841 - BLOEMBOLLEN, GROOTHANDEL IN- - 01-07-2024 - 31-12-2025 - Regulier - kvo datum - 09-12-2024;https://www.uitvoeringarbeidsvoorwaardenwetgeving.nl/mozard/!suite92.scherm1007?mObj=45450&mSelod=734587
187;187001;01-01-2011;31-12-2011;27-09-2011;cao_en_wijz_tbv_avv.pdf;187 - BOS EN NATUUR RAAM-CAO - 01-01-2011 - 31-12-2011 - Regulier - kvo datum - 27-09-2011 - TTW;https://www.uitvoeringarbeidsvoorwaardenwetgeving.nl/mozard/!suite92.scherm1007?mObj=7229&mSelod=734619
187;187002;01-01-2011;31-12-2011;29-07-2011;Bos_en_Natuur__raam_cao_2011_SZW__28_7_2011.pdf;187 - BOS EN NATUUR RAAM-CAO - 01-01-2011 - 31-12-2011 - Regulier - kvo datum - 29-07-2011;https://www.uitvoeringarbeidsvoorwaardenwetgeving.nl/mozard/!suite92.scherm1007?mObj=7228&mSelod=734619
187;187003;01-01-2012;31-12-2012;19-06-2012;Bos_en_Natuur_raam_cao_2012.pdf;187 - BOS EN NATUUR RAAM-CAO - 01-01-2012 - 31-12-2012 - Regulier - kvo datum - 19-06-2012;https://www.uitvoeringarbeidsvoorwaardenwetgeving.nl/mozard/!suite92.scherm1007?mObj=7230&mSelod=734619
187;187004;01-01-2013;31-12-2013;29-05-2013;Bos_en_Natuur_raam_cao_2013.pdf;187 - BOS EN NATUUR RAAM-CAO - 01-01-2013 - 31-12-2013 - Regulier - kvo datum - 29-05-2013;https://www.uitvoeringarbeidsvoorwaardenwetgeving.nl/mozard/!suite92.scherm1007?mObj=7231&mSelod=734619
187;187005;01-01-2014;31-12-2014;23-10-2014;Bos_en_Natuur_raamcao_2014.pdf;187 - BOS EN NATUUR RAAM-CAO - 01-01-2014 - 31-12-2014 - Regulier - kvo datum - 23-10-2014;https://www.uitvoeringarbeidsvoorwaardenwetgeving.nl/mozard/!suite92.scherm1007?mObj=7232&mSelod=734619
187;187006;01-01-2015;30-06-2016;14-01-2016;Bos_en_Natuur_raamcao_2015.pdf;187 - BOS EN NATUUR RAAM-CAO - 01-01-2015 - 30-06-2016 - Regulier - kvo datum - 14-01-2016;https://www.uitvoeringarbeidsvoorwaardenwetgeving.nl/mozard/!suite92.scherm1007?mObj=7233&mSelod=734619
187;187007;01-07-2016;30-06-2017;25-04-2017;Bos_en_Natuur_raam_cao_2016___AD_OBB_OLS_ONM_T2000.pdf;187 - BOS EN NATUUR RAAM-CAO - 01-07-2016 - 30-06-2017 - Regulier - kvo datum - 25-04-2017;https://www.uitvoeringarbeidsvoorwaardenwetgeving.nl/mozard/!suite92.scherm1007?mObj=7234&mSelod=734619
187;187008;01-07-2017;30-06-2018;24-12-2019;cao bos en natuur 2017-2018.pdf;187 - BOS EN NATUUR RAAM-CAO - 01-07-2017 - 30-06-2018 - Regulier - kvo datum - 24-12-2019;https://www.uitvoeringarbeidsvoorwaardenwetgeving.nl/mozard/!suite92.scherm1007?mObj=15535&mSelod=734619
187;187009;01-07-2018;30-06-2021;17-02-2020;Raam CAO Bos en natuur.pdf;187 - BOS EN NATUUR RAAM-CAO - 01-07-2018 - 30-06-2021 - Regulier - kvo datum - 17-02-2020;https://www.uitvoeringarbeidsvoorwaardenwetgeving.nl/mozard/!suite92.scherm1007?mObj=15787&mSelod=734619
187;187010;01-07-2021;30-06-2023;04-08-2022;cao Bos en Natuur met looptijd 1 juli 2021 tot en met 30 juni 2023.pdf;187 - BOS EN NATUUR RAAM-CAO - 01-07-2021 - 30-06-2023 - Regulier - kvo datum - 04-08-2022;https://www.uitvoeringarbeidsvoorwaardenwetgeving.nl/mozard/!suite92.scherm1007?mObj=30814&mSelod=734619
187;187011;01-07-2023;30-06-2024;07-03-2024;Bos en Natuur 2023 - 2024.pdf;187 - BOS EN NATUUR RAAM-CAO - 01-07-2023 - 30-06-2024 - Regulier - kvo datum - 07-03-2024;https://www.uitvoeringarbeidsvoorwaardenwetgeving.nl/mozard/!suite92.scherm1007?mObj=42049&mSelod=734619
1630;1630001;01-01-2020;31-12-2020;12-11-2019;cao tekst.pdf;1630 - BRANCHE CAO GEMEENTEN - 01-01-2020 - 31-12-2020 - Regulier - kvo datum - 12-11-2019;https://www.uitvoeringarbeidsvoorwaardenwetgeving.nl/mozard/!suite92.scherm1007?mObj=15223&mSelod=734631
1630;1630002;01-01-2021;01-01-2023;28-01-2022;Cao Gemeenten 2021 - 2022_voor SZW def.pdf;1630 - BRANCHE CAO GEMEENTEN - 01-01-2021 - 01-01-2023 - Regulier - kvo datum - 28-01-2022;https://www.uitvoeringarbeidsvoorwaardenwetgeving.nl/mozard/!suite92.scherm1007?mObj=26481&mSelod=734631
1630;1630003;01-01-2021;01-01-2023;28-11-2022;Cao Gemeenten 2021 - 2022_voor SZW-tussentijds gewijzigd.pdf;1630 - BRANCHE CAO GEMEENTEN - 01-01-2021 - 01-01-2023 - Regulier - kvo datum - 28-11-2022;https://www.uitvoeringarbeidsvoorwaardenwetgeving.nl/mozard/!suite92.scherm1007?mObj=31868&mSelod=734631
1630;1630004;01-01-2024;31-12-2025;12-02-2024;Cao Gemeenten 2024_2025 voor SZW.pdf;1630 - BRANCHE CAO GEMEENTEN - 01-01-2024 - 31-12-2025 - Regulier - kvo datum - 12-02-2024;https://www.uitvoeringarbeidsvoorwaardenwetgeving.nl/mozard/!suite92.scherm1007?mObj=41760&mSelod=734631
1630;1630005;01-04-2025;31-12-2028;30-06-2025;20250630 Tekst cao gemeenten 2025-2027 voor SZW.pdf;1630 - BRANCHE CAO GEMEENTEN - 01-04-2025 - 31-12-2028 - Regulier - kvo datum - 30-06-2025;https://www.uitvoeringarbeidsvoorwaardenwetgeving.nl/mozard/!suite92.scherm1007?mObj=49102&mSelod=734631
1630;1630006;02-01-2023;31-12-2025;06-04-2023;Cao Gemeenten 2023 voor SZW.pdf;1630 - BRANCHE CAO GEMEENTEN - 02-01-2023 - 31-12-2025 - Regulier - kvo datum - 06-04-2023;https://www.uitvoeringarbeidsvoorwaardenwetgeving.nl/mozard/!suite92.scherm1007?mObj=36827&mSelod=734631
4091;4091001;01-01-2020;31-12-2020;17-12-2019;Cao SGO 2020 aanmelding SZW.pdf;4091 - BRANCHE CAO SAMENWERKENDE GEMEENTELIJKE ORGANISATIES - 01-01-2020 - 31-12-2020 - Regulier - kvo datum - 17-12-2019;https://www.uitvoeringarbeidsvoorwaardenwetgeving.nl/mozard/!suite92.scherm1007?mObj=15470&mSelod=734633
4091;4091002;01-01-2021;01-01-2023;01-02-2022;Cao SGO 2021-2022 voor SZW.pdf;4091 - BRANCHE CAO SAMENWERKENDE GEMEENTELIJKE ORGANISATIES - 01-01-2021 - 01-01-2023 - Regulier - kvo datum - 01-02-2022;https://www.uitvoeringarbeidsvoorwaardenwetgeving.nl/mozard/!suite92.scherm1007?mObj=26540&mSelod=734633
4091;4091003;01-01-2021;01-01-2023;28-11-2022;cao sgo 2021-2022 tussentijds gewijzigd.pdf;4091 - BRANCHE CAO SAMENWERKENDE GEMEENTELIJKE ORGANISATIES - 01-01-2021 - 01-01-2023 - Regulier - kvo datum - 28-11-2022;https://www.uitvoeringarbeidsvoorwaardenwetgeving.nl/mozard/!suite92.scherm1007?mObj=31869&mSelod=734633
4091;4091004;01-01-2024;31-03-2025;12-02-2024;Cao SGO 2024_2025 voor SZW.pdf;4091 - BRANCHE CAO SAMENWERKENDE GEMEENTELIJKE ORGANISATIES - 01-01-2024 - 31-03-2025 - Regulier - kvo datum - 12-02-2024;https://www.uitvoeringarbeidsvoorwaardenwetgeving.nl/mozard/!suite92.scherm1007?mObj=41758&mSelod=734633
4091;4091005;01-04-2025;31-12-2028;03-07-2025;20250702 Tekst cao sgo 2025-2027 voor SZW.pdf;4091 - BRANCHE CAO SAMENWERKENDE GEMEENTELIJKE ORGANISATIES - 01-04-2025 - 31-12-2028 - Regulier - kvo datum - 03-07-2025;https://www.uitvoeringarbeidsvoorwaardenwetgeving.nl/mozard/!suite92.scherm1007?mObj=49072&mSelod=734633
4091;4091006;02-01-2023;31-12-2025;13-04-2023;Cao SGO 2023 voor SZW.pdf;4091 - BRANCHE CAO SAMENWERKENDE GEMEENTELIJKE ORGANISATIES - 02-01-2023 - 31-12-2025 - Regulier - kvo datum - 13-04-2023;https://www.uitvoeringarbeidsvoorwaardenwetgeving.nl/mozard/!suite92.scherm1007?mObj=36884&mSelod=734633
4056;4056001;01-01-2020;31-12-2020;10-05-2021;cao breedband en telecommunicatie 2020 - getekend.pdf;4056 - BREEDBAND EN TELECOMMUNICATIE - 01-01-2020 - 31-12-2020 - Regulier - kvo datum - 10-05-2021;https://www.uitvoeringarbeidsvoorwaardenwetgeving.nl/mozard/!suite92.scherm1007?mObj=22695&mSelod=734639
4056;4056002;01-01-2021;31-12-2021;10-05-2021;Cao breedband en telecommunicatie 2021 - getekend.pdf;4056 - BREEDBAND EN TELECOMMUNICATIE - 01-01-2021 - 31-12-2021 - Regulier - kvo datum - 10-05-2021;https://www.uitvoeringarbeidsvoorwaardenwetgeving.nl/mozard/!suite92.scherm1007?mObj=22694&mSelod=734639
4056;4056003;01-01-2023;31-12-2023;25-01-2023;Cao breedband en telecommunicatie 2023 - getekend.pdf;4056 - BREEDBAND EN TELECOMMUNICATIE - 01-01-2023 - 31-12-2023 - Regulier - kvo datum - 25-01-2023;https://www.uitvoeringarbeidsvoorwaardenwetgeving.nl/mozard/!suite92.scherm1007?mObj=34244&mSelod=734639
4056;4056004;01-01-2025;31-12-2027;01-09-2025;cao breedband en telecommunicatie 20225-2027 v6 DEF.pdf;4056 - BREEDBAND EN TELECOMMUNICATIE - 01-01-2025 - 31-12-2027 - Regulier - kvo datum - 01-09-2025;https://www.uitvoeringarbeidsvoorwaardenwetgeving.nl/mozard/!suite92.scherm1007?mObj=51263&mSelod=734639
4056;4056005;01-07-2018;31-12-2019;09-05-2019;Cao Breedband en Telecommunicatie 2018-2019 - getekend.pdf .pdf;4056 - BREEDBAND EN TELECOMMUNICATIE - 01-07-2018 - 31-12-2019 - Regulier - kvo datum - 09-05-2019;https://www.uitvoeringarbeidsvoorwaardenwetgeving.nl/mozard/!suite92.scherm1007?mObj=14142&mSelod=734639
3557;3557001;01-04-2013;31-12-2017;05-09-2013;ContinuFlex_cao_versie__2013__2017_versie_sep_2013.pdf;3557 - CONTINU FLEX-CAO - 01-04-2013 - 31-12-2017 - Regulier - kvo datum - 05-09-2013 - TTW;https://www.uitvoeringarbeidsvoorwaardenwetgeving.nl/mozard/!suite92.scherm1007?mObj=11867&mSelod=734848
3557;3557002;01-04-2013;31-12-2017;14-05-2013;ContinuFlex_cao_versie__2013__2017.pdf;3557 - CONTINU FLEX-CAO - 01-04-2013 - 31-12-2017 - Regulier - kvo datum - 14-05-2013;https://www.uitvoeringarbeidsvoorwaardenwetgeving.nl/mozard/!suite92.scherm1007?mObj=11866&mSelod=734848
3557;3557003;01-04-2013;31-12-2017;22-10-2013;ContinuFlex_cao_versie__2013__2017_versie_okt_2013.pdf;3557 - CONTINU FLEX-CAO - 01-04-2013 - 31-12-2017 - Regulier - kvo datum - 22-10-2013 - TTW;https://www.uitvoeringarbeidsvoorwaardenwetgeving.nl/mozard/!suite92.scherm1007?mObj=11868&mSelod=734848
630;630001;01-07-2010;30-06-2014;06-07-2011;contractspelers_2010_2014.pdf;630 - CONTRACTSPELERS BETAALD VOETBAL NEDERLAND - 01-07-2010 - 30-06-2014 - Regulier - kvo datum - 06-07-2011;https://www.uitvoeringarbeidsvoorwaardenwetgeving.nl/mozard/!suite92.scherm1007?mObj=8467&mSelod=734852
630;630002;01-07-2014;30-06-2018;06-10-2014;CAO_contractspelers_seizoen_2014_2018.pdf;630 - CONTRACTSPELERS BETAALD VOETBAL NEDERLAND - 01-07-2014 - 30-06-2018 - Regulier - kvo datum - 06-10-2014;https://www.uitvoeringarbeidsvoorwaardenwetgeving.nl/mozard/!suite92.scherm1007?mObj=8468&mSelod=734852
630;630003;01-07-2017;30-06-2021;05-10-2017;CAO_Contractspelers_Betaald_Voetbal_2017_2021_def.pdf;630 - CONTRACTSPELERS BETAALD VOETBAL NEDERLAND - 01-07-2017 - 30-06-2021 - Regulier - kvo datum - 05-10-2017;https://www.uitvoeringarbeidsvoorwaardenwetgeving.nl/mozard/!suite92.scherm1007?mObj=8469&mSelod=734852
630;630004;01-07-2020;30-06-2023;07-07-2020;CAO Contractspelers Betaald Voetbal 2020-2023 def.docx.pdf;630 - CONTRACTSPELERS BETAALD VOETBAL NEDERLAND - 01-07-2020 - 30-06-2023 - Regulier - kvo datum - 07-07-2020;https://www.uitvoeringarbeidsvoorwaardenwetgeving.nl/mozard/!suite92.scherm1007?mObj=17386&mSelod=734852
630;630005;01-07-2023;30-06-2027;04-09-2023;CAO Contractspelers 2023-2027 (DEF) NL.pdf;630 - CONTRACTSPELERS BETAALD VOETBAL NEDERLAND - 01-07-2023 - 30-06-2027 - Regulier - kvo datum - 04-09-2023;https://www.uitvoeringarbeidsvoorwaardenwetgeving.nl/mozard/!suite92.scherm1007?mObj=38487&mSelod=734852
391;391001;01-01-2011;31-12-2012;18-10-2011;AWVN__477971_v4_CAO_Crematoria_2011_2012.pdf;391 - CREMATORIA zie Uitvaartbranche 3768 - 01-01-2011 - 31-12-2012 - Regulier - kvo datum - 18-10-2011;https://www.uitvoeringarbeidsvoorwaardenwetgeving.nl/mozard/!suite92.scherm1007?mObj=7846&mSelod=734870
391;391002;01-01-2013;30-06-2014;05-07-2013;Crematoria_cao_2013_2014.pdf;391 - CREMATORIA zie Uitvaartbranche 3768 - 01-01-2013 - 30-06-2014 - Regulier - kvo datum - 05-07-2013;https://www.uitvoeringarbeidsvoorwaardenwetgeving.nl/mozard/!suite92.scherm1007?mObj=7847&mSelod=734870
2746;2746001;01-01-2011;31-12-2012;11-05-2011;20110420_cao_leisure_1_0_tekenversie.pdf;2746 - DAGATTRACTIEBEDRIJF CAO - 01-01-2011 - 31-12-2012 - Regulier - kvo datum - 11-05-2011;https://www.uitvoeringarbeidsvoorwaardenwetgeving.nl/mozard/!suite92.scherm1007?mObj=10324&mSelod=734900
2746;2746002;01-01-2013;31-12-2014;09-07-2013;20130702_cao_leisure_2013_2014_def.pdf;2746 - DAGATTRACTIEBEDRIJF CAO - 01-01-2013 - 31-12-2014 - Regulier - kvo datum - 09-07-2013;https://www.uitvoeringarbeidsvoorwaardenwetgeving.nl/mozard/!suite92.scherm1007?mObj=10325&mSelod=734900
2746;2746003;01-01-2013;31-12-2014;24-07-2013;20130702_cao_leisure_2013_2014_nwe_bijl_I.pdf;2746 - DAGATTRACTIEBEDRIJF CAO - 01-01-2013 - 31-12-2014 - Regulier - kvo datum - 24-07-2013 - TTW;https://www.uitvoeringarbeidsvoorwaardenwetgeving.nl/mozard/!suite92.scherm1007?mObj=10326&mSelod=734900
2746;2746004;01-01-2019;31-10-2019;29-01-2019;Dagattractiebedrijf CAO 010119 tot 011119.pdf .pdf;2746 - DAGATTRACTIEBEDRIJF CAO - 01-01-2019 - 31-10-2019 - Regulier - kvo datum - 29-01-2019;https://www.uitvoeringarbeidsvoorwaardenwetgeving.nl/mozard/!suite92.scherm1007?mObj=741&mSelod=734900
2746;2746005;01-07-2016;31-12-2018;30-06-2016;Leisure_CAO_2016_2018_def.pdf;2746 - DAGATTRACTIEBEDRIJF CAO - 01-07-2016 - 31-12-2018 - Regulier - kvo datum - 30-06-2016;https://www.uitvoeringarbeidsvoorwaardenwetgeving.nl/mozard/!suite92.scherm1007?mObj=10328&mSelod=734900
2746;2746006;31-12-2014;30-06-2016;08-01-2015;20141231_cao_leisure_2015_2016_versie_1_0.pdf;2746 - DAGATTRACTIEBEDRIJF CAO - 31-12-2014 - 30-06-2016 - Regulier - kvo datum - 08-01-2015;https://www.uitvoeringarbeidsvoorwaardenwetgeving.nl/mozard/!suite92.scherm1007?mObj=10327&mSelod=734900
249;249001;01-01-2011;21-12-2012;03-07-2012;CAO_DJ_2011_2012__definitief_.pdf;249 - DAGBLADJOURNALISTEN - 01-01-2011 - 21-12-2012 - Regulier - kvo datum - 03-07-2012;https://www.uitvoeringarbeidsvoorwaardenwetgeving.nl/mozard/!suite92.scherm1007?mObj=7370&mSelod=734902
249;249002;01-01-2013;31-12-2013;19-08-2013;CAO_DJ_2013___v1_21__opgemaakt.pdf;249 - DAGBLADJOURNALISTEN - 01-01-2013 - 31-12-2013 - Regulier - kvo datum - 19-08-2013;https://www.uitvoeringarbeidsvoorwaardenwetgeving.nl/mozard/!suite92.scherm1007?mObj=7371&mSelod=734902
249;249003;01-01-2014;31-12-2014;18-12-2014;CAO_DJ_2014.pdf;249 - DAGBLADJOURNALISTEN - 01-01-2014 - 31-12-2014 - Regulier - kvo datum - 18-12-2014;https://www.uitvoeringarbeidsvoorwaardenwetgeving.nl/mozard/!suite92.scherm1007?mObj=7372&mSelod=734902
3203;3203001;01-01-2013;31-12-2013;01-11-2013;Doorlopende_tekst_CAO_DU_2013__1_1__geschoond.pdf;3203 - DAGBLADUITGEVERIJBEDRIJF - 01-01-2013 - 31-12-2013 - Regulier - kvo datum - 01-11-2013;https://www.uitvoeringarbeidsvoorwaardenwetgeving.nl/mozard/!suite92.scherm1007?mObj=11212&mSelod=734904
3203;3203002;01-01-2014;31-12-2014;18-12-2014;CAO_DU_2014.pdf;3203 - DAGBLADUITGEVERIJBEDRIJF - 01-01-2014 - 31-12-2014 - Regulier - kvo datum - 18-12-2014;https://www.uitvoeringarbeidsvoorwaardenwetgeving.nl/mozard/!suite92.scherm1007?mObj=11213&mSelod=734904
3203;3203003;01-02-2010;31-12-2011;17-01-2011;CAO voor het Dagbladuitgeverijbedrijf 2010-2011.pdf;3203 - DAGBLADUITGEVERIJBEDRIJF - 01-02-2010 - 31-12-2011 - Regulier - kvo datum - 17-01-2011;https://www.uitvoeringarbeidsvoorwaardenwetgeving.nl/mozard/!suite92.scherm1007?mObj=11211&mSelod=734904
2451;2451001;01-01-2015;30-06-2016;28-04-2015;CAO_Dagrecreatie_01_jan__2015_30_juni_2016.pdf;2451 - DAGRECREATIE - 01-01-2015 - 30-06-2016 - Regulier - kvo datum - 28-04-2015;https://www.uitvoeringarbeidsvoorwaardenwetgeving.nl/mozard/!suite92.scherm1007?mObj=10694&mSelod=734906
2451;2451002;01-01-2019;31-12-2020;28-08-2019;cao dagrecreatie 1 januari 2019 - 31 december 2020, definitief.docx.pdf;2451 - DAGRECREATIE - 01-01-2019 - 31-12-2020 - Regulier - kvo datum - 28-08-2019;https://www.uitvoeringarbeidsvoorwaardenwetgeving.nl/mozard/!suite92.scherm1007?mObj=14803&mSelod=734906
2451;2451003;01-01-2021;31-12-2021;01-04-2021;cao dagrecreatie 1 januari 2021 - 31 december 2021 definitief.pdf;2451 - DAGRECREATIE - 01-01-2021 - 31-12-2021 - Regulier - kvo datum - 01-04-2021;https://www.uitvoeringarbeidsvoorwaardenwetgeving.nl/mozard/!suite92.scherm1007?mObj=22539&mSelod=734906
2451;2451004;01-01-2022;31-12-2022;08-04-2022;cao dagrecreatie 1 januari 2022 - 31 december 2022, definitief 08042022.pdf;2451 - DAGRECREATIE - 01-01-2022 - 31-12-2022 - Regulier - kvo datum - 08-04-2022;https://www.uitvoeringarbeidsvoorwaardenwetgeving.nl/mozard/!suite92.scherm1007?mObj=29263&mSelod=734906
2451;2451005;01-01-2023;31-12-2023;12-12-2022;cao dagrecreatie 1 januari 2023 - 31 december 2023, definitief.pdf;2451 - DAGRECREATIE - 01-01-2023 - 31-12-2023 - Regulier - kvo datum - 12-12-2022;https://www.uitvoeringarbeidsvoorwaardenwetgeving.nl/mozard/!suite92.scherm1007?mObj=31958&mSelod=734906
2451;2451006;01-01-2024;31-12-2024;14-05-2024;cao dagrecreatie 1 januari 2024 - 31 december 2024, definitief 25042024.pdf;2451 - DAGRECREATIE - 01-01-2024 - 31-12-2024 - Regulier - kvo datum - 14-05-2024;https://www.uitvoeringarbeidsvoorwaardenwetgeving.nl/mozard/!suite92.scherm1007?mObj=42689&mSelod=734906
2451;2451007;01-01-2025;31-12-2025;16-04-2025;cao dagrecreatie 1 januari 2025 - 31 december 2025 definitief 11042025.pdf;2451 - DAGRECREATIE - 01-01-2025 - 31-12-2025 - Regulier - kvo datum - 16-04-2025 - TTW;https://www.uitvoeringarbeidsvoorwaardenwetgeving.nl/mozard/!suite92.scherm1007?mObj=47758&mSelod=734906
2451;2451008;01-01-2025;31-12-2025;17-01-2025;cao dagrecreatie 1 januari 2025 - 31 december 2025 definitief 02122024.pdf;2451 - DAGRECREATIE - 01-01-2025 - 31-12-2025 - Regulier - kvo datum - 17-01-2025;https://www.uitvoeringarbeidsvoorwaardenwetgeving.nl/mozard/!suite92.scherm1007?mObj=46194&mSelod=734906
2451;2451009;01-03-2013;31-12-2014;26-03-2014;CAO_Dagrecreatie_2013_2015.pdf;2451 - DAGRECREATIE - 01-03-2013 - 31-12-2014 - Regulier - kvo datum - 26-03-2014;https://www.uitvoeringarbeidsvoorwaardenwetgeving.nl/mozard/!suite92.scherm1007?mObj=10693&mSelod=734906
2451;2451010;01-07-2016;30-06-2017;08-11-2016;cao_2016_2017_definitief_3_0.pdf;2451 - DAGRECREATIE - 01-07-2016 - 30-06-2017 - Regulier - kvo datum - 08-11-2016 - TTW;https://www.uitvoeringarbeidsvoorwaardenwetgeving.nl/mozard/!suite92.scherm1007?mObj=10697&mSelod=734906
2451;2451011;01-07-2016;30-06-2017;16-08-2016;cao_2016_2017_definitief_2_0.pdf;2451 - DAGRECREATIE - 01-07-2016 - 30-06-2017 - Regulier - kvo datum - 16-08-2016 - TTW;https://www.uitvoeringarbeidsvoorwaardenwetgeving.nl/mozard/!suite92.scherm1007?mObj=10696&mSelod=734906
2451;2451012;01-07-2016;30-06-2017;29-07-2016;cao_2016_2017_definitief.pdf;2451 - DAGRECREATIE - 01-07-2016 - 30-06-2017 - Regulier - kvo datum - 29-07-2016;https://www.uitvoeringarbeidsvoorwaardenwetgeving.nl/mozard/!suite92.scherm1007?mObj=10695&mSelod=734906
2451;2451013;01-07-2017;31-12-2018;21-07-2017;cao_definitief.pdf;2451 - DAGRECREATIE - 01-07-2017 - 31-12-2018 - Regulier - kvo datum - 21-07-2017;https://www.uitvoeringarbeidsvoorwaardenwetgeving.nl/mozard/!suite92.scherm1007?mObj=10698&mSelod=734906
2451;2451014;01-07-2017;31-12-2018;26-09-2017;cao_definitief_sept_2017.pdf;2451 - DAGRECREATIE - 01-07-2017 - 31-12-2018 - Regulier - kvo datum - 26-09-2017 - TTW;https://www.uitvoeringarbeidsvoorwaardenwetgeving.nl/mozard/!suite92.scherm1007?mObj=10699&mSelod=734906
1629;1629001;01-01-2009;31-03-2011;07-01-2011;zwart CAO NPMB-VMN 2009-2011.pdf;1629 - MUZIEKINSTRUMENTEN EN BLADMUZIEK pianostemmers en pianotechnici detailhandel in - 01-01-2009 - 31-03-2011 - Regulier - kvo datum - 07-01-2011;https://www.uitvoeringarbeidsvoorwaardenwetgeving.nl/mozard/!suite92.scherm1007?mObj=9769&mSelod=734960
1629;1629002;01-04-2011;31-10-2013;04-03-2013;CAO_NPMB_VMN_2011_2013_zwart.pdf;1629 - MUZIEKINSTRUMENTEN EN BLADMUZIEK pianostemmers en pianotechnici detailhandel in - 01-04-2011 - 31-10-2013 - Regulier - kvo datum - 04-03-2013;https://www.uitvoeringarbeidsvoorwaardenwetgeving.nl/mozard/!suite92.scherm1007?mObj=9770&mSelod=734960
1629;1629003;01-04-2011;31-10-2013;24-04-2013;CAO_Muzieksinstrument__met_wijz_.pdf;1629 - MUZIEKINSTRUMENTEN EN BLADMUZIEK pianostemmers en pianotechnici detailhandel in - 01-04-2011 - 31-10-2013 - Regulier - kvo datum - 24-04-2013 - TTW;https://www.uitvoeringarbeidsvoorwaardenwetgeving.nl/mozard/!suite92.scherm1007?mObj=9771&mSelod=734960
1629;1629004;01-07-2016;30-06-2017;14-03-2017;CAO_NPMB_VMN_2016_2017_definitief.pdf;1629 - MUZIEKINSTRUMENTEN EN BLADMUZIEK pianostemmers en pianotechnici detailhandel in - 01-07-2016 - 30-06-2017 - Regulier - kvo datum - 14-03-2017;https://www.uitvoeringarbeidsvoorwaardenwetgeving.nl/mozard/!suite92.scherm1007?mObj=9774&mSelod=734960
1629;1629005;01-11-2013;01-07-2015;15-05-2014;SBD_CAO_NPMB_VMN_2013_2015_def_voor_opmaak.pdf;1629 - MUZIEKINSTRUMENTEN EN BLADMUZIEK pianostemmers en pianotechnici detailhandel in - 01-11-2013 - 01-07-2015 - Regulier - kvo datum - 15-05-2014;https://www.uitvoeringarbeidsvoorwaardenwetgeving.nl/mozard/!suite92.scherm1007?mObj=9772&mSelod=734960
1629;1629006;02-07-2015;30-06-2016;02-02-2016;CAO_NPMB_VMN_2015_2016_.pdf;1629 - MUZIEKINSTRUMENTEN EN BLADMUZIEK pianostemmers en pianotechnici detailhandel in - 02-07-2015 - 30-06-2016 - Regulier - kvo datum - 02-02-2016;https://www.uitvoeringarbeidsvoorwaardenwetgeving.nl/mozard/!suite92.scherm1007?mObj=9773&mSelod=734960
1462;1462001;01-01-2009;31-03-2011;07-01-2011;zwart CAO-DIBEVO 2009-2011.pdf;1462 - DIBEVO NPMB-VMN - 01-01-2009 - 31-03-2011 - Regulier - kvo datum - 07-01-2011;https://www.uitvoeringarbeidsvoorwaardenwetgeving.nl/mozard/!suite92.scherm1007?mObj=9254&mSelod=734974
1462;1462002;01-01-2025;31-12-2025;05-03-2025;Cao Dibevo NPMB-VMN 250225.pdf;1462 - DIBEVO NPMB-VMN - 01-01-2025 - 31-12-2025 - Regulier - kvo datum - 05-03-2025;https://www.uitvoeringarbeidsvoorwaardenwetgeving.nl/mozard/!suite92.scherm1007?mObj=47006&mSelod=734974
1462;1462003;01-04-2011;31-10-2013;04-03-2013;CAO_DIBEVO_2011_2013_zwart.pdf;1462 - DIBEVO NPMB-VMN - 01-04-2011 - 31-10-2013 - Regulier - kvo datum - 04-03-2013;https://www.uitvoeringarbeidsvoorwaardenwetgeving.nl/mozard/!suite92.scherm1007?mObj=9255&mSelod=734974
1462;1462004;01-04-2022;31-03-2023;07-03-2022;CAO Dibevo NPMB-VMN 2022 - 2023.pdf;1462 - DIBEVO NPMB-VMN - 01-04-2022 - 31-03-2023 - Regulier - kvo datum - 07-03-2022;https://www.uitvoeringarbeidsvoorwaardenwetgeving.nl/mozard/!suite92.scherm1007?mObj=28098&mSelod=734974
1462;1462005;01-04-2022;31-03-2023;12-04-2022;CAO Dibevo NPMB-VMN 2022 - 2023 ttw Apr20.pdf;1462 - DIBEVO NPMB-VMN - 01-04-2022 - 31-03-2023 - Regulier - kvo datum - 12-04-2022;https://www.uitvoeringarbeidsvoorwaardenwetgeving.nl/mozard/!suite92.scherm1007?mObj=29294&mSelod=734974
1462;1462006;01-04-2023;31-03-2024;11-08-2023;CAO Dibevo NPMB-VMN 2023 - 2024 ttw 9 aug.pdf;1462 - DIBEVO NPMB-VMN - 01-04-2023 - 31-03-2024 - Regulier - kvo datum - 11-08-2023 - TTW;https://www.uitvoeringarbeidsvoorwaardenwetgeving.nl/mozard/!suite92.scherm1007?mObj=38131&mSelod=734974
1462;1462007;01-04-2023;31-03-2024;17-08-2023;CAO Dibevo NPMB-VMN 2023 - 2024 ttw 14 aug.pdf;1462 - DIBEVO NPMB-VMN - 01-04-2023 - 31-03-2024 - Regulier - kvo datum - 17-08-2023;https://www.uitvoeringarbeidsvoorwaardenwetgeving.nl/mozard/!suite92.scherm1007?mObj=38252&mSelod=734974
1462;1462008;01-04-2023;31-03-2024;27-07-2023;CAO Dibevo NPMB-VMN 2023 - 2024.pdf;1462 - DIBEVO NPMB-VMN - 01-04-2023 - 31-03-2024 - Regulier - kvo datum - 27-07-2023;https://www.uitvoeringarbeidsvoorwaardenwetgeving.nl/mozard/!suite92.scherm1007?mObj=37858&mSelod=734974
1462;1462009;01-04-2024;31-12-2024;19-07-2024;CAO Dibevo NPMB-VMN 2024.pdf;1462 - DIBEVO NPMB-VMN - 01-04-2024 - 31-12-2024 - Regulier - kvo datum - 19-07-2024;https://www.uitvoeringarbeidsvoorwaardenwetgeving.nl/mozard/!suite92.scherm1007?mObj=43339&mSelod=734974
1462;1462010;01-07-2016;30-06-2017;09-05-2017;CAO_Dibevo_2016_2017_definitief_ttw_mei17_.pdf;1462 - DIBEVO NPMB-VMN - 01-07-2016 - 30-06-2017 - Regulier - kvo datum - 09-05-2017 - TTW;https://www.uitvoeringarbeidsvoorwaardenwetgeving.nl/mozard/!suite92.scherm1007?mObj=9259&mSelod=734974
1462;1462011;01-07-2016;30-06-2017;28-02-2017;CAO_Dibevo_2016_2017_definitief.pdf;1462 - DIBEVO NPMB-VMN - 01-07-2016 - 30-06-2017 - Regulier - kvo datum - 28-02-2017;https://www.uitvoeringarbeidsvoorwaardenwetgeving.nl/mozard/!suite92.scherm1007?mObj=9258&mSelod=734974
1462;1462012;01-07-2017;30-06-2019;04-10-2018;CAO_Dibevo_NPMB_VMN_2017_2019.pdf;1462 - DIBEVO NPMB-VMN - 01-07-2017 - 30-06-2019 - Regulier - kvo datum - 04-10-2018;https://www.uitvoeringarbeidsvoorwaardenwetgeving.nl/mozard/!suite92.scherm1007?mObj=9260&mSelod=734974
1462;1462013;01-07-2017;30-06-2019;24-10-2018;CAO_Dibevo_NPMB_VMN_2017_2019_ttw.pdf;1462 - DIBEVO NPMB-VMN - 01-07-2017 - 30-06-2019 - Regulier - kvo datum - 24-10-2018 - TTW;https://www.uitvoeringarbeidsvoorwaardenwetgeving.nl/mozard/!suite92.scherm1007?mObj=9261&mSelod=734974
1462;1462014;01-07-2019;30-06-2021;16-01-2020;CAO Dibevo NPMB-VMN 2019 - 2021 ttw2.pdf;1462 - DIBEVO NPMB-VMN - 01-07-2019 - 30-06-2021 - Regulier - kvo datum - 16-01-2020 - TTW;https://www.uitvoeringarbeidsvoorwaardenwetgeving.nl/mozard/!suite92.scherm1007?mObj=15624&mSelod=734974
1462;1462015;01-07-2019;30-06-2021;21-10-2019;CAO Dibevo NPMB-VMN 2019 - 2021 .pdf;1462 - DIBEVO NPMB-VMN - 01-07-2019 - 30-06-2021 - Regulier - kvo datum - 21-10-2019;https://www.uitvoeringarbeidsvoorwaardenwetgeving.nl/mozard/!suite92.scherm1007?mObj=15104&mSelod=734974
1462;1462016;01-07-2021;31-03-2022;28-04-2021;CAO Dibevo NPMB-VMN 2021 - 2022.pdf;1462 - DIBEVO NPMB-VMN - 01-07-2021 - 31-03-2022 - Regulier - kvo datum - 28-04-2021;https://www.uitvoeringarbeidsvoorwaardenwetgeving.nl/mozard/!suite92.scherm1007?mObj=22648&mSelod=734974
1462;1462017;01-11-2013;01-07-2015;20-05-2014;SBD_CAO_Dibevo_2013_2015_def_voor_opmaak.pdf;1462 - DIBEVO NPMB-VMN - 01-11-2013 - 01-07-2015 - Regulier - kvo datum - 20-05-2014;https://www.uitvoeringarbeidsvoorwaardenwetgeving.nl/mozard/!suite92.scherm1007?mObj=9256&mSelod=734974
1462;1462018;02-07-2015;30-06-2016;05-02-2016;CAO_Dibevo_2015_2016_zwarte_tekst.pdf;1462 - DIBEVO NPMB-VMN - 02-07-2015 - 30-06-2016 - Regulier - kvo datum - 05-02-2016;https://www.uitvoeringarbeidsvoorwaardenwetgeving.nl/mozard/!suite92.scherm1007?mObj=9257&mSelod=734974
2674;2674001;01-01-2012;31-12-2012;17-01-2012;Cao_Dierenartspraktijk_2012_zwart.pdf;2674 - DIERENARTSPRAKTIJKEN (dierenartsassistenten) - 01-01-2012 - 31-12-2012 - Regulier - kvo datum - 17-01-2012;https://www.uitvoeringarbeidsvoorwaardenwetgeving.nl/mozard/!suite92.scherm1007?mObj=10858&mSelod=734978
2674;2674002;01-01-2012;31-12-2012;27-03-2012;Cao_Dierenartspraktijk_2012_zwart_1.pdf;2674 - DIERENARTSPRAKTIJKEN (dierenartsassistenten) - 01-01-2012 - 31-12-2012 - Regulier - kvo datum - 27-03-2012 - TTW;https://www.uitvoeringarbeidsvoorwaardenwetgeving.nl/mozard/!suite92.scherm1007?mObj=10859&mSelod=734978
2674;2674003;01-01-2013;31-12-2013;06-03-2013;aanmeldtekst_Cao_Dierenartspraktijk_2013_zwart.pdf;2674 - DIERENARTSPRAKTIJKEN (dierenartsassistenten) - 01-01-2013 - 31-12-2013 - Regulier - kvo datum - 06-03-2013;https://www.uitvoeringarbeidsvoorwaardenwetgeving.nl/mozard/!suite92.scherm1007?mObj=10860&mSelod=734978
2674;2674004;01-01-2013;31-12-2013;24-05-2013;aanmeldtekst_II_Cao_Dierenartspraktijk_2013_zwart.pdf;2674 - DIERENARTSPRAKTIJKEN (dierenartsassistenten) - 01-01-2013 - 31-12-2013 - Regulier - kvo datum - 24-05-2013 - TTW;https://www.uitvoeringarbeidsvoorwaardenwetgeving.nl/mozard/!suite92.scherm1007?mObj=10861&mSelod=734978
2674;2674005;01-01-2014;31-12-2014;20-01-2014;aanmeldtekst_2014_SZW_zwart.pdf;2674 - DIERENARTSPRAKTIJKEN (dierenartsassistenten) - 01-01-2014 - 31-12-2014 - Regulier - kvo datum - 20-01-2014;https://www.uitvoeringarbeidsvoorwaardenwetgeving.nl/mozard/!suite92.scherm1007?mObj=10862&mSelod=734978
2674;2674006;01-01-2015;31-12-2015;03-06-2015;definitief_aanmeldtekst_2015_zwart_versie_iii.pdf;2674 - DIERENARTSPRAKTIJKEN (dierenartsassistenten) - 01-01-2015 - 31-12-2015 - Regulier - kvo datum - 03-06-2015 - TTW;https://www.uitvoeringarbeidsvoorwaardenwetgeving.nl/mozard/!suite92.scherm1007?mObj=10865&mSelod=734978
2674;2674007;01-01-2015;31-12-2015;11-02-2015;aanmeldtekst_2015_zwart_versie_ii.pdf;2674 - DIERENARTSPRAKTIJKEN (dierenartsassistenten) - 01-01-2015 - 31-12-2015 - Regulier - kvo datum - 11-02-2015 - TTW;https://www.uitvoeringarbeidsvoorwaardenwetgeving.nl/mozard/!suite92.scherm1007?mObj=10864&mSelod=734978
2674;2674008;01-01-2015;31-12-2015;29-01-2015;definitief_aanmeldtekst_2015_zwart.pdf;2674 - DIERENARTSPRAKTIJKEN (dierenartsassistenten) - 01-01-2015 - 31-12-2015 - Regulier - kvo datum - 29-01-2015;https://www.uitvoeringarbeidsvoorwaardenwetgeving.nl/mozard/!suite92.scherm1007?mObj=10863&mSelod=734978
2674;2674009;01-01-2016;31-12-2017;01-04-2016;ttw_aanmelding_dierenartsassistenten_zwart.pdf;2674 - DIERENARTSPRAKTIJKEN (dierenartsassistenten) - 01-01-2016 - 31-12-2017 - Regulier - kvo datum - 01-04-2016 - TTW;https://www.uitvoeringarbeidsvoorwaardenwetgeving.nl/mozard/!suite92.scherm1007?mObj=10629&mSelod=734978
2674;2674010;01-01-2016;31-12-2017;13-01-2016;cao_Dierenartspraktijken_2016_2017_Assistenten.pdf;2674 - DIERENARTSPRAKTIJKEN (dierenartsassistenten) - 01-01-2016 - 31-12-2017 - Regulier - kvo datum - 13-01-2016;https://www.uitvoeringarbeidsvoorwaardenwetgeving.nl/mozard/!suite92.scherm1007?mObj=10628&mSelod=734978
2674;2674011;01-01-2018;31-12-2019;04-01-2018;cao_Dierenartspraktijken__assistenten__2018_2019.pdf;2674 - DIERENARTSPRAKTIJKEN (dierenartsassistenten) - 01-01-2018 - 31-12-2019 - Regulier - kvo datum - 04-01-2018;https://www.uitvoeringarbeidsvoorwaardenwetgeving.nl/mozard/!suite92.scherm1007?mObj=10630&mSelod=734978
2674;2674012;01-01-2020;31-12-2020;27-01-2020;Dierenartsassistenten 2020.pdf;2674 - DIERENARTSPRAKTIJKEN (dierenartsassistenten) - 01-01-2020 - 31-12-2020 - Regulier - kvo datum - 27-01-2020;https://www.uitvoeringarbeidsvoorwaardenwetgeving.nl/mozard/!suite92.scherm1007?mObj=15674&mSelod=734978
3817;3817001;01-01-2016;31-12-2016;29-01-2016;cao_Dierenartspraktijken__dierenartsen_v2_.pdf;3817 - DIERENARTSPRAKTIJKEN (dierenartsen in loondienst) - 01-01-2016 - 31-12-2016 - Regulier - kvo datum - 29-01-2016 - TTW;https://www.uitvoeringarbeidsvoorwaardenwetgeving.nl/mozard/!suite92.scherm1007?mObj=12559&mSelod=734980
3817;3817002;01-01-2017;31-12-2017;01-02-2017;cao_Dierenartspraktijken_2017__dierenartsen__zwart.pdf;3817 - DIERENARTSPRAKTIJKEN (dierenartsen in loondienst) - 01-01-2017 - 31-12-2017 - Regulier - kvo datum - 01-02-2017;https://www.uitvoeringarbeidsvoorwaardenwetgeving.nl/mozard/!suite92.scherm1007?mObj=12560&mSelod=734980
3817;3817003;01-01-2018;31-12-2018;20-06-2018;cao_dierenartsen_2018_.pdf;3817 - DIERENARTSPRAKTIJKEN (dierenartsen in loondienst) - 01-01-2018 - 31-12-2018 - Regulier - kvo datum - 20-06-2018;https://www.uitvoeringarbeidsvoorwaardenwetgeving.nl/mozard/!suite92.scherm1007?mObj=12561&mSelod=734980
3817;3817004;01-01-2019;31-12-2019;07-03-2019;dierenartsen in loondienst 2019.pdf .pdf;3817 - DIERENARTSPRAKTIJKEN (dierenartsen in loondienst) - 01-01-2019 - 31-12-2019 - Regulier - kvo datum - 07-03-2019;https://www.uitvoeringarbeidsvoorwaardenwetgeving.nl/mozard/!suite92.scherm1007?mObj=921&mSelod=734980
3817;3817005;01-01-2020;31-12-2020;16-01-2020;dierenartsen in loondienst 2020.docx.pdf;3817 - DIERENARTSPRAKTIJKEN (dierenartsen in loondienst) - 01-01-2020 - 31-12-2020 - Regulier - kvo datum - 16-01-2020;https://www.uitvoeringarbeidsvoorwaardenwetgeving.nl/mozard/!suite92.scherm1007?mObj=15623&mSelod=734980
3972;3972001;01-01-2022;31-12-2023;12-04-2022;Dierentuin CAO 1-1-2022 t-m 31-12-2023.pdf;3972 - DIERENTUIN - 01-01-2022 - 31-12-2023 - Regulier - kvo datum - 12-04-2022;https://www.uitvoeringarbeidsvoorwaardenwetgeving.nl/mozard/!suite92.scherm1007?mObj=29292&mSelod=734998
3972;3972002;01-01-2022;31-12-2023;29-09-2023;CAO Dierentuin 2022-2023 met wijzigingen niet zichtbaar.pdf;3972 - DIERENTUIN - 01-01-2022 - 31-12-2023 - Regulier - kvo datum - 29-09-2023;https://www.uitvoeringarbeidsvoorwaardenwetgeving.nl/mozard/!suite92.scherm1007?mObj=38879&mSelod=734998
3972;3972003;01-01-2024;31-12-2024;05-12-2023;CAO Dierentuin 2024.pdf;3972 - DIERENTUIN - 01-01-2024 - 31-12-2024 - Regulier - kvo datum - 05-12-2023;https://www.uitvoeringarbeidsvoorwaardenwetgeving.nl/mozard/!suite92.scherm1007?mObj=40350&mSelod=734998
3972;3972004;01-01-2025;31-12-2026;08-01-2025;20250108 Dierentuin cao 2025-2026 (schone tekst).pdf;3972 - DIERENTUIN - 01-01-2025 - 31-12-2026 - Regulier - kvo datum - 08-01-2025;https://www.uitvoeringarbeidsvoorwaardenwetgeving.nl/mozard/!suite92.scherm1007?mObj=46012&mSelod=734998
3972;3972005;01-08-2021;31-12-2021;11-06-2021;Defintieve tekst Dierentuin CAO voorheen Leisure CAO 010821 tot 010122.pdf;3972 - DIERENTUIN - 01-08-2021 - 31-12-2021 - Regulier - kvo datum - 11-06-2021;https://www.uitvoeringarbeidsvoorwaardenwetgeving.nl/mozard/!suite92.scherm1007?mObj=22834&mSelod=734998
3972;3972006;01-07-2016;31-12-2018;21-03-2018;Leisure_CAO_2016_2018_NW.pdf;3972 - LEISURE CAO (Voorheen cao 2746 Dagattractiebedrijf ) - 01-07-2016 - 31-12-2018 - Regulier - kvo datum - 21-03-2018;https://www.uitvoeringarbeidsvoorwaardenwetgeving.nl/mozard/!suite92.scherm1007?mObj=12320&mSelod=734998
3972;3972007;01-11-2019;31-10-2020;13-07-2020;Defintieve tekst Leisure CAO 011119 tot 011120.pdf;3972 - LEISURE CAO (Voorheen cao 2746 Dagattractiebedrijf ) - 01-11-2019 - 31-10-2020 - Regulier - kvo datum - 13-07-2020;https://www.uitvoeringarbeidsvoorwaardenwetgeving.nl/mozard/!suite92.scherm1007?mObj=17786&mSelod=734998
3972;3972008;01-11-2020;31-07-2021;20-11-2020;Defintieve tekst Leisure CAO 011120 tot 010821.pdf;3972 - LEISURE CAO (Voorheen cao 2746 Dagattractiebedrijf ) - 01-11-2020 - 31-07-2021 - Regulier - kvo datum - 20-11-2020;https://www.uitvoeringarbeidsvoorwaardenwetgeving.nl/mozard/!suite92.scherm1007?mObj=20659&mSelod=734998
190;190001;01-01-2012;31-12-2012;20-04-2012;Drankindustrie_cao_2012_definitieve_versie.pdf;190 - DRANKINDUSTRIE EN GROOTHANDEL IN DRANKEN - 01-01-2012 - 31-12-2012 - Regulier - kvo datum - 20-04-2012;https://www.uitvoeringarbeidsvoorwaardenwetgeving.nl/mozard/!suite92.scherm1007?mObj=7237&mSelod=735053
190;190002;01-01-2013;31-12-2013;12-06-2013;CAO_Drankindustrie_2013_definitief.pdf;190 - DRANKINDUSTRIE EN GROOTHANDEL IN DRANKEN - 01-01-2013 - 31-12-2013 - Regulier - kvo datum - 12-06-2013;https://www.uitvoeringarbeidsvoorwaardenwetgeving.nl/mozard/!suite92.scherm1007?mObj=7238&mSelod=735053
190;190003;01-01-2014;31-12-2014;02-10-2014;Drankindustrie_cao_tekst_2014.pdf;190 - DRANKINDUSTRIE EN GROOTHANDEL IN DRANKEN - 01-01-2014 - 31-12-2014 - Regulier - kvo datum - 02-10-2014;https://www.uitvoeringarbeidsvoorwaardenwetgeving.nl/mozard/!suite92.scherm1007?mObj=7239&mSelod=735053
190;190004;01-01-2015;31-12-2015;06-05-2015;Drankindustrie_cao_2015_definitief.pdf;190 - DRANKINDUSTRIE EN GROOTHANDEL IN DRANKEN - 01-01-2015 - 31-12-2015 - Regulier - kvo datum - 06-05-2015;https://www.uitvoeringarbeidsvoorwaardenwetgeving.nl/mozard/!suite92.scherm1007?mObj=7240&mSelod=735053
190;190005;01-01-2015;31-12-2015;24-09-2015;Drankindustrie_cao_2015_definitief_1.pdf;190 - DRANKINDUSTRIE EN GROOTHANDEL IN DRANKEN - 01-01-2015 - 31-12-2015 - Regulier - kvo datum - 24-09-2015 - TTW;https://www.uitvoeringarbeidsvoorwaardenwetgeving.nl/mozard/!suite92.scherm1007?mObj=7241&mSelod=735053
190;190006;01-01-2015;31-12-2015;29-09-2015;cao_ttw_2015_drankindustrie_Def.pdf;190 - DRANKINDUSTRIE EN GROOTHANDEL IN DRANKEN - 01-01-2015 - 31-12-2015 - Regulier - kvo datum - 29-09-2015 - TTW;https://www.uitvoeringarbeidsvoorwaardenwetgeving.nl/mozard/!suite92.scherm1007?mObj=7242&mSelod=735053
190;190007;01-01-2016;31-12-2017;05-01-2016;Drankindustrie_cao_2016_2017_Def.pdf;190 - DRANKINDUSTRIE EN GROOTHANDEL IN DRANKEN - 01-01-2016 - 31-12-2017 - Regulier - kvo datum - 05-01-2016;https://www.uitvoeringarbeidsvoorwaardenwetgeving.nl/mozard/!suite92.scherm1007?mObj=7243&mSelod=735053
190;190008;01-01-2016;31-12-2017;14-06-2016;Drankindustrie_cao_2016_2017_Def_23_juni_2016.pdf;190 - DRANKINDUSTRIE EN GROOTHANDEL IN DRANKEN - 01-01-2016 - 31-12-2017 - Regulier - kvo datum - 14-06-2016 - TTW;https://www.uitvoeringarbeidsvoorwaardenwetgeving.nl/mozard/!suite92.scherm1007?mObj=7244&mSelod=735053
190;190009;01-01-2019;31-12-2020;28-02-2020;Drankindustrie 2019-2021 .docx.pdf;190 - DRANKINDUSTRIE EN GROOTHANDEL IN DRANKEN - 01-01-2019 - 31-12-2020 - Regulier - kvo datum - 28-02-2020;https://www.uitvoeringarbeidsvoorwaardenwetgeving.nl/mozard/!suite92.scherm1007?mObj=15856&mSelod=735053
190;190010;01-01-2022;31-12-2022;14-11-2022;Cao 2022 drankindustrie definitief.pdf;190 - DRANKINDUSTRIE EN GROOTHANDEL IN DRANKEN - 01-01-2022 - 31-12-2022 - Regulier - kvo datum - 14-11-2022;https://www.uitvoeringarbeidsvoorwaardenwetgeving.nl/mozard/!suite92.scherm1007?mObj=31730&mSelod=735053
190;190011;01-01-2023;31-12-2023;05-06-2023;drankindustrie 2023 def.pdf;190 - DRANKINDUSTRIE EN GROOTHANDEL IN DRANKEN - 01-01-2023 - 31-12-2023 - Regulier - kvo datum - 05-06-2023;https://www.uitvoeringarbeidsvoorwaardenwetgeving.nl/mozard/!suite92.scherm1007?mObj=37125&mSelod=735053
190;190012;01-01-2023;31-12-2023;22-09-2023;Drankenindustrie cao 2023 ttw.pdf;190 - DRANKINDUSTRIE EN GROOTHANDEL IN DRANKEN - 01-01-2023 - 31-12-2023 - Regulier - kvo datum - 22-09-2023;https://www.uitvoeringarbeidsvoorwaardenwetgeving.nl/mozard/!suite92.scherm1007?mObj=38734&mSelod=735053
190;190013;01-01-2024;30-06-2025;23-05-2024;cao 2024-2025 16-5-2024.pdf;190 - DRANKINDUSTRIE EN GROOTHANDEL IN DRANKEN - 01-01-2024 - 30-06-2025 - Regulier - kvo datum - 23-05-2024;https://www.uitvoeringarbeidsvoorwaardenwetgeving.nl/mozard/!suite92.scherm1007?mObj=42766&mSelod=735053
190;190014;01-07-2010;30-06-2011;16-12-2010;Drankindustrie_Def_CAO_2010-2011.pdf;190 - DRANKINDUSTRIE EN GROOTHANDEL IN DRANKEN - 01-07-2010 - 30-06-2011 - Regulier - kvo datum - 16-12-2010;https://www.uitvoeringarbeidsvoorwaardenwetgeving.nl/mozard/!suite92.scherm1007?mObj=7235&mSelod=735053
190;190015;01-07-2011;31-12-2011;16-08-2011;AWVN_Definitieve_Dranken_CAO_2011.pdf;190 - DRANKINDUSTRIE EN GROOTHANDEL IN DRANKEN - 01-07-2011 - 31-12-2011 - Regulier - kvo datum - 16-08-2011;https://www.uitvoeringarbeidsvoorwaardenwetgeving.nl/mozard/!suite92.scherm1007?mObj=7236&mSelod=735053
4236;4236001;01-05-2025;30-06-2028;13-05-2025;cao E-commerce Nederland 2025.pdf;4236 - E-COMMERCE NEDERLAND - 01-05-2025 - 30-06-2028 - Regulier - kvo datum - 13-05-2025;https://www.uitvoeringarbeidsvoorwaardenwetgeving.nl/mozard/!suite92.scherm1007?mObj=48083&mSelod=735115
4236;4236002;10-12-2021;30-04-2025;14-12-2021;2021 12 10 cao E-commerce Nederland inlcuis werkingssfeer incluis salaristabel.d.pdf;4236 - E-COMMERCE NEDERLAND - 10-12-2021 - 30-04-2025 - Regulier - kvo datum - 14-12-2021;https://www.uitvoeringarbeidsvoorwaardenwetgeving.nl/mozard/!suite92.scherm1007?mObj=24572&mSelod=735115
4236;4236003;10-12-2021;30-04-2025;28-01-2022;20220126 cao E-commerce Nederland v2.pdf;4236 - E-COMMERCE NEDERLAND - 10-12-2021 - 30-04-2025 - Regulier - kvo datum - 28-01-2022;https://www.uitvoeringarbeidsvoorwaardenwetgeving.nl/mozard/!suite92.scherm1007?mObj=26480&mSelod=735115
1608;1608001;01-01-2017;31-12-2018;23-11-2017;20171122_tekst_arbeidsvoorwaarden.pdf;1608 - EIEREN EN EIPRODUCTEN EN DE EIPRODUCTENINDUSTRIE, GROOTHANDEL IN - 01-01-2017 - 31-12-2018 - Regulier - kvo datum - 23-11-2017 - TTW;https://www.uitvoeringarbeidsvoorwaardenwetgeving.nl/mozard/!suite92.scherm1007?mObj=9734&mSelod=735137
1608;1608002;01-01-2017;31-12-2018;26-06-2017;20170515_CAO_groothandel_eieren_eiproducten.pdf;1608 - EIEREN EN EIPRODUCTEN EN DE EIPRODUCTENINDUSTRIE, GROOTHANDEL IN - 01-01-2017 - 31-12-2018 - Regulier - kvo datum - 26-06-2017;https://www.uitvoeringarbeidsvoorwaardenwetgeving.nl/mozard/!suite92.scherm1007?mObj=9733&mSelod=735137
1608;1608003;01-01-2021;31-12-2022;24-02-2021;20201124 tekst arbeidsvoorwaarden def.doc.pdf;1608 - EIEREN EN EIPRODUCTEN EN DE EIPRODUCTENINDUSTRIE, GROOTHANDEL IN - 01-01-2021 - 31-12-2022 - Regulier - kvo datum - 24-02-2021;https://www.uitvoeringarbeidsvoorwaardenwetgeving.nl/mozard/!suite92.scherm1007?mObj=22033&mSelod=735137
1608;1608004;01-01-2023;31-12-2023;05-01-2023;20230104 tekst arbeidsvoorwaarden def.pdf;1608 - EIEREN EN EIPRODUCTEN EN DE EIPRODUCTENINDUSTRIE, GROOTHANDEL IN - 01-01-2023 - 31-12-2023 - Regulier - kvo datum - 05-01-2023;https://www.uitvoeringarbeidsvoorwaardenwetgeving.nl/mozard/!suite92.scherm1007?mObj=33345&mSelod=735137
1608;1608005;01-01-2023;31-12-2023;13-07-2023;20230209 tekst arbeidsvoorwaarden def_ AANGEPAST.doc.pdf;1608 - EIEREN EN EIPRODUCTEN EN DE EIPRODUCTENINDUSTRIE, GROOTHANDEL IN - 01-01-2023 - 31-12-2023 - Regulier - kvo datum - 13-07-2023;https://www.uitvoeringarbeidsvoorwaardenwetgeving.nl/mozard/!suite92.scherm1007?mObj=37564&mSelod=735137
1608;1608006;01-01-2024;31-12-2024;17-01-2024;20231212 tekst arbeidsvoorwaarden definitief.pdf;1608 - EIEREN EN EIPRODUCTEN EN DE EIPRODUCTENINDUSTRIE, GROOTHANDEL IN - 01-01-2024 - 31-12-2024 - Regulier - kvo datum - 17-01-2024;https://www.uitvoeringarbeidsvoorwaardenwetgeving.nl/mozard/!suite92.scherm1007?mObj=41291&mSelod=735137
1608;1608007;01-01-2024;31-12-2024;21-03-2024;20240222 tekst arbeidsvoorwaarden definitief aangepast.pdf;1608 - EIEREN EN EIPRODUCTEN EN DE EIPRODUCTENINDUSTRIE, GROOTHANDEL IN - 01-01-2024 - 31-12-2024 - Regulier - kvo datum - 21-03-2024 - TTW;https://www.uitvoeringarbeidsvoorwaardenwetgeving.nl/mozard/!suite92.scherm1007?mObj=42215&mSelod=735137
1608;1608008;01-01-2025;31-12-2025;19-06-2025;250618 tekst arbeidsvoorwaarden aanpassingen DEF incl loon tabel 2025 zonder handtekening zonder markeringen.pdf;1608 - EIEREN EN EIPRODUCTEN EN DE EIPRODUCTENINDUSTRIE, GROOTHANDEL IN - 01-01-2025 - 31-12-2025 - Regulier - kvo datum - 19-06-2025 - TTW;https://www.uitvoeringarbeidsvoorwaardenwetgeving.nl/mozard/!suite92.scherm1007?mObj=48746&mSelod=735137
1608;1608009;01-01-2025;31-12-2025;27-02-2025;250226 tekst arbeidsvoorwaarden aanpassingen DEF.pdf;1608 - EIEREN EN EIPRODUCTEN EN DE EIPRODUCTENINDUSTRIE, GROOTHANDEL IN - 01-01-2025 - 31-12-2025 - Regulier - kvo datum - 27-02-2025;https://www.uitvoeringarbeidsvoorwaardenwetgeving.nl/mozard/!suite92.scherm1007?mObj=46888&mSelod=735137
1608;1608010;01-02-2019;31-12-2020;02-12-2019;20191128 Def tekst arbeidsvoorwaarden incl. gerenvooieerd.pdf;1608 - EIEREN EN EIPRODUCTEN EN DE EIPRODUCTENINDUSTRIE, GROOTHANDEL IN - 01-02-2019 - 31-12-2020 - Regulier - kvo datum - 02-12-2019 - TTW;https://www.uitvoeringarbeidsvoorwaardenwetgeving.nl/mozard/!suite92.scherm1007?mObj=15366&mSelod=735137
1608;1608011;01-02-2019;31-12-2020;15-08-2019;20190813 Def tekst arbeidsvoorwaarden.pdf;1608 - EIEREN EN EIPRODUCTEN EN DE EIPRODUCTENINDUSTRIE, GROOTHANDEL IN - 01-02-2019 - 31-12-2020 - Regulier - kvo datum - 15-08-2019;https://www.uitvoeringarbeidsvoorwaardenwetgeving.nl/mozard/!suite92.scherm1007?mObj=14775&mSelod=735137
1608;1608012;01-04-2010;30-06-2012;03-12-2010;CAO arbeidsvoorwaarden 2010-2012.pdf;1608 - EIEREN EN EIPRODUCTEN EN DE EIPRODUCTENINDUSTRIE, GROOTHANDEL IN - 01-04-2010 - 30-06-2012 - Regulier - kvo datum - 03-12-2010;https://www.uitvoeringarbeidsvoorwaardenwetgeving.nl/mozard/!suite92.scherm1007?mObj=9732&mSelod=735137
1424;1424001;01-01-2018;30-06-2018;06-07-2018;Cao_KTb__2018.pdf;1424 - ENERGIE- EN NUTSBEDRIJVEN KABEL EN TELECOM SECTOR CAO - 01-01-2018 - 30-06-2018 - Regulier - kvo datum - 06-07-2018;https://www.uitvoeringarbeidsvoorwaardenwetgeving.nl/mozard/!suite92.scherm1007?mObj=9231&mSelod=735175
1424;1424002;01-04-2011;01-04-2012;03-08-2011;CAO_K_T_2011___2012_getekend.pdf;1424 - ENERGIE- EN NUTSBEDRIJVEN KABEL EN TELECOM SECTOR CAO - 01-04-2011 - 01-04-2012 - Regulier - kvo datum - 03-08-2011;https://www.uitvoeringarbeidsvoorwaardenwetgeving.nl/mozard/!suite92.scherm1007?mObj=9226&mSelod=735175
1424;1424003;01-04-2011;01-04-2012;03-10-2011;CAO_Kabel__Telecom_2011_2012.pdf;1424 - ENERGIE- EN NUTSBEDRIJVEN KABEL EN TELECOM SECTOR CAO - 01-04-2011 - 01-04-2012 - Regulier - kvo datum - 03-10-2011 - TTW;https://www.uitvoeringarbeidsvoorwaardenwetgeving.nl/mozard/!suite92.scherm1007?mObj=9227&mSelod=735175
1424;1424004;01-04-2012;01-04-2014;15-01-2013;CAO_K_en_T_2012_2014.pdf;1424 - ENERGIE- EN NUTSBEDRIJVEN KABEL EN TELECOM SECTOR CAO - 01-04-2012 - 01-04-2014 - Regulier - kvo datum - 15-01-2013;https://www.uitvoeringarbeidsvoorwaardenwetgeving.nl/mozard/!suite92.scherm1007?mObj=9228&mSelod=735175
1424;1424005;01-04-2014;31-03-2016;23-09-2014;CAO_Kabel_Telecom_2014_versie_sep_def_en_ondert.pdf;1424 - ENERGIE- EN NUTSBEDRIJVEN KABEL EN TELECOM SECTOR CAO - 01-04-2014 - 31-03-2016 - Regulier - kvo datum - 23-09-2014;https://www.uitvoeringarbeidsvoorwaardenwetgeving.nl/mozard/!suite92.scherm1007?mObj=9229&mSelod=735175
1424;1424006;01-04-2016;31-12-2017;14-06-2016;CAO_Kabel_Telecom_2016_2017.pdf;1424 - ENERGIE- EN NUTSBEDRIJVEN KABEL EN TELECOM SECTOR CAO - 01-04-2016 - 31-12-2017 - Regulier - kvo datum - 14-06-2016;https://www.uitvoeringarbeidsvoorwaardenwetgeving.nl/mozard/!suite92.scherm1007?mObj=9230&mSelod=735175
2519;2519001;01-05-2011;30-04-2013;19-10-2012;CA_EPZ_getekend.pdf;2519 - EPZ CAO - 01-05-2011 - 30-04-2013 - Regulier - kvo datum - 19-10-2012;https://www.uitvoeringarbeidsvoorwaardenwetgeving.nl/mozard/!suite92.scherm1007?mObj=10756&mSelod=735185
2519;2519002;01-05-2011;30-04-2013;20-12-2011;CAO_EPZ_getekend_2011_2013_intranet.pdf;2519 - EPZ CAO - 01-05-2011 - 30-04-2013 - Regulier - kvo datum - 20-12-2011;https://www.uitvoeringarbeidsvoorwaardenwetgeving.nl/mozard/!suite92.scherm1007?mObj=10755&mSelod=735185
2519;2519003;01-05-2013;30-04-2015;28-04-2015;CAO_EPZ_2013___2015_getekend_CNV_VMHP_N.pdf;2519 - EPZ CAO - 01-05-2013 - 30-04-2015 - Regulier - kvo datum - 28-04-2015;https://www.uitvoeringarbeidsvoorwaardenwetgeving.nl/mozard/!suite92.scherm1007?mObj=10757&mSelod=735185
3221;3221001;01-07-2010;30-06-2012;03-03-2011;cao VEHB 3221 ttw.pdf;3221 - EVENEMENTEN- EN HORECABEVEILIGERS VEHB - 01-07-2010 - 30-06-2012 - Regulier - kvo datum - 03-03-2011 - TTW;https://www.uitvoeringarbeidsvoorwaardenwetgeving.nl/mozard/!suite92.scherm1007?mObj=10882&mSelod=735244
3854;3854001;01-01-2024;30-06-2025;04-01-2024;cao FSGIL deel A en B 2024-2025_dec_2023.pdf;3854 - FOODSERVICE EN DE GROOTHANDEL IN LEVENSMIDDELEN (FSGIL) - 01-01-2024 - 30-06-2025 - Regulier - kvo datum - 04-01-2024;https://www.uitvoeringarbeidsvoorwaardenwetgeving.nl/mozard/!suite92.scherm1007?mObj=41013&mSelod=735302
3854;3854002;01-01-2024;30-06-2025;12-01-2024;cao GIL_2024-2025_jan_2024.pdf;3854 - FOODSERVICE EN DE GROOTHANDEL IN LEVENSMIDDELEN (FSGIL) - 01-01-2024 - 30-06-2025 - Regulier - kvo datum - 12-01-2024;https://www.uitvoeringarbeidsvoorwaardenwetgeving.nl/mozard/!suite92.scherm1007?mObj=41196&mSelod=735302
3854;3854003;01-01-2024;30-06-2025;17-01-2025;cao FSGIL deel A en B 2024-2025 geschoond januari 2025.pdf;3854 - FOODSERVICE EN DE GROOTHANDEL IN LEVENSMIDDELEN (FSGIL) - 01-01-2024 - 30-06-2025 - Regulier - kvo datum - 17-01-2025 - TTW;https://www.uitvoeringarbeidsvoorwaardenwetgeving.nl/mozard/!suite92.scherm1007?mObj=46197&mSelod=735302
3854;3854004;01-01-2024;30-06-2025;24-10-2024;cao GIL_2024-2025_okt_2024.pdf;3854 - FOODSERVICE EN DE GROOTHANDEL IN LEVENSMIDDELEN (FSGIL) - 01-01-2024 - 30-06-2025 - Regulier - kvo datum - 24-10-2024 - TTW;https://www.uitvoeringarbeidsvoorwaardenwetgeving.nl/mozard/!suite92.scherm1007?mObj=44304&mSelod=735302
3854;3854005;01-07-2017;30-06-2019;21-02-2018;CAO_FSGIL_2017_2019_definitief_schone_versie.pdf;3854 - FOODSERVICE EN DE GROOTHANDEL IN LEVENSMIDDELEN (FSGIL) - 01-07-2017 - 30-06-2019 - Regulier - kvo datum - 21-02-2018;https://www.uitvoeringarbeidsvoorwaardenwetgeving.nl/mozard/!suite92.scherm1007?mObj=12608&mSelod=735302
3854;3854006;01-07-2019;30-06-2020;30-03-2020;mantel cao FSGL 2019-2020.docx.pdf;3854 - FOODSERVICE EN DE GROOTHANDEL IN LEVENSMIDDELEN (FSGIL) - 01-07-2019 - 30-06-2020 - Regulier - kvo datum - 30-03-2020;https://www.uitvoeringarbeidsvoorwaardenwetgeving.nl/mozard/!suite92.scherm1007?mObj=16086&mSelod=735302
3854;3854007;01-07-2020;30-06-2022;01-12-2021;hele tekst mantel cao FSGL 2020-2022 schone versie.pdf;3854 - FOODSERVICE EN DE GROOTHANDEL IN LEVENSMIDDELEN (FSGIL) - 01-07-2020 - 30-06-2022 - Regulier - kvo datum - 01-12-2021;https://www.uitvoeringarbeidsvoorwaardenwetgeving.nl/mozard/!suite92.scherm1007?mObj=24310&mSelod=735302
3854;3854008;01-07-2020;30-06-2022;09-12-2021;hele tekst mantel cao FSGL 2020-2022 schone versie_1.pdf;3854 - FOODSERVICE EN DE GROOTHANDEL IN LEVENSMIDDELEN (FSGIL) - 01-07-2020 - 30-06-2022 - Regulier - kvo datum - 09-12-2021;https://www.uitvoeringarbeidsvoorwaardenwetgeving.nl/mozard/!suite92.scherm1007?mObj=24509&mSelod=735302
3854;3854009;01-07-2020;30-06-2022;23-12-2021;hele tekst mantel cao FSGL 2020-2022 schone versie_2.pdf;3854 - FOODSERVICE EN DE GROOTHANDEL IN LEVENSMIDDELEN (FSGIL) - 01-07-2020 - 30-06-2022 - Regulier - kvo datum - 23-12-2021;https://www.uitvoeringarbeidsvoorwaardenwetgeving.nl/mozard/!suite92.scherm1007?mObj=24877&mSelod=735302
3854;3854010;01-07-2022;29-02-2024;07-04-2023;hele tekst mantel cao FSGL 2022-2023 maart 23 wijzigingen geaccepteerd.pdf;3854 - FOODSERVICE EN DE GROOTHANDEL IN LEVENSMIDDELEN (FSGIL) - 01-07-2022 - 29-02-2024 - Regulier - kvo datum - 07-04-2023;https://www.uitvoeringarbeidsvoorwaardenwetgeving.nl/mozard/!suite92.scherm1007?mObj=36832&mSelod=735302
3854;3854011;01-07-2022;29-02-2024;12-09-2022;hele tekst mantel cao FSGL 2022-2023 def.pdf;3854 - FOODSERVICE EN DE GROOTHANDEL IN LEVENSMIDDELEN (FSGIL) - 01-07-2022 - 29-02-2024 - Regulier - kvo datum - 12-09-2022;https://www.uitvoeringarbeidsvoorwaardenwetgeving.nl/mozard/!suite92.scherm1007?mObj=31232&mSelod=735302
3854;3854012;01-07-2022;29-02-2024;30-12-2022;hele tekst mantel cao FSGL 2022-2023 dec 22.pdf;3854 - FOODSERVICE EN DE GROOTHANDEL IN LEVENSMIDDELEN (FSGIL) - 01-07-2022 - 29-02-2024 - Regulier - kvo datum - 30-12-2022;https://www.uitvoeringarbeidsvoorwaardenwetgeving.nl/mozard/!suite92.scherm1007?mObj=32923&mSelod=735302
279;279001;01-01-2011;30-06-2013;08-02-2011;CAOavSFG.pdf;279 - GEMAKSVOEDINGINDUSTRIE - 01-01-2011 - 30-06-2013 - Regulier - kvo datum - 08-02-2011;https://www.uitvoeringarbeidsvoorwaardenwetgeving.nl/mozard/!suite92.scherm1007?mObj=7428&mSelod=735350
279;279002;01-01-2011;30-06-2013;15-02-2011;digitaleintegraletekstCAOSFG.pdf;279 - GEMAKSVOEDINGINDUSTRIE - 01-01-2011 - 30-06-2013 - Regulier - kvo datum - 15-02-2011;https://www.uitvoeringarbeidsvoorwaardenwetgeving.nl/mozard/!suite92.scherm1007?mObj=7429&mSelod=735350
279;279003;01-01-2013;30-06-2013;28-08-2012;124_1.pdf;279 - GEMAKSVOEDINGINDUSTRIE - 01-01-2013 - 30-06-2013 - Regulier - kvo datum - 28-08-2012;https://www.uitvoeringarbeidsvoorwaardenwetgeving.nl/mozard/!suite92.scherm1007?mObj=7430&mSelod=735350
279;279004;01-01-2014;30-06-2015;06-01-2014;SFG_caotekst.pdf;279 - GEMAKSVOEDINGINDUSTRIE - 01-01-2014 - 30-06-2015 - Regulier - kvo datum - 06-01-2014;https://www.uitvoeringarbeidsvoorwaardenwetgeving.nl/mozard/!suite92.scherm1007?mObj=7432&mSelod=735350
279;279005;01-01-2017;30-06-2018;01-08-2017;SFG__CAO_tekst_2017_2018.pdf;279 - GEMAKSVOEDINGINDUSTRIE - 01-01-2017 - 30-06-2018 - Regulier - kvo datum - 01-08-2017;https://www.uitvoeringarbeidsvoorwaardenwetgeving.nl/mozard/!suite92.scherm1007?mObj=7434&mSelod=735350
279;279006;01-01-2022;31-12-2025;20-05-2022;SFG CAO tekst 2022 integrale tekst.pdf;279 - GEMAKSVOEDINGINDUSTRIE - 01-01-2022 - 31-12-2025 - Regulier - kvo datum - 20-05-2022;https://www.uitvoeringarbeidsvoorwaardenwetgeving.nl/mozard/!suite92.scherm1007?mObj=29872&mSelod=735350
279;279007;01-01-2023;31-03-2024;14-12-2023;SFG CAO tekst 2023- maart 2024 integrale tekst.pdf;279 - GEMAKSVOEDINGINDUSTRIE - 01-01-2023 - 31-03-2024 - Regulier - kvo datum - 14-12-2023;https://www.uitvoeringarbeidsvoorwaardenwetgeving.nl/mozard/!suite92.scherm1007?mObj=40560&mSelod=735350
279;279008;01-04-2024;31-03-2025;08-01-2025;Cao Gemaksvoedingindustrie 1 april 2024 tm 31 maart 2025.pdf;279 - GEMAKSVOEDINGINDUSTRIE - 01-04-2024 - 31-03-2025 - Regulier - kvo datum - 08-01-2025 - TTW;https://www.uitvoeringarbeidsvoorwaardenwetgeving.nl/mozard/!suite92.scherm1007?mObj=46011&mSelod=735350
279;279009;01-04-2024;31-03-2025;19-11-2024;Cao Gemaksvoedingindustrie 1 april 2024 tm 31 maart 2025_1.pdf;279 - GEMAKSVOEDINGINDUSTRIE - 01-04-2024 - 31-03-2025 - Regulier - kvo datum - 19-11-2024;https://www.uitvoeringarbeidsvoorwaardenwetgeving.nl/mozard/!suite92.scherm1007?mObj=44905&mSelod=735350
279;279010;01-07-2010;30-12-2010;03-08-2010;Gemaksvoedingindustrie integrale cao.pdf;279 - GEMAKSVOEDINGINDUSTRIE - 01-07-2010 - 30-12-2010 - Regulier - kvo datum - 03-08-2010;https://www.uitvoeringarbeidsvoorwaardenwetgeving.nl/mozard/!suite92.scherm1007?mObj=7427&mSelod=735350
279;279011;01-07-2013;31-12-2013;22-05-2013;CAOtekst2013integraletekst.pdf;279 - GEMAKSVOEDINGINDUSTRIE - 01-07-2013 - 31-12-2013 - Regulier - kvo datum - 22-05-2013;https://www.uitvoeringarbeidsvoorwaardenwetgeving.nl/mozard/!suite92.scherm1007?mObj=7431&mSelod=735350
279;279012;01-07-2015;31-12-2016;04-01-2016;SFG__CAO_tekst_definitief_2015_2016.pdf;279 - GEMAKSVOEDINGINDUSTRIE - 01-07-2015 - 31-12-2016 - Regulier - kvo datum - 04-01-2016;https://www.uitvoeringarbeidsvoorwaardenwetgeving.nl/mozard/!suite92.scherm1007?mObj=7433&mSelod=735350
279;279013;01-07-2018;30-06-2020;09-01-2019;SFG__CAO_tekst_2018_2020.pdf;279 - GEMAKSVOEDINGINDUSTRIE - 01-07-2018 - 30-06-2020 - Regulier - kvo datum - 09-01-2019 - TTW;https://www.uitvoeringarbeidsvoorwaardenwetgeving.nl/mozard/!suite92.scherm1007?mObj=7437&mSelod=735350
279;279014;01-07-2018;30-06-2020;15-11-2018;SFG__CAO_tekst_2018_2020_1.pdf;279 - GEMAKSVOEDINGINDUSTRIE - 01-07-2018 - 30-06-2020 - Regulier - kvo datum - 15-11-2018;https://www.uitvoeringarbeidsvoorwaardenwetgeving.nl/mozard/!suite92.scherm1007?mObj=7435&mSelod=735350
279;279015;01-07-2018;30-06-2020;28-12-2018;SFG__CAO_tekst_2018_2020_2.pdf;279 - GEMAKSVOEDINGINDUSTRIE - 01-07-2018 - 30-06-2020 - Regulier - kvo datum - 28-12-2018 - TTW;https://www.uitvoeringarbeidsvoorwaardenwetgeving.nl/mozard/!suite92.scherm1007?mObj=7436&mSelod=735350
279;279016;01-07-2020;31-12-2021;18-10-2021;SFG CAO tekst 2020-2021 met wijzigingen.pdf;279 - GEMAKSVOEDINGINDUSTRIE - 01-07-2020 - 31-12-2021 - Regulier - kvo datum - 18-10-2021 - TTW;https://www.uitvoeringarbeidsvoorwaardenwetgeving.nl/mozard/!suite92.scherm1007?mObj=23451&mSelod=735350
279;279017;01-07-2020;31-12-2021;19-08-2021;SFG CAO tekst 2020-2021 integrale tekst.pdf;279 - GEMAKSVOEDINGINDUSTRIE - 01-07-2020 - 31-12-2021 - Regulier - kvo datum - 19-08-2021;https://www.uitvoeringarbeidsvoorwaardenwetgeving.nl/mozard/!suite92.scherm1007?mObj=23182&mSelod=735350
219;219001;01-01-2015;31-12-2017;09-01-2017;Gezondheidscentra_cao.pdf;219 - GEZONDHEIDSCENTRA - 01-01-2015 - 31-12-2017 - Regulier - kvo datum - 09-01-2017;https://www.uitvoeringarbeidsvoorwaardenwetgeving.nl/mozard/!suite92.scherm1007?mObj=7287&mSelod=735366
219;219002;01-01-2015;31-12-2017;10-04-2017;Bijlage_1B_CAO_Gezondheidscentra_AHG.pdf;219 - GEZONDHEIDSCENTRA - 01-01-2015 - 31-12-2017 - Regulier - kvo datum - 10-04-2017;https://www.uitvoeringarbeidsvoorwaardenwetgeving.nl/mozard/!suite92.scherm1007?mObj=7288&mSelod=735366
219;219003;01-01-2018;28-02-2019;02-11-2018;Cao_Gezondheidscentra_2018_en_AHG.pdf;219 - GEZONDHEIDSCENTRA - 01-01-2018 - 28-02-2019 - Regulier - kvo datum - 02-11-2018;https://www.uitvoeringarbeidsvoorwaardenwetgeving.nl/mozard/!suite92.scherm1007?mObj=7289&mSelod=735366
219;219004;01-04-2009;31-03-2011;03-12-2010;CAOGezondheidscentra2009-2011.pdf;219 - GEZONDHEIDSCENTRA - 01-04-2009 - 31-03-2011 - Regulier - kvo datum - 03-12-2010;https://www.uitvoeringarbeidsvoorwaardenwetgeving.nl/mozard/!suite92.scherm1007?mObj=7284&mSelod=735366
219;219005;01-04-2011;31-03-2013;21-08-2014;Cao_Gezondheidscentra_en_AHG_2011_2013.pdf;219 - GEZONDHEIDSCENTRA - 01-04-2011 - 31-03-2013 - Regulier - kvo datum - 21-08-2014;https://www.uitvoeringarbeidsvoorwaardenwetgeving.nl/mozard/!suite92.scherm1007?mObj=7285&mSelod=735366
219;219006;01-04-2013;31-12-2014;15-10-2014;CAO_Gezondheidscentra_en_AHG__2013_2014.pdf;219 - GEZONDHEIDSCENTRA - 01-04-2013 - 31-12-2014 - Regulier - kvo datum - 15-10-2014;https://www.uitvoeringarbeidsvoorwaardenwetgeving.nl/mozard/!suite92.scherm1007?mObj=7286&mSelod=735366
2493;2493001;01-01-2022;31-12-2023;07-03-2023;CAO Golfbranche 1 jan 2022 tm 31 dec 2023_def.pdf;2493 - GOLF BRANCHE - 01-01-2022 - 31-12-2023 - Regulier - kvo datum - 07-03-2023;https://www.uitvoeringarbeidsvoorwaardenwetgeving.nl/mozard/!suite92.scherm1007?mObj=36193&mSelod=735380
2493;2493002;01-04-2010;31-03-2012;18-01-2011;NVG def cao tekst 2010 - 2012 incl addendum.pdf;2493 - GOLF BRANCHE - 01-04-2010 - 31-03-2012 - Regulier - kvo datum - 18-01-2011;https://www.uitvoeringarbeidsvoorwaardenwetgeving.nl/mozard/!suite92.scherm1007?mObj=10724&mSelod=735380
2493;2493003;01-04-2010;31-03-2012;31-01-2012;cao_golfbranche_2012.pdf;2493 - GOLF BRANCHE - 01-04-2010 - 31-03-2012 - Regulier - kvo datum - 31-01-2012 - TTW;https://www.uitvoeringarbeidsvoorwaardenwetgeving.nl/mozard/!suite92.scherm1007?mObj=10725&mSelod=735380
2493;2493004;01-04-2012;30-11-2013;27-06-2012;CAO_Golfbranche_2012_2013.pdf;2493 - GOLF BRANCHE - 01-04-2012 - 30-11-2013 - Regulier - kvo datum - 27-06-2012;https://www.uitvoeringarbeidsvoorwaardenwetgeving.nl/mozard/!suite92.scherm1007?mObj=10726&mSelod=735380
2493;2493005;01-07-2016;30-06-2018;01-07-2016;CAO_Golfbranche_1juli2016tm30juni2018_def_.pdf;2493 - GOLF BRANCHE - 01-07-2016 - 30-06-2018 - Regulier - kvo datum - 01-07-2016;https://www.uitvoeringarbeidsvoorwaardenwetgeving.nl/mozard/!suite92.scherm1007?mObj=10730&mSelod=735380
2493;2493006;01-07-2016;30-06-2018;31-01-2017;CAO_Golfbranche_2016_2018.pdf;2493 - GOLF BRANCHE - 01-07-2016 - 30-06-2018 - Regulier - kvo datum - 31-01-2017 - TTW;https://www.uitvoeringarbeidsvoorwaardenwetgeving.nl/mozard/!suite92.scherm1007?mObj=10731&mSelod=735380
2493;2493007;01-07-2018;31-03-2020;14-03-2019;CAO Golfbranche 1 juli 2018 tot 31 maart 2020.pdf .pdf;2493 - GOLF BRANCHE - 01-07-2018 - 31-03-2020 - Regulier - kvo datum - 14-03-2019;https://www.uitvoeringarbeidsvoorwaardenwetgeving.nl/mozard/!suite92.scherm1007?mObj=974&mSelod=735380
2493;2493008;01-11-2014;29-06-2016;16-02-2015;CAO_Golfbranche___2014_2016_def_.pdf;2493 - GOLF BRANCHE - 01-11-2014 - 29-06-2016 - Regulier - kvo datum - 16-02-2015;https://www.uitvoeringarbeidsvoorwaardenwetgeving.nl/mozard/!suite92.scherm1007?mObj=10728&mSelod=735380
2493;2493009;01-11-2014;29-06-2016;21-03-2016;Addendum_CAO_Golfbranche_022016.pdf;2493 - GOLF BRANCHE - 01-11-2014 - 29-06-2016 - Regulier - kvo datum - 21-03-2016 - TTW;https://www.uitvoeringarbeidsvoorwaardenwetgeving.nl/mozard/!suite92.scherm1007?mObj=10729&mSelod=735380
2493;2493010;01-12-2013;31-10-2014;06-02-2014;CAO_Golfbranche_dec_13_nov_14__deff_.pdf;2493 - GOLF BRANCHE - 01-12-2013 - 31-10-2014 - Regulier - kvo datum - 06-02-2014;https://www.uitvoeringarbeidsvoorwaardenwetgeving.nl/mozard/!suite92.scherm1007?mObj=10727&mSelod=735380
830;830001;01-07-2012;30-06-2014;02-10-2013;Cao_groenvoederijen_2012_2014_eindtekst.pdf;830 - GROENVOEDERDROGERIJEN - 01-07-2012 - 30-06-2014 - Regulier - kvo datum - 02-10-2013;https://www.uitvoeringarbeidsvoorwaardenwetgeving.nl/mozard/!suite92.scherm1007?mObj=8766&mSelod=735394
830;830002;01-07-2014;30-06-2016;17-08-2016;Cao_groenvoederijen_2014_2016_eindtekst_definitief.pdf;830 - GROENVOEDERDROGERIJEN - 01-07-2014 - 30-06-2016 - Regulier - kvo datum - 17-08-2016;https://www.uitvoeringarbeidsvoorwaardenwetgeving.nl/mozard/!suite92.scherm1007?mObj=8767&mSelod=735394
830;830003;01-07-2016;30-06-2018;07-10-2016;Cao_Groenvoederijen_1_juli_2016_tm_30_juni_2018.pdf;830 - GROENVOEDERDROGERIJEN - 01-07-2016 - 30-06-2018 - Regulier - kvo datum - 07-10-2016;https://www.uitvoeringarbeidsvoorwaardenwetgeving.nl/mozard/!suite92.scherm1007?mObj=8768&mSelod=735394
830;830004;01-07-2016;30-06-2018;16-03-2017;cao_Groenvoederdrogerijen_ttw_per_1_december_2016.pdf;830 - GROENVOEDERDROGERIJEN - 01-07-2016 - 30-06-2018 - Regulier - kvo datum - 16-03-2017 - TTW;https://www.uitvoeringarbeidsvoorwaardenwetgeving.nl/mozard/!suite92.scherm1007?mObj=8769&mSelod=735394
830;830005;01-07-2018;30-06-2021;14-11-2018;cao_Groenvoederdrogerijen_per_1_juli_2018.pdf;830 - GROENVOEDERDROGERIJEN - 01-07-2018 - 30-06-2021 - Regulier - kvo datum - 14-11-2018;https://www.uitvoeringarbeidsvoorwaardenwetgeving.nl/mozard/!suite92.scherm1007?mObj=8770&mSelod=735394
830;830006;01-07-2021;30-06-2024;03-03-2022;cao Groenvoederdrogerijen 1 juli 2021 tot en met 30 juni 2024 integrale tekst.do.pdf;830 - GROENVOEDERDROGERIJEN - 01-07-2021 - 30-06-2024 - Regulier - kvo datum - 03-03-2022;https://www.uitvoeringarbeidsvoorwaardenwetgeving.nl/mozard/!suite92.scherm1007?mObj=27919&mSelod=735394
830;830007;01-07-2024;31-12-2025;24-10-2024;Ingediend bij SZW - eindtekst cao Groenvoederdrogerijen 1 juli 2024 tm 31 december 2025.pdf;830 - GROENVOEDERDROGERIJEN - 01-07-2024 - 31-12-2025 - Regulier - kvo datum - 24-10-2024;https://www.uitvoeringarbeidsvoorwaardenwetgeving.nl/mozard/!suite92.scherm1007?mObj=44305&mSelod=735394
3041;3041001;01-01-2010;30-04-2013;07-03-2013;13_004_cao_schoenen_2010_2013_def.pdf;3041 - GROOTWINKELBEDRIJVEN IN SCHOENEN VOOR PERSONEEL - 01-01-2010 - 30-04-2013 - Regulier - kvo datum - 07-03-2013;https://www.uitvoeringarbeidsvoorwaardenwetgeving.nl/mozard/!suite92.scherm1007?mObj=11094&mSelod=735404
1029;1029001;01-01-2019;31-12-2109;22-01-2019;VWH reglement-mantel cao-resultatenlijst 2019 definitief.pdf .pdf;1029 - HANDELSVAART - 01-01-2019 - 31-12-2109 - Regulier - kvo datum - 22-01-2019;https://www.uitvoeringarbeidsvoorwaardenwetgeving.nl/mozard/!suite92.scherm1007?mObj=706&mSelod=735426
1029;1029002;01-01-2020;31-12-2021;12-03-2020;Cao Handelsvaart 2020-2021.pdf;1029 - HANDELSVAART - 01-01-2020 - 31-12-2021 - Regulier - kvo datum - 12-03-2020;https://www.uitvoeringarbeidsvoorwaardenwetgeving.nl/mozard/!suite92.scherm1007?mObj=15989&mSelod=735426
1029;1029003;01-01-2020;31-12-2022;14-04-2022;VWH reglement 2020 -2022.pdf;1029 - HANDELSVAART - 01-01-2020 - 31-12-2022 - Regulier - kvo datum - 14-04-2022;https://www.uitvoeringarbeidsvoorwaardenwetgeving.nl/mozard/!suite92.scherm1007?mObj=29327&mSelod=735426
1029;1029004;01-01-2022;31-12-2022;28-10-2022;VWH-reglement 2022 def.pdf;1029 - HANDELSVAART - 01-01-2022 - 31-12-2022 - Regulier - kvo datum - 28-10-2022;https://www.uitvoeringarbeidsvoorwaardenwetgeving.nl/mozard/!suite92.scherm1007?mObj=31555&mSelod=735426
1029;1029005;01-01-2023;31-12-2023;15-02-2023;handelsvaart-regl-cao-result.pdf;1029 - HANDELSVAART - 01-01-2023 - 31-12-2023 - Regulier - kvo datum - 15-02-2023;https://www.uitvoeringarbeidsvoorwaardenwetgeving.nl/mozard/!suite92.scherm1007?mObj=35052&mSelod=735426
1029;1029006;01-01-2024;31-12-2024;15-05-2024;240331. VWH-reglement 2024 met renvooi.pdf;1029 - HANDELSVAART - 01-01-2024 - 31-12-2024 - Regulier - kvo datum - 15-05-2024 - TTW;https://www.uitvoeringarbeidsvoorwaardenwetgeving.nl/mozard/!suite92.scherm1007?mObj=42694&mSelod=735426
1029;1029007;01-01-2024;31-12-2024;21-03-2024;14-Mantel-cao VWH 2024-SM.pdf;1029 - HANDELSVAART - 01-01-2024 - 31-12-2024 - Regulier - kvo datum - 21-03-2024;https://www.uitvoeringarbeidsvoorwaardenwetgeving.nl/mozard/!suite92.scherm1007?mObj=42214&mSelod=735426
1029;1029008;01-01-2025;31-12-2025;02-04-2025;VWH CBA 2025 completed and signed.pdf;1029 - HANDELSVAART - 01-01-2025 - 31-12-2025 - Regulier - kvo datum - 02-04-2025;https://www.uitvoeringarbeidsvoorwaardenwetgeving.nl/mozard/!suite92.scherm1007?mObj=47511&mSelod=735426
1029;1029009;01-04-2010;31-03-2012;07-09-2011;mantel_CAO_HV_9000GT_2010_2012_def.pdf;1029 - HANDELSVAART - 01-04-2010 - 31-03-2012 - Regulier - kvo datum - 07-09-2011;https://www.uitvoeringarbeidsvoorwaardenwetgeving.nl/mozard/!suite92.scherm1007?mObj=8560&mSelod=735426
1029;1029010;01-04-2010;31-03-2012;17-02-2012;getekende_mantel_CAO_VWH_met_fixatie_compleet.pdf;1029 - HANDELSVAART - 01-04-2010 - 31-03-2012 - Regulier - kvo datum - 17-02-2012 - TTW;https://www.uitvoeringarbeidsvoorwaardenwetgeving.nl/mozard/!suite92.scherm1007?mObj=8561&mSelod=735426
1029;1029011;01-04-2012;31-03-2013;05-02-2013;HV_9000GT_2012_2013_caotekst.pdf;1029 - HANDELSVAART - 01-04-2012 - 31-03-2013 - Regulier - kvo datum - 05-02-2013 - TTW;https://www.uitvoeringarbeidsvoorwaardenwetgeving.nl/mozard/!suite92.scherm1007?mObj=8563&mSelod=735426
1029;1029012;01-04-2012;31-03-2013;28-11-2012;Handelsvaart_caotekst.pdf;1029 - HANDELSVAART - 01-04-2012 - 31-03-2013 - Regulier - kvo datum - 28-11-2012;https://www.uitvoeringarbeidsvoorwaardenwetgeving.nl/mozard/!suite92.scherm1007?mObj=8562&mSelod=735426
1029;1029013;01-04-2014;31-03-2017;16-01-2015;Handelsvaart.pdf;1029 - HANDELSVAART - 01-04-2014 - 31-03-2017 - Regulier - kvo datum - 16-01-2015;https://www.uitvoeringarbeidsvoorwaardenwetgeving.nl/mozard/!suite92.scherm1007?mObj=8564&mSelod=735426
1029;1029014;01-04-2014;31-03-2017;21-07-2015;VWH_reglement_2014_2017_art_11_aangepast_15_7_2015.pdf;1029 - HANDELSVAART - 01-04-2014 - 31-03-2017 - Regulier - kvo datum - 21-07-2015 - TTW;https://www.uitvoeringarbeidsvoorwaardenwetgeving.nl/mozard/!suite92.scherm1007?mObj=8565&mSelod=735426
1029;1029015;01-04-2017;31-03-2018;10-01-2018;mantel_cao_VWH_2018_ondertekend.pdf;1029 - HANDELSVAART - 01-04-2017 - 31-03-2018 - Regulier - kvo datum - 10-01-2018;https://www.uitvoeringarbeidsvoorwaardenwetgeving.nl/mozard/!suite92.scherm1007?mObj=8566&mSelod=735426
3356;3356001;01-01-2012;31-12-2013;06-03-2012;Hellende_Daken_2012_2013_TTW_24_02_2012_2de.pdf;3356 - HELLENDE DAKEN - 01-01-2012 - 31-12-2013 - Regulier - kvo datum - 06-03-2012 - TTW;https://www.uitvoeringarbeidsvoorwaardenwetgeving.nl/mozard/!suite92.scherm1007?mObj=11721&mSelod=735452
3356;3356002;01-01-2012;31-12-2013;17-07-2012;Hellende_Daken_cao_tekst.pdf;3356 - HELLENDE DAKEN - 01-01-2012 - 31-12-2013 - Regulier - kvo datum - 17-07-2012;https://www.uitvoeringarbeidsvoorwaardenwetgeving.nl/mozard/!suite92.scherm1007?mObj=11722&mSelod=735452
3356;3356003;01-01-2014;31-12-2015;02-05-2014;CAO_Hellende_Daken_2014_2015__28_april_2014_.pdf;3356 - HELLENDE DAKEN - 01-01-2014 - 31-12-2015 - Regulier - kvo datum - 02-05-2014;https://www.uitvoeringarbeidsvoorwaardenwetgeving.nl/mozard/!suite92.scherm1007?mObj=11723&mSelod=735452
3356;3356004;01-01-2014;31-12-2015;30-06-2015;CAO_HD_2014_2016__ttw_24_juni_2015_.pdf;3356 - HELLENDE DAKEN - 01-01-2014 - 31-12-2015 - Regulier - kvo datum - 30-06-2015 - TTW;https://www.uitvoeringarbeidsvoorwaardenwetgeving.nl/mozard/!suite92.scherm1007?mObj=11724&mSelod=735452
3356;3356005;01-01-2014;31-12-2018;03-07-2017;CAO_HD_2014_2018__ttw_1_juli_2017_.pdf;3356 - HELLENDE DAKEN - 01-01-2014 - 31-12-2018 - Regulier - kvo datum - 03-07-2017 - TTW;https://www.uitvoeringarbeidsvoorwaardenwetgeving.nl/mozard/!suite92.scherm1007?mObj=11727&mSelod=735452
3356;3356006;01-01-2014;31-12-2018;04-01-2016;CAO_HD_2014_2018__ttw_18_december_2015_.pdf;3356 - HELLENDE DAKEN - 01-01-2014 - 31-12-2018 - Regulier - kvo datum - 04-01-2016;https://www.uitvoeringarbeidsvoorwaardenwetgeving.nl/mozard/!suite92.scherm1007?mObj=11725&mSelod=735452
3356;3356007;01-01-2014;31-12-2018;15-07-2016;CAO_HD_2014_2018__ttw_1_juli_2016_.pdf;3356 - HELLENDE DAKEN - 01-01-2014 - 31-12-2018 - Regulier - kvo datum - 15-07-2016 - TTW;https://www.uitvoeringarbeidsvoorwaardenwetgeving.nl/mozard/!suite92.scherm1007?mObj=11726&mSelod=735452
3356;3356008;01-01-2014;31-12-2018;17-07-2018;CAO_HD_2014_2018__ttw_1_juli_2018___2_.pdf;3356 - HELLENDE DAKEN - 01-01-2014 - 31-12-2018 - Regulier - kvo datum - 17-07-2018 - TTW;https://www.uitvoeringarbeidsvoorwaardenwetgeving.nl/mozard/!suite92.scherm1007?mObj=11728&mSelod=735452
3356;3356009;01-01-2019;31-03-2022;02-07-2019;CAO HD 2019-2022 12 maart 2019 ttw loontabellen.pdf;3356 - HELLENDE DAKEN - 01-01-2019 - 31-03-2022 - Regulier - kvo datum - 02-07-2019 - TTW;https://www.uitvoeringarbeidsvoorwaardenwetgeving.nl/mozard/!suite92.scherm1007?mObj=14540&mSelod=735452
3356;3356010;01-01-2019;31-03-2022;05-11-2021;CAO HD 2019-2022 ttw 1 november 2021.pdf;3356 - HELLENDE DAKEN - 01-01-2019 - 31-03-2022 - Regulier - kvo datum - 05-11-2021;https://www.uitvoeringarbeidsvoorwaardenwetgeving.nl/mozard/!suite92.scherm1007?mObj=23573&mSelod=735452
3356;3356011;01-01-2019;31-03-2022;06-02-2020;CAO HD 2019-2022 4 december 2019.pdf;3356 - HELLENDE DAKEN - 01-01-2019 - 31-03-2022 - Regulier - kvo datum - 06-02-2020 - TTW;https://www.uitvoeringarbeidsvoorwaardenwetgeving.nl/mozard/!suite92.scherm1007?mObj=15732&mSelod=735452
3356;3356012;01-01-2019;31-03-2022;09-11-2020;CAO HD 2019-2022 ttw 26 oktober 2020 onwerkbaar weer.pdf;3356 - HELLENDE DAKEN - 01-01-2019 - 31-03-2022 - Regulier - kvo datum - 09-11-2020 - TTW;https://www.uitvoeringarbeidsvoorwaardenwetgeving.nl/mozard/!suite92.scherm1007?mObj=20308&mSelod=735452
3356;3356013;01-01-2019;31-03-2022;15-04-2019;CAO HD 2019 2022 12 maart 2019 pdf.pdf .pdf;3356 - HELLENDE DAKEN - 01-01-2019 - 31-03-2022 - Regulier - kvo datum - 15-04-2019;https://www.uitvoeringarbeidsvoorwaardenwetgeving.nl/mozard/!suite92.scherm1007?mObj=13979&mSelod=735452
3356;3356014;01-01-2019;31-03-2022;16-11-2021;CAO HD 2019-2022 ttw 1 november 2021.1.pdf;3356 - HELLENDE DAKEN - 01-01-2019 - 31-03-2022 - Regulier - kvo datum - 16-11-2021 - TTW;https://www.uitvoeringarbeidsvoorwaardenwetgeving.nl/mozard/!suite92.scherm1007?mObj=23618&mSelod=735452
3356;3356015;01-04-2022;31-03-2027;05-09-2022;CAO Hellende Daken 2022-2027.pdf;3356 - HELLENDE DAKEN - 01-04-2022 - 31-03-2027 - Regulier - kvo datum - 05-09-2022;https://www.uitvoeringarbeidsvoorwaardenwetgeving.nl/mozard/!suite92.scherm1007?mObj=31125&mSelod=735452
3356;3356016;01-04-2022;31-03-2027;08-02-2023;CAO Hellende Daken 2022 2027 TTW februari 2022.pdf;3356 - HELLENDE DAKEN - 01-04-2022 - 31-03-2027 - Regulier - kvo datum - 08-02-2023;https://www.uitvoeringarbeidsvoorwaardenwetgeving.nl/mozard/!suite92.scherm1007?mObj=34572&mSelod=735452
3356;3356017;01-04-2022;31-03-2027;14-04-2025;CAO Hellende Daken 2022 2027 (TTW april 2025).pdf;3356 - HELLENDE DAKEN - 01-04-2022 - 31-03-2027 - Regulier - kvo datum - 14-04-2025 - TTW;https://www.uitvoeringarbeidsvoorwaardenwetgeving.nl/mozard/!suite92.scherm1007?mObj=47707&mSelod=735452
3356;3356018;01-04-2022;31-03-2027;15-12-2022;CAO Hellende Daken 2022 2027 TTW december 2022.pdf;3356 - HELLENDE DAKEN - 01-04-2022 - 31-03-2027 - Regulier - kvo datum - 15-12-2022;https://www.uitvoeringarbeidsvoorwaardenwetgeving.nl/mozard/!suite92.scherm1007?mObj=32079&mSelod=735452
3356;3356019;01-04-2022;31-03-2027;17-02-2025;CAO Hellende Daken 2022 2027 (TTW februari 2025).pdf;3356 - HELLENDE DAKEN - 01-04-2022 - 31-03-2027 - Regulier - kvo datum - 17-02-2025 - TTW;https://www.uitvoeringarbeidsvoorwaardenwetgeving.nl/mozard/!suite92.scherm1007?mObj=46676&mSelod=735452
3356;3356020;01-04-2022;31-03-2027;19-12-2022;CAO Hellende Daken 2022 2027 TTW 16 december 2022.pdf;3356 - HELLENDE DAKEN - 01-04-2022 - 31-03-2027 - Regulier - kvo datum - 19-12-2022;https://www.uitvoeringarbeidsvoorwaardenwetgeving.nl/mozard/!suite92.scherm1007?mObj=32179&mSelod=735452
3356;3356021;01-04-2022;31-03-2027;22-01-2025;CAO Hellende Daken 2022 2027 (TTW januari 2025).pdf;3356 - HELLENDE DAKEN - 01-04-2022 - 31-03-2027 - Regulier - kvo datum - 22-01-2025 - TTW;https://www.uitvoeringarbeidsvoorwaardenwetgeving.nl/mozard/!suite92.scherm1007?mObj=46252&mSelod=735452
3356;3356022;01-04-2022;31-03-2027;24-04-2024;CAO Hellende Daken 2022 2027 (TTW februari 2024).pdf;3356 - HELLENDE DAKEN - 01-04-2022 - 31-03-2027 - Regulier - kvo datum - 24-04-2024 - TTW;https://www.uitvoeringarbeidsvoorwaardenwetgeving.nl/mozard/!suite92.scherm1007?mObj=42533&mSelod=735452
66;66001;01-01-2011;31-12-2011;20-05-2011;HISWA_CAO.pdf;66 - HISWA (HOUTEN EN KUNSTSTOFFEN JACHTBOUW) - 01-01-2011 - 31-12-2011 - Regulier - kvo datum - 20-05-2011;https://www.uitvoeringarbeidsvoorwaardenwetgeving.nl/mozard/!suite92.scherm1007?mObj=6915&mSelod=735484
66;66002;01-01-2012;31-12-2012;24-04-2012;Tekst_HISWA_CAO_2012.pdf;66 - HISWA (HOUTEN EN KUNSTSTOFFEN JACHTBOUW) - 01-01-2012 - 31-12-2012 - Regulier - kvo datum - 24-04-2012;https://www.uitvoeringarbeidsvoorwaardenwetgeving.nl/mozard/!suite92.scherm1007?mObj=6916&mSelod=735484
66;66003;01-01-2013;31-12-2013;25-04-2013;HISWA_CAO_2013_Versie_def.pdf;66 - HISWA (HOUTEN EN KUNSTSTOFFEN JACHTBOUW) - 01-01-2013 - 31-12-2013 - Regulier - kvo datum - 25-04-2013;https://www.uitvoeringarbeidsvoorwaardenwetgeving.nl/mozard/!suite92.scherm1007?mObj=6917&mSelod=735484
66;66004;01-01-2014;31-12-2014;04-06-2014;HISWA_CAO_2014_Versie_def.pdf;66 - HISWA (HOUTEN EN KUNSTSTOFFEN JACHTBOUW) - 01-01-2014 - 31-12-2014 - Regulier - kvo datum - 04-06-2014;https://www.uitvoeringarbeidsvoorwaardenwetgeving.nl/mozard/!suite92.scherm1007?mObj=6918&mSelod=735484
66;66005;01-01-2015;30-06-2017;23-06-2016;00_Def_tekst_HISWA_cao_2015_met_handtekeningen.pdf;66 - HISWA (HOUTEN EN KUNSTSTOFFEN JACHTBOUW) - 01-01-2015 - 30-06-2017 - Regulier - kvo datum - 23-06-2016;https://www.uitvoeringarbeidsvoorwaardenwetgeving.nl/mozard/!suite92.scherm1007?mObj=6919&mSelod=735484
66;66006;01-07-2017;30-06-2020;05-08-2019;HISWA CAO 2017 - 2020 definitief.docx.pdf;66 - HISWA (HOUTEN EN KUNSTSTOFFEN JACHTBOUW) - 01-07-2017 - 30-06-2020 - Regulier - kvo datum - 05-08-2019;https://www.uitvoeringarbeidsvoorwaardenwetgeving.nl/mozard/!suite92.scherm1007?mObj=14728&mSelod=735484
4202;4202001;01-01-2022;31-12-2022;16-08-2022;CAO HISWA defintief 090622.pdf;4202 - HISWA - bedrijven in Watersportindustrie en -Recreatie - 01-01-2022 - 31-12-2022 - Regulier - kvo datum - 16-08-2022;https://www.uitvoeringarbeidsvoorwaardenwetgeving.nl/mozard/!suite92.scherm1007?mObj=30929&mSelod=735486
4202;4202002;01-01-2022;31-12-2022;31-03-2022;CAO HISWA 2022, definitief.pdf;4202 - HISWA - bedrijven in Watersportindustrie en -Recreatie - 01-01-2022 - 31-12-2022 - Regulier - kvo datum - 31-03-2022;https://www.uitvoeringarbeidsvoorwaardenwetgeving.nl/mozard/!suite92.scherm1007?mObj=29127&mSelod=735486
4202;4202003;01-01-2023;31-12-2024;04-05-2023;cao HISWA 1 januari 2023 - 31 december 2024, definitief 18042023.pdf;4202 - HISWA - bedrijven in Watersportindustrie en -Recreatie - 01-01-2023 - 31-12-2024 - Regulier - kvo datum - 04-05-2023;https://www.uitvoeringarbeidsvoorwaardenwetgeving.nl/mozard/!suite92.scherm1007?mObj=37006&mSelod=735486
4202;4202004;01-01-2023;31-12-2024;05-09-2023;cao HISWA 1 januari 2023 - 31 december 2024, definitief 05092023.pdf;4202 - HISWA - bedrijven in Watersportindustrie en -Recreatie - 01-01-2023 - 31-12-2024 - Regulier - kvo datum - 05-09-2023;https://www.uitvoeringarbeidsvoorwaardenwetgeving.nl/mozard/!suite92.scherm1007?mObj=38522&mSelod=735486
4202;4202005;01-01-2023;31-12-2024;18-07-2023;cao HISWA 1 januari 2023 - 31 december 2024, definitief 11072023.pdf;4202 - HISWA - bedrijven in Watersportindustrie en -Recreatie - 01-01-2023 - 31-12-2024 - Regulier - kvo datum - 18-07-2023 - TTW;https://www.uitvoeringarbeidsvoorwaardenwetgeving.nl/mozard/!suite92.scherm1007?mObj=37688&mSelod=735486
4202;4202006;01-01-2025;31-12-2026;04-04-2025;01042025 HISWA cao definitief.pdf;4202 - HISWA - bedrijven in Watersportindustrie en -Recreatie - 01-01-2025 - 31-12-2026 - Regulier - kvo datum - 04-04-2025;https://www.uitvoeringarbeidsvoorwaardenwetgeving.nl/mozard/!suite92.scherm1007?mObj=47572&mSelod=735486
4202;4202007;01-01-2025;31-12-2026;09-04-2025;09042025 HISWA cao definitief.pdf;4202 - HISWA - bedrijven in Watersportindustrie en -Recreatie - 01-01-2025 - 31-12-2026 - Regulier - kvo datum - 09-04-2025 - TTW;https://www.uitvoeringarbeidsvoorwaardenwetgeving.nl/mozard/!suite92.scherm1007?mObj=47633&mSelod=735486
4202;4202008;01-01-2021;31-12-2021;29-06-2021;CAO SZS HISWA 2021.pdf;4202 - SZS HISWA - 01-01-2021 - 31-12-2021 - Regulier - kvo datum - 29-06-2021;https://www.uitvoeringarbeidsvoorwaardenwetgeving.nl/mozard/!suite92.scherm1007?mObj=22911&mSelod=735486
2044;2044001;01-04-2010;31-03-2012;28-04-2011;WHB_CAO_2010_2012_DEF.pdf;2044 - HOMESHOPPING BEDRIJVEN - 01-04-2010 - 31-03-2012 - Regulier - kvo datum - 28-04-2011;https://www.uitvoeringarbeidsvoorwaardenwetgeving.nl/mozard/!suite92.scherm1007?mObj=10031&mSelod=735494
2044;2044002;01-04-2012;31-03-2013;13-02-2013;WHB_cao_2012_2013_def.pdf;2044 - HOMESHOPPING BEDRIJVEN - 01-04-2012 - 31-03-2013 - Regulier - kvo datum - 13-02-2013;https://www.uitvoeringarbeidsvoorwaardenwetgeving.nl/mozard/!suite92.scherm1007?mObj=10032&mSelod=735494
1499;1499001;01-06-2011;31-05-2013;05-06-2012;GHP_2011_2013_TTW__21_mei_2012_.pdf;1499 - HORECAPRODUCTEN GROOTHANDEL IN- - 01-06-2011 - 31-05-2013 - Regulier - kvo datum - 05-06-2012 - TTW;https://www.uitvoeringarbeidsvoorwaardenwetgeving.nl/mozard/!suite92.scherm1007?mObj=8999&mSelod=735504
1499;1499002;01-06-2011;31-05-2013;18-01-2012;CAO_Groothandel_in_Horecaproducten.pdf;1499 - HORECAPRODUCTEN GROOTHANDEL IN- - 01-06-2011 - 31-05-2013 - Regulier - kvo datum - 18-01-2012 - TTW;https://www.uitvoeringarbeidsvoorwaardenwetgeving.nl/mozard/!suite92.scherm1007?mObj=8998&mSelod=735504
1499;1499003;01-06-2011;31-05-2013;29-06-2011;CAO_Groothandel_in_Horecaproducten_2011_2013.pdf;1499 - HORECAPRODUCTEN GROOTHANDEL IN- - 01-06-2011 - 31-05-2013 - Regulier - kvo datum - 29-06-2011;https://www.uitvoeringarbeidsvoorwaardenwetgeving.nl/mozard/!suite92.scherm1007?mObj=8997&mSelod=735504
1499;1499004;01-06-2013;30-06-2016;02-07-2015;CAO_GHP_2013_2016__ttw_26_juni_2015_.pdf;1499 - HORECAPRODUCTEN GROOTHANDEL IN- - 01-06-2013 - 30-06-2016 - Regulier - kvo datum - 02-07-2015;https://www.uitvoeringarbeidsvoorwaardenwetgeving.nl/mozard/!suite92.scherm1007?mObj=9301&mSelod=735504
1499;1499005;01-06-2013;31-05-2016;04-06-2014;CAO_GHP_2013_2016__ttw_16_mei_2014_.pdf;1499 - HORECAPRODUCTEN GROOTHANDEL IN- - 01-06-2013 - 31-05-2016 - Regulier - kvo datum - 04-06-2014 - TTW;https://www.uitvoeringarbeidsvoorwaardenwetgeving.nl/mozard/!suite92.scherm1007?mObj=9300&mSelod=735504
1499;1499006;01-06-2013;31-05-2016;14-08-2013;CAO_Groothandel_in_Horecaproducten_2013_2016.pdf;1499 - HORECAPRODUCTEN GROOTHANDEL IN- - 01-06-2013 - 31-05-2016 - Regulier - kvo datum - 14-08-2013;https://www.uitvoeringarbeidsvoorwaardenwetgeving.nl/mozard/!suite92.scherm1007?mObj=9000&mSelod=735504
253;253001;01-01-2011;30-04-2012;22-03-2011;CAOhoutarbeidsvoorwaarden.pdf;253 - HOUTVERWERKENDE INDUSTRIE - 01-01-2011 - 30-04-2012 - Regulier - kvo datum - 22-03-2011;https://www.uitvoeringarbeidsvoorwaardenwetgeving.nl/mozard/!suite92.scherm1007?mObj=7373&mSelod=735510
253;253002;01-01-2015;30-09-2016;27-05-2016;CAO_HVI_Integrale_tekst.pdf;253 - HOUTVERWERKENDE INDUSTRIE - 01-01-2015 - 30-09-2016 - Regulier - kvo datum - 27-05-2016;https://www.uitvoeringarbeidsvoorwaardenwetgeving.nl/mozard/!suite92.scherm1007?mObj=7375&mSelod=735510
253;253003;01-01-2019;30-04-2020;08-07-2019;Doorlopende tekst cao 2019-2020.docx.pdf;253 - HOUTVERWERKENDE INDUSTRIE - 01-01-2019 - 30-04-2020 - Regulier - kvo datum - 08-07-2019;https://www.uitvoeringarbeidsvoorwaardenwetgeving.nl/mozard/!suite92.scherm1007?mObj=14567&mSelod=735510
253;253004;01-01-2019;30-04-2020;25-11-2019;Doorlopende tekst cao 2019-2020 12-11-2019.docx.pdf;253 - HOUTVERWERKENDE INDUSTRIE - 01-01-2019 - 30-04-2020 - Regulier - kvo datum - 25-11-2019 - TTW;https://www.uitvoeringarbeidsvoorwaardenwetgeving.nl/mozard/!suite92.scherm1007?mObj=15304&mSelod=735510
253;253005;01-04-2022;31-03-2024;02-05-2022;Cao HVI doorlopende tekst.pdf;253 - HOUTVERWERKENDE INDUSTRIE - 01-04-2022 - 31-03-2024 - Regulier - kvo datum - 02-05-2022;https://www.uitvoeringarbeidsvoorwaardenwetgeving.nl/mozard/!suite92.scherm1007?mObj=29521&mSelod=735510
253;253006;01-04-2022;31-03-2024;08-06-2023;Cao HVI 2022-2024 TTW 62023 doorlopende tekst.pdf;253 - HOUTVERWERKENDE INDUSTRIE - 01-04-2022 - 31-03-2024 - Regulier - kvo datum - 08-06-2023 - TTW;https://www.uitvoeringarbeidsvoorwaardenwetgeving.nl/mozard/!suite92.scherm1007?mObj=37143&mSelod=735510
253;253007;01-04-2022;31-03-2024;09-06-2022;Cao HVI doorlopende tekst 2.0.pdf;253 - HOUTVERWERKENDE INDUSTRIE - 01-04-2022 - 31-03-2024 - Regulier - kvo datum - 09-06-2022;https://www.uitvoeringarbeidsvoorwaardenwetgeving.nl/mozard/!suite92.scherm1007?mObj=30085&mSelod=735510
253;253008;01-04-2022;31-03-2024;09-12-2022;Cao HVI 2022-2024 TTW doorlopende tekst.pdf;253 - HOUTVERWERKENDE INDUSTRIE - 01-04-2022 - 31-03-2024 - Regulier - kvo datum - 09-12-2022 - TTW;https://www.uitvoeringarbeidsvoorwaardenwetgeving.nl/mozard/!suite92.scherm1007?mObj=31945&mSelod=735510
253;253009;01-04-2024;30-06-2025;29-03-2024;Cao HVI 2024 - 2025 doorlopende tekst.pdf;253 - HOUTVERWERKENDE INDUSTRIE - 01-04-2024 - 30-06-2025 - Regulier - kvo datum - 29-03-2024;https://www.uitvoeringarbeidsvoorwaardenwetgeving.nl/mozard/!suite92.scherm1007?mObj=42293&mSelod=735510
253;253010;01-05-2012;31-12-2014;15-05-2014;Integrale_tekst_CAO_HVI_2012_2014.pdf;253 - HOUTVERWERKENDE INDUSTRIE - 01-05-2012 - 31-12-2014 - Regulier - kvo datum - 15-05-2014;https://www.uitvoeringarbeidsvoorwaardenwetgeving.nl/mozard/!suite92.scherm1007?mObj=7374&mSelod=735510
253;253011;01-05-2020;31-03-2022;10-05-2021;HVI doorlopende tekst cao hvi 2020-2022.pdf;253 - HOUTVERWERKENDE INDUSTRIE - 01-05-2020 - 31-03-2022 - Regulier - kvo datum - 10-05-2021;https://www.uitvoeringarbeidsvoorwaardenwetgeving.nl/mozard/!suite92.scherm1007?mObj=22696&mSelod=735510
253;253012;01-10-2016;31-12-2018;23-12-2017;CAO_HVI_doorlopende_tekst.pdf;253 - HOUTVERWERKENDE INDUSTRIE - 01-10-2016 - 31-12-2018 - Regulier - kvo datum - 23-12-2017;https://www.uitvoeringarbeidsvoorwaardenwetgeving.nl/mozard/!suite92.scherm1007?mObj=7376&mSelod=735510
449;449001;01-01-2010;31-03-2012;18-03-2011;Huis-aan-huis-journalisten.pdf;449 - HUIS-AAN-HUISBLADJOURNALISTEN - 01-01-2010 - 31-03-2012 - Regulier - kvo datum - 18-03-2011;https://www.uitvoeringarbeidsvoorwaardenwetgeving.nl/mozard/!suite92.scherm1007?mObj=7981&mSelod=735524
449;449002;01-04-2012;31-03-2013;23-01-2013;caotekst_nieuw.pdf;449 - HUIS-AAN-HUISBLADJOURNALISTEN - 01-04-2012 - 31-03-2013 - Regulier - kvo datum - 23-01-2013;https://www.uitvoeringarbeidsvoorwaardenwetgeving.nl/mozard/!suite92.scherm1007?mObj=7982&mSelod=735524
449;449003;01-04-2014;31-12-2015;17-07-2015;VSH_13_569_833_cao_2014_2015_DEF.pdf;449 - HUIS-AAN-HUISBLADJOURNALISTEN - 01-04-2014 - 31-12-2015 - Regulier - kvo datum - 17-07-2015;https://www.uitvoeringarbeidsvoorwaardenwetgeving.nl/mozard/!suite92.scherm1007?mObj=7983&mSelod=735524
2520;2520001;01-03-2019;28-02-2021;28-11-2019;Hidha 2019 - 2021.pdf;2520 - HUISARTS IN DIENST BIJ EEN HUISARTS HIDHA - 01-03-2019 - 28-02-2021 - Regulier - kvo datum - 28-11-2019;https://www.uitvoeringarbeidsvoorwaardenwetgeving.nl/mozard/!suite92.scherm1007?mObj=15348&mSelod=735526
2520;2520002;01-04-2014;30-06-2017;18-01-2017;cao_hidha_2014_2017_wijz_bijlage_1.pdf;2520 - HUISARTS IN DIENST BIJ EEN HUISARTS HIDHA - 01-04-2014 - 30-06-2017 - Regulier - kvo datum - 18-01-2017 - TTW;https://www.uitvoeringarbeidsvoorwaardenwetgeving.nl/mozard/!suite92.scherm1007?mObj=10761&mSelod=735526
2520;2520003;01-04-2014;30-06-2017;21-04-2016;Cao_Hidha_webversie2.pdf;2520 - HUISARTS IN DIENST BIJ EEN HUISARTS HIDHA - 01-04-2014 - 30-06-2017 - Regulier - kvo datum - 21-04-2016;https://www.uitvoeringarbeidsvoorwaardenwetgeving.nl/mozard/!suite92.scherm1007?mObj=10760&mSelod=735526
2520;2520004;01-07-2010;31-07-2011;18-03-2011;CAO Hidha 01072010-31072011.pdf;2520 - HUISARTS IN DIENST BIJ EEN HUISARTS HIDHA - 01-07-2010 - 31-07-2011 - Regulier - kvo datum - 18-03-2011;https://www.uitvoeringarbeidsvoorwaardenwetgeving.nl/mozard/!suite92.scherm1007?mObj=10758&mSelod=735526
2520;2520005;01-08-2011;31-03-2014;18-09-2013;CAO_Hidha_2011_2014_definitief.pdf;2520 - HUISARTS IN DIENST BIJ EEN HUISARTS HIDHA - 01-08-2011 - 31-03-2014 - Regulier - kvo datum - 18-09-2013;https://www.uitvoeringarbeidsvoorwaardenwetgeving.nl/mozard/!suite92.scherm1007?mObj=10759&mSelod=735526
408;408001;01-01-2012;31-08-2013;11-02-2013;DefCAOS2012_2013.pdf;408 - INTERNATEN KINDEREN VAN BINNENSCHIPPERS EN/OF KERMISEXPLOITANTEN - 01-01-2012 - 31-08-2013 - Regulier - kvo datum - 11-02-2013;https://www.uitvoeringarbeidsvoorwaardenwetgeving.nl/mozard/!suite92.scherm1007?mObj=7889&mSelod=735581
408;408002;01-04-2017;31-07-2019;25-05-2018;CAO_Schippersinternaten_2017_2019___Definitief.pdf;408 - INTERNATEN KINDEREN VAN BINNENSCHIPPERS EN/OF KERMISEXPLOITANTEN - 01-04-2017 - 31-07-2019 - Regulier - kvo datum - 25-05-2018;https://www.uitvoeringarbeidsvoorwaardenwetgeving.nl/mozard/!suite92.scherm1007?mObj=7892&mSelod=735581
408;408003;01-05-2022;31-12-2023;22-11-2022;Cao Schippersinternaten 2022-2023_Def_221117.pdf;408 - INTERNATEN KINDEREN VAN BINNENSCHIPPERS EN/OF KERMISEXPLOITANTEN - 01-05-2022 - 31-12-2023 - Regulier - kvo datum - 22-11-2022;https://www.uitvoeringarbeidsvoorwaardenwetgeving.nl/mozard/!suite92.scherm1007?mObj=31819&mSelod=735581
408;408004;01-09-2013;30-09-2015;25-08-2015;CAO_Schippersinternaten_2013_2015_.pdf;408 - INTERNATEN KINDEREN VAN BINNENSCHIPPERS EN/OF KERMISEXPLOITANTEN - 01-09-2013 - 30-09-2015 - Regulier - kvo datum - 25-08-2015;https://www.uitvoeringarbeidsvoorwaardenwetgeving.nl/mozard/!suite92.scherm1007?mObj=7890&mSelod=735581
408;408005;01-10-2015;31-03-2017;17-08-2016;1600014_1___OAG_CAO_Schippersinternaten_2015_2017.pdf;408 - INTERNATEN KINDEREN VAN BINNENSCHIPPERS EN/OF KERMISEXPLOITANTEN - 01-10-2015 - 31-03-2017 - Regulier - kvo datum - 17-08-2016;https://www.uitvoeringarbeidsvoorwaardenwetgeving.nl/mozard/!suite92.scherm1007?mObj=7891&mSelod=735581
506;506001;01-01-2016;30-06-2018;20-06-2017;VNK_cao_2016_2018_NVW_nieuwe_versie_tbv_WML.pdf;506 - KALKZANDSTEENINDUSTRIE -/ CELLENBETONINDUSTRIE - 01-01-2016 - 30-06-2018 - Regulier - kvo datum - 20-06-2017;https://www.uitvoeringarbeidsvoorwaardenwetgeving.nl/mozard/!suite92.scherm1007?mObj=7615&mSelod=735648
506;506002;01-01-2022;31-12-2022;22-07-2022;VNK cao 2022.pdf;506 - KALKZANDSTEENINDUSTRIE -/ CELLENBETONINDUSTRIE - 01-01-2022 - 31-12-2022 - Regulier - kvo datum - 22-07-2022;https://www.uitvoeringarbeidsvoorwaardenwetgeving.nl/mozard/!suite92.scherm1007?mObj=30645&mSelod=735648
506;506003;01-01-2023;31-12-2023;06-06-2023;Cao 2023 Kalkzandsteen- en Cellenbetonindustrie.pdf;506 - KALKZANDSTEENINDUSTRIE -/ CELLENBETONINDUSTRIE - 01-01-2023 - 31-12-2023 - Regulier - kvo datum - 06-06-2023;https://www.uitvoeringarbeidsvoorwaardenwetgeving.nl/mozard/!suite92.scherm1007?mObj=37131&mSelod=735648
506;506004;01-01-2024;31-12-2024;17-05-2024;Cao 2024 Kalkzandsteen- en Cellenbetonindustrie 30-4-2024.pdf;506 - KALKZANDSTEENINDUSTRIE -/ CELLENBETONINDUSTRIE - 01-01-2024 - 31-12-2024 - Regulier - kvo datum - 17-05-2024;https://www.uitvoeringarbeidsvoorwaardenwetgeving.nl/mozard/!suite92.scherm1007?mObj=42741&mSelod=735648
506;506005;01-01-2024;31-12-2024;21-06-2024;Cao 2024 Kalkzandsteen- en Cellenbetonindustrie na ttw 30-5-2024.pdf;506 - KALKZANDSTEENINDUSTRIE -/ CELLENBETONINDUSTRIE - 01-01-2024 - 31-12-2024 - Regulier - kvo datum - 21-06-2024 - TTW;https://www.uitvoeringarbeidsvoorwaardenwetgeving.nl/mozard/!suite92.scherm1007?mObj=43020&mSelod=735648
506;506006;01-01-2025;31-12-2025;14-05-2025;Cao 2025 Kalkzandsteen- en Cellenbetonindustrie 11-3-2025 def szw.pdf;506 - KALKZANDSTEENINDUSTRIE -/ CELLENBETONINDUSTRIE - 01-01-2025 - 31-12-2025 - Regulier - kvo datum - 14-05-2025;https://www.uitvoeringarbeidsvoorwaardenwetgeving.nl/mozard/!suite92.scherm1007?mObj=48123&mSelod=735648
506;506007;01-04-2009;31-05-2011;10-02-2012;v1_VNK_CAO_09_11_definitief.pdf;506 - KALKZANDSTEENINDUSTRIE -/ CELLENBETONINDUSTRIE - 01-04-2009 - 31-05-2011 - Regulier - kvo datum - 10-02-2012;https://www.uitvoeringarbeidsvoorwaardenwetgeving.nl/mozard/!suite92.scherm1007?mObj=7611&mSelod=735648
506;506008;01-06-2011;31-07-2013;14-03-2013;VNK_cao_11_13.pdf;506 - KALKZANDSTEENINDUSTRIE -/ CELLENBETONINDUSTRIE - 01-06-2011 - 31-07-2013 - Regulier - kvo datum - 14-03-2013;https://www.uitvoeringarbeidsvoorwaardenwetgeving.nl/mozard/!suite92.scherm1007?mObj=7612&mSelod=735648
506;506009;01-07-2018;30-06-2020;20-11-2018;Definitieve_VNK_cao_nvw_2018_2020_nov.pdf;506 - KALKZANDSTEENINDUSTRIE -/ CELLENBETONINDUSTRIE - 01-07-2018 - 30-06-2020 - Regulier - kvo datum - 20-11-2018;https://www.uitvoeringarbeidsvoorwaardenwetgeving.nl/mozard/!suite92.scherm1007?mObj=7616&mSelod=735648
506;506010;01-07-2018;30-06-2020;26-04-2019;VNK ttw cao 2018-2020 april 2019.pdf .pdf;506 - KALKZANDSTEENINDUSTRIE -/ CELLENBETONINDUSTRIE - 01-07-2018 - 30-06-2020 - Regulier - kvo datum - 26-04-2019 - TTW;https://www.uitvoeringarbeidsvoorwaardenwetgeving.nl/mozard/!suite92.scherm1007?mObj=14092&mSelod=735648
506;506011;01-07-2020;31-12-2021;19-04-2021;VNK cao 2020-2021.pdf;506 - KALKZANDSTEENINDUSTRIE -/ CELLENBETONINDUSTRIE - 01-07-2020 - 31-12-2021 - Regulier - kvo datum - 19-04-2021;https://www.uitvoeringarbeidsvoorwaardenwetgeving.nl/mozard/!suite92.scherm1007?mObj=22618&mSelod=735648
506;506012;01-07-2020;31-12-2021;31-05-2021;VNK cao 2021-2020 na ttw.pdf;506 - KALKZANDSTEENINDUSTRIE -/ CELLENBETONINDUSTRIE - 01-07-2020 - 31-12-2021 - Regulier - kvo datum - 31-05-2021 - TTW;https://www.uitvoeringarbeidsvoorwaardenwetgeving.nl/mozard/!suite92.scherm1007?mObj=22776&mSelod=735648
506;506013;01-08-2013;31-03-2015;09-10-2014;VNK_cao_2013_2015.pdf;506 - KALKZANDSTEENINDUSTRIE -/ CELLENBETONINDUSTRIE - 01-08-2013 - 31-03-2015 - Regulier - kvo datum - 09-10-2014 - TTW;https://www.uitvoeringarbeidsvoorwaardenwetgeving.nl/mozard/!suite92.scherm1007?mObj=7614&mSelod=735648
506;506014;01-08-2013;31-03-2015;24-07-2014;Kalkzandsteen__Cellenbetonindustrie_cao.pdf;506 - KALKZANDSTEENINDUSTRIE -/ CELLENBETONINDUSTRIE - 01-08-2013 - 31-03-2015 - Regulier - kvo datum - 24-07-2014;https://www.uitvoeringarbeidsvoorwaardenwetgeving.nl/mozard/!suite92.scherm1007?mObj=7613&mSelod=735648
506;506015;16-04-2019;30-06-2020;23-04-2019;VNK cao 2018-2020 ttw.pdf .pdf;506 - KALKZANDSTEENINDUSTRIE -/ CELLENBETONINDUSTRIE - 16-04-2019 - 30-06-2020 - Regulier - kvo datum - 23-04-2019 - TTW;https://www.uitvoeringarbeidsvoorwaardenwetgeving.nl/mozard/!suite92.scherm1007?mObj=14077&mSelod=735648
848;848001;01-01-2025;30-04-2026;12-03-2025;NvW CAO 2025-2026 Kartoflex voor SZW schoon.pdf;848 - KARTONNAGE- EN FLEXIBELE VERPAKKINGENBEDRIJF - 01-01-2025 - 30-04-2026 - Regulier - kvo datum - 12-03-2025;https://www.uitvoeringarbeidsvoorwaardenwetgeving.nl/mozard/!suite92.scherm1007?mObj=47151&mSelod=735656
848;848002;01-01-2025;30-04-2026;19-05-2025;NvW CAO 2025-2026 Kartoflex voor AVV zonder renvooi, reactie op SZW.pdf;848 - KARTONNAGE- EN FLEXIBELE VERPAKKINGENBEDRIJF - 01-01-2025 - 30-04-2026 - Regulier - kvo datum - 19-05-2025 - TTW;https://www.uitvoeringarbeidsvoorwaardenwetgeving.nl/mozard/!suite92.scherm1007?mObj=48176&mSelod=735656
848;848003;01-07-2010;30-06-2012;17-01-2011;Kartoflex_def.CAO_2010-2012.pdf;848 - KARTONNAGE- EN FLEXIBELE VERPAKKINGENBEDRIJF - 01-07-2010 - 30-06-2012 - Regulier - kvo datum - 17-01-2011;https://www.uitvoeringarbeidsvoorwaardenwetgeving.nl/mozard/!suite92.scherm1007?mObj=8806&mSelod=735656
848;848004;01-07-2012;30-06-2014;05-07-2013;Kartoflex_CAO_2012__2014_.pdf;848 - KARTONNAGE- EN FLEXIBELE VERPAKKINGENBEDRIJF - 01-07-2012 - 30-06-2014 - Regulier - kvo datum - 05-07-2013 - TTW;https://www.uitvoeringarbeidsvoorwaardenwetgeving.nl/mozard/!suite92.scherm1007?mObj=8808&mSelod=735656
848;848005;01-07-2012;30-06-2014;10-10-2012;Kartoflex_cao_def_versie_2012_2014.pdf;848 - KARTONNAGE- EN FLEXIBELE VERPAKKINGENBEDRIJF - 01-07-2012 - 30-06-2014 - Regulier - kvo datum - 10-10-2012;https://www.uitvoeringarbeidsvoorwaardenwetgeving.nl/mozard/!suite92.scherm1007?mObj=8807&mSelod=735656
848;848006;01-07-2014;30-06-2015;16-03-2015;Kartoflex_Definitieve_CAO_2014_2016_v3.pdf;848 - KARTONNAGE- EN FLEXIBELE VERPAKKINGENBEDRIJF - 01-07-2014 - 30-06-2015 - Regulier - kvo datum - 16-03-2015;https://www.uitvoeringarbeidsvoorwaardenwetgeving.nl/mozard/!suite92.scherm1007?mObj=8809&mSelod=735656
848;848007;01-07-2016;30-06-2017;21-04-2017;Kartoflex_cao_2016_2017_def.pdf;848 - KARTONNAGE- EN FLEXIBELE VERPAKKINGENBEDRIJF - 01-07-2016 - 30-06-2017 - Regulier - kvo datum - 21-04-2017;https://www.uitvoeringarbeidsvoorwaardenwetgeving.nl/mozard/!suite92.scherm1007?mObj=8810&mSelod=735656
848;848008;01-07-2017;31-10-2019;19-07-2018;Kartoflex_cao_2017_2019_def.pdf;848 - KARTONNAGE- EN FLEXIBELE VERPAKKINGENBEDRIJF - 01-07-2017 - 31-10-2019 - Regulier - kvo datum - 19-07-2018;https://www.uitvoeringarbeidsvoorwaardenwetgeving.nl/mozard/!suite92.scherm1007?mObj=8811&mSelod=735656
848;848009;01-07-2022;30-09-2023;08-11-2022;NvW opgeschoond.pdf;848 - KARTONNAGE- EN FLEXIBELE VERPAKKINGENBEDRIJF - 01-07-2022 - 30-09-2023 - Regulier - kvo datum - 08-11-2022;https://www.uitvoeringarbeidsvoorwaardenwetgeving.nl/mozard/!suite92.scherm1007?mObj=31668&mSelod=735656
848;848010;01-07-2022;30-09-2023;23-12-2022;CAO tekst 2022-2023 SZW schoon.pdf;848 - KARTONNAGE- EN FLEXIBELE VERPAKKINGENBEDRIJF - 01-07-2022 - 30-09-2023 - Regulier - kvo datum - 23-12-2022;https://www.uitvoeringarbeidsvoorwaardenwetgeving.nl/mozard/!suite92.scherm1007?mObj=32710&mSelod=735656
848;848011;01-10-2023;31-12-2024;19-02-2024;NvW cao tekst 2023-2024 geschoond.pdf;848 - KARTONNAGE- EN FLEXIBELE VERPAKKINGENBEDRIJF - 01-10-2023 - 31-12-2024 - Regulier - kvo datum - 19-02-2024 - TTW;https://www.uitvoeringarbeidsvoorwaardenwetgeving.nl/mozard/!suite92.scherm1007?mObj=41871&mSelod=735656
848;848012;01-10-2023;31-12-2024;27-11-2023;NvW cao tekst 2023-2024 geschoond_1.pdf;848 - KARTONNAGE- EN FLEXIBELE VERPAKKINGENBEDRIJF - 01-10-2023 - 31-12-2024 - Regulier - kvo datum - 27-11-2023;https://www.uitvoeringarbeidsvoorwaardenwetgeving.nl/mozard/!suite92.scherm1007?mObj=40113&mSelod=735656
848;848013;01-11-2019;30-06-2022;08-04-2020;CAO 2019-2022 Kartoflex tekst voor avv.doc.pdf;848 - KARTONNAGE- EN FLEXIBELE VERPAKKINGENBEDRIJF - 01-11-2019 - 30-06-2022 - Regulier - kvo datum - 08-04-2020;https://www.uitvoeringarbeidsvoorwaardenwetgeving.nl/mozard/!suite92.scherm1007?mObj=16188&mSelod=735656
848;848014;01-11-2019;30-06-2022;09-07-2020;NvW CAO 2019-2022 Kartoflex schoon.doc.pdf;848 - KARTONNAGE- EN FLEXIBELE VERPAKKINGENBEDRIJF - 01-11-2019 - 30-06-2022 - Regulier - kvo datum - 09-07-2020 - TTW;https://www.uitvoeringarbeidsvoorwaardenwetgeving.nl/mozard/!suite92.scherm1007?mObj=17586&mSelod=735656
1214;1214001;01-02-2010;31-01-2012;16-12-2011;Kenniscentra_2010_2012.pdf;1214 - KENNISCENTRA BEROEPSONDERWIJS BEDRIJFSLEVEN - 01-02-2010 - 31-01-2012 - Regulier - kvo datum - 16-12-2011;https://www.uitvoeringarbeidsvoorwaardenwetgeving.nl/mozard/!suite92.scherm1007?mObj=9019&mSelod=735670
1214;1214002;01-02-2012;01-02-2014;02-05-2013;defCAO_kenniscentra_2012_2014_compleet.pdf;1214 - KENNISCENTRA BEROEPSONDERWIJS BEDRIJFSLEVEN - 01-02-2012 - 01-02-2014 - Regulier - kvo datum - 02-05-2013;https://www.uitvoeringarbeidsvoorwaardenwetgeving.nl/mozard/!suite92.scherm1007?mObj=9020&mSelod=735670
1214;1214003;01-02-2014;31-07-2015;04-03-2015;CAO_kenniscentra_2014_2015.pdf;1214 - KENNISCENTRA BEROEPSONDERWIJS BEDRIJFSLEVEN - 01-02-2014 - 31-07-2015 - Regulier - kvo datum - 04-03-2015;https://www.uitvoeringarbeidsvoorwaardenwetgeving.nl/mozard/!suite92.scherm1007?mObj=9021&mSelod=735670
4255;4255001;01-01-2022;30-06-2023;25-07-2022;KNDB CAO tekst def geschoond versie 20 juli 2022.pdf;4255 - KNDB CAO, voor personeel werkzaam bij zelfstandige drogisterijbedrijven - 01-01-2022 - 30-06-2023 - Regulier - kvo datum - 25-07-2022;https://www.uitvoeringarbeidsvoorwaardenwetgeving.nl/mozard/!suite92.scherm1007?mObj=30671&mSelod=735700
4255;4255002;01-01-2022;30-06-2023;30-05-2022;tekst KNDB CAO definitief en getekend.pdf;4255 - KNDB CAO, voor personeel werkzaam bij zelfstandige drogisterijbedrijven - 01-01-2022 - 30-06-2023 - Regulier - kvo datum - 30-05-2022;https://www.uitvoeringarbeidsvoorwaardenwetgeving.nl/mozard/!suite92.scherm1007?mObj=29961&mSelod=735700
4255;4255003;01-07-2023;30-06-2024;15-08-2023;KNDB CAO 23-24 tekst definitief.pdf;4255 - KNDB CAO, voor personeel werkzaam bij zelfstandige drogisterijbedrijven - 01-07-2023 - 30-06-2024 - Regulier - kvo datum - 15-08-2023;https://www.uitvoeringarbeidsvoorwaardenwetgeving.nl/mozard/!suite92.scherm1007?mObj=38193&mSelod=735700
4255;4255004;01-07-2023;30-06-2024;19-12-2023;tekst KNDB CAO 23-24 definitief geschoond versie 18 dec 2023.pdf;4255 - KNDB CAO, voor personeel werkzaam bij zelfstandige drogisterijbedrijven - 01-07-2023 - 30-06-2024 - Regulier - kvo datum - 19-12-2023 - TTW;https://www.uitvoeringarbeidsvoorwaardenwetgeving.nl/mozard/!suite92.scherm1007?mObj=40623&mSelod=735700
4255;4255005;01-07-2024;30-06-2025;06-05-2024;tekst KNDB CAO 24-25 definitief en geschoond.pdf;4255 - KNDB CAO, voor personeel werkzaam bij zelfstandige drogisterijbedrijven - 01-07-2024 - 30-06-2025 - Regulier - kvo datum - 06-05-2024;https://www.uitvoeringarbeidsvoorwaardenwetgeving.nl/mozard/!suite92.scherm1007?mObj=42650&mSelod=735700
4255;4255006;01-07-2025;30-06-2026;26-08-2025;KNDB CAO 25-26 CAO tekst definitief.pdf;4255 - KNDB CAO, voor personeel werkzaam bij zelfstandige drogisterijbedrijven - 01-07-2025 - 30-06-2026 - Regulier - kvo datum - 26-08-2025;https://www.uitvoeringarbeidsvoorwaardenwetgeving.nl/mozard/!suite92.scherm1007?mObj=51021&mSelod=735700
3924;3924001;01-01-2018;31-12-2019;01-11-2018;Cao_Kraamzorg_2018_2019.pdf;3924 - KRAAMZORG CAO - 01-01-2018 - 31-12-2019 - Regulier - kvo datum - 01-11-2018;https://www.uitvoeringarbeidsvoorwaardenwetgeving.nl/mozard/!suite92.scherm1007?mObj=12254&mSelod=735732
3924;3924002;01-01-2018;31-12-2019;09-01-2019;Cao_Kraamzorg_18_19_met_versienummer.pdf;3924 - KRAAMZORG CAO - 01-01-2018 - 31-12-2019 - Regulier - kvo datum - 09-01-2019 - TTW;https://www.uitvoeringarbeidsvoorwaardenwetgeving.nl/mozard/!suite92.scherm1007?mObj=12255&mSelod=735732
3924;3924003;01-04-2016;31-12-2017;09-08-2017;20170713_Cao_Kraamzorg.pdf;3924 - KRAAMZORG CAO - 01-04-2016 - 31-12-2017 - Regulier - kvo datum - 09-08-2017;https://www.uitvoeringarbeidsvoorwaardenwetgeving.nl/mozard/!suite92.scherm1007?mObj=12253&mSelod=735732
2437;2437001;01-01-2024;31-12-2024;31-01-2024;BKN 1 jan 2024 DEF.pdf;2437 - KRINGLOOP NEDERLAND - 01-01-2024 - 31-12-2024 - Regulier - kvo datum - 31-01-2024;https://www.uitvoeringarbeidsvoorwaardenwetgeving.nl/mozard/!suite92.scherm1007?mObj=41704&mSelod=735738
2437;2437002;01-01-2025;31-12-2025;01-07-2025;CAO Kringloop Nederland 1 juli 2025.pdf;2437 - KRINGLOOP NEDERLAND - 01-01-2025 - 31-12-2025 - Regulier - kvo datum - 01-07-2025 - TTW;https://www.uitvoeringarbeidsvoorwaardenwetgeving.nl/mozard/!suite92.scherm1007?mObj=49018&mSelod=735738
2437;2437003;01-01-2025;31-12-2025;07-01-2025;Kringloop Nederland ttw cao 2025 DEF corr.pdf;2437 - KRINGLOOP NEDERLAND - 01-01-2025 - 31-12-2025 - Regulier - kvo datum - 07-01-2025 - TTW;https://www.uitvoeringarbeidsvoorwaardenwetgeving.nl/mozard/!suite92.scherm1007?mObj=45992&mSelod=735738
2437;2437004;01-01-2025;31-12-2025;12-06-2025;Kringloop Nederland 2025 TTW 010702025 - DEF.pdf;2437 - KRINGLOOP NEDERLAND - 01-01-2025 - 31-12-2025 - Regulier - kvo datum - 12-06-2025 - TTW;https://www.uitvoeringarbeidsvoorwaardenwetgeving.nl/mozard/!suite92.scherm1007?mObj=48626&mSelod=735738
2437;2437005;01-01-2025;31-12-2025;17-12-2024;Kringloop Nederland cao 2025 DEF.pdf;2437 - KRINGLOOP NEDERLAND - 01-01-2025 - 31-12-2025 - Regulier - kvo datum - 17-12-2024;https://www.uitvoeringarbeidsvoorwaardenwetgeving.nl/mozard/!suite92.scherm1007?mObj=45684&mSelod=735738
429;429001;01-01-2009;31-07-2010;15-07-2011;OAK_CAO_Kunsteducatie_2009_20101.pdf;429 - KUNSTEDUCATIE - 01-01-2009 - 31-07-2010 - Regulier - kvo datum - 15-07-2011;https://www.uitvoeringarbeidsvoorwaardenwetgeving.nl/mozard/!suite92.scherm1007?mObj=7924&mSelod=735744
429;429002;01-01-2012;31-12-2013;22-05-2013;CAO_KE_DEFINITIEF_TER_ONDERTEKENING_7_mei_2013.pdf;429 - KUNSTEDUCATIE - 01-01-2012 - 31-12-2013 - Regulier - kvo datum - 22-05-2013;https://www.uitvoeringarbeidsvoorwaardenwetgeving.nl/mozard/!suite92.scherm1007?mObj=7927&mSelod=735744
429;429003;01-01-2014;30-06-2015;22-10-2014;CAO_tekst_KE_20142015__vs_20140926.pdf;429 - KUNSTEDUCATIE - 01-01-2014 - 30-06-2015 - Regulier - kvo datum - 22-10-2014;https://www.uitvoeringarbeidsvoorwaardenwetgeving.nl/mozard/!suite92.scherm1007?mObj=7928&mSelod=735744
429;429004;01-01-2017;31-12-2018;06-06-2018;cao_KE_incl_4e_TTW_per_1_5_2018_def.pdf;429 - KUNSTEDUCATIE - 01-01-2017 - 31-12-2018 - Regulier - kvo datum - 06-06-2018 - TTW;https://www.uitvoeringarbeidsvoorwaardenwetgeving.nl/mozard/!suite92.scherm1007?mObj=7937&mSelod=735744
429;429005;01-01-2017;31-12-2018;20-10-2017;cao_KE_incl_TTW_3e_fase.pdf;429 - KUNSTEDUCATIE - 01-01-2017 - 31-12-2018 - Regulier - kvo datum - 20-10-2017 - TTW;https://www.uitvoeringarbeidsvoorwaardenwetgeving.nl/mozard/!suite92.scherm1007?mObj=7936&mSelod=735744
429;429006;01-01-2017;31-12-2018;28-06-2017;cao_KE_per_1_januari_2017.pdf;429 - KUNSTEDUCATIE - 01-01-2017 - 31-12-2018 - Regulier - kvo datum - 28-06-2017;https://www.uitvoeringarbeidsvoorwaardenwetgeving.nl/mozard/!suite92.scherm1007?mObj=7935&mSelod=735744
429;429007;01-01-2017;31-12-2018;29-12-2016;integrale_cao_Kunst_Educatie_2017_2018.pdf;429 - KUNSTEDUCATIE - 01-01-2017 - 31-12-2018 - Regulier - kvo datum - 29-12-2016;https://www.uitvoeringarbeidsvoorwaardenwetgeving.nl/mozard/!suite92.scherm1007?mObj=7934&mSelod=735744
429;429008;01-01-2019;30-06-2019;12-12-2018;cao_KE_per_1_1_2019.pdf;429 - KUNSTEDUCATIE - 01-01-2019 - 30-06-2019 - Regulier - kvo datum - 12-12-2018;https://www.uitvoeringarbeidsvoorwaardenwetgeving.nl/mozard/!suite92.scherm1007?mObj=7938&mSelod=735744
429;429009;01-01-2019;30-06-2019;27-06-2019;cao KE 1 januari 2019 tot en met 30 juni 2019 inclusief ttw per 27 juni 2019.doc .pdf;429 - KUNSTEDUCATIE - 01-01-2019 - 30-06-2019 - Regulier - kvo datum - 27-06-2019 - TTW;https://www.uitvoeringarbeidsvoorwaardenwetgeving.nl/mozard/!suite92.scherm1007?mObj=14487&mSelod=735744
429;429010;01-01-2022;31-12-2022;15-02-2022;Cao Kunsteducatie 1 januari 2022 - 31 december 2022.pdf;429 - KUNSTEDUCATIE - 01-01-2022 - 31-12-2022 - Regulier - kvo datum - 15-02-2022;https://www.uitvoeringarbeidsvoorwaardenwetgeving.nl/mozard/!suite92.scherm1007?mObj=27197&mSelod=735744
429;429011;01-01-2022;31-12-2022;29-06-2022;Cao Kunsteducatie 1 november 2021 tm 31 december 2022 ttw FUWA.pdf;429 - KUNSTEDUCATIE - 01-01-2022 - 31-12-2022 - Regulier - kvo datum - 29-06-2022;https://www.uitvoeringarbeidsvoorwaardenwetgeving.nl/mozard/!suite92.scherm1007?mObj=30401&mSelod=735744
429;429012;01-01-2022;31-12-2022;30-05-2022;Cao Kunsteducatie 1 november 2021 tm 31 december 2022 inclusief overgangsregelin.pdf;429 - KUNSTEDUCATIE - 01-01-2022 - 31-12-2022 - Regulier - kvo datum - 30-05-2022;https://www.uitvoeringarbeidsvoorwaardenwetgeving.nl/mozard/!suite92.scherm1007?mObj=29962&mSelod=735744
429;429013;01-01-2023;31-12-2023;01-02-2023;Cao Kunsteducatie 1 januari 2023 - 31 december 2023 ttw.pdf;429 - KUNSTEDUCATIE - 01-01-2023 - 31-12-2023 - Regulier - kvo datum - 01-02-2023;https://www.uitvoeringarbeidsvoorwaardenwetgeving.nl/mozard/!suite92.scherm1007?mObj=34425&mSelod=735744
429;429014;01-01-2023;31-12-2023;09-01-2023;Cao Kunsteducatie 1 januari 2023 - 31 december 2023.pdf;429 - KUNSTEDUCATIE - 01-01-2023 - 31-12-2023 - Regulier - kvo datum - 09-01-2023;https://www.uitvoeringarbeidsvoorwaardenwetgeving.nl/mozard/!suite92.scherm1007?mObj=33519&mSelod=735744
429;429015;01-01-2024;31-12-2024;05-02-2024;Integrale tekst cao Kunsteducatie 2024 incl. TTW per 1 januari 2024 (2402-0056).pdf;429 - KUNSTEDUCATIE - 01-01-2024 - 31-12-2024 - Regulier - kvo datum - 05-02-2024 - TTW;https://www.uitvoeringarbeidsvoorwaardenwetgeving.nl/mozard/!suite92.scherm1007?mObj=41668&mSelod=735744
429;429016;01-01-2024;31-12-2024;05-04-2024;Integrale tekst cao Kunsteducatie 1 januari 2024 - 31 december 2024 incl. 2e TTW (2403-1923).pdf;429 - KUNSTEDUCATIE - 01-01-2024 - 31-12-2024 - Regulier - kvo datum - 05-04-2024 - TTW;https://www.uitvoeringarbeidsvoorwaardenwetgeving.nl/mozard/!suite92.scherm1007?mObj=42343&mSelod=735744
429;429017;01-01-2024;31-12-2024;20-12-2023;Integrale tekst cao Kunsteducatie 2024 (2312-0953).pdf;429 - KUNSTEDUCATIE - 01-01-2024 - 31-12-2024 - Regulier - kvo datum - 20-12-2023;https://www.uitvoeringarbeidsvoorwaardenwetgeving.nl/mozard/!suite92.scherm1007?mObj=40682&mSelod=735744
429;429018;01-01-2025;31-03-2026;10-12-2024;Integrale tekst cao Kunsteducatie 1 januari 2025 - 31 maart 2026 (2412-0039).pdf;429 - KUNSTEDUCATIE - 01-01-2025 - 31-03-2026 - Regulier - kvo datum - 10-12-2024;https://www.uitvoeringarbeidsvoorwaardenwetgeving.nl/mozard/!suite92.scherm1007?mObj=45477&mSelod=735744
429;429019;01-07-2019;30-06-2021;03-04-2020;2003-0091 cao kunsteducatie 1 juli 2019 tot en met 30 juni 2021.docx.pdf;429 - KUNSTEDUCATIE - 01-07-2019 - 30-06-2021 - Regulier - kvo datum - 03-04-2020;https://www.uitvoeringarbeidsvoorwaardenwetgeving.nl/mozard/!suite92.scherm1007?mObj=16148&mSelod=735744
429;429020;01-07-2019;30-06-2021;07-04-2020;2004-0424 cao KE 1 juli 2019 tot en met 30 juni 2021 incl.ttw.docx.pdf;429 - KUNSTEDUCATIE - 01-07-2019 - 30-06-2021 - Regulier - kvo datum - 07-04-2020 - TTW;https://www.uitvoeringarbeidsvoorwaardenwetgeving.nl/mozard/!suite92.scherm1007?mObj=16176&mSelod=735744
429;429021;01-07-2019;30-06-2021;10-12-2020;2004-0424 integrale cao KE incl. ttw december 2020.docx.pdf;429 - KUNSTEDUCATIE - 01-07-2019 - 30-06-2021 - Regulier - kvo datum - 10-12-2020 - TTW;https://www.uitvoeringarbeidsvoorwaardenwetgeving.nl/mozard/!suite92.scherm1007?mObj=20995&mSelod=735744
429;429022;01-07-2021;31-12-2021;15-02-2022;Cao Kunsteducatie 1 november 2021 - 31 december 2021 TTW integraal.pdf;429 - KUNSTEDUCATIE - 01-07-2021 - 31-12-2021 - Regulier - kvo datum - 15-02-2022;https://www.uitvoeringarbeidsvoorwaardenwetgeving.nl/mozard/!suite92.scherm1007?mObj=27196&mSelod=735744
429;429023;01-07-2021;31-12-2021;22-09-2021;Cao Kunsteducatie 1 juli 2021 tm 1 november 2021 1e TTW integraal.pdf;429 - KUNSTEDUCATIE - 01-07-2021 - 31-12-2021 - Regulier - kvo datum - 22-09-2021 - TTW;https://www.uitvoeringarbeidsvoorwaardenwetgeving.nl/mozard/!suite92.scherm1007?mObj=23333&mSelod=735744
429;429024;01-07-2021;31-12-2021;30-06-2021;Cao Kunsteducatie 1 juli 2021 tm 1 november 2021 integraal.pdf;429 - KUNSTEDUCATIE - 01-07-2021 - 31-12-2021 - Regulier - kvo datum - 30-06-2021;https://www.uitvoeringarbeidsvoorwaardenwetgeving.nl/mozard/!suite92.scherm1007?mObj=22915&mSelod=735744
429;429025;01-08-2010;31-07-2011;21-07-2011;CAO_Kunsteducatie_2010_2011.pdf;429 - KUNSTEDUCATIE - 01-08-2010 - 31-07-2011 - Regulier - kvo datum - 21-07-2011;https://www.uitvoeringarbeidsvoorwaardenwetgeving.nl/mozard/!suite92.scherm1007?mObj=7925&mSelod=735744
429;429026;01-08-2011;31-12-2011;01-09-2011;caoKE2011.pdf;429 - KUNSTEDUCATIE - 01-08-2011 - 31-12-2011 - Regulier - kvo datum - 01-09-2011;https://www.uitvoeringarbeidsvoorwaardenwetgeving.nl/mozard/!suite92.scherm1007?mObj=7926&mSelod=735744
429;429027;30-06-2015;30-06-2016;03-07-2015;CAO_Kunsteducatie_2015_2016.pdf;429 - KUNSTEDUCATIE - 30-06-2015 - 30-06-2016 - Regulier - kvo datum - 03-07-2015;https://www.uitvoeringarbeidsvoorwaardenwetgeving.nl/mozard/!suite92.scherm1007?mObj=7929&mSelod=735744
429;429028;30-06-2015;30-06-2016;04-03-2016;1602_0838_cao_Kunsteducatie_ttw_eindtekst.pdf;429 - KUNSTEDUCATIE - 30-06-2015 - 30-06-2016 - Regulier - kvo datum - 04-03-2016 - TTW;https://www.uitvoeringarbeidsvoorwaardenwetgeving.nl/mozard/!suite92.scherm1007?mObj=7930&mSelod=735744
429;429029;30-06-2016;31-12-2016;17-11-2016;cao_Kunsteducatie_2e_TTW.pdf;429 - KUNSTEDUCATIE - 30-06-2016 - 31-12-2016 - Regulier - kvo datum - 17-11-2016 - TTW;https://www.uitvoeringarbeidsvoorwaardenwetgeving.nl/mozard/!suite92.scherm1007?mObj=7933&mSelod=735744
429;429030;30-06-2016;31-12-2016;29-06-2016;Cao_KE_30_6_2016.pdf;429 - KUNSTEDUCATIE - 30-06-2016 - 31-12-2016 - Regulier - kvo datum - 29-06-2016;https://www.uitvoeringarbeidsvoorwaardenwetgeving.nl/mozard/!suite92.scherm1007?mObj=7931&mSelod=735744
429;429031;30-06-2016;31-12-2016;30-09-2016;cao_Kunsteducatie_incl_TTW_per_1_oktober_2016.pdf;429 - KUNSTEDUCATIE - 30-06-2016 - 31-12-2016 - Regulier - kvo datum - 30-09-2016;https://www.uitvoeringarbeidsvoorwaardenwetgeving.nl/mozard/!suite92.scherm1007?mObj=7932&mSelod=735744
569;569001;01-01-2014;30-04-2016;18-09-2015;cao_KRI_2014_2016___definitief.pdf;569 - KUNSTSTOF- RUBBER- en LIJMINDUSTRIE - 01-01-2014 - 30-04-2016 - Regulier - kvo datum - 18-09-2015;https://www.uitvoeringarbeidsvoorwaardenwetgeving.nl/mozard/!suite92.scherm1007?mObj=7713&mSelod=735747
569;569002;01-05-2016;30-04-2017;23-12-2016;KRI_cao_2016_2017_definitief.pdf;569 - KUNSTSTOF- RUBBER- en LIJMINDUSTRIE - 01-05-2016 - 30-04-2017 - Regulier - kvo datum - 23-12-2016;https://www.uitvoeringarbeidsvoorwaardenwetgeving.nl/mozard/!suite92.scherm1007?mObj=7714&mSelod=735747
569;569003;01-05-2017;30-04-2018;25-10-2017;KRI_cao_2017_2018_definitief.pdf;569 - KUNSTSTOF- RUBBER- en LIJMINDUSTRIE - 01-05-2017 - 30-04-2018 - Regulier - kvo datum - 25-10-2017;https://www.uitvoeringarbeidsvoorwaardenwetgeving.nl/mozard/!suite92.scherm1007?mObj=7715&mSelod=735747
569;569004;01-05-2018;30-04-2020;12-12-2019;KRI 2018 - 2020_TTW 5dec2019.pdf;569 - KUNSTSTOF- RUBBER- en LIJMINDUSTRIE - 01-05-2018 - 30-04-2020 - Regulier - kvo datum - 12-12-2019 - TTW;https://www.uitvoeringarbeidsvoorwaardenwetgeving.nl/mozard/!suite92.scherm1007?mObj=15437&mSelod=735747
569;569005;01-05-2018;30-04-2020;15-07-2019;KRI cao met aanpassing doorwerken AOW 2.1 en 10.4.docx.pdf;569 - KUNSTSTOF- RUBBER- en LIJMINDUSTRIE - 01-05-2018 - 30-04-2020 - Regulier - kvo datum - 15-07-2019 - TTW;https://www.uitvoeringarbeidsvoorwaardenwetgeving.nl/mozard/!suite92.scherm1007?mObj=14608&mSelod=735747
569;569006;01-05-2018;30-04-2020;17-07-2018;KRI_cao_2018_2020_def.pdf;569 - KUNSTSTOF- RUBBER- en LIJMINDUSTRIE - 01-05-2018 - 30-04-2020 - Regulier - kvo datum - 17-07-2018;https://www.uitvoeringarbeidsvoorwaardenwetgeving.nl/mozard/!suite92.scherm1007?mObj=7716&mSelod=735747
569;569007;01-05-2020;30-04-2021;18-02-2021;KRLI_cao_2020-2021-def03022021.pdf;569 - KUNSTSTOF- RUBBER- en LIJMINDUSTRIE - 01-05-2020 - 30-04-2021 - Regulier - kvo datum - 18-02-2021;https://www.uitvoeringarbeidsvoorwaardenwetgeving.nl/mozard/!suite92.scherm1007?mObj=21907&mSelod=735747
569;569008;01-05-2021;31-05-2022;08-10-2021;KRLI cao 2021-2022.pdf;569 - KUNSTSTOF- RUBBER- en LIJMINDUSTRIE - 01-05-2021 - 31-05-2022 - Regulier - kvo datum - 08-10-2021;https://www.uitvoeringarbeidsvoorwaardenwetgeving.nl/mozard/!suite92.scherm1007?mObj=23392&mSelod=735747
569;569009;01-06-2010;31-05-2011;17-02-2011;Def.CAO_NWBC_10-11.pdf;569 - KUNSTSTOF- RUBBER- en LIJMINDUSTRIE - 01-06-2010 - 31-05-2011 - Regulier - kvo datum - 17-02-2011;https://www.uitvoeringarbeidsvoorwaardenwetgeving.nl/mozard/!suite92.scherm1007?mObj=7710&mSelod=735747
569;569010;01-06-2011;31-05-2012;25-07-2011;NWBC_geschoonde_cao_2011.pdf;569 - KUNSTSTOF- RUBBER- en LIJMINDUSTRIE - 01-06-2011 - 31-05-2012 - Regulier - kvo datum - 25-07-2011;https://www.uitvoeringarbeidsvoorwaardenwetgeving.nl/mozard/!suite92.scherm1007?mObj=7711&mSelod=735747
569;569011;01-06-2012;31-12-2013;29-07-2013;NWBC_CAO_2012_2013_tekst_definitief.pdf;569 - KUNSTSTOF- RUBBER- en LIJMINDUSTRIE - 01-06-2012 - 31-12-2013 - Regulier - kvo datum - 29-07-2013;https://www.uitvoeringarbeidsvoorwaardenwetgeving.nl/mozard/!suite92.scherm1007?mObj=7712&mSelod=735747
569;569012;01-06-2022;31-05-2023;01-02-2023;btb_cao_2022_2eHERZIEN_v31012023.pdf;569 - KUNSTSTOF- RUBBER- en LIJMINDUSTRIE - 01-06-2022 - 31-05-2023 - Regulier - kvo datum - 01-02-2023;https://www.uitvoeringarbeidsvoorwaardenwetgeving.nl/mozard/!suite92.scherm1007?mObj=34423&mSelod=735747
569;569013;01-06-2022;31-05-2023;01-11-2022;KRLI_cao_2022-2023-V0defx-13102022.pdf;569 - KUNSTSTOF- RUBBER- en LIJMINDUSTRIE - 01-06-2022 - 31-05-2023 - Regulier - kvo datum - 01-11-2022;https://www.uitvoeringarbeidsvoorwaardenwetgeving.nl/mozard/!suite92.scherm1007?mObj=31580&mSelod=735747
569;569014;01-06-2022;31-05-2023;23-01-2023;KRI 2022 - 2023 TTW.pdf;569 - KUNSTSTOF- RUBBER- en LIJMINDUSTRIE - 01-06-2022 - 31-05-2023 - Regulier - kvo datum - 23-01-2023;https://www.uitvoeringarbeidsvoorwaardenwetgeving.nl/mozard/!suite92.scherm1007?mObj=34153&mSelod=735747
569;569015;01-06-2023;31-05-2024;04-12-2023;KRLI cao 2023-2024.pdf;569 - KUNSTSTOF- RUBBER- en LIJMINDUSTRIE - 01-06-2023 - 31-05-2024 - Regulier - kvo datum - 04-12-2023;https://www.uitvoeringarbeidsvoorwaardenwetgeving.nl/mozard/!suite92.scherm1007?mObj=40322&mSelod=735747
569;569016;01-06-2024;31-08-2025;07-11-2024;KRI 2024-2025_def.pdf;569 - KUNSTSTOF- RUBBER- en LIJMINDUSTRIE - 01-06-2024 - 31-08-2025 - Regulier - kvo datum - 07-11-2024;https://www.uitvoeringarbeidsvoorwaardenwetgeving.nl/mozard/!suite92.scherm1007?mObj=44662&mSelod=735747
827;827001;01-03-2015;30-04-2017;15-08-2016;CAO_GZ_TTW_JULI.pdf;827 - M&T GOUD- EN ZILVERNIJVERHEID - 01-03-2015 - 30-04-2017 - Regulier - kvo datum - 15-08-2016 - TTW;https://www.uitvoeringarbeidsvoorwaardenwetgeving.nl/mozard/!suite92.scherm1007?mObj=8761&mSelod=735822
827;827002;01-03-2015;30-04-2017;21-12-2015;CAO_GZ_arcering___wijz_AOW_LT.pdf;827 - M&T GOUD- EN ZILVERNIJVERHEID - 01-03-2015 - 30-04-2017 - Regulier - kvo datum - 21-12-2015 - TTW;https://www.uitvoeringarbeidsvoorwaardenwetgeving.nl/mozard/!suite92.scherm1007?mObj=8760&mSelod=735822
827;827003;01-03-2015;30-04-2017;24-11-2015;CAO_GZ.pdf;827 - M&T GOUD- EN ZILVERNIJVERHEID - 01-03-2015 - 30-04-2017 - Regulier - kvo datum - 24-11-2015;https://www.uitvoeringarbeidsvoorwaardenwetgeving.nl/mozard/!suite92.scherm1007?mObj=8759&mSelod=735822
827;827004;01-04-2011;30-04-2013;14-06-2011;CAO_GZ_2011_2013_aangepast_n_a_v_bed.pdf;827 - M&T GOUD- EN ZILVERNIJVERHEID - 01-04-2011 - 30-04-2013 - Regulier - kvo datum - 14-06-2011;https://www.uitvoeringarbeidsvoorwaardenwetgeving.nl/mozard/!suite92.scherm1007?mObj=8446&mSelod=735822
827;827005;01-04-2011;30-04-2013;19-01-2012;M_T_Goud_en_Zilvern__CAO_en_handb_.pdf;827 - M&T GOUD- EN ZILVERNIJVERHEID - 01-04-2011 - 30-04-2013 - Regulier - kvo datum - 19-01-2012 - TTW;https://www.uitvoeringarbeidsvoorwaardenwetgeving.nl/mozard/!suite92.scherm1007?mObj=8447&mSelod=735822
827;827006;01-04-2024;31-01-2026;07-10-2024;HB 5e editie 2024.pdf;827 - M&T GOUD- EN ZILVERNIJVERHEID - 01-04-2024 - 31-01-2026 - Regulier - kvo datum - 07-10-2024;https://www.uitvoeringarbeidsvoorwaardenwetgeving.nl/mozard/!suite92.scherm1007?mObj=43858&mSelod=735822
827;827007;01-04-2024;31-01-2026;10-10-2024;HB 5e editie 2024_1.pdf;827 - M&T GOUD- EN ZILVERNIJVERHEID - 01-04-2024 - 31-01-2026 - Regulier - kvo datum - 10-10-2024;https://www.uitvoeringarbeidsvoorwaardenwetgeving.nl/mozard/!suite92.scherm1007?mObj=43986&mSelod=735822
827;827008;01-04-2024;31-01-2026;12-12-2024;HB 5e editie 2024_2.pdf;827 - M&T GOUD- EN ZILVERNIJVERHEID - 01-04-2024 - 31-01-2026 - Regulier - kvo datum - 12-12-2024 - TTW;https://www.uitvoeringarbeidsvoorwaardenwetgeving.nl/mozard/!suite92.scherm1007?mObj=45537&mSelod=735822
827;827009;01-05-2013;28-02-2015;03-12-2013;cao_M_T_goud_en_zilvernijverheid_827.pdf;827 - M&T GOUD- EN ZILVERNIJVERHEID - 01-05-2013 - 28-02-2015 - Regulier - kvo datum - 03-12-2013;https://www.uitvoeringarbeidsvoorwaardenwetgeving.nl/mozard/!suite92.scherm1007?mObj=8448&mSelod=735822
827;827010;01-05-2017;31-05-2019;05-07-2017;CAO_GZ_2017_2019_TTW_juli_2017.pdf;827 - M&T GOUD- EN ZILVERNIJVERHEID - 01-05-2017 - 31-05-2019 - Regulier - kvo datum - 05-07-2017 - TTW;https://www.uitvoeringarbeidsvoorwaardenwetgeving.nl/mozard/!suite92.scherm1007?mObj=8763&mSelod=735822
827;827011;01-05-2017;31-05-2019;23-10-2018;CAO_GZ_2017_2019_TTW_LL_nov_2018.pdf;827 - M&T GOUD- EN ZILVERNIJVERHEID - 01-05-2017 - 31-05-2019 - Regulier - kvo datum - 23-10-2018 - TTW;https://www.uitvoeringarbeidsvoorwaardenwetgeving.nl/mozard/!suite92.scherm1007?mObj=8765&mSelod=735822
827;827012;01-05-2017;31-05-2019;26-06-2017;CAO_GZ_17_19.pdf;827 - M&T GOUD- EN ZILVERNIJVERHEID - 01-05-2017 - 31-05-2019 - Regulier - kvo datum - 26-06-2017;https://www.uitvoeringarbeidsvoorwaardenwetgeving.nl/mozard/!suite92.scherm1007?mObj=8762&mSelod=735822
827;827013;01-05-2017;31-05-2019;28-11-2017;CAO_GZ_2017_2019_TTW_GP_nov_2017.pdf;827 - M&T GOUD- EN ZILVERNIJVERHEID - 01-05-2017 - 31-05-2019 - Regulier - kvo datum - 28-11-2017 - TTW;https://www.uitvoeringarbeidsvoorwaardenwetgeving.nl/mozard/!suite92.scherm1007?mObj=8764&mSelod=735822
827;827014;01-06-2019;30-09-2021;01-02-2021;CAO GZ 2019 2021 SZW TTW V2 Wagweu.docx.pdf;827 - M&T GOUD- EN ZILVERNIJVERHEID - 01-06-2019 - 30-09-2021 - Regulier - kvo datum - 01-02-2021 - TTW;https://www.uitvoeringarbeidsvoorwaardenwetgeving.nl/mozard/!suite92.scherm1007?mObj=21673&mSelod=735822
827;827015;01-06-2019;30-09-2021;21-12-2020;CAO GZ 2019 2021 SZW TTW Wagweu art 64.docx.pdf;827 - M&T GOUD- EN ZILVERNIJVERHEID - 01-06-2019 - 30-09-2021 - Regulier - kvo datum - 21-12-2020 - TTW;https://www.uitvoeringarbeidsvoorwaardenwetgeving.nl/mozard/!suite92.scherm1007?mObj=21138&mSelod=735822
827;827016;01-10-2021;31-03-2024;24-06-2022;CAO GZ 2021 2024.pdf;827 - M&T GOUD- EN ZILVERNIJVERHEID - 01-10-2021 - 31-03-2024 - Regulier - kvo datum - 24-06-2022;https://www.uitvoeringarbeidsvoorwaardenwetgeving.nl/mozard/!suite92.scherm1007?mObj=30342&mSelod=735822
310;310001;01-05-2004;31-05-2008;07-06-2011;CAO_Margarine__en_Spijsvetindustrie.pdf;310 - MARGARINE- EN SPIJSVETINDUSTRIE - 01-05-2004 - 31-05-2008 - Regulier - kvo datum - 07-06-2011;https://www.uitvoeringarbeidsvoorwaardenwetgeving.nl/mozard/!suite92.scherm1007?mObj=7474&mSelod=735848
310;310002;01-05-2017;30-04-2019;20-11-2017;Margarine__en_spijsvetindustrie_cao_2017_2019.pdf;310 - MARGARINE- EN SPIJSVETINDUSTRIE - 01-05-2017 - 30-04-2019 - Regulier - kvo datum - 20-11-2017;https://www.uitvoeringarbeidsvoorwaardenwetgeving.nl/mozard/!suite92.scherm1007?mObj=7110&mSelod=735848
310;310003;01-05-2019;31-10-2020;13-11-2020;margarine-spijsvet 2019-2020 - def.pdf;310 - MARGARINE- EN SPIJSVETINDUSTRIE - 01-05-2019 - 31-10-2020 - Regulier - kvo datum - 13-11-2020;https://www.uitvoeringarbeidsvoorwaardenwetgeving.nl/mozard/!suite92.scherm1007?mObj=20450&mSelod=735848
310;310004;01-06-2008;31-05-2010;17-06-2011;Def_CAO_Margarine_en_Spijsvetindustrie_08_10.pdf;310 - MARGARINE- EN SPIJSVETINDUSTRIE - 01-06-2008 - 31-05-2010 - Regulier - kvo datum - 17-06-2011;https://www.uitvoeringarbeidsvoorwaardenwetgeving.nl/mozard/!suite92.scherm1007?mObj=7475&mSelod=735848
310;310005;01-06-2010;31-07-2011;23-06-2011;AWVN_margarone__en_Spijsvetindustrie_10_11.pdf;310 - MARGARINE- EN SPIJSVETINDUSTRIE - 01-06-2010 - 31-07-2011 - Regulier - kvo datum - 23-06-2011;https://www.uitvoeringarbeidsvoorwaardenwetgeving.nl/mozard/!suite92.scherm1007?mObj=7476&mSelod=735848
310;310006;01-08-2011;31-07-2012;04-04-2012;AWVN__515845_Margarine__en_Spijsvetindustrie_11_12.pdf;310 - MARGARINE- EN SPIJSVETINDUSTRIE - 01-08-2011 - 31-07-2012 - Regulier - kvo datum - 04-04-2012;https://www.uitvoeringarbeidsvoorwaardenwetgeving.nl/mozard/!suite92.scherm1007?mObj=7477&mSelod=735848
310;310007;01-10-2013;30-09-2014;07-03-2014;Margarine_en_spijs_cao_2013_2014.pdf;310 - MARGARINE- EN SPIJSVETINDUSTRIE - 01-10-2013 - 30-09-2014 - Regulier - kvo datum - 07-03-2014;https://www.uitvoeringarbeidsvoorwaardenwetgeving.nl/mozard/!suite92.scherm1007?mObj=7107&mSelod=735848
310;310008;01-10-2014;31-10-2015;29-01-2016;Margarine__en_spijsvetindustrie_cao_2014_2015.pdf;310 - MARGARINE- EN SPIJSVETINDUSTRIE - 01-10-2014 - 31-10-2015 - Regulier - kvo datum - 29-01-2016;https://www.uitvoeringarbeidsvoorwaardenwetgeving.nl/mozard/!suite92.scherm1007?mObj=7108&mSelod=735848
310;310009;01-11-2015;30-04-2016;13-05-2016;margarine_spijs_2015_2016___def.pdf;310 - MARGARINE- EN SPIJSVETINDUSTRIE - 01-11-2015 - 30-04-2016 - Regulier - kvo datum - 13-05-2016;https://www.uitvoeringarbeidsvoorwaardenwetgeving.nl/mozard/!suite92.scherm1007?mObj=7109&mSelod=735848
310;310010;01-11-2020;31-01-2022;09-02-2021;Margarine en Spijsvet cao 2020-2022 - def.pdf;310 - MARGARINE- EN SPIJSVETINDUSTRIE - 01-11-2020 - 31-01-2022 - Regulier - kvo datum - 09-02-2021;https://www.uitvoeringarbeidsvoorwaardenwetgeving.nl/mozard/!suite92.scherm1007?mObj=21811&mSelod=735848
488;488001;01-05-2011;31-08-2013;05-08-2011;CAO_HP___bijlage_110804_integraal.pdf;488 - METALEKTRO VOOR HET HOGER PERSONEEL (HP) - 01-05-2011 - 31-08-2013 - Regulier - kvo datum - 05-08-2011;https://www.uitvoeringarbeidsvoorwaardenwetgeving.nl/mozard/!suite92.scherm1007?mObj=7818&mSelod=735936
488;488002;01-05-2011;31-08-2013;10-10-2012;CAO_HPME__versie_121008.pdf;488 - METALEKTRO VOOR HET HOGER PERSONEEL (HP) - 01-05-2011 - 31-08-2013 - Regulier - kvo datum - 10-10-2012 - TTW;https://www.uitvoeringarbeidsvoorwaardenwetgeving.nl/mozard/!suite92.scherm1007?mObj=7821&mSelod=735936
488;488003;01-05-2011;31-08-2013;14-10-2011;CAO_HP.pdf;488 - METALEKTRO VOOR HET HOGER PERSONEEL (HP) - 01-05-2011 - 31-08-2013 - Regulier - kvo datum - 14-10-2011;https://www.uitvoeringarbeidsvoorwaardenwetgeving.nl/mozard/!suite92.scherm1007?mObj=7819&mSelod=735936
488;488004;01-05-2011;31-08-2013;16-03-2012;CAO_HP___bijlage.pdf;488 - METALEKTRO VOOR HET HOGER PERSONEEL (HP) - 01-05-2011 - 31-08-2013 - Regulier - kvo datum - 16-03-2012 - TTW;https://www.uitvoeringarbeidsvoorwaardenwetgeving.nl/mozard/!suite92.scherm1007?mObj=7820&mSelod=735936
488;488005;01-05-2015;15-08-2018;20-05-2016;2__CAO_Metalektro_HP__zonder_renvoi_.pdf;488 - METALEKTRO VOOR HET HOGER PERSONEEL (HP) - 01-05-2015 - 15-08-2018 - Regulier - kvo datum - 20-05-2016;https://www.uitvoeringarbeidsvoorwaardenwetgeving.nl/mozard/!suite92.scherm1007?mObj=7823&mSelod=735936
488;488006;01-06-2018;01-12-2020;02-10-2019;HP-cao Metalektro voor aanmelding versie 27-09-2019OB.docx.pdf;488 - METALEKTRO VOOR HET HOGER PERSONEEL (HP) - 01-06-2018 - 01-12-2020 - Regulier - kvo datum - 02-10-2019 - TTW;https://www.uitvoeringarbeidsvoorwaardenwetgeving.nl/mozard/!suite92.scherm1007?mObj=14956&mSelod=735936
488;488007;01-06-2018;01-12-2020;04-11-2019;HP-cao Metalektro hertaald voor aanmelding 4-11-19.docx.pdf;488 - METALEKTRO VOOR HET HOGER PERSONEEL (HP) - 01-06-2018 - 01-12-2020 - Regulier - kvo datum - 04-11-2019 - TTW;https://www.uitvoeringarbeidsvoorwaardenwetgeving.nl/mozard/!suite92.scherm1007?mObj=15184&mSelod=735936
488;488008;01-06-2018;01-12-2020;24-07-2019;HP-cao Metalektro hertaald volledig - def versie 23-07-2019OB.docx.pdf;488 - METALEKTRO VOOR HET HOGER PERSONEEL (HP) - 01-06-2018 - 01-12-2020 - Regulier - kvo datum - 24-07-2019;https://www.uitvoeringarbeidsvoorwaardenwetgeving.nl/mozard/!suite92.scherm1007?mObj=14640&mSelod=735936
488;488009;01-06-2024;31-12-2028;05-09-2024;Cao HP def. versie 4-9-2024 schoon.pdf;488 - METALEKTRO VOOR HET HOGER PERSONEEL (HP) - 01-06-2024 - 31-12-2028 - Regulier - kvo datum - 05-09-2024 - TTW;https://www.uitvoeringarbeidsvoorwaardenwetgeving.nl/mozard/!suite92.scherm1007?mObj=43633&mSelod=735936
488;488010;01-06-2024;31-12-2028;11-12-2024;Cao HP schone versie ttw 09-12-2024.pdf;488 - METALEKTRO VOOR HET HOGER PERSONEEL (HP) - 01-06-2024 - 31-12-2028 - Regulier - kvo datum - 11-12-2024 - TTW;https://www.uitvoeringarbeidsvoorwaardenwetgeving.nl/mozard/!suite92.scherm1007?mObj=45533&mSelod=735936
488;488011;01-06-2024;31-12-2028;29-07-2024;Cao HP def. versie 17-7-24 met markeringen.pdf;488 - METALEKTRO VOOR HET HOGER PERSONEEL (HP) - 01-06-2024 - 31-12-2028 - Regulier - kvo datum - 29-07-2024;https://www.uitvoeringarbeidsvoorwaardenwetgeving.nl/mozard/!suite92.scherm1007?mObj=43416&mSelod=735936
488;488012;01-07-2013;15-08-2015;09-01-2014;CAO_Metalektro_2013_2015_HP.pdf;488 - METALEKTRO VOOR HET HOGER PERSONEEL (HP) - 01-07-2013 - 15-08-2015 - Regulier - kvo datum - 09-01-2014;https://www.uitvoeringarbeidsvoorwaardenwetgeving.nl/mozard/!suite92.scherm1007?mObj=7822&mSelod=735936
488;488013;01-12-2020;01-12-2023;14-12-2021;Aanmelding 13-12 HP-cao Metalektro.pdf;488 - METALEKTRO VOOR HET HOGER PERSONEEL (HP) - 01-12-2020 - 01-12-2023 - Regulier - kvo datum - 14-12-2021 - TTW;https://www.uitvoeringarbeidsvoorwaardenwetgeving.nl/mozard/!suite92.scherm1007?mObj=24570&mSelod=735936
488;488014;01-12-2020;01-12-2023;16-11-2021;Def. concept 16-11 HP-cao Metalektro.pdf;488 - METALEKTRO VOOR HET HOGER PERSONEEL (HP) - 01-12-2020 - 01-12-2023 - Regulier - kvo datum - 16-11-2021;https://www.uitvoeringarbeidsvoorwaardenwetgeving.nl/mozard/!suite92.scherm1007?mObj=23625&mSelod=735936
488;488015;01-12-2020;01-12-2023;25-11-2021;Def. versie aanmelding ttw 24-11 HP-cao Metalektro.pdf;488 - METALEKTRO VOOR HET HOGER PERSONEEL (HP) - 01-12-2020 - 01-12-2023 - Regulier - kvo datum - 25-11-2021;https://www.uitvoeringarbeidsvoorwaardenwetgeving.nl/mozard/!suite92.scherm1007?mObj=24148&mSelod=735936
488;488016;01-12-2022;30-11-2027;09-12-2022;Cao HP def. versie 29-11-22 met statuten ROM en SSF.pdf;488 - METALEKTRO VOOR HET HOGER PERSONEEL (HP) - 01-12-2022 - 30-11-2027 - Regulier - kvo datum - 09-12-2022;https://www.uitvoeringarbeidsvoorwaardenwetgeving.nl/mozard/!suite92.scherm1007?mObj=31949&mSelod=735936
488;488017;01-12-2022;30-11-2027;28-07-2023;Versie aanmelding HP ttw 26-7.pdf;488 - METALEKTRO VOOR HET HOGER PERSONEEL (HP) - 01-12-2022 - 30-11-2027 - Regulier - kvo datum - 28-07-2023 - TTW;https://www.uitvoeringarbeidsvoorwaardenwetgeving.nl/mozard/!suite92.scherm1007?mObj=37918&mSelod=735936
4215;4215001;01-07-2021;31-12-2023;17-08-2021;CAO MKMB Kinderopvang 2021 2023 1 juli 2021.pdf;4215 - MKMB KINDEROPVANG - 01-07-2021 - 31-12-2023 - Regulier - kvo datum - 17-08-2021;https://www.uitvoeringarbeidsvoorwaardenwetgeving.nl/mozard/!suite92.scherm1007?mObj=23164&mSelod=735948
979;979001;01-01-2023;30-06-2024;02-05-2023;MV CAO 2023-2024 def tekst.pdf;979 - MUSEUM CAO - 01-01-2023 - 30-06-2024 - Regulier - kvo datum - 02-05-2023;https://www.uitvoeringarbeidsvoorwaardenwetgeving.nl/mozard/!suite92.scherm1007?mObj=36984&mSelod=735987
979;979002;01-04-2013;31-03-2015;13-11-2013;Tekst_2013_2015_VRMCAOpdf.pdf;979 - MUSEUM CAO - 01-04-2013 - 31-03-2015 - Regulier - kvo datum - 13-11-2013;https://www.uitvoeringarbeidsvoorwaardenwetgeving.nl/mozard/!suite92.scherm1007?mObj=8515&mSelod=735987
979;979003;01-04-2015;30-09-2016;17-08-2015;Museumvereniging_CAO_def.pdf;979 - MUSEUM CAO - 01-04-2015 - 30-09-2016 - Regulier - kvo datum - 17-08-2015;https://www.uitvoeringarbeidsvoorwaardenwetgeving.nl/mozard/!suite92.scherm1007?mObj=8516&mSelod=735987
979;979004;01-04-2021;31-12-2022;30-06-2022;MV CAO 2020-2022 def.pdf;979 - MUSEUM CAO - 01-04-2021 - 31-12-2022 - Regulier - kvo datum - 30-06-2022;https://www.uitvoeringarbeidsvoorwaardenwetgeving.nl/mozard/!suite92.scherm1007?mObj=30406&mSelod=735987
979;979005;01-07-2024;30-06-2026;08-10-2024;MV_Museum cao 20242026def.pdf;979 - MUSEUM CAO - 01-07-2024 - 30-06-2026 - Regulier - kvo datum - 08-10-2024;https://www.uitvoeringarbeidsvoorwaardenwetgeving.nl/mozard/!suite92.scherm1007?mObj=43882&mSelod=735987
979;979006;01-09-2011;31-03-2013;06-08-2012;Tekst_2011_2013_VRMCAO.pdf;979 - MUSEUM CAO - 01-09-2011 - 31-03-2013 - Regulier - kvo datum - 06-08-2012;https://www.uitvoeringarbeidsvoorwaardenwetgeving.nl/mozard/!suite92.scherm1007?mObj=8514&mSelod=735987
979;979007;01-10-2016;30-09-2018;13-01-2017;Museumvereniging_CAO_2016_2018_definitief.pdf;979 - MUSEUM CAO - 01-10-2016 - 30-09-2018 - Regulier - kvo datum - 13-01-2017;https://www.uitvoeringarbeidsvoorwaardenwetgeving.nl/mozard/!suite92.scherm1007?mObj=8517&mSelod=735987
979;979008;01-10-2018;30-09-2020;24-01-2020;MV CAO 2018-2020_update_1 januari 2020.pdf;979 - MUSEUM CAO - 01-10-2018 - 30-09-2020 - Regulier - kvo datum - 24-01-2020 - TTW;https://www.uitvoeringarbeidsvoorwaardenwetgeving.nl/mozard/!suite92.scherm1007?mObj=15671&mSelod=735987
979;979009;01-10-2018;30-09-2020;25-03-2019;CAO 2018-2020 pdf definitief.pdf .pdf;979 - MUSEUM CAO - 01-10-2018 - 30-09-2020 - Regulier - kvo datum - 25-03-2019;https://www.uitvoeringarbeidsvoorwaardenwetgeving.nl/mozard/!suite92.scherm1007?mObj=1015&mSelod=735987
4245;4245001;01-01-2025;31-12-2026;20-01-2025;CAO ME 2025 2026 V1.pdf;4245 - NAPK MUZIEKENSEMBLES - 01-01-2025 - 31-12-2026 - Regulier - kvo datum - 20-01-2025;https://www.uitvoeringarbeidsvoorwaardenwetgeving.nl/mozard/!suite92.scherm1007?mObj=46192&mSelod=735992
4245;4245002;01-03-2022;31-12-2024;03-01-2023;2023.01.01.Cao ME 2022-2024 V3d.pdf;4245 - NAPK MUZIEKENSEMBLES - 01-03-2022 - 31-12-2024 - Regulier - kvo datum - 03-01-2023;https://www.uitvoeringarbeidsvoorwaardenwetgeving.nl/mozard/!suite92.scherm1007?mObj=33129&mSelod=735992
4245;4245003;01-03-2022;31-12-2024;04-08-2022;2022.06.26.Cao ME 2022-2024 V2d..pdf;4245 - NAPK MUZIEKENSEMBLES - 01-03-2022 - 31-12-2024 - Regulier - kvo datum - 04-08-2022;https://www.uitvoeringarbeidsvoorwaardenwetgeving.nl/mozard/!suite92.scherm1007?mObj=30816&mSelod=735992
4245;4245004;01-03-2022;31-12-2024;07-03-2022;Cao ME 2022-2024 V1d.pdf;4245 - NAPK MUZIEKENSEMBLES - 01-03-2022 - 31-12-2024 - Regulier - kvo datum - 07-03-2022;https://www.uitvoeringarbeidsvoorwaardenwetgeving.nl/mozard/!suite92.scherm1007?mObj=28119&mSelod=735992
3874;3874001;01-01-2016;31-12-2018;02-07-2018;CAO_VBN_2016_2018__TTW_3_mei_2018_.pdf;3874 - NATUURSTEEN, VAKWERKBEDRIJVEN IN DE BEDRIJFSTAK - 01-01-2016 - 31-12-2018 - Regulier - kvo datum - 02-07-2018;https://www.uitvoeringarbeidsvoorwaardenwetgeving.nl/mozard/!suite92.scherm1007?mObj=12422&mSelod=735998
3874;3874002;01-01-2016;31-12-2018;03-05-2018;CAO_VBN_2016_2018__TTW_3_mei_2018__1.pdf;3874 - NATUURSTEEN, VAKWERKBEDRIJVEN IN DE BEDRIJFSTAK - 01-01-2016 - 31-12-2018 - Regulier - kvo datum - 03-05-2018 - TTW;https://www.uitvoeringarbeidsvoorwaardenwetgeving.nl/mozard/!suite92.scherm1007?mObj=12421&mSelod=735998
3874;3874003;01-01-2016;31-12-2018;12-11-2016;CAO_VBN_2016_2018.pdf;3874 - NATUURSTEEN, VAKWERKBEDRIJVEN IN DE BEDRIJFSTAK - 01-01-2016 - 31-12-2018 - Regulier - kvo datum - 12-11-2016;https://www.uitvoeringarbeidsvoorwaardenwetgeving.nl/mozard/!suite92.scherm1007?mObj=12420&mSelod=735998
418;418001;01-01-2016;31-12-2017;07-09-2016;aanmeldtekst_Cao_Natuursteen_2016_2017.pdf;418 - NATUURSTEENBEDRIJF - 01-01-2016 - 31-12-2017 - Regulier - kvo datum - 07-09-2016;https://www.uitvoeringarbeidsvoorwaardenwetgeving.nl/mozard/!suite92.scherm1007?mObj=7908&mSelod=736000
418;418002;01-03-2011;28-02-2013;18-08-2011;CAO_Natuursteen_2011_2013_aanmeldingstekst.pdf;418 - NATUURSTEENBEDRIJF - 01-03-2011 - 28-02-2013 - Regulier - kvo datum - 18-08-2011;https://www.uitvoeringarbeidsvoorwaardenwetgeving.nl/mozard/!suite92.scherm1007?mObj=7905&mSelod=736000
418;418003;01-03-2013;28-02-2014;05-09-2013;CAO_Natuursteen_2013_2014_aanmeldingstekst.pdf;418 - NATUURSTEENBEDRIJF - 01-03-2013 - 28-02-2014 - Regulier - kvo datum - 05-09-2013;https://www.uitvoeringarbeidsvoorwaardenwetgeving.nl/mozard/!suite92.scherm1007?mObj=7906&mSelod=736000
418;418004;01-03-2014;31-12-2015;04-11-2014;aanmeldingstekst_cao_Natuursteen_2014_2015.pdf;418 - NATUURSTEENBEDRIJF - 01-03-2014 - 31-12-2015 - Regulier - kvo datum - 04-11-2014;https://www.uitvoeringarbeidsvoorwaardenwetgeving.nl/mozard/!suite92.scherm1007?mObj=7907&mSelod=736000
1094;1094001;01-01-2012;31-12-2014;06-01-2014;2131722_NBBU_CAO_Vaste_Medewerkers_V2.pdf;1094 - NBBU VASTE MEDEWERKERS UITZENDBUREAUS - 01-01-2012 - 31-12-2014 - Regulier - kvo datum - 06-01-2014 - TTW;https://www.uitvoeringarbeidsvoorwaardenwetgeving.nl/mozard/!suite92.scherm1007?mObj=8666&mSelod=736008
1094;1094002;01-01-2012;31-12-2014;22-12-2011;2111327_NBBU_CAO_Vaste_Medewerkers.pdf;1094 - NBBU VASTE MEDEWERKERS UITZENDBUREAUS - 01-01-2012 - 31-12-2014 - Regulier - kvo datum - 22-12-2011;https://www.uitvoeringarbeidsvoorwaardenwetgeving.nl/mozard/!suite92.scherm1007?mObj=8665&mSelod=736008
1094;1094003;01-01-2015;31-12-2018;03-01-2018;2172111_NBBU_CAO_VM_def.pdf;1094 - NBBU VASTE MEDEWERKERS UITZENDBUREAUS - 01-01-2015 - 31-12-2018 - Regulier - kvo datum - 03-01-2018 - TTW;https://www.uitvoeringarbeidsvoorwaardenwetgeving.nl/mozard/!suite92.scherm1007?mObj=8672&mSelod=736008
1094;1094004;01-01-2015;31-12-2018;04-01-2016;2151935_NBBU_CAO_V5__4_.pdf;1094 - NBBU VASTE MEDEWERKERS UITZENDBUREAUS - 01-01-2015 - 31-12-2018 - Regulier - kvo datum - 04-01-2016 - TTW;https://www.uitvoeringarbeidsvoorwaardenwetgeving.nl/mozard/!suite92.scherm1007?mObj=8669&mSelod=736008
1094;1094005;01-01-2015;31-12-2018;06-01-2015;2141807_NBBU_CAO_Vaste_Medewerkers_V3__2_.pdf;1094 - NBBU VASTE MEDEWERKERS UITZENDBUREAUS - 01-01-2015 - 31-12-2018 - Regulier - kvo datum - 06-01-2015;https://www.uitvoeringarbeidsvoorwaardenwetgeving.nl/mozard/!suite92.scherm1007?mObj=8667&mSelod=736008
1094;1094006;01-01-2015;31-12-2018;25-06-2015;DEFINITIEVE_VERSIE_cao_vaste_medewerkers.pdf;1094 - NBBU VASTE MEDEWERKERS UITZENDBUREAUS - 01-01-2015 - 31-12-2018 - Regulier - kvo datum - 25-06-2015 - TTW;https://www.uitvoeringarbeidsvoorwaardenwetgeving.nl/mozard/!suite92.scherm1007?mObj=8668&mSelod=736008
1094;1094007;01-01-2015;31-12-2018;28-06-2016;2160958_NBBU_CAO_V2__00000002_.pdf;1094 - NBBU VASTE MEDEWERKERS UITZENDBUREAUS - 01-01-2015 - 31-12-2018 - Regulier - kvo datum - 28-06-2016 - TTW;https://www.uitvoeringarbeidsvoorwaardenwetgeving.nl/mozard/!suite92.scherm1007?mObj=8670&mSelod=736008
1094;1094008;01-01-2015;31-12-2018;29-12-2016;NBBU_CAO_vaste_medewerkers_2017.pdf;1094 - NBBU VASTE MEDEWERKERS UITZENDBUREAUS - 01-01-2015 - 31-12-2018 - Regulier - kvo datum - 29-12-2016 - TTW;https://www.uitvoeringarbeidsvoorwaardenwetgeving.nl/mozard/!suite92.scherm1007?mObj=8671&mSelod=736008
1094;1094009;01-01-2019;31-12-2019;20-12-2018;NBBU_CAO_Vaste_Medewerkers_2019 OTF DP v2.pdf .pdf;1094 - NBBU VASTE MEDEWERKERS UITZENDBUREAUS - 01-01-2019 - 31-12-2019 - Regulier - kvo datum - 20-12-2018;https://www.uitvoeringarbeidsvoorwaardenwetgeving.nl/mozard/!suite92.scherm1007?mObj=589&mSelod=736008
1094;1094010;01-01-2020;31-12-2020;18-12-2019;NBBU_CAO_Vaste_Medewerkers_2020.pdf;1094 - NBBU VASTE MEDEWERKERS UITZENDBUREAUS - 01-01-2020 - 31-12-2020 - Regulier - kvo datum - 18-12-2019;https://www.uitvoeringarbeidsvoorwaardenwetgeving.nl/mozard/!suite92.scherm1007?mObj=15486&mSelod=736008
1094;1094011;01-01-2021;31-12-2021;22-12-2020;NBBU_CAO_Vaste_Medewerkers_2021.pdf;1094 - NBBU VASTE MEDEWERKERS UITZENDBUREAUS - 01-01-2021 - 31-12-2021 - Regulier - kvo datum - 22-12-2020;https://www.uitvoeringarbeidsvoorwaardenwetgeving.nl/mozard/!suite92.scherm1007?mObj=21188&mSelod=736008
1094;1094012;01-01-2022;31-12-2023;19-07-2022;NBBU_CAO_Vaste_Medewerkers_2022 OTF DP.pdf;1094 - NBBU VASTE MEDEWERKERS UITZENDBUREAUS - 01-01-2022 - 31-12-2023 - Regulier - kvo datum - 19-07-2022;https://www.uitvoeringarbeidsvoorwaardenwetgeving.nl/mozard/!suite92.scherm1007?mObj=30607&mSelod=736008
1094;1094013;01-01-2022;31-12-2023;22-12-2022;NBBU_CAO_Vaste_Medewerkers_januari 2023.pdf;1094 - NBBU VASTE MEDEWERKERS UITZENDBUREAUS - 01-01-2022 - 31-12-2023 - Regulier - kvo datum - 22-12-2022;https://www.uitvoeringarbeidsvoorwaardenwetgeving.nl/mozard/!suite92.scherm1007?mObj=32624&mSelod=736008
1094;1094014;01-01-2022;31-12-2023;23-12-2021;NBBU_CAO_Vaste_Medewerkers_2022 Def.pdf;1094 - NBBU VASTE MEDEWERKERS UITZENDBUREAUS - 01-01-2022 - 31-12-2023 - Regulier - kvo datum - 23-12-2021;https://www.uitvoeringarbeidsvoorwaardenwetgeving.nl/mozard/!suite92.scherm1007?mObj=24876&mSelod=736008
1094;1094015;01-01-2024;31-12-2024;17-01-2024;NBBU_CAO_Vaste_Medewerkers_2024 DEF.pdf;1094 - NBBU VASTE MEDEWERKERS UITZENDBUREAUS - 01-01-2024 - 31-12-2024 - Regulier - kvo datum - 17-01-2024;https://www.uitvoeringarbeidsvoorwaardenwetgeving.nl/mozard/!suite92.scherm1007?mObj=41319&mSelod=736008
4274;4274001;01-01-2024;30-06-2026;04-04-2025;CAO_NHG_ WORD DEF_versie 2_1 jan 2024 tm 30 juni 2026.pdf;4274 - NEDERLANDS HORECA GILDE - HORECA CAO - 01-01-2024 - 30-06-2026 - Regulier - kvo datum - 04-04-2025 - TTW;https://www.uitvoeringarbeidsvoorwaardenwetgeving.nl/mozard/!suite92.scherm1007?mObj=47574&mSelod=736014
4274;4274002;01-01-2024;30-06-2026;17-11-2023;HORECA CAO .pdf;4274 - NEDERLANDS HORECA GILDE - HORECA CAO - 01-01-2024 - 30-06-2026 - Regulier - kvo datum - 17-11-2023;https://www.uitvoeringarbeidsvoorwaardenwetgeving.nl/mozard/!suite92.scherm1007?mObj=39722&mSelod=736014
4274;4274003;01-11-2022;31-12-2023;17-11-2022;CAO_WORD_NHG_ BVHP _ 1 nov 2022 tm 31 dec 2023 -.pdf;4274 - NEDERLANDS HORECA GILDE - HORECA CAO - 01-11-2022 - 31-12-2023 - Regulier - kvo datum - 17-11-2022;https://www.uitvoeringarbeidsvoorwaardenwetgeving.nl/mozard/!suite92.scherm1007?mObj=31778&mSelod=736014
4088;4088001;01-01-2018;31-12-2019;02-12-2019;20191127 CAO NL orkesten 2018-2019 DEF.pdf;4088 - NEDERLANDSE ORKESTEN - 01-01-2018 - 31-12-2019 - Regulier - kvo datum - 02-12-2019;https://www.uitvoeringarbeidsvoorwaardenwetgeving.nl/mozard/!suite92.scherm1007?mObj=15365&mSelod=736037
4088;4088002;01-01-2020;31-12-2020;22-12-2020;NL orkesten cao 20201217.pdf;4088 - NEDERLANDSE ORKESTEN - 01-01-2020 - 31-12-2020 - Regulier - kvo datum - 22-12-2020;https://www.uitvoeringarbeidsvoorwaardenwetgeving.nl/mozard/!suite92.scherm1007?mObj=21172&mSelod=736037
4088;4088003;01-01-2021;31-12-2022;20-12-2022;Cao NL orkesten looptijd 1 januari 2021 tot en met 31 december 2022.pdf;4088 - NEDERLANDSE ORKESTEN - 01-01-2021 - 31-12-2022 - Regulier - kvo datum - 20-12-2022;https://www.uitvoeringarbeidsvoorwaardenwetgeving.nl/mozard/!suite92.scherm1007?mObj=32350&mSelod=736037
4088;4088004;01-01-2023;30-09-2023;15-06-2023;cao Nederlandse orkesten 1 januari 2023 - 1 oktober 2023_.pdf;4088 - NEDERLANDSE ORKESTEN - 01-01-2023 - 30-09-2023 - Regulier - kvo datum - 15-06-2023;https://www.uitvoeringarbeidsvoorwaardenwetgeving.nl/mozard/!suite92.scherm1007?mObj=37159&mSelod=736037
4088;4088005;01-07-2024;30-06-2025;29-08-2024;Nederlandse Orkesten cao 2024-2025.pdf;4088 - NEDERLANDSE ORKESTEN - 01-07-2024 - 30-06-2025 - Regulier - kvo datum - 29-08-2024;https://www.uitvoeringarbeidsvoorwaardenwetgeving.nl/mozard/!suite92.scherm1007?mObj=43594&mSelod=736037
4088;4088006;01-07-2025;31-12-2026;29-08-2025;NL orkesten cao 2025 2026.pdf;4088 - NEDERLANDSE ORKESTEN - 01-07-2025 - 31-12-2026 - Regulier - kvo datum - 29-08-2025;https://www.uitvoeringarbeidsvoorwaardenwetgeving.nl/mozard/!suite92.scherm1007?mObj=51172&mSelod=736037
4088;4088007;01-10-2023;30-06-2024;20-12-2023;NL orkesten 1 oktober 2023 1 juli 2024_.pdf;4088 - NEDERLANDSE ORKESTEN - 01-10-2023 - 30-06-2024 - Regulier - kvo datum - 20-12-2023;https://www.uitvoeringarbeidsvoorwaardenwetgeving.nl/mozard/!suite92.scherm1007?mObj=40680&mSelod=736037
2143;2143001;01-01-2010;31-12-2011;16-07-2013;CAO_NP_2010_2011__definitief_.pdf;2143 - NEDERLANDSE PODIA - 01-01-2010 - 31-12-2011 - Regulier - kvo datum - 16-07-2013;https://www.uitvoeringarbeidsvoorwaardenwetgeving.nl/mozard/!suite92.scherm1007?mObj=10097&mSelod=736039
2143;2143002;01-01-2012;31-12-2012;27-06-2014;CAO_NP_2012__def__.pdf;2143 - NEDERLANDSE PODIA - 01-01-2012 - 31-12-2012 - Regulier - kvo datum - 27-06-2014;https://www.uitvoeringarbeidsvoorwaardenwetgeving.nl/mozard/!suite92.scherm1007?mObj=10098&mSelod=736039
2143;2143003;01-01-2021;31-12-2021;08-11-2021;Cao Nederlandse Podia 2021 Tussentijdse wijziging.pdf;2143 - NEDERLANDSE PODIA - 01-01-2021 - 31-12-2021 - Regulier - kvo datum - 08-11-2021 - TTW;https://www.uitvoeringarbeidsvoorwaardenwetgeving.nl/mozard/!suite92.scherm1007?mObj=23592&mSelod=736039
2143;2143004;01-01-2021;31-12-2021;25-03-2021;DEF CPT Cao Nederlandse Podia 2021_15-3-2021 schone versie.pdf;2143 - NEDERLANDSE PODIA - 01-01-2021 - 31-12-2021 - Regulier - kvo datum - 25-03-2021;https://www.uitvoeringarbeidsvoorwaardenwetgeving.nl/mozard/!suite92.scherm1007?mObj=22436&mSelod=736039
2143;2143005;01-01-2022;31-12-2023;03-02-2022;Cao Nederlandse Podia 2022-2023.pdf;2143 - NEDERLANDSE PODIA - 01-01-2022 - 31-12-2023 - Regulier - kvo datum - 03-02-2022;https://www.uitvoeringarbeidsvoorwaardenwetgeving.nl/mozard/!suite92.scherm1007?mObj=26660&mSelod=736039
2143;2143006;01-01-2022;31-12-2023;12-12-2022;Cao Nederlandse Podia 2022_2023.pdf;2143 - NEDERLANDSE PODIA - 01-01-2022 - 31-12-2023 - Regulier - kvo datum - 12-12-2022;https://www.uitvoeringarbeidsvoorwaardenwetgeving.nl/mozard/!suite92.scherm1007?mObj=31953&mSelod=736039
2143;2143007;01-01-2024;31-03-2025;19-12-2023;Cao Nederlandse Podia 2024-2025.pdf;2143 - NEDERLANDSE PODIA - 01-01-2024 - 31-03-2025 - Regulier - kvo datum - 19-12-2023;https://www.uitvoeringarbeidsvoorwaardenwetgeving.nl/mozard/!suite92.scherm1007?mObj=40630&mSelod=736039
2143;2143008;01-04-2025;31-12-2026;21-05-2025;Cao Nederlandse Podia 2025-2026.pdf;2143 - NEDERLANDSE PODIA - 01-04-2025 - 31-12-2026 - Regulier - kvo datum - 21-05-2025;https://www.uitvoeringarbeidsvoorwaardenwetgeving.nl/mozard/!suite92.scherm1007?mObj=48237&mSelod=736039
2143;2143009;01-07-2016;30-06-2017;30-06-2016;CAO_NP_2016_2017_def.pdf;2143 - NEDERLANDSE PODIA - 01-07-2016 - 30-06-2017 - Regulier - kvo datum - 30-06-2016;https://www.uitvoeringarbeidsvoorwaardenwetgeving.nl/mozard/!suite92.scherm1007?mObj=10100&mSelod=736039
2143;2143010;01-07-2017;30-06-2019;22-06-2017;CAO_NP_2017_2019_zwart.pdf;2143 - NEDERLANDSE PODIA - 01-07-2017 - 30-06-2019 - Regulier - kvo datum - 22-06-2017;https://www.uitvoeringarbeidsvoorwaardenwetgeving.nl/mozard/!suite92.scherm1007?mObj=10101&mSelod=736039
2143;2143011;01-07-2019;31-12-2020;21-08-2019;Cao Nederlandse Podia 2019-2020.pdf;2143 - NEDERLANDSE PODIA - 01-07-2019 - 31-12-2020 - Regulier - kvo datum - 21-08-2019;https://www.uitvoeringarbeidsvoorwaardenwetgeving.nl/mozard/!suite92.scherm1007?mObj=14788&mSelod=736039
2143;2143012;01-09-2014;30-06-2016;12-11-2014;CAO_NP_2014_2016_ledenversie_totaal.pdf;2143 - NEDERLANDSE PODIA - 01-09-2014 - 30-06-2016 - Regulier - kvo datum - 12-11-2014;https://www.uitvoeringarbeidsvoorwaardenwetgeving.nl/mozard/!suite92.scherm1007?mObj=10099&mSelod=736039
2994;2994001;01-01-2012;31-12-2012;10-02-2012;NPF_2012.pdf;2994 - NEDERLANDSE POPPODIA EN-FESTIVALS - 01-01-2012 - 31-12-2012 - Regulier - kvo datum - 10-02-2012;https://www.uitvoeringarbeidsvoorwaardenwetgeving.nl/mozard/!suite92.scherm1007?mObj=11052&mSelod=736042
2994;2994002;01-01-2015;31-12-2016;26-03-2015;caonpf2015_2016.pdf;2994 - NEDERLANDSE POPPODIA EN-FESTIVALS - 01-01-2015 - 31-12-2016 - Regulier - kvo datum - 26-03-2015;https://www.uitvoeringarbeidsvoorwaardenwetgeving.nl/mozard/!suite92.scherm1007?mObj=11053&mSelod=736042
2994;2994003;01-01-2019;31-12-2020;13-09-2019;CAO Nederlandse Poppodia en -Festivals 2019-2020 ondertekend op 19 juli 2019.pdf;2994 - NEDERLANDSE POPPODIA EN-FESTIVALS - 01-01-2019 - 31-12-2020 - Regulier - kvo datum - 13-09-2019;https://www.uitvoeringarbeidsvoorwaardenwetgeving.nl/mozard/!suite92.scherm1007?mObj=14871&mSelod=736042
2994;2994004;01-01-2021;31-12-2021;27-05-2021;CAO Nederlandse Poppodia en -Festivals 2021.pdf;2994 - NEDERLANDSE POPPODIA EN-FESTIVALS - 01-01-2021 - 31-12-2021 - Regulier - kvo datum - 27-05-2021;https://www.uitvoeringarbeidsvoorwaardenwetgeving.nl/mozard/!suite92.scherm1007?mObj=22766&mSelod=736042
2994;2994005;01-01-2022;31-12-2025;10-06-2022;CAO Nederlandse Poppodia en -Festivals 2022-2023_def.pdf;2994 - NEDERLANDSE POPPODIA EN-FESTIVALS - 01-01-2022 - 31-12-2025 - Regulier - kvo datum - 10-06-2022;https://www.uitvoeringarbeidsvoorwaardenwetgeving.nl/mozard/!suite92.scherm1007?mObj=30114&mSelod=736042
3866;3866001;01-01-2020;31-12-2023;30-01-2023;CBA for Non-EU Fishers 2020-2023 (Def and signed).pdf;3866 - NON-EU OFFSHORE FISHERS COLLECTIVE BARGAINING AGREEMENT - 01-01-2020 - 31-12-2023 - Regulier - kvo datum - 30-01-2023;https://www.uitvoeringarbeidsvoorwaardenwetgeving.nl/mozard/!suite92.scherm1007?mObj=34333&mSelod=736112
3866;3866002;01-01-2024;31-12-2028;29-10-2024;CBA for Non-EU Fishers 2024-2028 (Def + Signed RvZ and CNV).pdf;3866 - NON-EU OFFSHORE FISHERS COLLECTIVE BARGAINING AGREEMENT - 01-01-2024 - 31-12-2028 - Regulier - kvo datum - 29-10-2024;https://www.uitvoeringarbeidsvoorwaardenwetgeving.nl/mozard/!suite92.scherm1007?mObj=44399&mSelod=736112
3866;3866003;01-01-2015;31-12-2019;07-10-2016;CBA_for_Non_EU_Offshore_Fishers_2015_2019.pdf;3866 - Offshore Fishers Collective Bargaining Agreement for Non-EU - 01-01-2015 - 31-12-2019 - Regulier - kvo datum - 07-10-2016;https://www.uitvoeringarbeidsvoorwaardenwetgeving.nl/mozard/!suite92.scherm1007?mObj=12414&mSelod=736112
3866;3866004;01-01-2015;31-12-2019;12-12-2018;CBA_for_Non_EU_Fishers_2015_2019___Amended.pdf;3866 - Offshore Fishers Collective Bargaining Agreement for Non-EU - 01-01-2015 - 31-12-2019 - Regulier - kvo datum - 12-12-2018 - TTW;https://www.uitvoeringarbeidsvoorwaardenwetgeving.nl/mozard/!suite92.scherm1007?mObj=12415&mSelod=736112
3233;3233001;01-01-2011;31-12-2013;09-02-2012;AWVN_510489_v1Offshore_2011_2012obv_510488.pdf;3233 - OFFSHORE CATERING - 01-01-2011 - 31-12-2013 - Regulier - kvo datum - 09-02-2012;https://www.uitvoeringarbeidsvoorwaardenwetgeving.nl/mozard/!suite92.scherm1007?mObj=10893&mSelod=736234
3233;3233002;01-01-2014;31-10-2014;22-07-2014;2014_offshore_catering_na_ttw_h10artikel1_3.pdf;3233 - OFFSHORE CATERING - 01-01-2014 - 31-10-2014 - Regulier - kvo datum - 22-07-2014 - TTW;https://www.uitvoeringarbeidsvoorwaardenwetgeving.nl/mozard/!suite92.scherm1007?mObj=10895&mSelod=736234
3233;3233003;01-01-2014;31-10-2014;27-06-2014;Offshore_catering_cao_def.pdf;3233 - OFFSHORE CATERING - 01-01-2014 - 31-10-2014 - Regulier - kvo datum - 27-06-2014;https://www.uitvoeringarbeidsvoorwaardenwetgeving.nl/mozard/!suite92.scherm1007?mObj=10894&mSelod=736234
3233;3233004;01-01-2016;30-06-2017;19-02-2016;cao_2016_2017_offshore_catering_obv_1677927.pdf;3233 - OFFSHORE CATERING - 01-01-2016 - 30-06-2017 - Regulier - kvo datum - 19-02-2016;https://www.uitvoeringarbeidsvoorwaardenwetgeving.nl/mozard/!suite92.scherm1007?mObj=10898&mSelod=736234
3233;3233005;01-01-2020;31-12-2021;24-12-2019;cao offshorecatering 2020-2021 .pdf;3233 - OFFSHORE CATERING - 01-01-2020 - 31-12-2021 - Regulier - kvo datum - 24-12-2019;https://www.uitvoeringarbeidsvoorwaardenwetgeving.nl/mozard/!suite92.scherm1007?mObj=15533&mSelod=736234
3233;3233006;01-01-2022;31-12-2023;19-12-2022;Cao offshorecatering 2022-2023 na ttw per 1-1-2023.pdf;3233 - OFFSHORE CATERING - 01-01-2022 - 31-12-2023 - Regulier - kvo datum - 19-12-2022;https://www.uitvoeringarbeidsvoorwaardenwetgeving.nl/mozard/!suite92.scherm1007?mObj=32202&mSelod=736234
3233;3233007;01-01-2022;31-12-2023;24-01-2022;Offshorecatering cao 2022-2023.pdf;3233 - OFFSHORE CATERING - 01-01-2022 - 31-12-2023 - Regulier - kvo datum - 24-01-2022;https://www.uitvoeringarbeidsvoorwaardenwetgeving.nl/mozard/!suite92.scherm1007?mObj=26172&mSelod=736234
3233;3233008;01-01-2024;31-12-2024;21-12-2023;Cao offshorecatering 2024.pdf;3233 - OFFSHORE CATERING - 01-01-2024 - 31-12-2024 - Regulier - kvo datum - 21-12-2023;https://www.uitvoeringarbeidsvoorwaardenwetgeving.nl/mozard/!suite92.scherm1007?mObj=40683&mSelod=736234
3233;3233009;01-01-2025;31-12-2025;21-01-2025;Cao offshorecatering 2025 versie 13-1-2025.pdf;3233 - OFFSHORE CATERING - 01-01-2025 - 31-12-2025 - Regulier - kvo datum - 21-01-2025;https://www.uitvoeringarbeidsvoorwaardenwetgeving.nl/mozard/!suite92.scherm1007?mObj=46221&mSelod=736234
3233;3233010;01-07-2017;30-06-2019;09-08-2017;offshorecatering_cao_2017_2019_obv_1681086.pdf;3233 - OFFSHORE CATERING - 01-07-2017 - 30-06-2019 - Regulier - kvo datum - 09-08-2017;https://www.uitvoeringarbeidsvoorwaardenwetgeving.nl/mozard/!suite92.scherm1007?mObj=10899&mSelod=736234
3233;3233011;01-07-2017;30-06-2019;29-08-2017;offshorecatering_cao_na_ttw.pdf;3233 - OFFSHORE CATERING - 01-07-2017 - 30-06-2019 - Regulier - kvo datum - 29-08-2017 - TTW;https://www.uitvoeringarbeidsvoorwaardenwetgeving.nl/mozard/!suite92.scherm1007?mObj=10900&mSelod=736234
3233;3233012;01-07-2019;31-12-2019;09-04-2019;offshorecatering cao 2019.pdf .pdf;3233 - OFFSHORE CATERING - 01-07-2019 - 31-12-2019 - Regulier - kvo datum - 09-04-2019;https://www.uitvoeringarbeidsvoorwaardenwetgeving.nl/mozard/!suite92.scherm1007?mObj=13800&mSelod=736234
3233;3233013;01-11-2014;31-12-2015;06-05-2015;cao_2014_2015_offshore_catering.pdf;3233 - OFFSHORE CATERING - 01-11-2014 - 31-12-2015 - Regulier - kvo datum - 06-05-2015;https://www.uitvoeringarbeidsvoorwaardenwetgeving.nl/mozard/!suite92.scherm1007?mObj=10896&mSelod=736234
3233;3233014;01-11-2014;31-12-2015;30-06-2015;cao_incl_ttw_2014_2015_offshore_catering.pdf;3233 - OFFSHORE CATERING - 01-11-2014 - 31-12-2015 - Regulier - kvo datum - 30-06-2015 - TTW;https://www.uitvoeringarbeidsvoorwaardenwetgeving.nl/mozard/!suite92.scherm1007?mObj=10897&mSelod=736234
3233;3233015;06-05-2019;31-12-2019;06-05-2019;offshorecatering TTW cao 2019 ivm bijlage 5.docx .pdf;3233 - OFFSHORE CATERING - 06-05-2019 - 31-12-2019 - Regulier - kvo datum - 06-05-2019 - TTW;https://www.uitvoeringarbeidsvoorwaardenwetgeving.nl/mozard/!suite92.scherm1007?mObj=14125&mSelod=736234
1537;1537001;01-01-2011;31-12-2012;06-12-2011;AWVN__500669_v1_CAO_voor_het_Omroeppersoneel_11_12.pdf;1537 - OMROEPPERSONEEL - 01-01-2011 - 31-12-2012 - Regulier - kvo datum - 06-12-2011;https://www.uitvoeringarbeidsvoorwaardenwetgeving.nl/mozard/!suite92.scherm1007?mObj=9313&mSelod=736251
1537;1537002;01-01-2013;31-12-2014;06-11-2014;CAO_Omroeppersoneel_2013___2014.pdf;1537 - OMROEPPERSONEEL - 01-01-2013 - 31-12-2014 - Regulier - kvo datum - 06-11-2014;https://www.uitvoeringarbeidsvoorwaardenwetgeving.nl/mozard/!suite92.scherm1007?mObj=9314&mSelod=736251
1537;1537003;01-01-2015;31-12-2016;04-01-2016;CAO_voor_het_Omroeppersoneel_2015___2016_def.pdf;1537 - OMROEPPERSONEEL - 01-01-2015 - 31-12-2016 - Regulier - kvo datum - 04-01-2016;https://www.uitvoeringarbeidsvoorwaardenwetgeving.nl/mozard/!suite92.scherm1007?mObj=9315&mSelod=736251
1537;1537004;01-01-2017;31-12-2018;26-04-2018;CAO_voor_het_Omroeppersoneel_2017_2018_def.pdf;1537 - OMROEPPERSONEEL - 01-01-2017 - 31-12-2018 - Regulier - kvo datum - 26-04-2018;https://www.uitvoeringarbeidsvoorwaardenwetgeving.nl/mozard/!suite92.scherm1007?mObj=9316&mSelod=736251
1537;1537005;01-01-2017;31-12-2018;26-06-2018;NPO_TTW_cao_2017___2018_def.pdf;1537 - OMROEPPERSONEEL - 01-01-2017 - 31-12-2018 - Regulier - kvo datum - 26-06-2018 - TTW;https://www.uitvoeringarbeidsvoorwaardenwetgeving.nl/mozard/!suite92.scherm1007?mObj=9317&mSelod=736251
1537;1537006;01-01-2019;31-12-2021;05-03-2021;NPO CAO 2019-2021.pdf;1537 - OMROEPPERSONEEL - 01-01-2019 - 31-12-2021 - Regulier - kvo datum - 05-03-2021;https://www.uitvoeringarbeidsvoorwaardenwetgeving.nl/mozard/!suite92.scherm1007?mObj=22176&mSelod=736251
1537;1537007;01-01-2019;31-12-2021;22-11-2021;NPO TTW 2019-2021.pdf;1537 - OMROEPPERSONEEL - 01-01-2019 - 31-12-2021 - Regulier - kvo datum - 22-11-2021 - TTW;https://www.uitvoeringarbeidsvoorwaardenwetgeving.nl/mozard/!suite92.scherm1007?mObj=23848&mSelod=736251
1537;1537008;01-01-2019;31-12-2021;29-11-2021;NPO CAO 2019-2021_1.pdf;1537 - OMROEPPERSONEEL - 01-01-2019 - 31-12-2021 - Regulier - kvo datum - 29-11-2021 - TTW;https://www.uitvoeringarbeidsvoorwaardenwetgeving.nl/mozard/!suite92.scherm1007?mObj=24230&mSelod=736251
1537;1537009;01-01-2022;31-12-2023;28-06-2022;NPO CAO 2022-2023.pdf;1537 - OMROEPPERSONEEL - 01-01-2022 - 31-12-2023 - Regulier - kvo datum - 28-06-2022;https://www.uitvoeringarbeidsvoorwaardenwetgeving.nl/mozard/!suite92.scherm1007?mObj=30387&mSelod=736251
1537;1537010;01-01-2024;31-12-2024;06-11-2023;CAO 2024 NPO DEF. 31-10 2023.pdf;1537 - OMROEPPERSONEEL - 01-01-2024 - 31-12-2024 - Regulier - kvo datum - 06-11-2023;https://www.uitvoeringarbeidsvoorwaardenwetgeving.nl/mozard/!suite92.scherm1007?mObj=39388&mSelod=736251
1537;1537011;01-01-2025;31-12-2026;14-07-2025;CAO 2025 - 2026.pdf;1537 - OMROEPPERSONEEL - 01-01-2025 - 31-12-2026 - Regulier - kvo datum - 14-07-2025;https://www.uitvoeringarbeidsvoorwaardenwetgeving.nl/mozard/!suite92.scherm1007?mObj=49554&mSelod=736251
1535;1535001;01-01-2013;31-12-2013;24-10-2013;Cao_OI_2010_2012_definitieve_versie_cao_tekst.pdf;1535 - ONDERZOEKINSTELLINGEN CAO - 01-01-2013 - 31-12-2013 - Regulier - kvo datum - 24-10-2013;https://www.uitvoeringarbeidsvoorwaardenwetgeving.nl/mozard/!suite92.scherm1007?mObj=9308&mSelod=736263
1535;1535002;01-01-2015;31-12-2015;24-03-2015;Cao_OI_2015_def.pdf;1535 - ONDERZOEKINSTELLINGEN CAO - 01-01-2015 - 31-12-2015 - Regulier - kvo datum - 24-03-2015;https://www.uitvoeringarbeidsvoorwaardenwetgeving.nl/mozard/!suite92.scherm1007?mObj=9309&mSelod=736263
1535;1535003;01-01-2016;31-12-2016;25-02-2016;Cao_OI_2016.pdf;1535 - ONDERZOEKINSTELLINGEN CAO - 01-01-2016 - 31-12-2016 - Regulier - kvo datum - 25-02-2016;https://www.uitvoeringarbeidsvoorwaardenwetgeving.nl/mozard/!suite92.scherm1007?mObj=9310&mSelod=736263
1535;1535004;01-01-2017;31-12-2017;01-05-2017;Cao_OI_2017def_24_maart_2017.pdf;1535 - ONDERZOEKINSTELLINGEN CAO - 01-01-2017 - 31-12-2017 - Regulier - kvo datum - 01-05-2017;https://www.uitvoeringarbeidsvoorwaardenwetgeving.nl/mozard/!suite92.scherm1007?mObj=9311&mSelod=736263
1535;1535005;01-01-2018;31-12-2019;11-06-2018;Cao_OI_2018_2019_def.pdf;1535 - ONDERZOEKINSTELLINGEN CAO - 01-01-2018 - 31-12-2019 - Regulier - kvo datum - 11-06-2018;https://www.uitvoeringarbeidsvoorwaardenwetgeving.nl/mozard/!suite92.scherm1007?mObj=9312&mSelod=736263
1535;1535006;01-01-2020;31-12-2020;22-06-2020;Cao 2020.pdf;1535 - ONDERZOEKINSTELLINGEN CAO - 01-01-2020 - 31-12-2020 - Regulier - kvo datum - 22-06-2020;https://www.uitvoeringarbeidsvoorwaardenwetgeving.nl/mozard/!suite92.scherm1007?mObj=16707&mSelod=736263
1535;1535007;01-01-2021;31-12-2021;31-05-2021;Cao-OI 2021 def.pdf;1535 - ONDERZOEKINSTELLINGEN CAO - 01-01-2021 - 31-12-2021 - Regulier - kvo datum - 31-05-2021;https://www.uitvoeringarbeidsvoorwaardenwetgeving.nl/mozard/!suite92.scherm1007?mObj=22777&mSelod=736263
1535;1535008;01-01-2022;30-06-2023;22-08-2022;Cao 2022-2023 def.pdf;1535 - ONDERZOEKINSTELLINGEN CAO - 01-01-2022 - 30-06-2023 - Regulier - kvo datum - 22-08-2022;https://www.uitvoeringarbeidsvoorwaardenwetgeving.nl/mozard/!suite92.scherm1007?mObj=30985&mSelod=736263
1535;1535009;01-07-2010;31-12-2012;11-09-2012;CaoOI20102012.pdf;1535 - ONDERZOEKINSTELLINGEN CAO - 01-07-2010 - 31-12-2012 - Regulier - kvo datum - 11-09-2012;https://www.uitvoeringarbeidsvoorwaardenwetgeving.nl/mozard/!suite92.scherm1007?mObj=9307&mSelod=736263
1535;1535010;01-07-2023;30-06-2024;05-09-2023;Cao 2023-2024.pdf;1535 - ONDERZOEKINSTELLINGEN CAO - 01-07-2023 - 30-06-2024 - Regulier - kvo datum - 05-09-2023;https://www.uitvoeringarbeidsvoorwaardenwetgeving.nl/mozard/!suite92.scherm1007?mObj=38521&mSelod=736263
1535;1535011;01-07-2023;30-06-2024;22-12-2023;Cao 2023-2024_2.pdf;1535 - ONDERZOEKINSTELLINGEN CAO - 01-07-2023 - 30-06-2024 - Regulier - kvo datum - 22-12-2023 - TTW;https://www.uitvoeringarbeidsvoorwaardenwetgeving.nl/mozard/!suite92.scherm1007?mObj=40740&mSelod=736263
1535;1535012;01-07-2024;30-09-2025;18-07-2024;Cao-OI 2024-2025.pdf;1535 - ONDERZOEKINSTELLINGEN CAO - 01-07-2024 - 30-09-2025 - Regulier - kvo datum - 18-07-2024;https://www.uitvoeringarbeidsvoorwaardenwetgeving.nl/mozard/!suite92.scherm1007?mObj=43310&mSelod=736263
1535;1535013;31-12-2019;31-12-2020;18-12-2019;19-52 Cao-OI 2019-2020 Wnra proof.pdf;1535 - ONDERZOEKINSTELLINGEN CAO - 31-12-2019 - 31-12-2020 - Regulier - kvo datum - 18-12-2019;https://www.uitvoeringarbeidsvoorwaardenwetgeving.nl/mozard/!suite92.scherm1007?mObj=15487&mSelod=736263
4171;4171001;01-01-2021;31-12-2022;21-04-2021;CAO onwerkbaar weer BIKUDAK 2021 - 2022_ttw_april_2021 integraal.pdf;4171 - ONWERKBAAR WEER VOOR DE BITUMINEUZE EN KUNSTSTOF DAKBEDEKKINGSBEDRIJVEN - 01-01-2021 - 31-12-2022 - Regulier - kvo datum - 21-04-2021 - TTW;https://www.uitvoeringarbeidsvoorwaardenwetgeving.nl/mozard/!suite92.scherm1007?mObj=22624&mSelod=736275
4171;4171002;01-01-2021;31-12-2022;21-12-2020;CAO Onwerkbaar weer BIKUDAK 2021 - 2022_def.docx.pdf;4171 - ONWERKBAAR WEER VOOR DE BITUMINEUZE EN KUNSTSTOF DAKBEDEKKINGSBEDRIJVEN - 01-01-2021 - 31-12-2022 - Regulier - kvo datum - 21-12-2020;https://www.uitvoeringarbeidsvoorwaardenwetgeving.nl/mozard/!suite92.scherm1007?mObj=21141&mSelod=736275
4171;4171003;01-01-2023;31-12-2024;21-11-2022;CAO onwerkbaar weer BIKUDAK 2023 - 2024_integraal.pdf;4171 - ONWERKBAAR WEER VOOR DE BITUMINEUZE EN KUNSTSTOF DAKBEDEKKINGSBEDRIJVEN - 01-01-2023 - 31-12-2024 - Overige - kvo datum - 21-11-2022;https://www.uitvoeringarbeidsvoorwaardenwetgeving.nl/mozard/!suite92.scherm1007?mObj=31811&mSelod=736275
4171;4171004;01-01-2023;31-12-2024;06-12-2022;CAO onwerkbaar weer BIKUDAK 2023 - 2024_ttw_dec_integraal.pdf;4171 - ONWERKBAAR WEER VOOR DE BITUMINEUZE EN KUNSTSTOF DAKBEDEKKINGSBEDRIJVEN - 01-01-2023 - 31-12-2024 - Regulier - kvo datum - 06-12-2022;https://www.uitvoeringarbeidsvoorwaardenwetgeving.nl/mozard/!suite92.scherm1007?mObj=31916&mSelod=736275
4171;4171005;01-01-2025;31-12-2026;06-05-2025;CAO__Onwerkbaar weer_BIKUDAK 2025-2026_integraal schoon.pdf;4171 - ONWERKBAAR WEER VOOR DE BITUMINEUZE EN KUNSTSTOF DAKBEDEKKINGSBEDRIJVEN - 01-01-2025 - 31-12-2026 - Regulier - kvo datum - 06-05-2025;https://www.uitvoeringarbeidsvoorwaardenwetgeving.nl/mozard/!suite92.scherm1007?mObj=47971&mSelod=736275
314;314001;01-01-2014;31-12-2014;18-12-2014;CAO_OP_2014.pdf;314 - OPINIEWEEKBLADJOURNALISTEN - 01-01-2014 - 31-12-2014 - Regulier - kvo datum - 18-12-2014;https://www.uitvoeringarbeidsvoorwaardenwetgeving.nl/mozard/!suite92.scherm1007?mObj=7116&mSelod=736280
314;314002;01-04-2011;31-03-2013;30-03-2012;Opinieweekblad_314.pdf;314 - OPINIEWEEKBLADJOURNALISTEN - 01-04-2011 - 31-03-2013 - Regulier - kvo datum - 30-03-2012;https://www.uitvoeringarbeidsvoorwaardenwetgeving.nl/mozard/!suite92.scherm1007?mObj=7114&mSelod=736280
314;314003;01-04-2013;31-12-2013;28-10-2013;CAO_OP_2013_v1_2__geschoond_.pdf;314 - OPINIEWEEKBLADJOURNALISTEN - 01-04-2013 - 31-12-2013 - Regulier - kvo datum - 28-10-2013;https://www.uitvoeringarbeidsvoorwaardenwetgeving.nl/mozard/!suite92.scherm1007?mObj=7115&mSelod=736280
171;171001;01-01-2011;31-12-2012;21-03-2012;cao_orsima_2011_2012__definitief.pdf;171 - ORSIMA - 01-01-2011 - 31-12-2012 - Regulier - kvo datum - 21-03-2012;https://www.uitvoeringarbeidsvoorwaardenwetgeving.nl/mozard/!suite92.scherm1007?mObj=7193&mSelod=736302
171;171002;01-01-2013;31-12-2013;02-10-2013;cao_orsima_2013_def_incl_aanpassing_werkingssfeer.pdf;171 - ORSIMA - 01-01-2013 - 31-12-2013 - Regulier - kvo datum - 02-10-2013 - TTW;https://www.uitvoeringarbeidsvoorwaardenwetgeving.nl/mozard/!suite92.scherm1007?mObj=7195&mSelod=736302
171;171003;01-01-2013;31-12-2013;16-07-2013;cao_orsima_2013_definitief.pdf;171 - ORSIMA - 01-01-2013 - 31-12-2013 - Regulier - kvo datum - 16-07-2013;https://www.uitvoeringarbeidsvoorwaardenwetgeving.nl/mozard/!suite92.scherm1007?mObj=7194&mSelod=736302
171;171004;01-01-2013;31-12-2013;28-10-2013;cao_orsima_2013_def_incl_nwe_werkingssfeer_art1_5.pdf;171 - ORSIMA - 01-01-2013 - 31-12-2013 - Regulier - kvo datum - 28-10-2013 - TTW;https://www.uitvoeringarbeidsvoorwaardenwetgeving.nl/mozard/!suite92.scherm1007?mObj=7196&mSelod=736302
171;171005;01-01-2014;31-12-2015;27-06-2014;cao_orsima_2014_2015_definitief.pdf;171 - ORSIMA - 01-01-2014 - 31-12-2015 - Regulier - kvo datum - 27-06-2014;https://www.uitvoeringarbeidsvoorwaardenwetgeving.nl/mozard/!suite92.scherm1007?mObj=7197&mSelod=736302
171;171006;01-01-2016;31-12-2017;06-07-2016;cao_orsima_2016_2017.pdf;171 - ORSIMA - 01-01-2016 - 31-12-2017 - Regulier - kvo datum - 06-07-2016;https://www.uitvoeringarbeidsvoorwaardenwetgeving.nl/mozard/!suite92.scherm1007?mObj=7199&mSelod=736302
171;171007;01-01-2018;31-03-2020;18-12-2018;cao_orsima_2018_2020_definitief_13122018.pdf;171 - ORSIMA - 01-01-2018 - 31-03-2020 - Regulier - kvo datum - 18-12-2018 - TTW;https://www.uitvoeringarbeidsvoorwaardenwetgeving.nl/mozard/!suite92.scherm1007?mObj=7201&mSelod=736302
171;171008;01-01-2018;31-03-2020;30-10-2018;cao_orsima_2018_2020_definitief.pdf;171 - ORSIMA - 01-01-2018 - 31-03-2020 - Regulier - kvo datum - 30-10-2018;https://www.uitvoeringarbeidsvoorwaardenwetgeving.nl/mozard/!suite92.scherm1007?mObj=7200&mSelod=736302
171;171009;01-03-2019;31-03-2020;15-04-2019;cao orsima 2018-2020 definitief april 2019, nieuw loongebouw.docx .pdf;171 - ORSIMA - 01-03-2019 - 31-03-2020 - Regulier - kvo datum - 15-04-2019 - TTW;https://www.uitvoeringarbeidsvoorwaardenwetgeving.nl/mozard/!suite92.scherm1007?mObj=13978&mSelod=736302
171;171010;01-03-2025;30-04-2026;14-07-2025;Orsima Cao 1 maart 2025 - 30 april 2026.pdf;171 - ORSIMA - 01-03-2025 - 30-04-2026 - Regulier - kvo datum - 14-07-2025;https://www.uitvoeringarbeidsvoorwaardenwetgeving.nl/mozard/!suite92.scherm1007?mObj=49555&mSelod=736302
171;171011;01-03-2025;30-04-2026;22-08-2025;Orsima Cao 1 maart 2025 - 30 april 2026 v. 18-08-2025.pdf;171 - ORSIMA - 01-03-2025 - 30-04-2026 - Regulier - kvo datum - 22-08-2025 - TTW;https://www.uitvoeringarbeidsvoorwaardenwetgeving.nl/mozard/!suite92.scherm1007?mObj=50901&mSelod=736302
171;171012;01-04-2020;30-09-2021;19-01-2021;Definitief cao 1 april 2020 - 30 september 2021.docx.pdf;171 - ORSIMA - 01-04-2020 - 30-09-2021 - Regulier - kvo datum - 19-01-2021;https://www.uitvoeringarbeidsvoorwaardenwetgeving.nl/mozard/!suite92.scherm1007?mObj=21493&mSelod=736302
171;171013;01-04-2024;28-02-2025;05-06-2024;Cao 1 april 2024 - 28 februari 2025 definitief.pdf;171 - ORSIMA - 01-04-2024 - 28-02-2025 - Regulier - kvo datum - 05-06-2024;https://www.uitvoeringarbeidsvoorwaardenwetgeving.nl/mozard/!suite92.scherm1007?mObj=42892&mSelod=736302
171;171014;01-04-2024;28-02-2025;29-07-2024;Cao 1 april 2024 - 28 februari 2025 definitief 29072024.pdf;171 - ORSIMA - 01-04-2024 - 28-02-2025 - Regulier - kvo datum - 29-07-2024 - TTW;https://www.uitvoeringarbeidsvoorwaardenwetgeving.nl/mozard/!suite92.scherm1007?mObj=43405&mSelod=736302
171;171015;01-10-2022;31-03-2024;23-12-2022;cao Orsima 1 oktober 2022 - 1 april 2024, definitief.pdf;171 - ORSIMA - 01-10-2022 - 31-03-2024 - Regulier - kvo datum - 23-12-2022;https://www.uitvoeringarbeidsvoorwaardenwetgeving.nl/mozard/!suite92.scherm1007?mObj=32711&mSelod=736302
558;558001;01-02-2010;31-07-2013;10-04-2013;20130222_CAO_Papiergroothandel_2010___2013.pdf;558 - PAPIERGROOTHANDEL IN NEDERLAND - 01-02-2010 - 31-07-2013 - Regulier - kvo datum - 10-04-2013;https://www.uitvoeringarbeidsvoorwaardenwetgeving.nl/mozard/!suite92.scherm1007?mObj=7687&mSelod=736334
140;140001;01-01-2014;31-12-2015;02-06-2014;CAO_parketvloerenondernemingen.pdf;140 - PARKETVLOERENONDERNEMINGEN - 01-01-2014 - 31-12-2015 - Regulier - kvo datum - 02-06-2014;https://www.uitvoeringarbeidsvoorwaardenwetgeving.nl/mozard/!suite92.scherm1007?mObj=7560&mSelod=736343
140;140002;01-01-2016;31-12-2017;08-11-2016;CAO_parket_doorlopende_tekst.pdf;140 - PARKETVLOERENONDERNEMINGEN - 01-01-2016 - 31-12-2017 - Regulier - kvo datum - 08-11-2016;https://www.uitvoeringarbeidsvoorwaardenwetgeving.nl/mozard/!suite92.scherm1007?mObj=7561&mSelod=736343
4263;4263001;01-07-2022;30-06-2025;12-09-2023;Cao passagiers- en bagageafhandeling met handboek versie 4-9-2023 def.pdf;4263 - PASSAGIERS- EN BAGAGEAFHANDELING LUCHTVAART SECTORCAO - 01-07-2022 - 30-06-2025 - Regulier - kvo datum - 12-09-2023 - TTW;https://www.uitvoeringarbeidsvoorwaardenwetgeving.nl/mozard/!suite92.scherm1007?mObj=38584&mSelod=736347
4263;4263002;01-07-2022;30-06-2025;17-07-2023;Cao passagiers- en bagageafhandeling met handboek na ttw versie 4-7-2023.pdf;4263 - PASSAGIERS- EN BAGAGEAFHANDELING LUCHTVAART SECTORCAO - 01-07-2022 - 30-06-2025 - Regulier - kvo datum - 17-07-2023;https://www.uitvoeringarbeidsvoorwaardenwetgeving.nl/mozard/!suite92.scherm1007?mObj=37652&mSelod=736347
4263;4263003;01-07-2022;30-06-2025;22-01-2024;Cao na ttw per 1-1-2024 Cao passagiers- en bagageafhandeling met handboek versie 18-1-2024.pdf;4263 - PASSAGIERS- EN BAGAGEAFHANDELING LUCHTVAART SECTORCAO - 01-07-2022 - 30-06-2025 - Regulier - kvo datum - 22-01-2024;https://www.uitvoeringarbeidsvoorwaardenwetgeving.nl/mozard/!suite92.scherm1007?mObj=41432&mSelod=736347
4263;4263004;01-07-2022;30-06-2025;26-07-2022;WPBL passagiers- en bagageafhandeling 2022-2025.pdf;4263 - PASSAGIERS- EN BAGAGEAFHANDELING LUCHTVAART SECTORCAO - 01-07-2022 - 30-06-2025 - Regulier - kvo datum - 26-07-2022;https://www.uitvoeringarbeidsvoorwaardenwetgeving.nl/mozard/!suite92.scherm1007?mObj=30682&mSelod=736347
4000;4000001;01-03-2018;01-10-2022;10-06-2020;20200610_paww_cao_sector_3no_02A.docx.pdf;4000 - PAWW SECTOR BOUW SECTOR 3 No. 02 - 01-03-2018 - 01-10-2022 - Regulier - kvo datum - 10-06-2020 - TTW;https://www.uitvoeringarbeidsvoorwaardenwetgeving.nl/mozard/!suite92.scherm1007?mObj=16665&mSelod=736349
4000;4000002;01-10-2022;01-10-2027;02-09-2022;01092022_cao_PAWW_Bouw_3no_02.pdf;4000 - PAWW SECTOR BOUW SECTOR 3 No. 02 - 01-10-2022 - 01-10-2027 - Sociaal Fonds - kvo datum - 02-09-2022 - TTW;https://www.uitvoeringarbeidsvoorwaardenwetgeving.nl/mozard/!suite92.scherm1007?mObj=31103&mSelod=736349
4000;4000003;01-10-2022;01-10-2027;06-02-2024;A.05022024_cao_PAWW_Bouw_3no_02 A.pdf;4000 - PAWW SECTOR BOUW SECTOR 3 No. 02 - 01-10-2022 - 01-10-2027 - Sociaal Fonds - kvo datum - 06-02-2024 - TTW;https://www.uitvoeringarbeidsvoorwaardenwetgeving.nl/mozard/!suite92.scherm1007?mObj=41672&mSelod=736349
4000;4000004;01-10-2022;01-10-2027;14-03-2024;A.08032024_cao_PAWW_Bouw_3no_02A.pdf;4000 - PAWW SECTOR BOUW SECTOR 3 No. 02 - 01-10-2022 - 01-10-2027 - Sociaal Fonds - kvo datum - 14-03-2024 - TTW;https://www.uitvoeringarbeidsvoorwaardenwetgeving.nl/mozard/!suite92.scherm1007?mObj=42151&mSelod=736349
4000;4000005;01-10-2022;01-10-2027;22-08-2022;18082022_cao_PAWW_Bouw_3no_02.pdf;4000 - PAWW SECTOR BOUW SECTOR 3 No. 02 - 01-10-2022 - 01-10-2027 - Sociaal Fonds - kvo datum - 22-08-2022;https://www.uitvoeringarbeidsvoorwaardenwetgeving.nl/mozard/!suite92.scherm1007?mObj=30991&mSelod=736349
3109;3109001;01-01-2014;31-12-2016;26-09-2014;CAO_Postverspreiders_2014_2016__getekende_versie_.pdf;3109 - POSTVERSPREIDERS - 01-01-2014 - 31-12-2016 - Regulier - kvo datum - 26-09-2014;https://www.uitvoeringarbeidsvoorwaardenwetgeving.nl/mozard/!suite92.scherm1007?mObj=11129&mSelod=736478
3109;3109002;01-04-2009;30-09-2012;03-11-2009;cao 2009 - 2012 versie 2 definitief.pdf;3109 - POSTVERSPREIDERS - 01-04-2009 - 30-09-2012 - Regulier - kvo datum - 03-11-2009;https://www.uitvoeringarbeidsvoorwaardenwetgeving.nl/mozard/!suite92.scherm1007?mObj=11127&mSelod=736478
3109;3109003;01-04-2011;31-12-2013;27-09-2011;cao_2011___2013_definitief.pdf;3109 - POSTVERSPREIDERS - 01-04-2011 - 31-12-2013 - Regulier - kvo datum - 27-09-2011;https://www.uitvoeringarbeidsvoorwaardenwetgeving.nl/mozard/!suite92.scherm1007?mObj=11128&mSelod=736478
1637;1637001;01-01-2020;31-12-2020;18-12-2019;Aanmelding Cao Provinciale Sector_CAO 2020.pdf;1637 - PROVINCIALE SECTOR - 01-01-2020 - 31-12-2020 - Regulier - kvo datum - 18-12-2019;https://www.uitvoeringarbeidsvoorwaardenwetgeving.nl/mozard/!suite92.scherm1007?mObj=15491&mSelod=736526
1637;1637002;01-01-2021;31-12-2021;28-10-2021;Cao Provinciale Sector_CAO 2021 - versie aanmelding cao.pdf;1637 - PROVINCIALE SECTOR - 01-01-2021 - 31-12-2021 - Regulier - kvo datum - 28-10-2021;https://www.uitvoeringarbeidsvoorwaardenwetgeving.nl/mozard/!suite92.scherm1007?mObj=23508&mSelod=736526
1637;1637003;01-01-2022;31-12-2023;10-11-2022;Cao Provinciale Sector_CAO 2022 - versie aanmelding cao.pdf;1637 - PROVINCIALE SECTOR - 01-01-2022 - 31-12-2023 - Regulier - kvo datum - 10-11-2022;https://www.uitvoeringarbeidsvoorwaardenwetgeving.nl/mozard/!suite92.scherm1007?mObj=31698&mSelod=736526
1637;1637004;01-01-2022;31-12-2023;29-06-2023;Cao Provinciale Sector_CAO 2022 - versie aanmelding cao na 30-3.pdf;1637 - PROVINCIALE SECTOR - 01-01-2022 - 31-12-2023 - Regulier - kvo datum - 29-06-2023 - TTW;https://www.uitvoeringarbeidsvoorwaardenwetgeving.nl/mozard/!suite92.scherm1007?mObj=37234&mSelod=736526
1637;1637005;01-01-2024;31-12-2025;06-11-2024;cao provinciale sector 2024-2025 versie tussentijdse wijzigiging met wijz zichtbaar.pdf;1637 - PROVINCIALE SECTOR - 01-01-2024 - 31-12-2025 - Regulier - kvo datum - 06-11-2024 - TTW;https://www.uitvoeringarbeidsvoorwaardenwetgeving.nl/mozard/!suite92.scherm1007?mObj=44607&mSelod=736526
1637;1637006;01-01-2024;31-12-2025;27-06-2024;cao provinciale sector 2024-2025 def.pdf;1637 - PROVINCIALE SECTOR - 01-01-2024 - 31-12-2025 - Regulier - kvo datum - 27-06-2024;https://www.uitvoeringarbeidsvoorwaardenwetgeving.nl/mozard/!suite92.scherm1007?mObj=43137&mSelod=736526
1637;1637007;01-07-2025;30-06-2026;25-06-2025;Cao provinciale sector 2025-2026.pdf;1637 - PROVINCIALE SECTOR - 01-07-2025 - 30-06-2026 - Regulier - kvo datum - 25-06-2025;https://www.uitvoeringarbeidsvoorwaardenwetgeving.nl/mozard/!suite92.scherm1007?mObj=48923&mSelod=736526
2018;2018001;01-04-2010;31-03-2011;12-10-2011;cao__sept_nieuw_1_april_2010.pdf;2018 - PUBLIEKRECHTELIJKE BEDRIJFSORGANISATIE - 01-04-2010 - 31-03-2011 - Regulier - kvo datum - 12-10-2011;https://www.uitvoeringarbeidsvoorwaardenwetgeving.nl/mozard/!suite92.scherm1007?mObj=9995&mSelod=736532
2018;2018002;01-04-2011;31-03-2012;14-10-2011;cao_2011_2012_oktober.pdf;2018 - PUBLIEKRECHTELIJKE BEDRIJFSORGANISATIE - 01-04-2011 - 31-03-2012 - Regulier - kvo datum - 14-10-2011;https://www.uitvoeringarbeidsvoorwaardenwetgeving.nl/mozard/!suite92.scherm1007?mObj=9996&mSelod=736532
2018;2018003;01-04-2012;31-12-2014;21-11-2013;PBO_1_april_2012_tot_en_met_31_december_2014.pdf;2018 - PUBLIEKRECHTELIJKE BEDRIJFSORGANISATIE - 01-04-2012 - 31-12-2014 - Regulier - kvo datum - 21-11-2013;https://www.uitvoeringarbeidsvoorwaardenwetgeving.nl/mozard/!suite92.scherm1007?mObj=9997&mSelod=736532
313;313001;01-01-2014;31-12-2014;16-12-2014;CAO_PU_2014.pdf;313 - PUBLIEKSTIJDSCHRIFTJOURNALISTEN - 01-01-2014 - 31-12-2014 - Regulier - kvo datum - 16-12-2014;https://www.uitvoeringarbeidsvoorwaardenwetgeving.nl/mozard/!suite92.scherm1007?mObj=7113&mSelod=736535
313;313002;01-04-2011;31-03-2013;30-03-2012;Publiekstijdschriftjournalisten_313.pdf;313 - PUBLIEKSTIJDSCHRIFTJOURNALISTEN - 01-04-2011 - 31-03-2013 - Regulier - kvo datum - 30-03-2012;https://www.uitvoeringarbeidsvoorwaardenwetgeving.nl/mozard/!suite92.scherm1007?mObj=7111&mSelod=736535
313;313003;01-04-2013;31-12-2013;24-10-2013;CAO_PU_2013_v1_2__geschoond_.pdf;313 - PUBLIEKSTIJDSCHRIFTJOURNALISTEN - 01-04-2013 - 31-12-2013 - Regulier - kvo datum - 24-10-2013;https://www.uitvoeringarbeidsvoorwaardenwetgeving.nl/mozard/!suite92.scherm1007?mObj=7112&mSelod=736535
2527;2527001;01-01-2012;31-12-2012;24-10-2012;CAR_2012_ondertekend.pdf;2527 - RAET - 01-01-2012 - 31-12-2012 - Regulier - kvo datum - 24-10-2012;https://www.uitvoeringarbeidsvoorwaardenwetgeving.nl/mozard/!suite92.scherm1007?mObj=10765&mSelod=736562
544;544001;01-01-2010;31-12-2010;28-02-2011;CAO rederij cement tankvaart b.v. 2010.pdf;544 - REDERIJ CEMENT - TANKVAART - 01-01-2010 - 31-12-2010 - Regulier - kvo datum - 28-02-2011;https://www.uitvoeringarbeidsvoorwaardenwetgeving.nl/mozard/!suite92.scherm1007?mObj=7671&mSelod=736592
544;544002;01-01-2011;31-12-2011;26-10-2011;CAO_Rederij_Cement_Tankvaart_2011.pdf;544 - REDERIJ CEMENT - TANKVAART - 01-01-2011 - 31-12-2011 - Regulier - kvo datum - 26-10-2011;https://www.uitvoeringarbeidsvoorwaardenwetgeving.nl/mozard/!suite92.scherm1007?mObj=7672&mSelod=736592
544;544003;01-01-2012;31-12-2012;11-01-2013;Rederij_Cement_Tankvaart_CAO_2012.pdf;544 - REDERIJ CEMENT - TANKVAART - 01-01-2012 - 31-12-2012 - Regulier - kvo datum - 11-01-2013;https://www.uitvoeringarbeidsvoorwaardenwetgeving.nl/mozard/!suite92.scherm1007?mObj=7673&mSelod=736592
2299;2299001;01-01-2013;31-12-2013;26-09-2013;CAOtekst_Reformatorisch_PO_2013.pdf;2299 - REFORMATORISCH PRIMAIR ONDERWIJS CAO - 01-01-2013 - 31-12-2013 - Regulier - kvo datum - 26-09-2013;https://www.uitvoeringarbeidsvoorwaardenwetgeving.nl/mozard/!suite92.scherm1007?mObj=9850&mSelod=736598
2299;2299002;01-01-2018;01-03-2019;27-11-2018;CAO_RPO_2018_2019.pdf;2299 - REFORMATORISCH PRIMAIR ONDERWIJS CAO - 01-01-2018 - 01-03-2019 - Regulier - kvo datum - 27-11-2018;https://www.uitvoeringarbeidsvoorwaardenwetgeving.nl/mozard/!suite92.scherm1007?mObj=9853&mSelod=736598
2299;2299003;01-01-2020;01-11-2020;18-09-2020;CAO RPO 2019-2020 definitief.pdf;2299 - REFORMATORISCH PRIMAIR ONDERWIJS CAO - 01-01-2020 - 01-11-2020 - Regulier - kvo datum - 18-09-2020;https://www.uitvoeringarbeidsvoorwaardenwetgeving.nl/mozard/!suite92.scherm1007?mObj=19350&mSelod=736598
2299;2299004;01-01-2025;31-12-2027;29-04-2025;CAO RPO 2025 (def zonder namen en handtekeningen).pdf;2299 - REFORMATORISCH PRIMAIR ONDERWIJS CAO - 01-01-2025 - 31-12-2027 - Regulier - kvo datum - 29-04-2025;https://www.uitvoeringarbeidsvoorwaardenwetgeving.nl/mozard/!suite92.scherm1007?mObj=47912&mSelod=736598
2299;2299005;01-07-2014;30-06-2015;20-02-2015;CAO_Reformatorisch_PO_2014_2015.pdf;2299 - REFORMATORISCH PRIMAIR ONDERWIJS CAO - 01-07-2014 - 30-06-2015 - Regulier - kvo datum - 20-02-2015;https://www.uitvoeringarbeidsvoorwaardenwetgeving.nl/mozard/!suite92.scherm1007?mObj=9851&mSelod=736598
2299;2299006;01-07-2016;30-09-2017;02-08-2016;Bijlage_1_CAO_RPO_2016_2017.pdf;2299 - REFORMATORISCH PRIMAIR ONDERWIJS CAO - 01-07-2016 - 30-09-2017 - Regulier - kvo datum - 02-08-2016;https://www.uitvoeringarbeidsvoorwaardenwetgeving.nl/mozard/!suite92.scherm1007?mObj=9852&mSelod=736598
1429;1429001;01-01-2010;31-12-2014;24-12-2009;HUISH.RTO 2010.pdf;1429 - REGELING TEWERKSTELLING NIET EU-OFFICIEREN OP ZEESCHEPEN ONDER NEDERLANDSE VLAG (RTO) - 01-01-2010 - 31-12-2014 - Regulier - kvo datum - 24-12-2009;https://www.uitvoeringarbeidsvoorwaardenwetgeving.nl/mozard/!suite92.scherm1007?mObj=9234&mSelod=736602
1429;1429002;01-01-2015;31-12-2016;27-11-2015;RTO_CAO_2015.pdf;1429 - REGELING TEWERKSTELLING NIET EU-OFFICIEREN OP ZEESCHEPEN ONDER NEDERLANDSE VLAG (RTO) - 01-01-2015 - 31-12-2016 - Regulier - kvo datum - 27-11-2015;https://www.uitvoeringarbeidsvoorwaardenwetgeving.nl/mozard/!suite92.scherm1007?mObj=9235&mSelod=736602
1429;1429003;01-01-2017;31-12-2017;18-11-2016;RTO_CAO_2017.pdf;1429 - REGELING TEWERKSTELLING NIET EU-OFFICIEREN OP ZEESCHEPEN ONDER NEDERLANDSE VLAG (RTO) - 01-01-2017 - 31-12-2017 - Regulier - kvo datum - 18-11-2016;https://www.uitvoeringarbeidsvoorwaardenwetgeving.nl/mozard/!suite92.scherm1007?mObj=9236&mSelod=736602
1429;1429004;01-01-2018;31-12-2019;24-01-2018;RTO_CAO_2018.pdf;1429 - REGELING TEWERKSTELLING NIET EU-OFFICIEREN OP ZEESCHEPEN ONDER NEDERLANDSE VLAG (RTO) - 01-01-2018 - 31-12-2019 - Regulier - kvo datum - 24-01-2018;https://www.uitvoeringarbeidsvoorwaardenwetgeving.nl/mozard/!suite92.scherm1007?mObj=9237&mSelod=736602
1429;1429005;01-01-2025;31-12-2029;25-03-2025;Regeling tewerkstelling niet EU-officieren op zeeschepen onder NL vlag RTO 2025-2029.pdf;1429 - REGELING TEWERKSTELLING NIET EU-OFFICIEREN OP ZEESCHEPEN ONDER NEDERLANDSE VLAG (RTO) - 01-01-2025 - 31-12-2029 - Regulier - kvo datum - 25-03-2025;https://www.uitvoeringarbeidsvoorwaardenwetgeving.nl/mozard/!suite92.scherm1007?mObj=47362&mSelod=736602
1429;1429006;01-01-2025;31-12-2029;29-07-2025;RTO cao 2025tekenversiewordWAV.pdf;1429 - REGELING TEWERKSTELLING NIET EU-OFFICIEREN OP ZEESCHEPEN ONDER NEDERLANDSE VLAG (RTO) - 01-01-2025 - 31-12-2029 - Regulier - kvo datum - 29-07-2025 - TTW;https://www.uitvoeringarbeidsvoorwaardenwetgeving.nl/mozard/!suite92.scherm1007?mObj=50001&mSelod=736602
65;65001;01-01-2019;31-01-2019;18-12-2018;Cao remplaçanten 01-2019.pdf .pdf;65 - REMPLACANTEN NEDERLANDSE ORKESTEN - 01-01-2019 - 31-01-2019 - Regulier - kvo datum - 18-12-2018;https://www.uitvoeringarbeidsvoorwaardenwetgeving.nl/mozard/!suite92.scherm1007?mObj=516&mSelod=736610
65;65002;01-01-2021;31-12-2022;28-12-2022;remplaçanten cao 2021-2022_.pdf;65 - REMPLACANTEN NEDERLANDSE ORKESTEN - 01-01-2021 - 31-12-2022 - Regulier - kvo datum - 28-12-2022;https://www.uitvoeringarbeidsvoorwaardenwetgeving.nl/mozard/!suite92.scherm1007?mObj=32860&mSelod=736610
65;65003;01-01-2023;30-09-2023;22-06-2023;cao remplaçanten Nederlandse orkesten 1 januari 2023 - 1 oktober 2023_.pdf;65 - REMPLACANTEN NEDERLANDSE ORKESTEN - 01-01-2023 - 30-09-2023 - Regulier - kvo datum - 22-06-2023;https://www.uitvoeringarbeidsvoorwaardenwetgeving.nl/mozard/!suite92.scherm1007?mObj=37196&mSelod=736610
65;65004;01-02-2019;31-03-2020;30-01-2019;cao remplacanten 20190125 def.pdf .pdf;65 - REMPLACANTEN NEDERLANDSE ORKESTEN - 01-02-2019 - 31-03-2020 - Regulier - kvo datum - 30-01-2019;https://www.uitvoeringarbeidsvoorwaardenwetgeving.nl/mozard/!suite92.scherm1007?mObj=758&mSelod=736610
65;65005;01-04-2020;31-12-2020;27-07-2020;Cao remplaçanten 2020.pdf;65 - REMPLACANTEN NEDERLANDSE ORKESTEN - 01-04-2020 - 31-12-2020 - Regulier - kvo datum - 27-07-2020;https://www.uitvoeringarbeidsvoorwaardenwetgeving.nl/mozard/!suite92.scherm1007?mObj=18606&mSelod=736610
65;65006;01-07-2013;31-07-2014;17-07-2013;CAO_NL_orkesten_SZW.pdf;65 - REMPLACANTEN NEDERLANDSE ORKESTEN - 01-07-2013 - 31-07-2014 - Regulier - kvo datum - 17-07-2013;https://www.uitvoeringarbeidsvoorwaardenwetgeving.nl/mozard/!suite92.scherm1007?mObj=6913&mSelod=736610
65;65007;01-07-2024;30-06-2025;29-08-2024;Remplacanten Nederlandse Orkesten cao 2024-2025.pdf;65 - REMPLACANTEN NEDERLANDSE ORKESTEN - 01-07-2024 - 30-06-2025 - Regulier - kvo datum - 29-08-2024;https://www.uitvoeringarbeidsvoorwaardenwetgeving.nl/mozard/!suite92.scherm1007?mObj=43593&mSelod=736610
65;65008;01-07-2025;31-12-2026;29-08-2025;Remplacanten Nederlandse Orkesten cao 2025 2026.pdf;65 - REMPLACANTEN NEDERLANDSE ORKESTEN - 01-07-2025 - 31-12-2026 - Regulier - kvo datum - 29-08-2025;https://www.uitvoeringarbeidsvoorwaardenwetgeving.nl/mozard/!suite92.scherm1007?mObj=51171&mSelod=736610
65;65009;01-08-2014;31-12-2017;24-09-2018;Orkesten_2014_2017.pdf;65 - REMPLACANTEN NEDERLANDSE ORKESTEN - 01-08-2014 - 31-12-2017 - Regulier - kvo datum - 24-09-2018;https://www.uitvoeringarbeidsvoorwaardenwetgeving.nl/mozard/!suite92.scherm1007?mObj=6914&mSelod=736610
65;65010;01-10-2023;30-06-2024;21-12-2023;Remplaçanten Nl orkesten 1 oktober 2023 1 juli 2024_.pdf;65 - REMPLACANTEN NEDERLANDSE ORKESTEN - 01-10-2023 - 30-06-2024 - Regulier - kvo datum - 21-12-2023;https://www.uitvoeringarbeidsvoorwaardenwetgeving.nl/mozard/!suite92.scherm1007?mObj=40684&mSelod=736610
85;85001;01-01-2014;31-12-2016;18-06-2015;CAO_2014_voor_aanmelding.pdf;85 - REPROGRAFISCH BEDRIJF - 01-01-2014 - 31-12-2016 - Regulier - kvo datum - 18-06-2015;https://www.uitvoeringarbeidsvoorwaardenwetgeving.nl/mozard/!suite92.scherm1007?mObj=7078&mSelod=736623
85;85002;01-01-2019;31-12-2020;26-07-2019;CAO 2019 voor aanmelding.doc.pdf;85 - REPROGRAFISCH BEDRIJF - 01-01-2019 - 31-12-2020 - Regulier - kvo datum - 26-07-2019;https://www.uitvoeringarbeidsvoorwaardenwetgeving.nl/mozard/!suite92.scherm1007?mObj=14668&mSelod=736623
85;85003;01-03-2022;01-01-2024;11-11-2022;Reglement raad van toezicht PGB (041122).pdf;85 - REPROGRAFISCH BEDRIJF - 01-03-2022 - 01-01-2024 - Regulier - kvo datum - 11-11-2022;https://www.uitvoeringarbeidsvoorwaardenwetgeving.nl/mozard/!suite92.scherm1007?mObj=31704&mSelod=736623
1646;1646001;01-01-2020;01-07-2020;05-12-2019;caotekst Rijk 2020.pdf;1646 - RIJK CAO - 01-01-2020 - 01-07-2020 - Regulier - kvo datum - 05-12-2019;https://www.uitvoeringarbeidsvoorwaardenwetgeving.nl/mozard/!suite92.scherm1007?mObj=15399&mSelod=736634
1646;1646002;01-01-2020;01-07-2020;23-06-2020;Rijk 2020.pdf;1646 - RIJK CAO - 01-01-2020 - 01-07-2020 - Regulier - kvo datum - 23-06-2020 - TTW;https://www.uitvoeringarbeidsvoorwaardenwetgeving.nl/mozard/!suite92.scherm1007?mObj=16714&mSelod=736634
1646;1646003;01-01-2021;31-03-2022;13-12-2021;CAO Rijk 2021 versie met bedragen per 1 juli 2021.pdf;1646 - RIJK CAO - 01-01-2021 - 31-03-2022 - Regulier - kvo datum - 13-12-2021;https://www.uitvoeringarbeidsvoorwaardenwetgeving.nl/mozard/!suite92.scherm1007?mObj=24550&mSelod=736634
1646;1646004;01-01-2021;31-03-2022;22-12-2021;CAO Rijk 2021 versie met wijzigingen en indexaties per 1 januari 2022.pdf;1646 - RIJK CAO - 01-01-2021 - 31-03-2022 - Regulier - kvo datum - 22-12-2021;https://www.uitvoeringarbeidsvoorwaardenwetgeving.nl/mozard/!suite92.scherm1007?mObj=24813&mSelod=736634
1646;1646005;01-04-2022;31-12-2025;04-01-2024;CAO Rijk 2022-2024 versie met aanpassingen en indexaties per 1 januari 2024.pdf;1646 - RIJK CAO - 01-04-2022 - 31-12-2025 - Regulier - kvo datum - 04-01-2024;https://www.uitvoeringarbeidsvoorwaardenwetgeving.nl/mozard/!suite92.scherm1007?mObj=41043&mSelod=736634
1646;1646006;01-04-2022;31-12-2025;13-10-2022;CAO Rijk 2022-2024 versie 6 oktober 2022.pdf;1646 - RIJK CAO - 01-04-2022 - 31-12-2025 - Regulier - kvo datum - 13-10-2022;https://www.uitvoeringarbeidsvoorwaardenwetgeving.nl/mozard/!suite92.scherm1007?mObj=31450&mSelod=736634
1646;1646007;01-04-2022;31-12-2025;17-05-2024;CAO Rijk 2022-2024 versie met eenmalige cao-uitkering mei 2024.pdf;1646 - RIJK CAO - 01-04-2022 - 31-12-2025 - Regulier - kvo datum - 17-05-2024;https://www.uitvoeringarbeidsvoorwaardenwetgeving.nl/mozard/!suite92.scherm1007?mObj=42705&mSelod=736634
1646;1646008;01-04-2022;31-12-2025;29-03-2023;CAO Rijk 2022-2024 versie met roosterafspraken per 1 januari 2024.pdf;1646 - RIJK CAO - 01-04-2022 - 31-12-2025 - Regulier - kvo datum - 29-03-2023;https://www.uitvoeringarbeidsvoorwaardenwetgeving.nl/mozard/!suite92.scherm1007?mObj=36765&mSelod=736634
1646;1646009;01-04-2022;31-12-2025;30-06-2023;CAO Rijk 2022-2024 versie met indexaties per 1 juli 2023.pdf;1646 - RIJK CAO - 01-04-2022 - 31-12-2025 - Regulier - kvo datum - 30-06-2023;https://www.uitvoeringarbeidsvoorwaardenwetgeving.nl/mozard/!suite92.scherm1007?mObj=37239&mSelod=736634
1646;1646010;01-04-2022;31-12-2025;30-12-2022;CAO Rijk 2022-2024 versie met aanpassingen en indexaties per 1 januari 2023.pdf;1646 - RIJK CAO - 01-04-2022 - 31-12-2025 - Regulier - kvo datum - 30-12-2022;https://www.uitvoeringarbeidsvoorwaardenwetgeving.nl/mozard/!suite92.scherm1007?mObj=32921&mSelod=736634
1646;1646011;01-07-2020;31-12-2020;21-12-2020;CAO Rijk 2020 II per 31 december 2020.pdf;1646 - RIJK CAO - 01-07-2020 - 31-12-2020 - Regulier - kvo datum - 21-12-2020 - TTW;https://www.uitvoeringarbeidsvoorwaardenwetgeving.nl/mozard/!suite92.scherm1007?mObj=21130&mSelod=736634
1646;1646012;01-07-2020;31-12-2020;27-11-2020;CAO Rijk 2020 II.pdf;1646 - RIJK CAO - 01-07-2020 - 31-12-2020 - Regulier - kvo datum - 27-11-2020;https://www.uitvoeringarbeidsvoorwaardenwetgeving.nl/mozard/!suite92.scherm1007?mObj=20808&mSelod=736634
1646;1646013;01-07-2024;31-12-2025;01-07-2024;CAO Rijk 2024-2025 per 1 juli 2024 - versie vastgesteld 27 juni 2024.pdf;1646 - RIJK CAO - 01-07-2024 - 31-12-2025 - Regulier - kvo datum - 01-07-2024;https://www.uitvoeringarbeidsvoorwaardenwetgeving.nl/mozard/!suite92.scherm1007?mObj=43156&mSelod=736634
1646;1646014;01-07-2024;31-12-2025;19-12-2024;CAO Rijk 2024-2025 per 1 januari 2025.pdf;1646 - RIJK CAO - 01-07-2024 - 31-12-2025 - Regulier - kvo datum - 19-12-2024 - TTW;https://www.uitvoeringarbeidsvoorwaardenwetgeving.nl/mozard/!suite92.scherm1007?mObj=45699&mSelod=736634
1646;1646015;01-07-2024;31-12-2025;30-06-2025;CAO Rijk 2024-2025 per 1 juli 2025 - schoon.pdf;1646 - RIJK CAO - 01-07-2024 - 31-12-2025 - Regulier - kvo datum - 30-06-2025 - TTW;https://www.uitvoeringarbeidsvoorwaardenwetgeving.nl/mozard/!suite92.scherm1007?mObj=48987&mSelod=736634
2468;2468001;01-01-2020;31-12-2020;15-09-2020;CAO 2020 DEF getekend door SBOH en LAD.pdf;2468 - SBOH COLLECTIEVE ARBEIDSOVEREENKOMST - 01-01-2020 - 31-12-2020 - Regulier - kvo datum - 15-09-2020;https://www.uitvoeringarbeidsvoorwaardenwetgeving.nl/mozard/!suite92.scherm1007?mObj=19294&mSelod=736726
2468;2468002;01-01-2021;31-12-2021;17-10-2022;getekende cao 2021.pdf;2468 - SBOH COLLECTIEVE ARBEIDSOVEREENKOMST - 01-01-2021 - 31-12-2021 - Regulier - kvo datum - 17-10-2022;https://www.uitvoeringarbeidsvoorwaardenwetgeving.nl/mozard/!suite92.scherm1007?mObj=31466&mSelod=736726
2468;2468003;01-01-2022;31-12-2023;05-06-2024;CAO SBOH 2022-2023 DEF PDF met opmaak RM.pdf;2468 - SBOH COLLECTIEVE ARBEIDSOVEREENKOMST - 01-01-2022 - 31-12-2023 - Regulier - kvo datum - 05-06-2024;https://www.uitvoeringarbeidsvoorwaardenwetgeving.nl/mozard/!suite92.scherm1007?mObj=42896&mSelod=736726
2468;2468004;01-01-2024;31-12-2024;09-06-2024;Cao SBOH 2024 tekst DEF en getekend.pdf;2468 - SBOH COLLECTIEVE ARBEIDSOVEREENKOMST - 01-01-2024 - 31-12-2024 - Regulier - kvo datum - 09-06-2024;https://www.uitvoeringarbeidsvoorwaardenwetgeving.nl/mozard/!suite92.scherm1007?mObj=42920&mSelod=736726
2468;2468005;01-01-2018;31-12-2019;30-01-2019;cao SBOH 2018 - 2019 getekend.pdf .pdf;2468 - SBOH werkgever van huisartsen in opleiding - 01-01-2018 - 31-12-2019 - Regulier - kvo datum - 30-01-2019;https://www.uitvoeringarbeidsvoorwaardenwetgeving.nl/mozard/!suite92.scherm1007?mObj=757&mSelod=736726
3690;3690001;01-01-2014;31-12-2018;10-05-2016;Fondsencao_per_1_januari_2016_incl__Stat.pdf;3690 - SBW STICHTING BIBLIOTHEEK WERK - 01-01-2014 - 31-12-2018 - Sociaal Fonds - kvo datum - 10-05-2016 - TTW;https://www.uitvoeringarbeidsvoorwaardenwetgeving.nl/mozard/!suite92.scherm1007?mObj=11758&mSelod=736738
3690;3690002;01-01-2014;31-12-2018;12-03-2015;Fondsen_cao_SBW_wijziging_per_1_januari_2015_def.pdf;3690 - SBW STICHTING BIBLIOTHEEK WERK - 01-01-2014 - 31-12-2018 - Sociaal Fonds - kvo datum - 12-03-2015;https://www.uitvoeringarbeidsvoorwaardenwetgeving.nl/mozard/!suite92.scherm1007?mObj=11756&mSelod=736738
3690;3690003;01-01-2014;31-12-2018;13-02-2017;Fondsencao_per_1_januari_2017_incl__Stat.pdf;3690 - SBW STICHTING BIBLIOTHEEK WERK - 01-01-2014 - 31-12-2018 - Sociaal Fonds - kvo datum - 13-02-2017 - TTW;https://www.uitvoeringarbeidsvoorwaardenwetgeving.nl/mozard/!suite92.scherm1007?mObj=11760&mSelod=736738
3690;3690004;01-01-2014;31-12-2018;13-05-2016;Fondsencao_per_1_januari_2016_incl__Stat_1.pdf;3690 - SBW STICHTING BIBLIOTHEEK WERK - 01-01-2014 - 31-12-2018 - Sociaal Fonds - kvo datum - 13-05-2016 - TTW;https://www.uitvoeringarbeidsvoorwaardenwetgeving.nl/mozard/!suite92.scherm1007?mObj=11759&mSelod=736738
3690;3690005;01-01-2014;31-12-2018;16-12-2017;Fondsencao_per_1_januari_2018_incl__Stat.pdf;3690 - SBW STICHTING BIBLIOTHEEK WERK - 01-01-2014 - 31-12-2018 - Sociaal Fonds - kvo datum - 16-12-2017 - TTW;https://www.uitvoeringarbeidsvoorwaardenwetgeving.nl/mozard/!suite92.scherm1007?mObj=11761&mSelod=736738
3690;3690006;01-01-2014;31-12-2018;18-01-2018;Fondsencao_per_1_januari_2018_incl__Stat_1.pdf;3690 - SBW STICHTING BIBLIOTHEEK WERK - 01-01-2014 - 31-12-2018 - Sociaal Fonds - kvo datum - 18-01-2018 - TTW;https://www.uitvoeringarbeidsvoorwaardenwetgeving.nl/mozard/!suite92.scherm1007?mObj=11762&mSelod=736738
3690;3690007;01-01-2014;31-12-2018;19-06-2014;CAO_Stichting_BibliotheekWerk.pdf;3690 - SBW STICHTING BIBLIOTHEEK WERK - 01-01-2014 - 31-12-2018 - Sociaal Fonds - kvo datum - 19-06-2014;https://www.uitvoeringarbeidsvoorwaardenwetgeving.nl/mozard/!suite92.scherm1007?mObj=11755&mSelod=736738
3690;3690008;01-01-2014;31-12-2018;21-05-2015;Fondsen_cao_SBW_per_1_1_2015_150519.pdf;3690 - SBW STICHTING BIBLIOTHEEK WERK - 01-01-2014 - 31-12-2018 - Sociaal Fonds - kvo datum - 21-05-2015 - TTW;https://www.uitvoeringarbeidsvoorwaardenwetgeving.nl/mozard/!suite92.scherm1007?mObj=11757&mSelod=736738
3690;3690009;01-01-2019;31-12-2019;19-12-2018;Fondsencao per 1 januari 2019_incl. Stat.pdf .pdf;3690 - SBW STICHTING BIBLIOTHEEK WERK - 01-01-2019 - 31-12-2019 - Sociaal Fonds - kvo datum - 19-12-2018;https://www.uitvoeringarbeidsvoorwaardenwetgeving.nl/mozard/!suite92.scherm1007?mObj=522&mSelod=736738
3690;3690010;01-01-2020;31-12-2021;15-04-2020;200101 Fondsen cao.pdf;3690 - SBW STICHTING BIBLIOTHEEK WERK - 01-01-2020 - 31-12-2021 - Sociaal Fonds - kvo datum - 15-04-2020;https://www.uitvoeringarbeidsvoorwaardenwetgeving.nl/mozard/!suite92.scherm1007?mObj=16230&mSelod=736738
3690;3690011;01-01-2022;31-12-2023;24-02-2022;Cao Stichting BibliotheekWerk 1-1-2022 - 31-12-2023 DEF 2 februari 2022_onderte.pdf;3690 - SBW STICHTING BIBLIOTHEEK WERK - 01-01-2022 - 31-12-2023 - Sociaal Fonds - kvo datum - 24-02-2022;https://www.uitvoeringarbeidsvoorwaardenwetgeving.nl/mozard/!suite92.scherm1007?mObj=27657&mSelod=736738
3690;3690012;01-01-2024;31-12-2026;19-12-2023;Cao Stichting BibliotheekWerk 1-1-2024 - 31-12-2026 DEF 3 november 2023 schone versie_ng.pdf;3690 - SBW STICHTING BIBLIOTHEEK WERK - 01-01-2024 - 31-12-2026 - Sociaal Fonds - kvo datum - 19-12-2023;https://www.uitvoeringarbeidsvoorwaardenwetgeving.nl/mozard/!suite92.scherm1007?mObj=40618&mSelod=736738
1991;1991001;01-01-2020;31-12-2022;30-12-2022;2020 - 2022 CAO Schoentechniek def.pdf;1991 - SCHOENTECHNIEK V/H SCHOENHERSTELLERS - 01-01-2020 - 31-12-2022 - Regulier - kvo datum - 30-12-2022;https://www.uitvoeringarbeidsvoorwaardenwetgeving.nl/mozard/!suite92.scherm1007?mObj=32922&mSelod=736768
1991;1991002;01-07-2017;31-12-2019;12-12-2019;2017 - 2019 CAO Schoentechniek.pdf;1991 - SCHOENTECHNIEK V/H SCHOENHERSTELLERS - 01-07-2017 - 31-12-2019 - Regulier - kvo datum - 12-12-2019;https://www.uitvoeringarbeidsvoorwaardenwetgeving.nl/mozard/!suite92.scherm1007?mObj=15436&mSelod=736768
2165;2165001;01-01-2011;31-12-2013;21-01-2011;Signbedrijven 2011-2013.pdf;2165 - SIGNBEDRIJVEN - 01-01-2011 - 31-12-2013 - Regulier - kvo datum - 21-01-2011;https://www.uitvoeringarbeidsvoorwaardenwetgeving.nl/mozard/!suite92.scherm1007?mObj=10118&mSelod=736829
2165;2165002;01-01-2014;30-06-2016;23-06-2015;CAO_Signbedrijven_2014_2016__ttw_22_juni_2015_.pdf;2165 - SIGNBEDRIJVEN - 01-01-2014 - 30-06-2016 - Regulier - kvo datum - 23-06-2015;https://www.uitvoeringarbeidsvoorwaardenwetgeving.nl/mozard/!suite92.scherm1007?mObj=10120&mSelod=736829
2165;2165003;01-01-2014;31-12-2015;22-04-2014;CAO_Signbedrijven_2014_2015__4_april_2014_.pdf;2165 - SIGNBEDRIJVEN - 01-01-2014 - 31-12-2015 - Regulier - kvo datum - 22-04-2014;https://www.uitvoeringarbeidsvoorwaardenwetgeving.nl/mozard/!suite92.scherm1007?mObj=10119&mSelod=736829
2165;2165004;01-01-2019;31-12-2021;14-12-2020;CAO Signbedrijven 2019-2021 ttw 13 december 2020 .pdf;2165 - SIGNBEDRIJVEN - 01-01-2019 - 31-12-2021 - Regulier - kvo datum - 14-12-2020 - TTW;https://www.uitvoeringarbeidsvoorwaardenwetgeving.nl/mozard/!suite92.scherm1007?mObj=21029&mSelod=736829
2165;2165005;01-01-2019;31-12-2021;19-07-2021;CAO Signbedrijven 2019 - 2021 ttw 1 juli 2021.pdf;2165 - SIGNBEDRIJVEN - 01-01-2019 - 31-12-2021 - Regulier - kvo datum - 19-07-2021 - TTW;https://www.uitvoeringarbeidsvoorwaardenwetgeving.nl/mozard/!suite92.scherm1007?mObj=23044&mSelod=736829
2165;2165006;01-01-2019;31-12-2021;20-12-2018;CAO Signbedrijven 2019-2021 27 november 2018.pdf .pdf;2165 - SIGNBEDRIJVEN - 01-01-2019 - 31-12-2021 - Regulier - kvo datum - 20-12-2018;https://www.uitvoeringarbeidsvoorwaardenwetgeving.nl/mozard/!suite92.scherm1007?mObj=588&mSelod=736829
2165;2165007;01-01-2019;31-12-2021;23-07-2020;CAO Signbedrijven 2019-2021 21 juli 2020.pdf;2165 - SIGNBEDRIJVEN - 01-01-2019 - 31-12-2021 - Regulier - kvo datum - 23-07-2020 - TTW;https://www.uitvoeringarbeidsvoorwaardenwetgeving.nl/mozard/!suite92.scherm1007?mObj=18593&mSelod=736829
2165;2165008;01-01-2019;31-12-2021;23-12-2020;CAO Signbedrijven 2019-2021 DEFINITIEF ttw 1 december 2020 -005.pdf;2165 - SIGNBEDRIJVEN - 01-01-2019 - 31-12-2021 - Regulier - kvo datum - 23-12-2020 - TTW;https://www.uitvoeringarbeidsvoorwaardenwetgeving.nl/mozard/!suite92.scherm1007?mObj=21209&mSelod=736829
2165;2165009;01-01-2022;29-02-2024;09-05-2022;CAO Signbedrijven 2022 2024 ttw 2 mei 2022.pdf;2165 - SIGNBEDRIJVEN - 01-01-2022 - 29-02-2024 - Regulier - kvo datum - 09-05-2022;https://www.uitvoeringarbeidsvoorwaardenwetgeving.nl/mozard/!suite92.scherm1007?mObj=29663&mSelod=736829
2165;2165010;01-01-2022;29-02-2024;09-08-2022;CAO Signbedrijven 2022 2024 ttw 8 augustus 2022.pdf;2165 - SIGNBEDRIJVEN - 01-01-2022 - 29-02-2024 - Regulier - kvo datum - 09-08-2022;https://www.uitvoeringarbeidsvoorwaardenwetgeving.nl/mozard/!suite92.scherm1007?mObj=30884&mSelod=736829
2165;2165011;01-01-2022;29-02-2024;21-11-2022;CAO Signbedrijven 2022 - 2024 ttw 21 november 2022.pdf;2165 - SIGNBEDRIJVEN - 01-01-2022 - 29-02-2024 - Regulier - kvo datum - 21-11-2022;https://www.uitvoeringarbeidsvoorwaardenwetgeving.nl/mozard/!suite92.scherm1007?mObj=31814&mSelod=736829
2165;2165012;01-01-2022;29-02-2024;22-12-2023;CAO Signbedrijven 2022 - 2024 (ttw 1 november 2023).pdf;2165 - SIGNBEDRIJVEN - 01-01-2022 - 29-02-2024 - Regulier - kvo datum - 22-12-2023 - TTW;https://www.uitvoeringarbeidsvoorwaardenwetgeving.nl/mozard/!suite92.scherm1007?mObj=40738&mSelod=736829
2165;2165013;01-01-2022;30-11-2022;01-12-2021;CAO Signbedrijven 2022 30 november 2021.pdf;2165 - SIGNBEDRIJVEN - 01-01-2022 - 30-11-2022 - Regulier - kvo datum - 01-12-2021;https://www.uitvoeringarbeidsvoorwaardenwetgeving.nl/mozard/!suite92.scherm1007?mObj=24309&mSelod=736829
2165;2165014;01-03-2024;28-02-2026;14-03-2024;CAO Signbedrijven 2024 - 2026 (definitief).pdf.pdf;2165 - SIGNBEDRIJVEN - 01-03-2024 - 28-02-2026 - Regulier - kvo datum - 14-03-2024;https://www.uitvoeringarbeidsvoorwaardenwetgeving.nl/mozard/!suite92.scherm1007?mObj=42153&mSelod=736829
2165;2165015;01-03-2024;28-02-2026;27-03-2024;CAO Signbedrijven 2024 - 2026 (definitief 2.0).pdf;2165 - SIGNBEDRIJVEN - 01-03-2024 - 28-02-2026 - Regulier - kvo datum - 27-03-2024 - TTW;https://www.uitvoeringarbeidsvoorwaardenwetgeving.nl/mozard/!suite92.scherm1007?mObj=42273&mSelod=736829
2165;2165016;01-07-2016;31-12-2018;06-07-2016;CAO_Signbedrijven_2016_2018__30_juni_2016_.pdf;2165 - SIGNBEDRIJVEN - 01-07-2016 - 31-12-2018 - Regulier - kvo datum - 06-07-2016;https://www.uitvoeringarbeidsvoorwaardenwetgeving.nl/mozard/!suite92.scherm1007?mObj=10121&mSelod=736829
4062;4062001;01-01-2024;31-12-2028;12-02-2024;03 - Cao DISS 2024 tm 2028 ongeren na 2eTTW.pdf;4062 - SLAGERSBEDRIJF DISS - 01-01-2024 - 31-12-2028 - Sociaal Fonds - kvo datum - 12-02-2024 - TTW;https://www.uitvoeringarbeidsvoorwaardenwetgeving.nl/mozard/!suite92.scherm1007?mObj=41755&mSelod=736842
4062;4062002;01-01-2024;31-12-2028;13-11-2023;03 - Cao DISS 2024 tm 2028 ongerenv na TTW.pdf;4062 - SLAGERSBEDRIJF DISS - 01-01-2024 - 31-12-2028 - Sociaal Fonds - kvo datum - 13-11-2023 - TTW;https://www.uitvoeringarbeidsvoorwaardenwetgeving.nl/mozard/!suite92.scherm1007?mObj=39570&mSelod=736842
4062;4062003;01-01-2024;31-12-2028;14-01-2025;03 - Cao DISS 2024 tm 2028 ongeren na 3e TTW.pdf;4062 - SLAGERSBEDRIJF DISS - 01-01-2024 - 31-12-2028 - Sociaal Fonds - kvo datum - 14-01-2025 - TTW;https://www.uitvoeringarbeidsvoorwaardenwetgeving.nl/mozard/!suite92.scherm1007?mObj=46102&mSelod=736842
4062;4062004;01-01-2024;31-12-2028;23-10-2023;Cao DISS 2024 tm 2028.pdf;4062 - SLAGERSBEDRIJF DISS - 01-01-2024 - 31-12-2028 - Sociaal Fonds - kvo datum - 23-10-2023;https://www.uitvoeringarbeidsvoorwaardenwetgeving.nl/mozard/!suite92.scherm1007?mObj=39122&mSelod=736842
4062;4062005;01-07-2019;31-12-2023;02-11-2021;Cao DISS - 1-7-19 tm 31-12-23 - TTW - ongeren.pdf;4062 - SLAGERSBEDRIJF DISS - 01-07-2019 - 31-12-2023 - Regulier - kvo datum - 02-11-2021;https://www.uitvoeringarbeidsvoorwaardenwetgeving.nl/mozard/!suite92.scherm1007?mObj=23553&mSelod=736842
4062;4062006;01-07-2019;31-12-2023;03-12-2019;Cao DISS - 1-7-19 tm 31-12-23 - TTW - ongeren.doc.pdf;4062 - SLAGERSBEDRIJF DISS - 01-07-2019 - 31-12-2023 - Regulier - kvo datum - 03-12-2019 - TTW;https://www.uitvoeringarbeidsvoorwaardenwetgeving.nl/mozard/!suite92.scherm1007?mObj=15372&mSelod=736842
4062;4062007;01-07-2019;31-12-2023;24-11-2020;Cao DISS - 1-7-19 tm 31-12-23 - TTW - ongeren.doc_1.pdf;4062 - SLAGERSBEDRIJF DISS - 01-07-2019 - 31-12-2023 - Regulier - kvo datum - 24-11-2020 - TTW;https://www.uitvoeringarbeidsvoorwaardenwetgeving.nl/mozard/!suite92.scherm1007?mObj=20768&mSelod=736842
4062;4062008;01-07-2019;31-12-2023;27-06-2019;Definitieve Cao DISS - looptijd 01-07-2019 tm 31-12-2023.doc .pdf;4062 - SLAGERSBEDRIJF DISS - 01-07-2019 - 31-12-2023 - Regulier - kvo datum - 27-06-2019;https://www.uitvoeringarbeidsvoorwaardenwetgeving.nl/mozard/!suite92.scherm1007?mObj=14481&mSelod=736842
4062;4062009;01-07-2019;31-12-2023;13-10-2022;Cao DISS - 1-7-19 tm 31-12-23 - ongeren - 07-10-22.pdf;4062 - SLAGERSBEDRIJF DISS - 01-07-2019 - 31-12-2023 - Sociaal Fonds - kvo datum - 13-10-2022 - TTW;https://www.uitvoeringarbeidsvoorwaardenwetgeving.nl/mozard/!suite92.scherm1007?mObj=31469&mSelod=736842
3697;3697001;01-01-2014;31-12-2014;09-07-2014;CAO_sportverenigingen2014.pdf;3697 - SPORTVERENIGINGEN CAO - 01-01-2014 - 31-12-2014 - Regulier - kvo datum - 09-07-2014;https://www.uitvoeringarbeidsvoorwaardenwetgeving.nl/mozard/!suite92.scherm1007?mObj=11768&mSelod=736943
3697;3697002;01-01-2016;31-12-2016;22-12-2015;CAO_sportverenigingen___2016.pdf;3697 - SPORTVERENIGINGEN CAO - 01-01-2016 - 31-12-2016 - Regulier - kvo datum - 22-12-2015;https://www.uitvoeringarbeidsvoorwaardenwetgeving.nl/mozard/!suite92.scherm1007?mObj=11769&mSelod=736943
3697;3697003;01-01-2017;31-12-2017;23-02-2018;CAO_sportverenigingen_2017.pdf;3697 - SPORTVERENIGINGEN CAO - 01-01-2017 - 31-12-2017 - Regulier - kvo datum - 23-02-2018;https://www.uitvoeringarbeidsvoorwaardenwetgeving.nl/mozard/!suite92.scherm1007?mObj=11770&mSelod=736943
3697;3697004;01-01-2018;31-12-2019;07-05-2018;CAO_sportverenigingen_2018_2019_Defintief.pdf;3697 - SPORTVERENIGINGEN CAO - 01-01-2018 - 31-12-2019 - Regulier - kvo datum - 07-05-2018;https://www.uitvoeringarbeidsvoorwaardenwetgeving.nl/mozard/!suite92.scherm1007?mObj=11771&mSelod=736943
3697;3697005;01-01-2020;31-12-2021;10-12-2021;CAO sportverenigingen 2020 - 2021 definitief getekend.pdf;3697 - SPORTVERENIGINGEN CAO - 01-01-2020 - 31-12-2021 - Regulier - kvo datum - 10-12-2021;https://www.uitvoeringarbeidsvoorwaardenwetgeving.nl/mozard/!suite92.scherm1007?mObj=24533&mSelod=736943
3697;3697006;01-01-2022;31-12-2022;07-02-2022;CAO sportverenigingen 2022 - definitief getekend.pdf;3697 - SPORTVERENIGINGEN CAO - 01-01-2022 - 31-12-2022 - Regulier - kvo datum - 07-02-2022;https://www.uitvoeringarbeidsvoorwaardenwetgeving.nl/mozard/!suite92.scherm1007?mObj=26806&mSelod=736943
1463;1463001;01-01-2009;31-03-2011;07-01-2011;zwart CAO NSO 2009-2011.pdf;1463 - TABAKSARTIKELEN DETAILHANDEL - 01-01-2009 - 31-03-2011 - Regulier - kvo datum - 07-01-2011;https://www.uitvoeringarbeidsvoorwaardenwetgeving.nl/mozard/!suite92.scherm1007?mObj=9262&mSelod=737131
1463;1463002;01-01-2009;31-03-2011;31-01-2011;versie 2 wijz CAO NSO 2009-2011.pdf;1463 - TABAKSARTIKELEN DETAILHANDEL - 01-01-2009 - 31-03-2011 - Regulier - kvo datum - 31-01-2011 - TTW;https://www.uitvoeringarbeidsvoorwaardenwetgeving.nl/mozard/!suite92.scherm1007?mObj=9263&mSelod=737131
1463;1463003;01-04-2011;31-10-2013;04-03-2013;CAO_NSO_2011_2013_zwart.pdf;1463 - TABAKSARTIKELEN DETAILHANDEL - 01-04-2011 - 31-10-2013 - Regulier - kvo datum - 04-03-2013;https://www.uitvoeringarbeidsvoorwaardenwetgeving.nl/mozard/!suite92.scherm1007?mObj=9264&mSelod=737131
427;427001;01-01-2022;31-12-2023;10-11-2022;cao TANDTECHNIEK 2022-2023 def.pdf;427 - TANDTECHNIEK - 01-01-2022 - 31-12-2023 - Regulier - kvo datum - 10-11-2022;https://www.uitvoeringarbeidsvoorwaardenwetgeving.nl/mozard/!suite92.scherm1007?mObj=31699&mSelod=737139
427;427002;01-01-2022;31-12-2023;22-02-2023;cao TANDTECHNIEK 2022-2023 TTW feb doorlopende tekst.pdf;427 - TANDTECHNIEK - 01-01-2022 - 31-12-2023 - Regulier - kvo datum - 22-02-2023;https://www.uitvoeringarbeidsvoorwaardenwetgeving.nl/mozard/!suite92.scherm1007?mObj=35562&mSelod=737139
427;427003;01-01-2022;31-12-2023;25-01-2023;cao TANDTECHNIEK 2022-2023 TTW doorlopende tekst.pdf;427 - TANDTECHNIEK - 01-01-2022 - 31-12-2023 - Regulier - kvo datum - 25-01-2023 - TTW;https://www.uitvoeringarbeidsvoorwaardenwetgeving.nl/mozard/!suite92.scherm1007?mObj=34240&mSelod=737139
427;427004;01-07-2011;30-06-2012;01-09-2011;CAO_Tandtechniek_2011_2012.pdf;427 - TANDTECHNIEK - 01-07-2011 - 30-06-2012 - Regulier - kvo datum - 01-09-2011;https://www.uitvoeringarbeidsvoorwaardenwetgeving.nl/mozard/!suite92.scherm1007?mObj=7920&mSelod=737139
427;427005;01-07-2011;30-06-2012;29-11-2011;CAO_Tandtechniek_2011_2012_1.pdf;427 - TANDTECHNIEK - 01-07-2011 - 30-06-2012 - Regulier - kvo datum - 29-11-2011 - TTW;https://www.uitvoeringarbeidsvoorwaardenwetgeving.nl/mozard/!suite92.scherm1007?mObj=7921&mSelod=737139
427;427006;01-07-2012;30-06-2013;20-11-2012;CAO_Tandtechniek_2012_2013.pdf;427 - TANDTECHNIEK - 01-07-2012 - 30-06-2013 - Regulier - kvo datum - 20-11-2012;https://www.uitvoeringarbeidsvoorwaardenwetgeving.nl/mozard/!suite92.scherm1007?mObj=7922&mSelod=737139
427;427007;01-07-2013;30-06-2014;11-07-2013;CAO_Tandtechniek_2013_2014.pdf;427 - TANDTECHNIEK - 01-07-2013 - 30-06-2014 - Regulier - kvo datum - 11-07-2013;https://www.uitvoeringarbeidsvoorwaardenwetgeving.nl/mozard/!suite92.scherm1007?mObj=7923&mSelod=737139
427;427008;01-07-2018;31-12-2019;24-06-2019;cao TANDTECHNIEK__070118-123119_tekenversie_final.docx .pdf;427 - TANDTECHNIEK - 01-07-2018 - 31-12-2019 - Regulier - kvo datum - 24-06-2019;https://www.uitvoeringarbeidsvoorwaardenwetgeving.nl/mozard/!suite92.scherm1007?mObj=14282&mSelod=737139
3993;3993001;01-07-2018;30-06-2019;14-06-2018;CAO_BEDRIJVEN_BVTANDTECHNIEK_01072018_30062019.pdf;3993 - BEDRIJVEN BRANCHEVERENIGING TANDTECHNIEK - 01-07-2018 - 30-06-2019 - Regulier - kvo datum - 14-06-2018;https://www.uitvoeringarbeidsvoorwaardenwetgeving.nl/mozard/!suite92.scherm1007?mObj=12350&mSelod=737143
3993;3993002;01-04-2019;31-03-2021;02-07-2019;CAO BTT 2019 2021 11 maart 2019.pdf;3993 - TANDTECHNIEK, CAO VOOR LEDEN BRANCHEVERENIGING - 01-04-2019 - 31-03-2021 - Regulier - kvo datum - 02-07-2019;https://www.uitvoeringarbeidsvoorwaardenwetgeving.nl/mozard/!suite92.scherm1007?mObj=14551&mSelod=737143
3993;3993003;01-04-2021;31-03-2023;17-06-2021;CAO BTT 2021-2023 18 mei 2021.pdf;3993 - TANDTECHNIEK, CAO VOOR LEDEN BRANCHEVERENIGING - 01-04-2021 - 31-03-2023 - Regulier - kvo datum - 17-06-2021;https://www.uitvoeringarbeidsvoorwaardenwetgeving.nl/mozard/!suite92.scherm1007?mObj=22844&mSelod=737143
3993;3993004;01-04-2021;31-03-2023;19-07-2021;CAO BTT 2021-2023 16 juli 2021.pdf;3993 - TANDTECHNIEK, CAO VOOR LEDEN BRANCHEVERENIGING - 01-04-2021 - 31-03-2023 - Regulier - kvo datum - 19-07-2021 - TTW;https://www.uitvoeringarbeidsvoorwaardenwetgeving.nl/mozard/!suite92.scherm1007?mObj=23043&mSelod=737143
3993;3993005;01-04-2021;31-03-2023;21-04-2022;CAO BTT 2021-2023 19 april 2022.pdf;3993 - TANDTECHNIEK, CAO VOOR LEDEN BRANCHEVERENIGING - 01-04-2021 - 31-03-2023 - Regulier - kvo datum - 21-04-2022;https://www.uitvoeringarbeidsvoorwaardenwetgeving.nl/mozard/!suite92.scherm1007?mObj=29383&mSelod=737143
3993;3993006;01-04-2021;31-03-2023;24-06-2021;CAO BTT 2021-2023 22 juni 2021.pdf;3993 - TANDTECHNIEK, CAO VOOR LEDEN BRANCHEVERENIGING - 01-04-2021 - 31-03-2023 - Regulier - kvo datum - 24-06-2021 - TTW;https://www.uitvoeringarbeidsvoorwaardenwetgeving.nl/mozard/!suite92.scherm1007?mObj=22884&mSelod=737143
3993;3993007;01-04-2021;31-03-2023;24-12-2021;CAO BTT 2021-2023 10 december 2021.pdf;3993 - TANDTECHNIEK, CAO VOOR LEDEN BRANCHEVERENIGING - 01-04-2021 - 31-03-2023 - Regulier - kvo datum - 24-12-2021;https://www.uitvoeringarbeidsvoorwaardenwetgeving.nl/mozard/!suite92.scherm1007?mObj=24934&mSelod=737143
1193;1193001;01-01-2011;31-12-2011;28-04-2011;CAO_TENTOONSTELLINGSBEDRIJVEN_2011.pdf;1193 - TENTOONSTELLINGSBEDRIJVEN - 01-01-2011 - 31-12-2011 - Regulier - kvo datum - 28-04-2011;https://www.uitvoeringarbeidsvoorwaardenwetgeving.nl/mozard/!suite92.scherm1007?mObj=9416&mSelod=737172
1193;1193002;01-01-2011;31-12-2011;29-07-2011;CAOTB2011_def_per_29_juli.pdf;1193 - TENTOONSTELLINGSBEDRIJVEN - 01-01-2011 - 31-12-2011 - Regulier - kvo datum - 29-07-2011 - TTW;https://www.uitvoeringarbeidsvoorwaardenwetgeving.nl/mozard/!suite92.scherm1007?mObj=9417&mSelod=737172
1193;1193003;01-01-2012;31-12-2013;19-11-2012;CAO_Tentoonstellingsbedrijven_2012_2013_def1411.pdf;1193 - TENTOONSTELLINGSBEDRIJVEN - 01-01-2012 - 31-12-2013 - Regulier - kvo datum - 19-11-2012;https://www.uitvoeringarbeidsvoorwaardenwetgeving.nl/mozard/!suite92.scherm1007?mObj=9418&mSelod=737172
1193;1193004;01-01-2014;31-12-2014;06-02-2014;CAO_TB_2014_nieuwe_word_versie.pdf;1193 - TENTOONSTELLINGSBEDRIJVEN - 01-01-2014 - 31-12-2014 - Regulier - kvo datum - 06-02-2014 - TTW;https://www.uitvoeringarbeidsvoorwaardenwetgeving.nl/mozard/!suite92.scherm1007?mObj=9420&mSelod=737172
1193;1193005;01-01-2014;31-12-2014;07-01-2014;CAO_TB_2014.pdf;1193 - TENTOONSTELLINGSBEDRIJVEN - 01-01-2014 - 31-12-2014 - Regulier - kvo datum - 07-01-2014;https://www.uitvoeringarbeidsvoorwaardenwetgeving.nl/mozard/!suite92.scherm1007?mObj=9419&mSelod=737172
1193;1193006;01-01-2015;31-12-2017;17-01-2017;CAO_TTB_2015___2017.pdf;1193 - TENTOONSTELLINGSBEDRIJVEN - 01-01-2015 - 31-12-2017 - Regulier - kvo datum - 17-01-2017;https://www.uitvoeringarbeidsvoorwaardenwetgeving.nl/mozard/!suite92.scherm1007?mObj=9422&mSelod=737172
1193;1193007;01-01-2015;31-12-2017;20-01-2017;CAO_TTB_2015___2017_1.pdf;1193 - TENTOONSTELLINGSBEDRIJVEN - 01-01-2015 - 31-12-2017 - Regulier - kvo datum - 20-01-2017 - TTW;https://www.uitvoeringarbeidsvoorwaardenwetgeving.nl/mozard/!suite92.scherm1007?mObj=9423&mSelod=737172
1193;1193008;01-01-2015;31-12-2017;23-11-2016;Cao_boekje_2015_2017_interactief.pdf;1193 - TENTOONSTELLINGSBEDRIJVEN - 01-01-2015 - 31-12-2017 - Regulier - kvo datum - 23-11-2016;https://www.uitvoeringarbeidsvoorwaardenwetgeving.nl/mozard/!suite92.scherm1007?mObj=9421&mSelod=737172
1193;1193009;01-01-2018;31-12-2019;04-06-2018;CAO_TTB_2018___2019_doorlopende_tekst.pdf;1193 - TENTOONSTELLINGSBEDRIJVEN - 01-01-2018 - 31-12-2019 - Regulier - kvo datum - 04-06-2018 - TTW;https://www.uitvoeringarbeidsvoorwaardenwetgeving.nl/mozard/!suite92.scherm1007?mObj=9001&mSelod=737172
1193;1193010;01-01-2018;31-12-2019;06-06-2018;CAO_TTB_2018___2019_doorlopende_tekst_1.pdf;1193 - TENTOONSTELLINGSBEDRIJVEN - 01-01-2018 - 31-12-2019 - Regulier - kvo datum - 06-06-2018 - TTW;https://www.uitvoeringarbeidsvoorwaardenwetgeving.nl/mozard/!suite92.scherm1007?mObj=9002&mSelod=737172
1193;1193011;01-01-2018;31-12-2019;09-05-2018;CAO_TTB_2018___2019.pdf;1193 - TENTOONSTELLINGSBEDRIJVEN - 01-01-2018 - 31-12-2019 - Regulier - kvo datum - 09-05-2018;https://www.uitvoeringarbeidsvoorwaardenwetgeving.nl/mozard/!suite92.scherm1007?mObj=9424&mSelod=737172
1193;1193012;01-01-2018;31-12-2019;12-02-2019;Cao_Tentoonstellingsbedrijven_2018_2019.pdf;1193 - TENTOONSTELLINGSBEDRIJVEN - 01-01-2018 - 31-12-2019 - Regulier - kvo datum - 12-02-2019 - TTW;https://www.uitvoeringarbeidsvoorwaardenwetgeving.nl/mozard/!suite92.scherm1007?mObj=9005&mSelod=737172
1193;1193013;01-01-2018;31-12-2019;15-10-2018;CAO_TTB_2018___2019_versie_11_okt.pdf;1193 - TENTOONSTELLINGSBEDRIJVEN - 01-01-2018 - 31-12-2019 - Regulier - kvo datum - 15-10-2018 - TTW;https://www.uitvoeringarbeidsvoorwaardenwetgeving.nl/mozard/!suite92.scherm1007?mObj=9003&mSelod=737172
1193;1193014;01-01-2018;31-12-2019;28-01-2019;Cao_Tentoonstellingsbedrijven_2018_2019_1.pdf;1193 - TENTOONSTELLINGSBEDRIJVEN - 01-01-2018 - 31-12-2019 - Regulier - kvo datum - 28-01-2019 - TTW;https://www.uitvoeringarbeidsvoorwaardenwetgeving.nl/mozard/!suite92.scherm1007?mObj=9004&mSelod=737172
1193;1193015;01-01-2020;31-12-2021;02-07-2021;Cao Tentoonstellingsbedrijven 2020-2021 schone versie.pdf;1193 - TENTOONSTELLINGSBEDRIJVEN - 01-01-2020 - 31-12-2021 - Regulier - kvo datum - 02-07-2021;https://www.uitvoeringarbeidsvoorwaardenwetgeving.nl/mozard/!suite92.scherm1007?mObj=22934&mSelod=737172
1193;1193016;01-01-2020;31-12-2021;19-08-2021;Cao Tentoonstellingsbedrijven 2020-2021 schone versie_1.pdf;1193 - TENTOONSTELLINGSBEDRIJVEN - 01-01-2020 - 31-12-2021 - Regulier - kvo datum - 19-08-2021 - TTW;https://www.uitvoeringarbeidsvoorwaardenwetgeving.nl/mozard/!suite92.scherm1007?mObj=23176&mSelod=737172
1193;1193017;01-01-2022;31-12-2023;13-05-2022;Cao Tentoonstellingsbedrijven 2022-2023 schone tekst.pdf;1193 - TENTOONSTELLINGSBEDRIJVEN - 01-01-2022 - 31-12-2023 - Regulier - kvo datum - 13-05-2022;https://www.uitvoeringarbeidsvoorwaardenwetgeving.nl/mozard/!suite92.scherm1007?mObj=29760&mSelod=737172
1193;1193018;01-01-2022;31-12-2023;28-06-2022;Cao Tentoonstellingsbedrijven 2022-2023 schone tekst_1.pdf;1193 - TENTOONSTELLINGSBEDRIJVEN - 01-01-2022 - 31-12-2023 - Regulier - kvo datum - 28-06-2022;https://www.uitvoeringarbeidsvoorwaardenwetgeving.nl/mozard/!suite92.scherm1007?mObj=30385&mSelod=737172
1193;1193019;01-01-2024;31-12-2024;12-03-2024;Cao Tentoonstellingsbedrijven 2024 schone versie.pdf;1193 - TENTOONSTELLINGSBEDRIJVEN - 01-01-2024 - 31-12-2024 - Regulier - kvo datum - 12-03-2024;https://www.uitvoeringarbeidsvoorwaardenwetgeving.nl/mozard/!suite92.scherm1007?mObj=42145&mSelod=737172
1193;1193020;01-01-2024;31-12-2024;13-05-2024;Cao Tentoonstellingsbedrijven 2024 schone versie_1.pdf;1193 - TENTOONSTELLINGSBEDRIJVEN - 01-01-2024 - 31-12-2024 - Regulier - kvo datum - 13-05-2024 - TTW;https://www.uitvoeringarbeidsvoorwaardenwetgeving.nl/mozard/!suite92.scherm1007?mObj=42678&mSelod=737172
1193;1193021;01-01-2025;31-12-2025;08-07-2025;Cao Tentoonstellingsbedrijven 2025 schone versie.pdf;1193 - TENTOONSTELLINGSBEDRIJVEN - 01-01-2025 - 31-12-2025 - Regulier - kvo datum - 08-07-2025;https://www.uitvoeringarbeidsvoorwaardenwetgeving.nl/mozard/!suite92.scherm1007?mObj=49251&mSelod=737172
1644;1644001;01-04-2017;30-06-2018;20-04-2017;2017_03_30_Getekende_versie_VGT_cao_2017_2018.pdf;1644 - TEXTIEL GROOTWINKELBEDRIJVEN - 01-04-2017 - 30-06-2018 - Regulier - kvo datum - 20-04-2017;https://www.uitvoeringarbeidsvoorwaardenwetgeving.nl/mozard/!suite92.scherm1007?mObj=9802&mSelod=737187
1644;1644002;01-08-2015;31-03-2016;26-10-2015;2015_09_29_VGT_cao_2015_met_ondertekening.pdf;1644 - TEXTIEL GROOTWINKELBEDRIJVEN - 01-08-2015 - 31-03-2016 - Regulier - kvo datum - 26-10-2015;https://www.uitvoeringarbeidsvoorwaardenwetgeving.nl/mozard/!suite92.scherm1007?mObj=9801&mSelod=737187
1390;1390001;01-01-2009;31-12-2010;16-10-2012;CAO_Theater_2009_2010_wijziging_PFZW.pdf;1390 - THEATER zie cao Theater en Dans (1577) - 01-01-2009 - 31-12-2010 - Regulier - kvo datum - 16-10-2012 - TTW;https://www.uitvoeringarbeidsvoorwaardenwetgeving.nl/mozard/!suite92.scherm1007?mObj=9191&mSelod=737198
1390;1390002;01-01-2013;31-12-2013;11-02-2013;CAO_Theate_2013.pdf;1390 - THEATER zie cao Theater en Dans (1577) - 01-01-2013 - 31-12-2013 - Regulier - kvo datum - 11-02-2013;https://www.uitvoeringarbeidsvoorwaardenwetgeving.nl/mozard/!suite92.scherm1007?mObj=9192&mSelod=737198
1577;1577001;01-01-2012;31-12-2012;16-10-2012;Cao_dans_1_1_12_31_12_12_wijz__PFZW.pdf;1577 - TONEEL EN DANS - 01-01-2012 - 31-12-2012 - Regulier - kvo datum - 16-10-2012 - TTW;https://www.uitvoeringarbeidsvoorwaardenwetgeving.nl/mozard/!suite92.scherm1007?mObj=9697&mSelod=737232
1577;1577002;01-01-2013;31-12-2013;28-03-2013;Cao_dans_1_januari_2013_31_december_2013_DEF.pdf;1577 - TONEEL EN DANS - 01-01-2013 - 31-12-2013 - Regulier - kvo datum - 28-03-2013;https://www.uitvoeringarbeidsvoorwaardenwetgeving.nl/mozard/!suite92.scherm1007?mObj=9698&mSelod=737232
1577;1577003;01-01-2014;30-06-2016;19-08-2014;Cao_theater_en_dans_DEF.pdf;1577 - TONEEL EN DANS - 01-01-2014 - 30-06-2016 - Regulier - kvo datum - 19-08-2014;https://www.uitvoeringarbeidsvoorwaardenwetgeving.nl/mozard/!suite92.scherm1007?mObj=9699&mSelod=737232
1577;1577004;01-01-2014;30-06-2016;28-01-2015;Cao_theater_en_dans_DEF_4.pdf;1577 - TONEEL EN DANS - 01-01-2014 - 30-06-2016 - Regulier - kvo datum - 28-01-2015 - TTW;https://www.uitvoeringarbeidsvoorwaardenwetgeving.nl/mozard/!suite92.scherm1007?mObj=9700&mSelod=737232
1577;1577005;01-01-2020;31-12-2021;02-12-2020;Cao TD 2020-2021 V4.pdf;1577 - TONEEL EN DANS - 01-01-2020 - 31-12-2021 - Regulier - kvo datum - 02-12-2020 - TTW;https://www.uitvoeringarbeidsvoorwaardenwetgeving.nl/mozard/!suite92.scherm1007?mObj=20848&mSelod=737232
1577;1577006;01-01-2020;31-12-2021;19-12-2019;Cao TD 2020-2021.pdf;1577 - TONEEL EN DANS - 01-01-2020 - 31-12-2021 - Regulier - kvo datum - 19-12-2019;https://www.uitvoeringarbeidsvoorwaardenwetgeving.nl/mozard/!suite92.scherm1007?mObj=15501&mSelod=737232
1577;1577007;01-01-2020;31-12-2021;22-01-2020;Cao TD 2020-2021 V2 met markering.pdf;1577 - TONEEL EN DANS - 01-01-2020 - 31-12-2021 - Regulier - kvo datum - 22-01-2020 - TTW;https://www.uitvoeringarbeidsvoorwaardenwetgeving.nl/mozard/!suite92.scherm1007?mObj=15645&mSelod=737232
1577;1577008;01-01-2020;31-12-2021;23-06-2020;Cao TD 2020-2021 V3 met markering.pdf;1577 - TONEEL EN DANS - 01-01-2020 - 31-12-2021 - Regulier - kvo datum - 23-06-2020 - TTW;https://www.uitvoeringarbeidsvoorwaardenwetgeving.nl/mozard/!suite92.scherm1007?mObj=16716&mSelod=737232
1577;1577009;01-01-2022;31-12-2023;15-12-2022;Cao TD 2022-2023 V4 zondermarkering.pdf;1577 - TONEEL EN DANS - 01-01-2022 - 31-12-2023 - Regulier - kvo datum - 15-12-2022;https://www.uitvoeringarbeidsvoorwaardenwetgeving.nl/mozard/!suite92.scherm1007?mObj=32059&mSelod=737232
1577;1577010;01-01-2022;31-12-2023;22-02-2022;Cao TD 2022-2023 V1d.pdf;1577 - TONEEL EN DANS - 01-01-2022 - 31-12-2023 - Regulier - kvo datum - 22-02-2022;https://www.uitvoeringarbeidsvoorwaardenwetgeving.nl/mozard/!suite92.scherm1007?mObj=27540&mSelod=737232
1577;1577011;01-01-2022;31-12-2023;22-04-2022;Cao TD 2022-2023 V3.pdf;1577 - TONEEL EN DANS - 01-01-2022 - 31-12-2023 - Regulier - kvo datum - 22-04-2022;https://www.uitvoeringarbeidsvoorwaardenwetgeving.nl/mozard/!suite92.scherm1007?mObj=29402&mSelod=737232
1577;1577012;01-01-2024;31-12-2024;04-12-2023;Cao Toneel en Dans 2024.pdf;1577 - TONEEL EN DANS - 01-01-2024 - 31-12-2024 - Regulier - kvo datum - 04-12-2023 - TTW;https://www.uitvoeringarbeidsvoorwaardenwetgeving.nl/mozard/!suite92.scherm1007?mObj=40325&mSelod=737232
1577;1577013;01-01-2024;31-12-2024;13-11-2023;EINDTEKST CaoTD24.pdf.pdf;1577 - TONEEL EN DANS - 01-01-2024 - 31-12-2024 - Regulier - kvo datum - 13-11-2023;https://www.uitvoeringarbeidsvoorwaardenwetgeving.nl/mozard/!suite92.scherm1007?mObj=39596&mSelod=737232
1577;1577014;01-01-2024;31-12-2024;25-01-2024;Cao Toneel en Dans 2024_1.pdf;1577 - TONEEL EN DANS - 01-01-2024 - 31-12-2024 - Regulier - kvo datum - 25-01-2024 - TTW;https://www.uitvoeringarbeidsvoorwaardenwetgeving.nl/mozard/!suite92.scherm1007?mObj=41493&mSelod=737232
1577;1577015;01-01-2024;31-12-2024;29-01-2024;Cao Toneel en Dans 2024_2.pdf;1577 - TONEEL EN DANS - 01-01-2024 - 31-12-2024 - Regulier - kvo datum - 29-01-2024 - TTW;https://www.uitvoeringarbeidsvoorwaardenwetgeving.nl/mozard/!suite92.scherm1007?mObj=41565&mSelod=737232
1577;1577016;01-01-2025;31-12-2026;09-01-2025;Cao TD 2025-2026 V1.pdf;1577 - TONEEL EN DANS - 01-01-2025 - 31-12-2026 - Regulier - kvo datum - 09-01-2025;https://www.uitvoeringarbeidsvoorwaardenwetgeving.nl/mozard/!suite92.scherm1007?mObj=46017&mSelod=737232
1577;1577017;01-01-2025;31-12-2026;11-02-2025;Cao TD 2025-2026 V2.pdf;1577 - TONEEL EN DANS - 01-01-2025 - 31-12-2026 - Regulier - kvo datum - 11-02-2025 - TTW;https://www.uitvoeringarbeidsvoorwaardenwetgeving.nl/mozard/!suite92.scherm1007?mObj=46588&mSelod=737232
1577;1577018;01-05-2010;31-12-2011;14-09-2011;Cao_Dans_1_mei_2010_31_december_2011_Def.pdf;1577 - TONEEL EN DANS - 01-05-2010 - 31-12-2011 - Regulier - kvo datum - 14-09-2011;https://www.uitvoeringarbeidsvoorwaardenwetgeving.nl/mozard/!suite92.scherm1007?mObj=9695&mSelod=737232
1577;1577019;01-07-2016;31-12-2019;05-12-2018;Cao_Toneel_en_Dans_2016_2019_V1118.pdf;1577 - TONEEL EN DANS - 01-07-2016 - 31-12-2019 - Regulier - kvo datum - 05-12-2018 - TTW;https://www.uitvoeringarbeidsvoorwaardenwetgeving.nl/mozard/!suite92.scherm1007?mObj=9703&mSelod=737232
1577;1577020;01-07-2016;31-12-2019;13-01-2017;Cao_Toneel_en_Dans_2016_2019_markering.pdf;1577 - TONEEL EN DANS - 01-07-2016 - 31-12-2019 - Regulier - kvo datum - 13-01-2017;https://www.uitvoeringarbeidsvoorwaardenwetgeving.nl/mozard/!suite92.scherm1007?mObj=9701&mSelod=737232
1577;1577021;01-07-2016;31-12-2019;16-03-2017;Cao_Toneel_en_Dans_2016_2019_V0317.pdf;1577 - TONEEL EN DANS - 01-07-2016 - 31-12-2019 - Regulier - kvo datum - 16-03-2017 - TTW;https://www.uitvoeringarbeidsvoorwaardenwetgeving.nl/mozard/!suite92.scherm1007?mObj=9702&mSelod=737232
1577;1577022;01-07-2016;31-12-2019;22-02-2019;Cao_T_D_2016_2019_ondertekend_V0219.pdf;1577 - TONEEL EN DANS - 01-07-2016 - 31-12-2019 - Regulier - kvo datum - 22-02-2019 - TTW;https://www.uitvoeringarbeidsvoorwaardenwetgeving.nl/mozard/!suite92.scherm1007?mObj=9704&mSelod=737232
1106;1106001;01-07-2010;30-06-2013;06-07-2011;Trainers_2010_tm_2013.pdf;1106 - TRAINER/COACHES BETAALD VOETBAL - 01-07-2010 - 30-06-2013 - Regulier - kvo datum - 06-07-2011;https://www.uitvoeringarbeidsvoorwaardenwetgeving.nl/mozard/!suite92.scherm1007?mObj=8679&mSelod=737239
1106;1106002;01-07-2013;30-06-2016;15-10-2014;CAO_Trainer_Coaches_Betaald_Voetbal_2013_2016.pdf;1106 - TRAINER/COACHES BETAALD VOETBAL - 01-07-2013 - 30-06-2016 - Regulier - kvo datum - 15-10-2014;https://www.uitvoeringarbeidsvoorwaardenwetgeving.nl/mozard/!suite92.scherm1007?mObj=8680&mSelod=737239
1106;1106003;01-07-2016;30-06-2019;23-08-2016;CAO_Trainer_Coaches_Betaald_Voetbal_2016_2019.pdf;1106 - TRAINER/COACHES BETAALD VOETBAL - 01-07-2016 - 30-06-2019 - Regulier - kvo datum - 23-08-2016;https://www.uitvoeringarbeidsvoorwaardenwetgeving.nl/mozard/!suite92.scherm1007?mObj=8681&mSelod=737239
1106;1106004;01-07-2019;30-06-2022;26-07-2019;CAO Trainers Coaches.docx.pdf;1106 - TRAINER/COACHES BETAALD VOETBAL - 01-07-2019 - 30-06-2022 - Regulier - kvo datum - 26-07-2019;https://www.uitvoeringarbeidsvoorwaardenwetgeving.nl/mozard/!suite92.scherm1007?mObj=14658&mSelod=737239
1106;1106005;01-07-2022;30-06-2025;15-08-2023;CAO-Trainers 2022-2025 (DEF).pdf;1106 - TRAINER/COACHES BETAALD VOETBAL - 01-07-2022 - 30-06-2025 - Regulier - kvo datum - 15-08-2023;https://www.uitvoeringarbeidsvoorwaardenwetgeving.nl/mozard/!suite92.scherm1007?mObj=38191&mSelod=737239
1228;1228001;01-01-2011;31-12-2014;06-01-2015;Trawlvisserij_2011__2014.pdf;1228 - TRAWLVISSERIJ - 01-01-2011 - 31-12-2014 - Regulier - kvo datum - 06-01-2015;https://www.uitvoeringarbeidsvoorwaardenwetgeving.nl/mozard/!suite92.scherm1007?mObj=9030&mSelod=737261
1228;1228002;01-01-2015;31-12-2016;30-09-2016;CaoTrawlvisserij_2015_2016_Ondertekend.pdf;1228 - TRAWLVISSERIJ - 01-01-2015 - 31-12-2016 - Regulier - kvo datum - 30-09-2016;https://www.uitvoeringarbeidsvoorwaardenwetgeving.nl/mozard/!suite92.scherm1007?mObj=9031&mSelod=737261
1228;1228003;01-01-2017;31-12-2017;06-06-2017;CAO_Trawlvisserij_2017___def_en_ondertekend.pdf;1228 - TRAWLVISSERIJ - 01-01-2017 - 31-12-2017 - Regulier - kvo datum - 06-06-2017;https://www.uitvoeringarbeidsvoorwaardenwetgeving.nl/mozard/!suite92.scherm1007?mObj=9032&mSelod=737261
1228;1228004;01-01-2018;31-12-2019;11-12-2018;20181128 CAO Trawlvisserij 2018-2019 - definitief.pdf .pdf;1228 - TRAWLVISSERIJ - 01-01-2018 - 31-12-2019 - Regulier - kvo datum - 11-12-2018;https://www.uitvoeringarbeidsvoorwaardenwetgeving.nl/mozard/!suite92.scherm1007?mObj=493&mSelod=737261
1228;1228005;01-01-2024;31-12-2025;29-10-2024;20240801-01 CAO Trawlvisserij 2024-2025 (def) signed CNV + RVZ.pdf;1228 - TRAWLVISSERIJ - 01-01-2024 - 31-12-2025 - Regulier - kvo datum - 29-10-2024;https://www.uitvoeringarbeidsvoorwaardenwetgeving.nl/mozard/!suite92.scherm1007?mObj=44402&mSelod=737261
3798;3798001;01-01-2022;31-12-2023;07-03-2022;Doorlopende tekst CAO-UB 2022-2023 v1.0 SZW.pdf;3798 - UITGEVERIJBEDRIJF CAO VOOR HET - 01-01-2022 - 31-12-2023 - Regulier - kvo datum - 07-03-2022;https://www.uitvoeringarbeidsvoorwaardenwetgeving.nl/mozard/!suite92.scherm1007?mObj=28058&mSelod=737293
3798;3798002;01-01-2022;31-12-2023;19-04-2022;Doorlopende tekst CAO-UB 2022-2023 v1.2 SZW.pdf;3798 - UITGEVERIJBEDRIJF CAO VOOR HET - 01-01-2022 - 31-12-2023 - Regulier - kvo datum - 19-04-2022;https://www.uitvoeringarbeidsvoorwaardenwetgeving.nl/mozard/!suite92.scherm1007?mObj=29340&mSelod=737293
3798;3798003;01-01-2022;31-12-2023;22-03-2022;Doorlopende tekst CAO-UB 2022-2023 v1.1 SZW.pdf;3798 - UITGEVERIJBEDRIJF CAO VOOR HET - 01-01-2022 - 31-12-2023 - Regulier - kvo datum - 22-03-2022;https://www.uitvoeringarbeidsvoorwaardenwetgeving.nl/mozard/!suite92.scherm1007?mObj=28878&mSelod=737293
3798;3798004;01-01-2024;31-12-2028;05-04-2024;CAO VOOR HET UITGEVERIJBEDRIJF - doorlopende tekst - versie 1.0.pdf;3798 - UITGEVERIJBEDRIJF CAO VOOR HET - 01-01-2024 - 31-12-2028 - Regulier - kvo datum - 05-04-2024;https://www.uitvoeringarbeidsvoorwaardenwetgeving.nl/mozard/!suite92.scherm1007?mObj=42346&mSelod=737293
3798;3798005;01-01-2024;31-12-2028;12-06-2024;CAO VOOR HET UITGEVERIJBEDRIJF - doorlopende tekst - versie 2.0.pdf;3798 - UITGEVERIJBEDRIJF CAO VOOR HET - 01-01-2024 - 31-12-2028 - Regulier - kvo datum - 12-06-2024;https://www.uitvoeringarbeidsvoorwaardenwetgeving.nl/mozard/!suite92.scherm1007?mObj=42939&mSelod=737293
3798;3798006;01-01-2024;31-12-2028;14-10-2024;CAOVOO~1.pdf;3798 - UITGEVERIJBEDRIJF CAO VOOR HET - 01-01-2024 - 31-12-2028 - Regulier - kvo datum - 14-10-2024;https://www.uitvoeringarbeidsvoorwaardenwetgeving.nl/mozard/!suite92.scherm1007?mObj=44067&mSelod=737293
3798;3798007;01-03-2017;28-02-2022;01-02-2018;CAO_UB_2017_2019__v1_0_.pdf;3798 - UITGEVERIJBEDRIJF CAO VOOR HET - 01-03-2017 - 28-02-2022 - Regulier - kvo datum - 01-02-2018;https://www.uitvoeringarbeidsvoorwaardenwetgeving.nl/mozard/!suite92.scherm1007?mObj=12522&mSelod=737293
3798;3798008;01-03-2017;28-02-2022;10-04-2018;CAO_UB_2017_2019__v2_0_.pdf;3798 - UITGEVERIJBEDRIJF CAO VOOR HET - 01-03-2017 - 28-02-2022 - Regulier - kvo datum - 10-04-2018 - TTW;https://www.uitvoeringarbeidsvoorwaardenwetgeving.nl/mozard/!suite92.scherm1007?mObj=12523&mSelod=737293
3798;3798009;01-03-2017;28-02-2022;13-07-2018;CAO_UB_2017_2019__v2_1_.pdf;3798 - UITGEVERIJBEDRIJF CAO VOOR HET - 01-03-2017 - 28-02-2022 - Regulier - kvo datum - 13-07-2018;https://www.uitvoeringarbeidsvoorwaardenwetgeving.nl/mozard/!suite92.scherm1007?mObj=12524&mSelod=737293
3798;3798010;01-03-2017;28-02-2022;23-08-2018;CAO_UB_2017_2019__v2_2_.pdf;3798 - UITGEVERIJBEDRIJF CAO VOOR HET - 01-03-2017 - 28-02-2022 - Regulier - kvo datum - 23-08-2018 - TTW;https://www.uitvoeringarbeidsvoorwaardenwetgeving.nl/mozard/!suite92.scherm1007?mObj=12525&mSelod=737293
3798;3798011;01-03-2017;28-02-2022;28-12-2018;CAO_UB_2017_2019__v3_0_.pdf;3798 - UITGEVERIJBEDRIJF CAO VOOR HET - 01-03-2017 - 28-02-2022 - Regulier - kvo datum - 28-12-2018 - TTW;https://www.uitvoeringarbeidsvoorwaardenwetgeving.nl/mozard/!suite92.scherm1007?mObj=12526&mSelod=737293
3798;3798012;01-04-2019;31-05-2019;03-04-2019;UITGEVERIJBEDRIJF .pdf;3798 - UITGEVERIJBEDRIJF CAO VOOR HET - 01-04-2019 - 31-05-2019 - Regulier - kvo datum - 03-04-2019 - TTW;https://www.uitvoeringarbeidsvoorwaardenwetgeving.nl/mozard/!suite92.scherm1007?mObj=13718&mSelod=737293
3798;3798013;01-06-2019;31-07-2020;18-12-2019;CAO-UB 2019-2020 v1.0.pdf;3798 - UITGEVERIJBEDRIJF CAO VOOR HET - 01-06-2019 - 31-07-2020 - Regulier - kvo datum - 18-12-2019;https://www.uitvoeringarbeidsvoorwaardenwetgeving.nl/mozard/!suite92.scherm1007?mObj=15493&mSelod=737293
3798;3798014;01-07-2015;28-02-2017;02-05-2016;CAO_UB_2015_2017__v2_11___NL_.pdf;3798 - UITGEVERIJBEDRIJF CAO VOOR HET - 01-07-2015 - 28-02-2017 - Regulier - kvo datum - 02-05-2016;https://www.uitvoeringarbeidsvoorwaardenwetgeving.nl/mozard/!suite92.scherm1007?mObj=12518&mSelod=737293
3798;3798015;01-07-2015;28-02-2017;13-10-2016;CAO_UB_2015_2017__v2_3___NL_.pdf;3798 - UITGEVERIJBEDRIJF CAO VOOR HET - 01-07-2015 - 28-02-2017 - Regulier - kvo datum - 13-10-2016 - TTW;https://www.uitvoeringarbeidsvoorwaardenwetgeving.nl/mozard/!suite92.scherm1007?mObj=12520&mSelod=737293
3798;3798016;01-07-2015;28-02-2017;14-09-2015;CAO_voor_het_Uitgeverijbedrijf_2015_2017__v1_0_.pdf;3798 - UITGEVERIJBEDRIJF CAO VOOR HET - 01-07-2015 - 28-02-2017 - Regulier - kvo datum - 14-09-2015;https://www.uitvoeringarbeidsvoorwaardenwetgeving.nl/mozard/!suite92.scherm1007?mObj=12516&mSelod=737293
3798;3798017;01-07-2015;28-02-2017;15-07-2016;CAO_UB_2015_2017__v2_2___NL_.pdf;3798 - UITGEVERIJBEDRIJF CAO VOOR HET - 01-07-2015 - 28-02-2017 - Regulier - kvo datum - 15-07-2016 - TTW;https://www.uitvoeringarbeidsvoorwaardenwetgeving.nl/mozard/!suite92.scherm1007?mObj=12519&mSelod=737293
3798;3798018;01-07-2015;28-02-2017;25-11-2015;CAO_UB_2015_2017_v1_1_NL.pdf;3798 - UITGEVERIJBEDRIJF CAO VOOR HET - 01-07-2015 - 28-02-2017 - Regulier - kvo datum - 25-11-2015 - TTW;https://www.uitvoeringarbeidsvoorwaardenwetgeving.nl/mozard/!suite92.scherm1007?mObj=12517&mSelod=737293
3798;3798019;01-07-2015;28-02-2017;29-12-2016;CAO_UB_2015_2017__v2_4___NL_.pdf;3798 - UITGEVERIJBEDRIJF CAO VOOR HET - 01-07-2015 - 28-02-2017 - Regulier - kvo datum - 29-12-2016 - TTW;https://www.uitvoeringarbeidsvoorwaardenwetgeving.nl/mozard/!suite92.scherm1007?mObj=12521&mSelod=737293
3798;3798020;01-08-2020;31-12-2021;07-09-2021;Doorlopende tekst CAO-UB 2020-2021 v2.0 def.pdf;3798 - UITGEVERIJBEDRIJF CAO VOOR HET - 01-08-2020 - 31-12-2021 - Regulier - kvo datum - 07-09-2021 - TTW;https://www.uitvoeringarbeidsvoorwaardenwetgeving.nl/mozard/!suite92.scherm1007?mObj=23249&mSelod=737293
3798;3798021;01-08-2020;31-12-2021;15-03-2021;Doorlopende tekst CAO-UB 2020-2021 v1.0 def.pdf;3798 - UITGEVERIJBEDRIJF CAO VOOR HET - 01-08-2020 - 31-12-2021 - Regulier - kvo datum - 15-03-2021;https://www.uitvoeringarbeidsvoorwaardenwetgeving.nl/mozard/!suite92.scherm1007?mObj=22250&mSelod=737293
3798;3798022;01-08-2020;31-12-2021;18-10-2021;Doorlopende tekst CAO-UB 2020-2021 v2.1.pdf;3798 - UITGEVERIJBEDRIJF CAO VOOR HET - 01-08-2020 - 31-12-2021 - Regulier - kvo datum - 18-10-2021 - TTW;https://www.uitvoeringarbeidsvoorwaardenwetgeving.nl/mozard/!suite92.scherm1007?mObj=23450&mSelod=737293
3768;3768001;01-01-2016;31-12-2017;28-04-2016;CAO_Uitvaartbranche_2016_2018.pdf;3768 - UITVAARTBRANCHE - 01-01-2016 - 31-12-2017 - Regulier - kvo datum - 28-04-2016;https://www.uitvoeringarbeidsvoorwaardenwetgeving.nl/mozard/!suite92.scherm1007?mObj=12471&mSelod=737295
3768;3768002;01-01-2018;31-12-2019;06-11-2018;181016_CAO_Uitvaartbranche_2018_2020_DEF_versie_2.pdf;3768 - UITVAARTBRANCHE - 01-01-2018 - 31-12-2019 - Regulier - kvo datum - 06-11-2018;https://www.uitvoeringarbeidsvoorwaardenwetgeving.nl/mozard/!suite92.scherm1007?mObj=12472&mSelod=737295
3768;3768003;01-01-2018;31-12-2019;06-12-2018;CAO_Uitvaartbranche_2018_2020_V2_def.pdf;3768 - UITVAARTBRANCHE - 01-01-2018 - 31-12-2019 - Regulier - kvo datum - 06-12-2018;https://www.uitvoeringarbeidsvoorwaardenwetgeving.nl/mozard/!suite92.scherm1007?mObj=12473&mSelod=737295
3768;3768004;01-01-2018;31-12-2019;16-01-2019;Cao_uitvaartb_2018_2020_V3_zwart.pdf;3768 - UITVAARTBRANCHE - 01-01-2018 - 31-12-2019 - Regulier - kvo datum - 16-01-2019 - TTW;https://www.uitvoeringarbeidsvoorwaardenwetgeving.nl/mozard/!suite92.scherm1007?mObj=12474&mSelod=737295
3768;3768005;01-01-2018;31-12-2019;28-01-2019;Cao_uitvaartb_2018_2020_V4_zwart.pdf;3768 - UITVAARTBRANCHE - 01-01-2018 - 31-12-2019 - Regulier - kvo datum - 28-01-2019 - TTW;https://www.uitvoeringarbeidsvoorwaardenwetgeving.nl/mozard/!suite92.scherm1007?mObj=12475&mSelod=737295
3768;3768006;01-01-2020;01-03-2022;26-11-2020;CAO-Uitvaartbranche-2020-2022 na ttw .pdf;3768 - UITVAARTBRANCHE - 01-01-2020 - 01-03-2022 - Regulier - kvo datum - 26-11-2020 - TTW;https://www.uitvoeringarbeidsvoorwaardenwetgeving.nl/mozard/!suite92.scherm1007?mObj=20794&mSelod=737295
3768;3768007;01-01-2020;28-02-2022;18-08-2020;3. CAO Uitvaartbranche.pdf;3768 - UITVAARTBRANCHE - 01-01-2020 - 28-02-2022 - Regulier - kvo datum - 18-08-2020;https://www.uitvoeringarbeidsvoorwaardenwetgeving.nl/mozard/!suite92.scherm1007?mObj=18872&mSelod=737295
3768;3768008;01-03-2022;29-02-2024;04-10-2022;CAO Uitvaartbranche 2022-2024 na ttw.pdf;3768 - UITVAARTBRANCHE - 01-03-2022 - 29-02-2024 - Regulier - kvo datum - 04-10-2022;https://www.uitvoeringarbeidsvoorwaardenwetgeving.nl/mozard/!suite92.scherm1007?mObj=31400&mSelod=737295
3768;3768009;01-03-2022;29-02-2024;13-09-2022;220823 CAO Uitvaartbranche 2022-2024 def.pdf;3768 - UITVAARTBRANCHE - 01-03-2022 - 29-02-2024 - Regulier - kvo datum - 13-09-2022;https://www.uitvoeringarbeidsvoorwaardenwetgeving.nl/mozard/!suite92.scherm1007?mObj=31242&mSelod=737295
3768;3768010;01-03-2024;31-12-2025;04-12-2024;Cao Uitvaartbranche 2024-2025.pdf;3768 - UITVAARTBRANCHE - 01-03-2024 - 31-12-2025 - Regulier - kvo datum - 04-12-2024;https://www.uitvoeringarbeidsvoorwaardenwetgeving.nl/mozard/!suite92.scherm1007?mObj=45263&mSelod=737295
3768;3768011;01-07-2014;31-12-2015;19-05-2015;CAO_Uitvaartbranche_2014_2016_DEFINITIEF.pdf;3768 - UITVAARTBRANCHE - 01-07-2014 - 31-12-2015 - Regulier - kvo datum - 19-05-2015;https://www.uitvoeringarbeidsvoorwaardenwetgeving.nl/mozard/!suite92.scherm1007?mObj=12469&mSelod=737295
1497;1497001;01-01-2013;31-03-2014;04-03-2013;aanmeldtekst_cao_uitvaart_2013_2014_zwart.pdf;1497 - UITVAARTVERZORGING zie Uitvaartbranche 3768 - 01-01-2013 - 31-03-2014 - Regulier - kvo datum - 04-03-2013;https://www.uitvoeringarbeidsvoorwaardenwetgeving.nl/mozard/!suite92.scherm1007?mObj=9838&mSelod=737304
1497;1497002;01-10-2011;31-12-2012;09-08-2012;aanmeldtekst_cao_uitvaart_2011__2012__3_.pdf;1497 - UITVAARTVERZORGING zie Uitvaartbranche 3768 - 01-10-2011 - 31-12-2012 - Regulier - kvo datum - 09-08-2012 - TTW;https://www.uitvoeringarbeidsvoorwaardenwetgeving.nl/mozard/!suite92.scherm1007?mObj=9837&mSelod=737304
1497;1497003;01-10-2011;31-12-2012;21-02-2012;aanmeldtekst_cao_uitvaart_2011__2012__def_.pdf;1497 - UITVAARTVERZORGING zie Uitvaartbranche 3768 - 01-10-2011 - 31-12-2012 - Regulier - kvo datum - 21-02-2012;https://www.uitvoeringarbeidsvoorwaardenwetgeving.nl/mozard/!suite92.scherm1007?mObj=9834&mSelod=737304
1497;1497004;01-10-2011;31-12-2012;28-02-2012;aanmeldtekst_cao_uitvaart_2011__2012__1_.pdf;1497 - UITVAARTVERZORGING zie Uitvaartbranche 3768 - 01-10-2011 - 31-12-2012 - Regulier - kvo datum - 28-02-2012 - TTW;https://www.uitvoeringarbeidsvoorwaardenwetgeving.nl/mozard/!suite92.scherm1007?mObj=9835&mSelod=737304
1497;1497005;01-10-2011;31-12-2012;29-06-2012;aanmeldtekst_cao_uitvaart_2011__2012__3__1.pdf;1497 - UITVAARTVERZORGING zie Uitvaartbranche 3768 - 01-10-2011 - 31-12-2012 - Regulier - kvo datum - 29-06-2012 - TTW;https://www.uitvoeringarbeidsvoorwaardenwetgeving.nl/mozard/!suite92.scherm1007?mObj=9836&mSelod=737304
2742;2742001;01-01-2013;31-12-2013;14-05-2013;NVUB_CAO_2013.pdf;2742 - UITZENDKRACHTEN NVUB - 01-01-2013 - 31-12-2013 - Regulier - kvo datum - 14-05-2013;https://www.uitvoeringarbeidsvoorwaardenwetgeving.nl/mozard/!suite92.scherm1007?mObj=10323&mSelod=737309
397;397001;01-01-2011;30-06-2012;30-03-2012;CAO_VAK_2011_2012_1_33__def_.pdf;397 - VAKTIJDSCHRIFTJOURNALISTEN - 01-01-2011 - 30-06-2012 - Regulier - kvo datum - 30-03-2012;https://www.uitvoeringarbeidsvoorwaardenwetgeving.nl/mozard/!suite92.scherm1007?mObj=7868&mSelod=737361
397;397002;01-01-2013;31-12-2013;28-10-2013;CAO_VAK_2013_v1_4_schoon.pdf;397 - VAKTIJDSCHRIFTJOURNALISTEN - 01-01-2013 - 31-12-2013 - Regulier - kvo datum - 28-10-2013;https://www.uitvoeringarbeidsvoorwaardenwetgeving.nl/mozard/!suite92.scherm1007?mObj=7869&mSelod=737361
397;397003;01-01-2014;31-12-2014;18-12-2014;CAO_VAK_2014.pdf;397 - VAKTIJDSCHRIFTJOURNALISTEN - 01-01-2014 - 31-12-2014 - Regulier - kvo datum - 18-12-2014;https://www.uitvoeringarbeidsvoorwaardenwetgeving.nl/mozard/!suite92.scherm1007?mObj=7870&mSelod=737361
892;892001;01-01-2011;31-12-2011;15-07-2011;Varkensverbetering_2011_def_CAO.pdf;892 - VARKENSVERBETERING IN NEDERLAND - 01-01-2011 - 31-12-2011 - Regulier - kvo datum - 15-07-2011;https://www.uitvoeringarbeidsvoorwaardenwetgeving.nl/mozard/!suite92.scherm1007?mObj=8719&mSelod=737380
892;892002;01-01-2013;31-12-2013;13-09-2013;Varkensverbetering_cao_2013_def.pdf;892 - VARKENSVERBETERING IN NEDERLAND - 01-01-2013 - 31-12-2013 - Regulier - kvo datum - 13-09-2013;https://www.uitvoeringarbeidsvoorwaardenwetgeving.nl/mozard/!suite92.scherm1007?mObj=8720&mSelod=737380
892;892003;01-07-2021;30-06-2022;09-05-2022;Varkensverbetering in Nederland 2021-2022.pdf;892 - VARKENSVERBETERING IN NEDERLAND - 01-07-2021 - 30-06-2022 - Regulier - kvo datum - 09-05-2022;https://www.uitvoeringarbeidsvoorwaardenwetgeving.nl/mozard/!suite92.scherm1007?mObj=29664&mSelod=737380
892;892004;01-07-2022;30-06-2023;09-07-2024;Varkensverbetering cao 2022-2023.pdf;892 - VARKENSVERBETERING IN NEDERLAND - 01-07-2022 - 30-06-2023 - Regulier - kvo datum - 09-07-2024;https://www.uitvoeringarbeidsvoorwaardenwetgeving.nl/mozard/!suite92.scherm1007?mObj=43236&mSelod=737380
892;892005;01-07-2023;30-06-2024;14-10-2024;Varkensverbetering cao 2023-2024.pdf;892 - VARKENSVERBETERING IN NEDERLAND - 01-07-2023 - 30-06-2024 - Regulier - kvo datum - 14-10-2024;https://www.uitvoeringarbeidsvoorwaardenwetgeving.nl/mozard/!suite92.scherm1007?mObj=44077&mSelod=737380
892;892006;01-07-2024;30-06-2025;14-02-2025;Varkensverbetering cao 2024-2025.pdf;892 - VARKENSVERBETERING IN NEDERLAND - 01-07-2024 - 30-06-2025 - Regulier - kvo datum - 14-02-2025;https://www.uitvoeringarbeidsvoorwaardenwetgeving.nl/mozard/!suite92.scherm1007?mObj=46641&mSelod=737380
1264;1264001;01-01-2012;31-12-2012;08-02-2012;VBE_cao_2012.pdf;1264 - BEVEILIGING - 01-01-2012 - 31-12-2012 - Regulier - kvo datum - 08-02-2012;https://www.uitvoeringarbeidsvoorwaardenwetgeving.nl/mozard/!suite92.scherm1007?mObj=9084&mSelod=737411
1264;1264002;01-01-2013;01-04-2014;11-04-2013;CAO_Evenementen_en_Horeca_Beveiliging.pdf;1264 - BEVEILIGING - 01-01-2013 - 01-04-2014 - Regulier - kvo datum - 11-04-2013 - TTW;https://www.uitvoeringarbeidsvoorwaardenwetgeving.nl/mozard/!suite92.scherm1007?mObj=9086&mSelod=737411
1264;1264003;01-01-2013;01-04-2014;14-03-2013;aanmeldtekst_CAO_VBE_2013_zwart.pdf;1264 - BEVEILIGING - 01-01-2013 - 01-04-2014 - Regulier - kvo datum - 14-03-2013;https://www.uitvoeringarbeidsvoorwaardenwetgeving.nl/mozard/!suite92.scherm1007?mObj=9085&mSelod=737411
1264;1264004;01-04-2014;30-09-2014;18-09-2014;CAO_Beveiliging_2014_april_oktober.pdf;1264 - BEVEILIGING - 01-04-2014 - 30-09-2014 - Regulier - kvo datum - 18-09-2014;https://www.uitvoeringarbeidsvoorwaardenwetgeving.nl/mozard/!suite92.scherm1007?mObj=9087&mSelod=737411
1264;1264005;01-10-2014;30-09-2016;18-12-2014;CAO_Beveiliging_2014_april_oktober_def_tektst_SZW.pdf;1264 - BEVEILIGING - 01-10-2014 - 30-09-2016 - Regulier - kvo datum - 18-12-2014;https://www.uitvoeringarbeidsvoorwaardenwetgeving.nl/mozard/!suite92.scherm1007?mObj=9088&mSelod=737411
1264;1264006;01-10-2016;01-10-2017;10-01-2017;CAO_Beveiliging_2016_2017_ttw_jan17.pdf;1264 - BEVEILIGING - 01-10-2016 - 01-10-2017 - Regulier - kvo datum - 10-01-2017 - TTW;https://www.uitvoeringarbeidsvoorwaardenwetgeving.nl/mozard/!suite92.scherm1007?mObj=9090&mSelod=737411
1264;1264007;01-10-2016;01-10-2017;13-01-2017;CAO_Beveiliging_2016_2017_ttw_jan17_v2.pdf;1264 - BEVEILIGING - 01-10-2016 - 01-10-2017 - Regulier - kvo datum - 13-01-2017 - TTW;https://www.uitvoeringarbeidsvoorwaardenwetgeving.nl/mozard/!suite92.scherm1007?mObj=9091&mSelod=737411
1264;1264008;01-10-2016;01-10-2017;21-10-2016;CAO_Beveiliging_2016___2017_def_SZW___ttw_WWZ_.pdf;1264 - BEVEILIGING - 01-10-2016 - 01-10-2017 - Regulier - kvo datum - 21-10-2016;https://www.uitvoeringarbeidsvoorwaardenwetgeving.nl/mozard/!suite92.scherm1007?mObj=9089&mSelod=737411
1264;1264009;01-10-2017;01-10-2018;21-12-2017;Cao_Beveiliging_2017_2018_.pdf;1264 - BEVEILIGING - 01-10-2017 - 01-10-2018 - Regulier - kvo datum - 21-12-2017;https://www.uitvoeringarbeidsvoorwaardenwetgeving.nl/mozard/!suite92.scherm1007?mObj=9092&mSelod=737411
1264;1264010;01-10-2018;30-09-2019;11-02-2019;Cao Beveiliging 2018-2019.pdf .pdf;1264 - BEVEILIGING - 01-10-2018 - 30-09-2019 - Regulier - kvo datum - 11-02-2019;https://www.uitvoeringarbeidsvoorwaardenwetgeving.nl/mozard/!suite92.scherm1007?mObj=804&mSelod=737411
1264;1264011;01-03-2024;28-02-2025;14-12-2023;Cao Veiligheidsdomein 2024-2025.pdf;1264 - VEILIGHEIDSDOMEIN - 01-03-2024 - 28-02-2025 - Regulier - kvo datum - 14-12-2023;https://www.uitvoeringarbeidsvoorwaardenwetgeving.nl/mozard/!suite92.scherm1007?mObj=40591&mSelod=737411
1264;1264012;01-03-2024;28-02-2025;20-03-2024;Cao Veiligheidsdomein 2024-2025 ttw 200324.pdf;1264 - VEILIGHEIDSDOMEIN - 01-03-2024 - 28-02-2025 - Regulier - kvo datum - 20-03-2024 - TTW;https://www.uitvoeringarbeidsvoorwaardenwetgeving.nl/mozard/!suite92.scherm1007?mObj=42200&mSelod=737411
1264;1264013;01-03-2025;28-02-2027;14-01-2025;Cao Veiligheidsdomein 2025-2027 def.pdf;1264 - VEILIGHEIDSDOMEIN - 01-03-2025 - 28-02-2027 - Regulier - kvo datum - 14-01-2025;https://www.uitvoeringarbeidsvoorwaardenwetgeving.nl/mozard/!suite92.scherm1007?mObj=46077&mSelod=737411
1264;1264014;01-10-2019;30-09-2021;03-08-2020;Cao Veiligheidsdomein 2019-2021 vs2.pdf;1264 - VEILIGHEIDSDOMEIN - 01-10-2019 - 30-09-2021 - Regulier - kvo datum - 03-08-2020 - TTW;https://www.uitvoeringarbeidsvoorwaardenwetgeving.nl/mozard/!suite92.scherm1007?mObj=18709&mSelod=737411
1264;1264015;01-10-2019;30-09-2021;11-12-2020;Cao Veiligheidsdomein 2019-2021 ttw dec20.pdf;1264 - VEILIGHEIDSDOMEIN - 01-10-2019 - 30-09-2021 - Regulier - kvo datum - 11-12-2020 - TTW;https://www.uitvoeringarbeidsvoorwaardenwetgeving.nl/mozard/!suite92.scherm1007?mObj=21012&mSelod=737411
1264;1264016;01-10-2019;30-09-2021;17-03-2021;Cao Veiligheidsdomein 2019-2021 ttw mrt21.pdf;1264 - VEILIGHEIDSDOMEIN - 01-10-2019 - 30-09-2021 - Regulier - kvo datum - 17-03-2021 - TTW;https://www.uitvoeringarbeidsvoorwaardenwetgeving.nl/mozard/!suite92.scherm1007?mObj=22310&mSelod=737411
1264;1264017;01-10-2019;30-09-2021;20-11-2019;Cao Veiligheidsdomein 2019-2021.pdf;1264 - VEILIGHEIDSDOMEIN - 01-10-2019 - 30-09-2021 - Regulier - kvo datum - 20-11-2019;https://www.uitvoeringarbeidsvoorwaardenwetgeving.nl/mozard/!suite92.scherm1007?mObj=15271&mSelod=737411
1264;1264018;01-10-2021;30-09-2024;22-09-2022;Cao Veiligheidsdomein 2021-2024.pdf;1264 - VEILIGHEIDSDOMEIN - 01-10-2021 - 30-09-2024 - Regulier - kvo datum - 22-09-2022;https://www.uitvoeringarbeidsvoorwaardenwetgeving.nl/mozard/!suite92.scherm1007?mObj=31305&mSelod=737411
1459;1459001;01-01-2009;31-03-2011;07-01-2011;zwart CAO NVVW 2009-2011.pdf;1459 - VERF EN BEHANG DETAILHANDEL IN- - 01-01-2009 - 31-03-2011 - Regulier - kvo datum - 07-01-2011;https://www.uitvoeringarbeidsvoorwaardenwetgeving.nl/mozard/!suite92.scherm1007?mObj=9252&mSelod=737427
1459;1459002;01-04-2011;31-10-2013;04-03-2013;CAO_NVVW_2011_2013_zwart.pdf;1459 - VERF EN BEHANG DETAILHANDEL IN- - 01-04-2011 - 31-10-2013 - Regulier - kvo datum - 04-03-2013;https://www.uitvoeringarbeidsvoorwaardenwetgeving.nl/mozard/!suite92.scherm1007?mObj=9253&mSelod=737427
2307;2307001;01-01-2013;01-01-2014;17-07-2013;CAO_Vermo___1_1_2013_tot_1_1_2014.pdf;2307 - VERMO - 01-01-2013 - 01-01-2014 - Regulier - kvo datum - 17-07-2013;https://www.uitvoeringarbeidsvoorwaardenwetgeving.nl/mozard/!suite92.scherm1007?mObj=9859&mSelod=737432
2307;2307002;01-01-2016;01-01-2017;28-03-2018;CAO_Vermo_1_1_2016_tot_1_1_2017_getekend.pdf;2307 - VERMO - 01-01-2016 - 01-01-2017 - Regulier - kvo datum - 28-03-2018;https://www.uitvoeringarbeidsvoorwaardenwetgeving.nl/mozard/!suite92.scherm1007?mObj=9860&mSelod=737432
2307;2307003;01-01-2018;01-01-2020;27-06-2019;CAO Vermo 1-1-2018 tot 1-1-2020 getekend.pdf .pdf;2307 - VERMO - 01-01-2018 - 01-01-2020 - Regulier - kvo datum - 27-06-2019;https://www.uitvoeringarbeidsvoorwaardenwetgeving.nl/mozard/!suite92.scherm1007?mObj=14478&mSelod=737432
2307;2307004;01-01-2020;31-12-2021;16-03-2021;CAO Vermo 1-1-2020 tot 1-1-2022 ondertekend.pdf;2307 - VERMO - 01-01-2020 - 31-12-2021 - Regulier - kvo datum - 16-03-2021;https://www.uitvoeringarbeidsvoorwaardenwetgeving.nl/mozard/!suite92.scherm1007?mObj=22292&mSelod=737432
2307;2307005;01-01-2022;01-01-2023;28-02-2022;20220204_CAO Vermo 1-1-2022 tot 1-1-2023 Vdef.pdf;2307 - VERMO - 01-01-2022 - 01-01-2023 - Regulier - kvo datum - 28-02-2022;https://www.uitvoeringarbeidsvoorwaardenwetgeving.nl/mozard/!suite92.scherm1007?mObj=27719&mSelod=737432
2307;2307006;01-01-2023;31-12-2023;14-12-2023;CAO Vermo 1-1-2023 tot 1-1-2024 DEF.pdf;2307 - VERMO - 01-01-2023 - 31-12-2023 - Regulier - kvo datum - 14-12-2023;https://www.uitvoeringarbeidsvoorwaardenwetgeving.nl/mozard/!suite92.scherm1007?mObj=40561&mSelod=737432
2307;2307007;01-01-2024;31-12-2025;03-07-2024;CAO Vermo 1-1-2024 tot en met 31 december 2025 def.pdf;2307 - VERMO - 01-01-2024 - 31-12-2025 - Regulier - kvo datum - 03-07-2024;https://www.uitvoeringarbeidsvoorwaardenwetgeving.nl/mozard/!suite92.scherm1007?mObj=43179&mSelod=737432
2307;2307008;01-07-2011;31-12-2012;03-05-2012;CAO_Vermo_definitief_doc.pdf;2307 - VERMO - 01-07-2011 - 31-12-2012 - Regulier - kvo datum - 03-05-2012;https://www.uitvoeringarbeidsvoorwaardenwetgeving.nl/mozard/!suite92.scherm1007?mObj=9858&mSelod=737432
636;636001;01-01-2014;31-12-2014;10-06-2014;Cao_buitendienst_2014.pdf;636 - VERZEKERINGSBEDRIJF BUITENDIENST - 01-01-2014 - 31-12-2014 - Regulier - kvo datum - 10-06-2014;https://www.uitvoeringarbeidsvoorwaardenwetgeving.nl/mozard/!suite92.scherm1007?mObj=8506&mSelod=737447
636;636002;01-01-2015;30-06-2016;23-12-2014;Buitendienst_2015___2016_webversie.pdf;636 - VERZEKERINGSBEDRIJF BUITENDIENST - 01-01-2015 - 30-06-2016 - Regulier - kvo datum - 23-12-2014;https://www.uitvoeringarbeidsvoorwaardenwetgeving.nl/mozard/!suite92.scherm1007?mObj=8507&mSelod=737447
636;636003;01-01-2015;30-06-2016;25-06-2015;Cao_Buitendienst_2015___2016_addendum.pdf;636 - VERZEKERINGSBEDRIJF BUITENDIENST - 01-01-2015 - 30-06-2016 - Regulier - kvo datum - 25-06-2015 - TTW;https://www.uitvoeringarbeidsvoorwaardenwetgeving.nl/mozard/!suite92.scherm1007?mObj=8508&mSelod=737447
636;636004;01-01-2018;31-12-2019;02-05-2019;Cao Buitendienst 2018 - 2019.docx .pdf;636 - VERZEKERINGSBEDRIJF BUITENDIENST - 01-01-2018 - 31-12-2019 - Regulier - kvo datum - 02-05-2019 - TTW;https://www.uitvoeringarbeidsvoorwaardenwetgeving.nl/mozard/!suite92.scherm1007?mObj=14113&mSelod=737447
636;636005;01-01-2018;31-12-2019;02-07-2018;Cao_Buitendienst_2018___2019.pdf;636 - VERZEKERINGSBEDRIJF BUITENDIENST - 01-01-2018 - 31-12-2019 - Regulier - kvo datum - 02-07-2018;https://www.uitvoeringarbeidsvoorwaardenwetgeving.nl/mozard/!suite92.scherm1007?mObj=8512&mSelod=737447
636;636006;01-06-2011;02-01-2013;01-06-2012;cao_buitendienst_2011_2012.pdf;636 - VERZEKERINGSBEDRIJF BUITENDIENST - 01-06-2011 - 02-01-2013 - Regulier - kvo datum - 01-06-2012;https://www.uitvoeringarbeidsvoorwaardenwetgeving.nl/mozard/!suite92.scherm1007?mObj=8503&mSelod=737447
636;636007;01-07-2016;31-12-2017;03-01-2018;Cao_Buitendienst_2016___2017_schoon.pdf;636 - VERZEKERINGSBEDRIJF BUITENDIENST - 01-07-2016 - 31-12-2017 - Regulier - kvo datum - 03-01-2018 - TTW;https://www.uitvoeringarbeidsvoorwaardenwetgeving.nl/mozard/!suite92.scherm1007?mObj=8511&mSelod=737447
636;636008;01-07-2016;31-12-2017;06-06-2017;Cao_Buitendienst.pdf;636 - VERZEKERINGSBEDRIJF BUITENDIENST - 01-07-2016 - 31-12-2017 - Regulier - kvo datum - 06-06-2017;https://www.uitvoeringarbeidsvoorwaardenwetgeving.nl/mozard/!suite92.scherm1007?mObj=8509&mSelod=737447
636;636009;01-07-2016;31-12-2017;16-10-2017;Cao_Buitendienst_1.pdf;636 - VERZEKERINGSBEDRIJF BUITENDIENST - 01-07-2016 - 31-12-2017 - Regulier - kvo datum - 16-10-2017 - TTW;https://www.uitvoeringarbeidsvoorwaardenwetgeving.nl/mozard/!suite92.scherm1007?mObj=8510&mSelod=737447
636;636010;02-01-2013;31-12-2013;03-04-2013;Cao_Buitendienst_2013.pdf;636 - VERZEKERINGSBEDRIJF BUITENDIENST - 02-01-2013 - 31-12-2013 - Regulier - kvo datum - 03-04-2013;https://www.uitvoeringarbeidsvoorwaardenwetgeving.nl/mozard/!suite92.scherm1007?mObj=8504&mSelod=737447
636;636011;02-01-2013;31-12-2013;06-01-2014;CAO_boekje_Buitendienst_wijzFAR.pdf;636 - VERZEKERINGSBEDRIJF BUITENDIENST - 02-01-2013 - 31-12-2013 - Regulier - kvo datum - 06-01-2014 - TTW;https://www.uitvoeringarbeidsvoorwaardenwetgeving.nl/mozard/!suite92.scherm1007?mObj=8505&mSelod=737447
4204;4204001;01-01-2021;31-12-2023;13-07-2021;Veterinaire sector CAO 1 januari 2021 tot en met 31 december 2023.pdf;4204 - Veterinaire Sector cao - 01-01-2021 - 31-12-2023 - Regulier - kvo datum - 13-07-2021;https://www.uitvoeringarbeidsvoorwaardenwetgeving.nl/mozard/!suite92.scherm1007?mObj=22983&mSelod=737452
4204;4204002;01-01-2021;31-12-2023;29-09-2021;Veterinaire sector 1 januari 2021 tot en met 31 december 2023 TTW.pdf;4204 - Veterinaire Sector cao - 01-01-2021 - 31-12-2023 - Regulier - kvo datum - 29-09-2021 - TTW;https://www.uitvoeringarbeidsvoorwaardenwetgeving.nl/mozard/!suite92.scherm1007?mObj=23355&mSelod=737452
4204;4204003;01-01-2024;31-12-2026;03-03-2024;Veterinaire sector 2024 - 2026.pdf;4204 - Veterinaire Sector cao - 01-01-2024 - 31-12-2026 - Regulier - kvo datum - 03-03-2024;https://www.uitvoeringarbeidsvoorwaardenwetgeving.nl/mozard/!suite92.scherm1007?mObj=42023&mSelod=737452
199;199001;01-01-2014;31-12-2014;06-01-2014;GBO___cao_2014.pdf;199 - VLAKGLAS, GLASBEWERKINGS- EN GLAZENIERSBEDRIJF, GROOTHANDEL IN- - 01-01-2014 - 31-12-2014 - Regulier - kvo datum - 06-01-2014;https://www.uitvoeringarbeidsvoorwaardenwetgeving.nl/mozard/!suite92.scherm1007?mObj=7245&mSelod=737477
199;199002;01-01-2014;31-12-2014;23-01-2014;GBO__cao_2014.pdf;199 - VLAKGLAS, GLASBEWERKINGS- EN GLAZENIERSBEDRIJF, GROOTHANDEL IN- - 01-01-2014 - 31-12-2014 - Regulier - kvo datum - 23-01-2014;https://www.uitvoeringarbeidsvoorwaardenwetgeving.nl/mozard/!suite92.scherm1007?mObj=7246&mSelod=737477
199;199003;01-01-2017;30-06-2018;08-02-2017;Bouwend_Nederland_vakgroep_GBO_cao_2017_2018_def.pdf;199 - VLAKGLAS, GLASBEWERKINGS- EN GLAZENIERSBEDRIJF, GROOTHANDEL IN- - 01-01-2017 - 30-06-2018 - Regulier - kvo datum - 08-02-2017;https://www.uitvoeringarbeidsvoorwaardenwetgeving.nl/mozard/!suite92.scherm1007?mObj=7247&mSelod=737477
199;199004;01-01-2023;31-12-2023;07-12-2022;Cao Vlakglas 2023 versie 06-12-2022 def.pdf;199 - VLAKGLAS, GLASBEWERKINGS- EN GLAZENIERSBEDRIJF, GROOTHANDEL IN- - 01-01-2023 - 31-12-2023 - Regulier - kvo datum - 07-12-2022;https://www.uitvoeringarbeidsvoorwaardenwetgeving.nl/mozard/!suite92.scherm1007?mObj=31919&mSelod=737477
199;199005;01-01-2023;31-12-2023;21-02-2023;Cao Vlakglas 2023 na ttw versie 21-2-2023.pdf;199 - VLAKGLAS, GLASBEWERKINGS- EN GLAZENIERSBEDRIJF, GROOTHANDEL IN- - 01-01-2023 - 31-12-2023 - Regulier - kvo datum - 21-02-2023;https://www.uitvoeringarbeidsvoorwaardenwetgeving.nl/mozard/!suite92.scherm1007?mObj=35472&mSelod=737477
199;199006;01-01-2024;31-12-2024;11-04-2024;Cao Vlakglas 2024 versie 28-3-3024.pdf;199 - VLAKGLAS, GLASBEWERKINGS- EN GLAZENIERSBEDRIJF, GROOTHANDEL IN- - 01-01-2024 - 31-12-2024 - Regulier - kvo datum - 11-04-2024;https://www.uitvoeringarbeidsvoorwaardenwetgeving.nl/mozard/!suite92.scherm1007?mObj=42423&mSelod=737477
199;199007;01-01-2025;30-06-2026;27-01-2025;Cao Vlakglas 2025-2026 versie 16-1-2025.pdf;199 - VLAKGLAS, GLASBEWERKINGS- EN GLAZENIERSBEDRIJF, GROOTHANDEL IN- - 01-01-2025 - 30-06-2026 - Regulier - kvo datum - 27-01-2025;https://www.uitvoeringarbeidsvoorwaardenwetgeving.nl/mozard/!suite92.scherm1007?mObj=46343&mSelod=737477
199;199008;01-07-2018;30-06-2020;04-09-2019;cao vlakglas 15 juli 2019.doc.pdf;199 - VLAKGLAS, GLASBEWERKINGS- EN GLAZENIERSBEDRIJF, GROOTHANDEL IN- - 01-07-2018 - 30-06-2020 - Regulier - kvo datum - 04-09-2019 - TTW;https://www.uitvoeringarbeidsvoorwaardenwetgeving.nl/mozard/!suite92.scherm1007?mObj=14827&mSelod=737477
199;199009;01-07-2018;30-06-2020;22-01-2019;Vlakglasbranche cao tekst .pdf;199 - VLAKGLAS, GLASBEWERKINGS- EN GLAZENIERSBEDRIJF, GROOTHANDEL IN- - 01-07-2018 - 30-06-2020 - Regulier - kvo datum - 22-01-2019;https://www.uitvoeringarbeidsvoorwaardenwetgeving.nl/mozard/!suite92.scherm1007?mObj=705&mSelod=737477
199;199010;01-07-2020;30-09-2021;11-06-2021;Vlakglas cao 2020 2021 juni 21 ttw.pdf;199 - VLAKGLAS, GLASBEWERKINGS- EN GLAZENIERSBEDRIJF, GROOTHANDEL IN- - 01-07-2020 - 30-09-2021 - Regulier - kvo datum - 11-06-2021 - TTW;https://www.uitvoeringarbeidsvoorwaardenwetgeving.nl/mozard/!suite92.scherm1007?mObj=22835&mSelod=737477
199;199011;01-07-2020;30-09-2021;29-01-2021;221220 cao vlakglas 2020 2021 Definitief met opmaak.doc.pdf;199 - VLAKGLAS, GLASBEWERKINGS- EN GLAZENIERSBEDRIJF, GROOTHANDEL IN- - 01-07-2020 - 30-09-2021 - Regulier - kvo datum - 29-01-2021;https://www.uitvoeringarbeidsvoorwaardenwetgeving.nl/mozard/!suite92.scherm1007?mObj=21647&mSelod=737477
199;199012;01-10-2021;31-12-2022;11-02-2022;cao vlakglas 2021 - 2022 definitief.pdf;199 - VLAKGLAS, GLASBEWERKINGS- EN GLAZENIERSBEDRIJF, GROOTHANDEL IN- - 01-10-2021 - 31-12-2022 - Regulier - kvo datum - 11-02-2022;https://www.uitvoeringarbeidsvoorwaardenwetgeving.nl/mozard/!suite92.scherm1007?mObj=27076&mSelod=737477
199;199013;01-10-2021;31-12-2022;23-03-2022;cao vlakglas 2021 - 2022 definitief maart 2022.pdf;199 - VLAKGLAS, GLASBEWERKINGS- EN GLAZENIERSBEDRIJF, GROOTHANDEL IN- - 01-10-2021 - 31-12-2022 - Regulier - kvo datum - 23-03-2022;https://www.uitvoeringarbeidsvoorwaardenwetgeving.nl/mozard/!suite92.scherm1007?mObj=28921&mSelod=737477
709;709001;01-02-2019;01-02-2021;12-08-2019;cao vleeswaren 2019-2021 definitief.docx.pdf;709 - VLEESWARENINDUSTRIE - 01-02-2019 - 01-02-2021 - Regulier - kvo datum - 12-08-2019 - TTW;https://www.uitvoeringarbeidsvoorwaardenwetgeving.nl/mozard/!suite92.scherm1007?mObj=14759&mSelod=737479
709;709002;01-02-2019;01-02-2021;28-07-2020;cao vleeswaren 2019-2021 met tussentijdse wijziging definitief.docx.pdf;709 - VLEESWARENINDUSTRIE - 01-02-2019 - 01-02-2021 - Regulier - kvo datum - 28-07-2020 - TTW;https://www.uitvoeringarbeidsvoorwaardenwetgeving.nl/mozard/!suite92.scherm1007?mObj=18658&mSelod=737479
709;709003;01-02-2019;01-02-2021;29-07-2019;cao vleeswaren 2019-2021 definitief.docx_1.pdf;709 - VLEESWARENINDUSTRIE - 01-02-2019 - 01-02-2021 - Regulier - kvo datum - 29-07-2019;https://www.uitvoeringarbeidsvoorwaardenwetgeving.nl/mozard/!suite92.scherm1007?mObj=14682&mSelod=737479
709;709004;01-02-2021;31-01-2022;16-07-2021;cao vleeswaren 2021-2022 definitief voor SZW.pdf;709 - VLEESWARENINDUSTRIE - 01-02-2021 - 31-01-2022 - Regulier - kvo datum - 16-07-2021;https://www.uitvoeringarbeidsvoorwaardenwetgeving.nl/mozard/!suite92.scherm1007?mObj=23018&mSelod=737479
709;709005;01-02-2021;31-01-2022;22-12-2021;cao vleeswaren 2021-2022 tussentijdse wijziging definitief.pdf;709 - VLEESWARENINDUSTRIE - 01-02-2021 - 31-01-2022 - Regulier - kvo datum - 22-12-2021;https://www.uitvoeringarbeidsvoorwaardenwetgeving.nl/mozard/!suite92.scherm1007?mObj=24812&mSelod=737479
709;709006;01-02-2022;31-12-2025;11-08-2022;cao vleeswaren 2022-2023 definitief voor SZW.pdf;709 - VLEESWARENINDUSTRIE - 01-02-2022 - 31-12-2025 - Regulier - kvo datum - 11-08-2022;https://www.uitvoeringarbeidsvoorwaardenwetgeving.nl/mozard/!suite92.scherm1007?mObj=30893&mSelod=737479
709;709007;01-03-2023;31-12-2025;01-08-2023;CAO_Vleeswarenindustrie_2023 met wijzigingen geaccepteerd(1-8-2023).pdf;709 - VLEESWARENINDUSTRIE - 01-03-2023 - 31-12-2025 - Regulier - kvo datum - 01-08-2023 - TTW;https://www.uitvoeringarbeidsvoorwaardenwetgeving.nl/mozard/!suite92.scherm1007?mObj=37957&mSelod=737479
709;709008;01-03-2023;31-12-2025;29-06-2023;CAO_Vleeswarenindustrie_2023 met wijzigingen geacpeteerd.pdf;709 - VLEESWARENINDUSTRIE - 01-03-2023 - 31-12-2025 - Regulier - kvo datum - 29-06-2023;https://www.uitvoeringarbeidsvoorwaardenwetgeving.nl/mozard/!suite92.scherm1007?mObj=37231&mSelod=737479
709;709009;01-04-2010;31-03-2012;11-01-2011;ongerenvooieerde CAO Vleeswaren.pdf;709 - VLEESWARENINDUSTRIE - 01-04-2010 - 31-03-2012 - Regulier - kvo datum - 11-01-2011;https://www.uitvoeringarbeidsvoorwaardenwetgeving.nl/mozard/!suite92.scherm1007?mObj=8213&mSelod=737479
709;709010;01-04-2012;31-03-2014;11-09-2012;CAO_Vleeswaren_tekst_2012_ongerenvooieerd.pdf;709 - VLEESWARENINDUSTRIE - 01-04-2012 - 31-03-2014 - Regulier - kvo datum - 11-09-2012;https://www.uitvoeringarbeidsvoorwaardenwetgeving.nl/mozard/!suite92.scherm1007?mObj=8214&mSelod=737479
709;709011;01-04-2012;31-03-2014;27-11-2012;CAO_Vleeswaren_tekst_2012.pdf;709 - VLEESWARENINDUSTRIE - 01-04-2012 - 31-03-2014 - Regulier - kvo datum - 27-11-2012;https://www.uitvoeringarbeidsvoorwaardenwetgeving.nl/mozard/!suite92.scherm1007?mObj=8215&mSelod=737479
709;709012;01-04-2015;31-03-2016;26-11-2015;CAO__Vleeswaren_tekst_2015_2016_ongerenvooieerd.pdf;709 - VLEESWARENINDUSTRIE - 01-04-2015 - 31-03-2016 - Regulier - kvo datum - 26-11-2015;https://www.uitvoeringarbeidsvoorwaardenwetgeving.nl/mozard/!suite92.scherm1007?mObj=8217&mSelod=737479
709;709013;01-04-2016;01-08-2017;04-08-2016;CAO__Vleeswaren_tekst_2016_2017_ongerenvooieerd.pdf;709 - VLEESWARENINDUSTRIE - 01-04-2016 - 01-08-2017 - Regulier - kvo datum - 04-08-2016;https://www.uitvoeringarbeidsvoorwaardenwetgeving.nl/mozard/!suite92.scherm1007?mObj=8218&mSelod=737479
709;709014;01-07-2014;31-03-2015;05-09-2014;CAO_Vleeswaren_ongerenvooieerd_2014.pdf;709 - VLEESWARENINDUSTRIE - 01-07-2014 - 31-03-2015 - Regulier - kvo datum - 05-09-2014;https://www.uitvoeringarbeidsvoorwaardenwetgeving.nl/mozard/!suite92.scherm1007?mObj=8216&mSelod=737479
709;709015;01-08-2017;01-02-2019;12-03-2018;CAO_VlW_zwarte_tekst_voor_aanmelding_szw.pdf;709 - VLEESWARENINDUSTRIE - 01-08-2017 - 01-02-2019 - Regulier - kvo datum - 12-03-2018;https://www.uitvoeringarbeidsvoorwaardenwetgeving.nl/mozard/!suite92.scherm1007?mObj=8219&mSelod=737479
709;709016;01-08-2017;01-02-2019;30-05-2018;_CAO_VlW_opnieuw_aangemeld.pdf;709 - VLEESWARENINDUSTRIE - 01-08-2017 - 01-02-2019 - Regulier - kvo datum - 30-05-2018 - TTW;https://www.uitvoeringarbeidsvoorwaardenwetgeving.nl/mozard/!suite92.scherm1007?mObj=8220&mSelod=737479
709;709017;01-10-2024;28-02-2026;03-02-2025;CAO_Vleeswarenindustrie_2024 met wijzigingen geacepteerd met fonds cao 2024.pdf;709 - VLEESWARENINDUSTRIE - 01-10-2024 - 28-02-2026 - Regulier - kvo datum - 03-02-2025;https://www.uitvoeringarbeidsvoorwaardenwetgeving.nl/mozard/!suite92.scherm1007?mObj=46496&mSelod=737479
709;709018;01-10-2024;28-02-2026;07-03-2025;CAO_Vleeswarenindustrie_2024 met tussentijdse wijzigingen geaccepteerd met fonds cao 2024.pdf;709 - VLEESWARENINDUSTRIE - 01-10-2024 - 28-02-2026 - Regulier - kvo datum - 07-03-2025 - TTW;https://www.uitvoeringarbeidsvoorwaardenwetgeving.nl/mozard/!suite92.scherm1007?mObj=47096&mSelod=737479
941;941001;01-01-2015;01-07-2017;07-01-2016;Cao_Waterbedrijven_2015_2017_definitief.pdf;941 - WATERBEDRIJVEN AANGESLOTEN BIJ DE WWB - 01-01-2015 - 01-07-2017 - Regulier - kvo datum - 07-01-2016;https://www.uitvoeringarbeidsvoorwaardenwetgeving.nl/mozard/!suite92.scherm1007?mObj=8917&mSelod=737533
941;941002;01-01-2015;30-06-2017;30-09-2016;Cao_Waterbedrijven_2015_2017.pdf;941 - WATERBEDRIJVEN AANGESLOTEN BIJ DE WWB - 01-01-2015 - 30-06-2017 - Regulier - kvo datum - 30-09-2016 - TTW;https://www.uitvoeringarbeidsvoorwaardenwetgeving.nl/mozard/!suite92.scherm1007?mObj=8918&mSelod=737533
941;941003;01-01-2020;31-12-2020;10-12-2019;CAO WWb 2020 def.pdf;941 - WATERBEDRIJVEN AANGESLOTEN BIJ DE WWB - 01-01-2020 - 31-12-2020 - Regulier - kvo datum - 10-12-2019;https://www.uitvoeringarbeidsvoorwaardenwetgeving.nl/mozard/!suite92.scherm1007?mObj=15424&mSelod=737533
941;941004;01-01-2021;31-12-2022;09-06-2021;CAO WWb 2021 - 2022 versie 01-06-2021 def allen ondertekend.pdf;941 - WATERBEDRIJVEN AANGESLOTEN BIJ DE WWB - 01-01-2021 - 31-12-2022 - Regulier - kvo datum - 09-06-2021;https://www.uitvoeringarbeidsvoorwaardenwetgeving.nl/mozard/!suite92.scherm1007?mObj=22823&mSelod=737533
941;941005;01-01-2023;31-12-2023;21-03-2023;WWb cao 2023 - ondertekend.pdf;941 - WATERBEDRIJVEN AANGESLOTEN BIJ DE WWB - 01-01-2023 - 31-12-2023 - Regulier - kvo datum - 21-03-2023;https://www.uitvoeringarbeidsvoorwaardenwetgeving.nl/mozard/!suite92.scherm1007?mObj=36522&mSelod=737533
941;941006;01-01-2024;30-06-2025;29-04-2024;WWb cao 1 januari 2024 - 30 juni 2025 DEF.pdf;941 - WATERBEDRIJVEN AANGESLOTEN BIJ DE WWB - 01-01-2024 - 30-06-2025 - Regulier - kvo datum - 29-04-2024;https://www.uitvoeringarbeidsvoorwaardenwetgeving.nl/mozard/!suite92.scherm1007?mObj=42563&mSelod=737533
941;941007;01-07-2025;30-06-2027;28-08-2025;WWb cao - versie 21 juli 2025.pdf;941 - WATERBEDRIJVEN AANGESLOTEN BIJ DE WWB - 01-07-2025 - 30-06-2027 - Regulier - kvo datum - 28-08-2025;https://www.uitvoeringarbeidsvoorwaardenwetgeving.nl/mozard/!suite92.scherm1007?mObj=51086&mSelod=737533
941;941008;01-08-2009;31-07-2011;25-11-2011;101215_WWB_CAO_2009__versie_januari_2011.pdf;941 - WATERBEDRIJVEN AANGESLOTEN BIJ DE WWB - 01-08-2009 - 31-07-2011 - Regulier - kvo datum - 25-11-2011;https://www.uitvoeringarbeidsvoorwaardenwetgeving.nl/mozard/!suite92.scherm1007?mObj=8912&mSelod=737533
941;941009;01-08-2011;31-07-2012;13-12-2012;Cao_Waterbedrijven_2011___2012_nov_2012.pdf;941 - WATERBEDRIJVEN AANGESLOTEN BIJ DE WWB - 01-08-2011 - 31-07-2012 - Regulier - kvo datum - 13-12-2012 - TTW;https://www.uitvoeringarbeidsvoorwaardenwetgeving.nl/mozard/!suite92.scherm1007?mObj=8915&mSelod=737533
941;941010;01-08-2011;31-07-2012;16-10-2012;Cao_Waterbedrijven_2011___2012__okt_2012_.pdf;941 - WATERBEDRIJVEN AANGESLOTEN BIJ DE WWB - 01-08-2011 - 31-07-2012 - Regulier - kvo datum - 16-10-2012;https://www.uitvoeringarbeidsvoorwaardenwetgeving.nl/mozard/!suite92.scherm1007?mObj=8914&mSelod=737533
941;941011;01-08-2011;31-07-2012;28-08-2012;Cao_Waterbedrijven_2011_2012.pdf;941 - WATERBEDRIJVEN AANGESLOTEN BIJ DE WWB - 01-08-2011 - 31-07-2012 - Regulier - kvo datum - 28-08-2012;https://www.uitvoeringarbeidsvoorwaardenwetgeving.nl/mozard/!suite92.scherm1007?mObj=8913&mSelod=737533
941;941012;01-08-2012;31-12-2014;23-05-2013;Cao_Waterbedrijven_2012__2014_april_2013.pdf;941 - WATERBEDRIJVEN AANGESLOTEN BIJ DE WWB - 01-08-2012 - 31-12-2014 - Regulier - kvo datum - 23-05-2013;https://www.uitvoeringarbeidsvoorwaardenwetgeving.nl/mozard/!suite92.scherm1007?mObj=8916&mSelod=737533
227;227001;01-01-2017;30-06-2018;14-03-2017;CAO_Weefselkweek_20160101___20170630.pdf;227 - WEEFSELKWEEKSECTOR - 01-01-2017 - 30-06-2018 - Regulier - kvo datum - 14-03-2017;https://www.uitvoeringarbeidsvoorwaardenwetgeving.nl/mozard/!suite92.scherm1007?mObj=7300&mSelod=737539
227;227002;01-07-2018;30-06-2019;04-07-2018;CAO_Weefselkweek_20180701___20190630.pdf;227 - WEEFSELKWEEKSECTOR - 01-07-2018 - 30-06-2019 - Regulier - kvo datum - 04-07-2018;https://www.uitvoeringarbeidsvoorwaardenwetgeving.nl/mozard/!suite92.scherm1007?mObj=7301&mSelod=737539
227;227003;01-07-2019;30-06-2020;21-10-2019;CAO Weefselkweek 20190701 - 20200630 definitieve versie.docx.pdf;227 - WEEFSELKWEEKSECTOR - 01-07-2019 - 30-06-2020 - Regulier - kvo datum - 21-10-2019;https://www.uitvoeringarbeidsvoorwaardenwetgeving.nl/mozard/!suite92.scherm1007?mObj=15102&mSelod=737539
227;227004;01-07-2020;31-12-2021;21-06-2021;CAO Weefselkweek 20200701 - 20201231 versie SZW.pdf;227 - WEEFSELKWEEKSECTOR - 01-07-2020 - 31-12-2021 - Regulier - kvo datum - 21-06-2021;https://www.uitvoeringarbeidsvoorwaardenwetgeving.nl/mozard/!suite92.scherm1007?mObj=22868&mSelod=737539
227;227005;01-10-2011;28-02-2013;15-11-2012;CAO_Weefselkweek_2011_2013_schoon.pdf;227 - WEEFSELKWEEKSECTOR - 01-10-2011 - 28-02-2013 - Regulier - kvo datum - 15-11-2012;https://www.uitvoeringarbeidsvoorwaardenwetgeving.nl/mozard/!suite92.scherm1007?mObj=7299&mSelod=737539
227;227006;01-10-2022;30-09-2027;06-04-2023;Cao Weefselkweek 1 okt 2022 - 30 sept 2027.pdf;227 - WEEFSELKWEEKSECTOR - 01-10-2022 - 30-09-2027 - Regulier - kvo datum - 06-04-2023 - TTW;https://www.uitvoeringarbeidsvoorwaardenwetgeving.nl/mozard/!suite92.scherm1007?mObj=36820&mSelod=737539
227;227007;01-10-2022;30-09-2027;09-09-2024;Cao Weefselkweek 1 okt 2022 - 30 sept 2027 per 090924.pdf;227 - WEEFSELKWEEKSECTOR - 01-10-2022 - 30-09-2027 - Regulier - kvo datum - 09-09-2024;https://www.uitvoeringarbeidsvoorwaardenwetgeving.nl/mozard/!suite92.scherm1007?mObj=43643&mSelod=737539
227;227008;01-10-2022;30-09-2027;17-10-2022;Cao weefselkweek 1 okt 2022 - 30 sept 2027.pdf;227 - WEEFSELKWEEKSECTOR - 01-10-2022 - 30-09-2027 - Regulier - kvo datum - 17-10-2022;https://www.uitvoeringarbeidsvoorwaardenwetgeving.nl/mozard/!suite92.scherm1007?mObj=31468&mSelod=737539
1294;1294001;01-01-2020;01-01-2021;17-12-2019;CAO Werken voor Waterschappen.docx.pdf;1294 - WERKEN VOOR WATERSCHAPPEN - 01-01-2020 - 01-01-2021 - Regulier - kvo datum - 17-12-2019 - TTW;https://www.uitvoeringarbeidsvoorwaardenwetgeving.nl/mozard/!suite92.scherm1007?mObj=15476&mSelod=737547
1294;1294002;01-01-2020;01-01-2021;21-04-2020;CAO Werken voor Waterschappen vs 01052020 wijz. zichtbaar.pdf;1294 - WERKEN VOOR WATERSCHAPPEN - 01-01-2020 - 01-01-2021 - Regulier - kvo datum - 21-04-2020 - TTW;https://www.uitvoeringarbeidsvoorwaardenwetgeving.nl/mozard/!suite92.scherm1007?mObj=16272&mSelod=737547
1294;1294003;01-01-2020;01-01-2021;27-11-2019;CAO Werken voor Waterschappen definitief.docx.pdf;1294 - WERKEN VOOR WATERSCHAPPEN - 01-01-2020 - 01-01-2021 - Regulier - kvo datum - 27-11-2019;https://www.uitvoeringarbeidsvoorwaardenwetgeving.nl/mozard/!suite92.scherm1007?mObj=15327&mSelod=737547
1294;1294004;01-01-2020;01-01-2021;30-01-2020;CAO Werken voor Waterschappen vs 01022020.docx.pdf;1294 - WERKEN VOOR WATERSCHAPPEN - 01-01-2020 - 01-01-2021 - Regulier - kvo datum - 30-01-2020 - TTW;https://www.uitvoeringarbeidsvoorwaardenwetgeving.nl/mozard/!suite92.scherm1007?mObj=15697&mSelod=737547
1294;1294005;01-01-2021;31-12-2021;03-12-2021;CAO Werken voor Waterschappen vs 21.11.08 wijzigingen geaccepteerd getekend Vwvw.pdf;1294 - WERKEN VOOR WATERSCHAPPEN - 01-01-2021 - 31-12-2021 - Regulier - kvo datum - 03-12-2021;https://www.uitvoeringarbeidsvoorwaardenwetgeving.nl/mozard/!suite92.scherm1007?mObj=24352&mSelod=737547
1294;1294006;01-01-2021;31-12-2021;16-12-2021;CAO Werken voor Waterschappen vs 21.12.14 wijzigingen geaccepteerd getekend Vwvw.pdf;1294 - WERKEN VOOR WATERSCHAPPEN - 01-01-2021 - 31-12-2021 - Regulier - kvo datum - 16-12-2021 - TTW;https://www.uitvoeringarbeidsvoorwaardenwetgeving.nl/mozard/!suite92.scherm1007?mObj=24635&mSelod=737547
1294;1294007;01-01-2024;31-12-2024;26-03-2024;Cao Werken voor Waterschappen schone versie 1-1-2024 (DEF).pdf;1294 - WERKEN VOOR WATERSCHAPPEN - 01-01-2024 - 31-12-2024 - Regulier - kvo datum - 26-03-2024;https://www.uitvoeringarbeidsvoorwaardenwetgeving.nl/mozard/!suite92.scherm1007?mObj=42261&mSelod=737547
645;645001;01-01-2014;31-12-2014;03-09-2015;CAO_HPK_2014.pdf;645 - Zeevisbedrijf - 01-01-2014 - 31-12-2014 - Regulier - kvo datum - 03-09-2015;https://www.uitvoeringarbeidsvoorwaardenwetgeving.nl/mozard/!suite92.scherm1007?mObj=8103&mSelod=737595
645;645002;01-01-2015;31-12-2016;30-09-2016;CAO_voor_het_ZEEVISBEDRIJF_2015_2016___ondertekend.pdf;645 - Zeevisbedrijf - 01-01-2015 - 31-12-2016 - Regulier - kvo datum - 30-09-2016;https://www.uitvoeringarbeidsvoorwaardenwetgeving.nl/mozard/!suite92.scherm1007?mObj=8104&mSelod=737595
645;645003;01-01-2017;31-12-2018;30-05-2017;CAO_voor_het_ZEEVISBEDRIJF_2017_2018.pdf;645 - Zeevisbedrijf - 01-01-2017 - 31-12-2018 - Regulier - kvo datum - 30-05-2017;https://www.uitvoeringarbeidsvoorwaardenwetgeving.nl/mozard/!suite92.scherm1007?mObj=8105&mSelod=737595
645;645004;01-01-2019;31-12-2020;26-10-2020;CAO voor het ZEEVISBEDRIJF 2019-2020 - definitief.pdf;645 - Zeevisbedrijf - 01-01-2019 - 31-12-2020 - Regulier - kvo datum - 26-10-2020;https://www.uitvoeringarbeidsvoorwaardenwetgeving.nl/mozard/!suite92.scherm1007?mObj=19990&mSelod=737595
645;645005;01-01-2022;31-12-2023;30-01-2023;CAO voor het ZEEVISBEDRIJF 2022-2023 (def en getekend).pdf;645 - Zeevisbedrijf - 01-01-2022 - 31-12-2023 - Regulier - kvo datum - 30-01-2023;https://www.uitvoeringarbeidsvoorwaardenwetgeving.nl/mozard/!suite92.scherm1007?mObj=34332&mSelod=737595
645;645006;01-01-2024;31-12-2025;31-10-2024;CAO voor het Zeevisbedrijf 2024 - 2025 (signed RvZ - NBH - CNV).pdf;645 - ZEEVISBEDRIJF, CAO VOOR HET - 01-01-2024 - 31-12-2025 - Regulier - kvo datum - 31-10-2024;https://www.uitvoeringarbeidsvoorwaardenwetgeving.nl/mozard/!suite92.scherm1007?mObj=44455&mSelod=737595
880;880001;01-01-2015;30-06-2017;15-03-2016;CAO_SZS_2015_2017_Integrale_tekst.pdf;880 - ZEILMAKERIJEN DEKKLEDENVERVAARDIGING DEKKLEDENVERHUUR SCHEEPSTUIGERIJEN SCHEEPSBENODIGDHEDENHANDEL - 01-01-2015 - 30-06-2017 - Regulier - kvo datum - 15-03-2016;https://www.uitvoeringarbeidsvoorwaardenwetgeving.nl/mozard/!suite92.scherm1007?mObj=8695&mSelod=737597
880;880002;01-01-2022;31-12-2022;15-04-2022;CAO SZS 2022, definitief.pdf;880 - ZEILMAKERIJEN DEKKLEDENVERVAARDIGING DEKKLEDENVERHUUR SCHEEPSTUIGERIJEN SCHEEPSBENODIGDHEDENHANDEL - 01-01-2022 - 31-12-2022 - Regulier - kvo datum - 15-04-2022;https://www.uitvoeringarbeidsvoorwaardenwetgeving.nl/mozard/!suite92.scherm1007?mObj=29334&mSelod=737597
880;880003;01-01-2023;31-12-2024;02-05-2023;CAO SZS 1 januari 2023 - 31 december 2024 definitief 20042023.pdf;880 - ZEILMAKERIJEN DEKKLEDENVERVAARDIGING DEKKLEDENVERHUUR SCHEEPSTUIGERIJEN SCHEEPSBENODIGDHEDENHANDEL - 01-01-2023 - 31-12-2024 - Regulier - kvo datum - 02-05-2023;https://www.uitvoeringarbeidsvoorwaardenwetgeving.nl/mozard/!suite92.scherm1007?mObj=36986&mSelod=737597
880;880004;01-01-2025;31-12-2026;13-05-2025;CAO SZS 1 januari 2025 - 31 december 2026 definitief SZW.pdf;880 - ZEILMAKERIJEN DEKKLEDENVERVAARDIGING DEKKLEDENVERHUUR SCHEEPSTUIGERIJEN SCHEEPSBENODIGDHEDENHANDEL - 01-01-2025 - 31-12-2026 - Regulier - kvo datum - 13-05-2025;https://www.uitvoeringarbeidsvoorwaardenwetgeving.nl/mozard/!suite92.scherm1007?mObj=48120&mSelod=737597
880;880005;01-04-2011;31-03-2013;19-09-2011;integraledigitalecaoSZS.pdf;880 - ZEILMAKERIJEN DEKKLEDENVERVAARDIGING DEKKLEDENVERHUUR SCHEEPSTUIGERIJEN SCHEEPSBENODIGDHEDENHANDEL - 01-04-2011 - 31-03-2013 - Regulier - kvo datum - 19-09-2011;https://www.uitvoeringarbeidsvoorwaardenwetgeving.nl/mozard/!suite92.scherm1007?mObj=8875&mSelod=737597
880;880006;01-04-2013;31-12-2014;11-07-2014;CAO_SZS_integrale_tekst.pdf;880 - ZEILMAKERIJEN DEKKLEDENVERVAARDIGING DEKKLEDENVERHUUR SCHEEPSTUIGERIJEN SCHEEPSBENODIGDHEDENHANDEL - 01-04-2013 - 31-12-2014 - Regulier - kvo datum - 11-07-2014 - TTW;https://www.uitvoeringarbeidsvoorwaardenwetgeving.nl/mozard/!suite92.scherm1007?mObj=8877&mSelod=737597
880;880007;01-04-2013;31-12-2014;16-06-2014;CAO_SZS_integrale_tekst_1.pdf;880 - ZEILMAKERIJEN DEKKLEDENVERVAARDIGING DEKKLEDENVERHUUR SCHEEPSTUIGERIJEN SCHEEPSBENODIGDHEDENHANDEL - 01-04-2013 - 31-12-2014 - Regulier - kvo datum - 16-06-2014;https://www.uitvoeringarbeidsvoorwaardenwetgeving.nl/mozard/!suite92.scherm1007?mObj=8876&mSelod=737597
880;880008;01-07-2017;30-06-2020;10-01-2020;CAO SZS 2017 2020 Integrale tekst .docx.pdf;880 - ZEILMAKERIJEN DEKKLEDENVERVAARDIGING DEKKLEDENVERHUUR SCHEEPSTUIGERIJEN SCHEEPSBENODIGDHEDENHANDEL - 01-07-2017 - 30-06-2020 - Regulier - kvo datum - 10-01-2020 - TTW;https://www.uitvoeringarbeidsvoorwaardenwetgeving.nl/mozard/!suite92.scherm1007?mObj=15594&mSelod=737597
880;880009;01-07-2017;30-06-2020;23-09-2019;CAO SZS 2017 2020 Integrale tekst.docx.pdf;880 - ZEILMAKERIJEN DEKKLEDENVERVAARDIGING DEKKLEDENVERHUUR SCHEEPSTUIGERIJEN SCHEEPSBENODIGDHEDENHANDEL - 01-07-2017 - 30-06-2020 - Regulier - kvo datum - 23-09-2019;https://www.uitvoeringarbeidsvoorwaardenwetgeving.nl/mozard/!suite92.scherm1007?mObj=14918&mSelod=737597
3688;3688001;01-01-2017;31-12-2018;09-05-2017;20170504_Bijlage_2_Cao_ZKN_2017_2018.pdf;3688 - ZELFSTANDIGE KLINIEKEN NEDERLAND - 01-01-2017 - 31-12-2018 - Regulier - kvo datum - 09-05-2017;https://www.uitvoeringarbeidsvoorwaardenwetgeving.nl/mozard/!suite92.scherm1007?mObj=11744&mSelod=737599
3688;3688002;01-01-2019;31-12-2020;19-06-2019;1. cao ZKN 2019 - 2020.pdf .pdf;3688 - ZELFSTANDIGE KLINIEKEN NEDERLAND - 01-01-2019 - 31-12-2020 - Regulier - kvo datum - 19-06-2019;https://www.uitvoeringarbeidsvoorwaardenwetgeving.nl/mozard/!suite92.scherm1007?mObj=14268&mSelod=737599
3688;3688003;01-01-2021;31-12-2021;21-01-2021;20210118 cao ZKN 2021.pdf;3688 - ZELFSTANDIGE KLINIEKEN NEDERLAND - 01-01-2021 - 31-12-2021 - Regulier - kvo datum - 21-01-2021;https://www.uitvoeringarbeidsvoorwaardenwetgeving.nl/mozard/!suite92.scherm1007?mObj=21552&mSelod=737599
3688;3688004;01-01-2021;31-12-2021;29-01-2021;20210127 cao ZKN 2021 getekend.pdf;3688 - ZELFSTANDIGE KLINIEKEN NEDERLAND - 01-01-2021 - 31-12-2021 - Regulier - kvo datum - 29-01-2021 - TTW;https://www.uitvoeringarbeidsvoorwaardenwetgeving.nl/mozard/!suite92.scherm1007?mObj=21638&mSelod=737599
3688;3688005;01-01-2022;31-12-2023;02-02-2022;1. 20220127 Tekst cao ZKN 2022-2023.pdf;3688 - ZELFSTANDIGE KLINIEKEN NEDERLAND - 01-01-2022 - 31-12-2023 - Regulier - kvo datum - 02-02-2022;https://www.uitvoeringarbeidsvoorwaardenwetgeving.nl/mozard/!suite92.scherm1007?mObj=26621&mSelod=737599
3688;3688006;01-01-2024;30-06-2025;31-01-2024;29-01-2024 cao ZKN 1 januari 2024 - 30 juni 2025 - Ondertekend.pdf;3688 - ZELFSTANDIGE KLINIEKEN NEDERLAND - 01-01-2024 - 30-06-2025 - Regulier - kvo datum - 31-01-2024;https://www.uitvoeringarbeidsvoorwaardenwetgeving.nl/mozard/!suite92.scherm1007?mObj=41583&mSelod=737599
3688;3688007;01-03-2014;31-03-2015;19-08-2014;cao_ZKN_def__110814.pdf;3688 - ZELFSTANDIGE KLINIEKEN NEDERLAND - 01-03-2014 - 31-03-2015 - Regulier - kvo datum - 19-08-2014 - TTW;https://www.uitvoeringarbeidsvoorwaardenwetgeving.nl/mozard/!suite92.scherm1007?mObj=11626&mSelod=737599
3688;3688008;01-04-2015;31-12-2016;07-07-2015;20150604_Cao_ZKN_scan_def.pdf;3688 - ZELFSTANDIGE KLINIEKEN NEDERLAND - 01-04-2015 - 31-12-2016 - Regulier - kvo datum - 07-07-2015;https://www.uitvoeringarbeidsvoorwaardenwetgeving.nl/mozard/!suite92.scherm1007?mObj=11627&mSelod=737599
3688;3688009;01-04-2015;31-12-2016;14-01-2016;20160112_Def_tekst_cao_ZKN_herzien_jan_2016.pdf;3688 - ZELFSTANDIGE KLINIEKEN NEDERLAND - 01-04-2015 - 31-12-2016 - Regulier - kvo datum - 14-01-2016 - TTW;https://www.uitvoeringarbeidsvoorwaardenwetgeving.nl/mozard/!suite92.scherm1007?mObj=11742&mSelod=737599
3688;3688010;01-04-2015;31-12-2016;15-02-2016;20160211_Def_tekst_cao_ZKN_herzien_feb_2016.pdf;3688 - ZELFSTANDIGE KLINIEKEN NEDERLAND - 01-04-2015 - 31-12-2016 - Regulier - kvo datum - 15-02-2016 - TTW;https://www.uitvoeringarbeidsvoorwaardenwetgeving.nl/mozard/!suite92.scherm1007?mObj=11743&mSelod=737599
3688;3688011;01-07-2025;30-06-2027;21-07-2025;1. 20250717 cao ZKN 2025-2027.pdf;3688 - ZELFSTANDIGE KLINIEKEN NEDERLAND - 01-07-2025 - 30-06-2027 - Regulier - kvo datum - 21-07-2025;https://www.uitvoeringarbeidsvoorwaardenwetgeving.nl/mozard/!suite92.scherm1007?mObj=49761&mSelod=737599
563;563001;01-01-2021;31-12-2021;12-10-2021;Zuivel cao HP 2021.pdf;563 - ZUIVELINDUSTRIE, HOGER PERSONEEL - 01-01-2021 - 31-12-2021 - Regulier - kvo datum - 12-10-2021;https://www.uitvoeringarbeidsvoorwaardenwetgeving.nl/mozard/!suite92.scherm1007?mObj=23415&mSelod=737623
563;563002;01-01-2022;31-12-2022;10-12-2021;Zuivel cao HP 2022 met tussentijdse wijziging december 2021.pdf;563 - ZUIVELINDUSTRIE, HOGER PERSONEEL - 01-01-2022 - 31-12-2022 - Regulier - kvo datum - 10-12-2021;https://www.uitvoeringarbeidsvoorwaardenwetgeving.nl/mozard/!suite92.scherm1007?mObj=24535&mSelod=737623
563;563003;01-01-2022;31-12-2022;26-10-2021;Zuivel cao HP 2022.pdf;563 - ZUIVELINDUSTRIE, HOGER PERSONEEL - 01-01-2022 - 31-12-2022 - Regulier - kvo datum - 26-10-2021;https://www.uitvoeringarbeidsvoorwaardenwetgeving.nl/mozard/!suite92.scherm1007?mObj=23492&mSelod=737623
563;563004;01-01-2023;31-03-2024;23-10-2023;Zuivel cao HP 2023-2024.pdf;563 - ZUIVELINDUSTRIE, HOGER PERSONEEL - 01-01-2023 - 31-03-2024 - Regulier - kvo datum - 23-10-2023;https://www.uitvoeringarbeidsvoorwaardenwetgeving.nl/mozard/!suite92.scherm1007?mObj=39123&mSelod=737623
563;563005;01-04-2010;31-03-2012;25-07-2011;Zuivel_CAO_HP_2010_2012_na_ttw_im_Arla_.pdf;563 - ZUIVELINDUSTRIE, HOGER PERSONEEL - 01-04-2010 - 31-03-2012 - Regulier - kvo datum - 25-07-2011 - TTW;https://www.uitvoeringarbeidsvoorwaardenwetgeving.nl/mozard/!suite92.scherm1007?mObj=7702&mSelod=737623
563;563006;01-04-2012;31-03-2014;10-10-2012;Zuivel_CAO_HP_2012_2014_na_ttw_art_18.pdf;563 - ZUIVELINDUSTRIE, HOGER PERSONEEL - 01-04-2012 - 31-03-2014 - Regulier - kvo datum - 10-10-2012 - TTW;https://www.uitvoeringarbeidsvoorwaardenwetgeving.nl/mozard/!suite92.scherm1007?mObj=7704&mSelod=737623
563;563007;01-04-2012;31-03-2014;31-08-2012;AWVN__529259_v8_Zuivel_CAO_HP_2012_2014_.pdf;563 - ZUIVELINDUSTRIE, HOGER PERSONEEL - 01-04-2012 - 31-03-2014 - Regulier - kvo datum - 31-08-2012;https://www.uitvoeringarbeidsvoorwaardenwetgeving.nl/mozard/!suite92.scherm1007?mObj=7703&mSelod=737623
563;563008;01-04-2014;31-03-2016;16-10-2014;Zuivel__CAO_HP_nieuw_2014_2016.pdf;563 - ZUIVELINDUSTRIE, HOGER PERSONEEL - 01-04-2014 - 31-03-2016 - Regulier - kvo datum - 16-10-2014;https://www.uitvoeringarbeidsvoorwaardenwetgeving.nl/mozard/!suite92.scherm1007?mObj=7705&mSelod=737623
563;563009;01-04-2016;31-03-2018;05-12-2016;Zuivel_cao_HP_2016_2018.pdf;563 - ZUIVELINDUSTRIE, HOGER PERSONEEL - 01-04-2016 - 31-03-2018 - Regulier - kvo datum - 05-12-2016;https://www.uitvoeringarbeidsvoorwaardenwetgeving.nl/mozard/!suite92.scherm1007?mObj=7706&mSelod=737623
563;563010;01-04-2018;31-03-2020;03-04-2019;Zuivel I 2018-2020.docx .pdf;563 - ZUIVELINDUSTRIE, HOGER PERSONEEL - 01-04-2018 - 31-03-2020 - Regulier - kvo datum - 03-04-2019 - TTW;https://www.uitvoeringarbeidsvoorwaardenwetgeving.nl/mozard/!suite92.scherm1007?mObj=13720&mSelod=737623
563;563011;01-04-2018;31-03-2020;04-02-2019;Zuivel HP 2018-2020.pdf .pdf;563 - ZUIVELINDUSTRIE, HOGER PERSONEEL - 01-04-2018 - 31-03-2020 - Regulier - kvo datum - 04-02-2019;https://www.uitvoeringarbeidsvoorwaardenwetgeving.nl/mozard/!suite92.scherm1007?mObj=783&mSelod=737623
563;563012;01-04-2020;31-12-2020;07-09-2020;Zuivel HP 2020.pdf;563 - ZUIVELINDUSTRIE, HOGER PERSONEEL - 01-04-2020 - 31-12-2020 - Regulier - kvo datum - 07-09-2020;https://www.uitvoeringarbeidsvoorwaardenwetgeving.nl/mozard/!suite92.scherm1007?mObj=19147&mSelod=737623
563;563013;01-04-2024;31-03-2025;26-07-2024;Zuivel HP 1 april 2024 tot en met 31 maart 2025.pdf;563 - ZUIVELINDUSTRIE, HOGER PERSONEEL - 01-04-2024 - 31-03-2025 - Regulier - kvo datum - 26-07-2024;https://www.uitvoeringarbeidsvoorwaardenwetgeving.nl/mozard/!suite92.scherm1007?mObj=43374&mSelod=737623
3855;3855001;01-01-2019;31-12-2020;03-12-2019;cao 1 januari 2019 - 31 december 2020, definitief 29 november 2019.docx.pdf;3855 - ZWEMBADEN - 01-01-2019 - 31-12-2020 - Regulier - kvo datum - 03-12-2019 - TTW;https://www.uitvoeringarbeidsvoorwaardenwetgeving.nl/mozard/!suite92.scherm1007?mObj=15376&mSelod=737625
3855;3855002;01-01-2019;31-12-2020;12-11-2019;cao 1 januari 2019 - 31 december 2020, definitief.docx.pdf;3855 - ZWEMBADEN - 01-01-2019 - 31-12-2020 - Regulier - kvo datum - 12-11-2019;https://www.uitvoeringarbeidsvoorwaardenwetgeving.nl/mozard/!suite92.scherm1007?mObj=15222&mSelod=737625
3855;3855003;01-01-2022;31-12-2022;02-06-2022;cao 1 januari 2022 tot en met 31 december 2022 definitief110522.pdf;3855 - ZWEMBADEN - 01-01-2022 - 31-12-2022 - Regulier - kvo datum - 02-06-2022;https://www.uitvoeringarbeidsvoorwaardenwetgeving.nl/mozard/!suite92.scherm1007?mObj=30007&mSelod=737625
3855;3855004;01-01-2022;31-12-2022;26-07-2022;cao 1 januari 2022 tot en met 31 december 2022 definitief 210722.pdf;3855 - ZWEMBADEN - 01-01-2022 - 31-12-2022 - Regulier - kvo datum - 26-07-2022;https://www.uitvoeringarbeidsvoorwaardenwetgeving.nl/mozard/!suite92.scherm1007?mObj=30683&mSelod=737625
3855;3855005;01-01-2022;31-12-2022;28-07-2022;cao 1 januari 2022 tot en met 31 december 2022 definitief 280722.pdf;3855 - ZWEMBADEN - 01-01-2022 - 31-12-2022 - Regulier - kvo datum - 28-07-2022;https://www.uitvoeringarbeidsvoorwaardenwetgeving.nl/mozard/!suite92.scherm1007?mObj=30719&mSelod=737625
3855;3855006;01-01-2023;30-09-2024;10-05-2023;cao 1 januari 2023 tot en met 30 september 2024, definitief 05052023.pdf;3855 - ZWEMBADEN - 01-01-2023 - 30-09-2024 - Regulier - kvo datum - 10-05-2023 - TTW;https://www.uitvoeringarbeidsvoorwaardenwetgeving.nl/mozard/!suite92.scherm1007?mObj=37018&mSelod=737625
3855;3855007;01-01-2023;30-09-2024;12-04-2023;cao 1 januari 2023 tot en met 30 september 2024, definitief 31032023.pdf;3855 - ZWEMBADEN - 01-01-2023 - 30-09-2024 - Regulier - kvo datum - 12-04-2023;https://www.uitvoeringarbeidsvoorwaardenwetgeving.nl/mozard/!suite92.scherm1007?mObj=36883&mSelod=737625
3855;3855008;01-07-2016;30-06-2017;12-08-2016;cao_definitief_3_0.pdf;3855 - ZWEMBADEN - 01-07-2016 - 30-06-2017 - Regulier - kvo datum - 12-08-2016 - TTW;https://www.uitvoeringarbeidsvoorwaardenwetgeving.nl/mozard/!suite92.scherm1007?mObj=12395&mSelod=737625
3855;3855009;01-07-2016;30-06-2017;20-07-2016;cao_definitief_2_0.pdf;3855 - ZWEMBADEN - 01-07-2016 - 30-06-2017 - Regulier - kvo datum - 20-07-2016 - TTW;https://www.uitvoeringarbeidsvoorwaardenwetgeving.nl/mozard/!suite92.scherm1007?mObj=12394&mSelod=737625
3855;3855010;01-07-2016;30-06-2017;26-09-2016;cao_definitief_4_0__ivm_opmerkingen_SZW_bij_avv_.pdf;3855 - ZWEMBADEN - 01-07-2016 - 30-06-2017 - Regulier - kvo datum - 26-09-2016 - TTW;https://www.uitvoeringarbeidsvoorwaardenwetgeving.nl/mozard/!suite92.scherm1007?mObj=12397&mSelod=737625
3855;3855011;01-07-2017;31-12-2018;01-08-2017;cao_definitief.pdf;3855 - ZWEMBADEN - 01-07-2017 - 31-12-2018 - Regulier - kvo datum - 01-08-2017;https://www.uitvoeringarbeidsvoorwaardenwetgeving.nl/mozard/!suite92.scherm1007?mObj=12398&mSelod=737625
3855;3855012;01-07-2017;31-12-2018;05-01-2018;cao_definitief_januari_2018.pdf;3855 - ZWEMBADEN - 01-07-2017 - 31-12-2018 - Regulier - kvo datum - 05-01-2018 - TTW;https://www.uitvoeringarbeidsvoorwaardenwetgeving.nl/mozard/!suite92.scherm1007?mObj=12400&mSelod=737625
3855;3855013;01-07-2017;31-12-2018;08-12-2017;cao_definitief_november_2017.pdf;3855 - ZWEMBADEN - 01-07-2017 - 31-12-2018 - Regulier - kvo datum - 08-12-2017;https://www.uitvoeringarbeidsvoorwaardenwetgeving.nl/mozard/!suite92.scherm1007?mObj=12399&mSelod=737625
3855;3855014;01-10-2024;31-12-2026;28-04-2025;cao 1 oktober 2024 tot en met 31 december 2026 definitief.pdf;3855 - ZWEMBADEN - 01-10-2024 - 31-12-2026 - Regulier - kvo datum - 28-04-2025;https://www.uitvoeringarbeidsvoorwaardenwetgeving.nl/mozard/!suite92.scherm1007?mObj=47904&mSelod=737625
3340;3340001;01-01-2014;31-12-2014;09-01-2014;Cao_Bestuurders_VO_2014_getekend_exemplaar.pdf;3340 - BESTUURDERS VO - 01-01-2014 - 31-12-2014 - Regulier - kvo datum - 09-01-2014;https://www.uitvoeringarbeidsvoorwaardenwetgeving.nl/mozard/!suite92.scherm1007?mObj=11691&mSelod=738543
3340;3340002;01-01-2015;31-12-2016;15-12-2015;CAO_bestuurders_VO_2015_def_ger_voor_SZA.pdf;3340 - BESTUURDERS VO - 01-01-2015 - 31-12-2016 - Regulier - kvo datum - 15-12-2015;https://www.uitvoeringarbeidsvoorwaardenwetgeving.nl/mozard/!suite92.scherm1007?mObj=11692&mSelod=738543
3340;3340003;01-01-2017;31-12-2017;19-05-2017;CAO_bestuurders_VO_2017_def_tekst_19_mei.pdf;3340 - BESTUURDERS VO - 01-01-2017 - 31-12-2017 - Regulier - kvo datum - 19-05-2017 - TTW;https://www.uitvoeringarbeidsvoorwaardenwetgeving.nl/mozard/!suite92.scherm1007?mObj=11694&mSelod=738543
3340;3340004;01-01-2017;31-12-2017;27-02-2017;CAO_Bestuurders_VO_2017_getekend_laatste_versie.pdf;3340 - BESTUURDERS VO - 01-01-2017 - 31-12-2017 - Regulier - kvo datum - 27-02-2017;https://www.uitvoeringarbeidsvoorwaardenwetgeving.nl/mozard/!suite92.scherm1007?mObj=11693&mSelod=738543
3340;3340005;01-01-2020;31-03-2021;11-01-2021;Cao-Bestuurders-VO-2020_verlenging tot 01-04-2021.pdf;3340 - BESTUURDERS VO - 01-01-2020 - 31-03-2021 - Regulier - kvo datum - 11-01-2021;https://www.uitvoeringarbeidsvoorwaardenwetgeving.nl/mozard/!suite92.scherm1007?mObj=21412&mSelod=738543
3340;3340006;01-01-2020;31-12-2020;15-12-2020;cao Bestuurders VO 2020 getekend.pdf;3340 - BESTUURDERS VO - 01-01-2020 - 31-12-2020 - Regulier - kvo datum - 15-12-2020;https://www.uitvoeringarbeidsvoorwaardenwetgeving.nl/mozard/!suite92.scherm1007?mObj=21057&mSelod=738543
3340;3340007;01-04-2021;31-12-2021;10-02-2022;Cao-Bestuurders-VO-2020_verlenging tot 31-12-2021.pdf;3340 - BESTUURDERS VO - 01-04-2021 - 31-12-2021 - Regulier - kvo datum - 10-02-2022;https://www.uitvoeringarbeidsvoorwaardenwetgeving.nl/mozard/!suite92.scherm1007?mObj=26997&mSelod=738543
3340;3340008;01-06-2018;01-11-2019;16-04-2019;cao-bestuurders-vo-2018-2019-def.2.docx .pdf;3340 - BESTUURDERS VO - 01-06-2018 - 01-11-2019 - Regulier - kvo datum - 16-04-2019;https://www.uitvoeringarbeidsvoorwaardenwetgeving.nl/mozard/!suite92.scherm1007?mObj=14018&mSelod=738543
3340;3340009;01-10-2011;30-09-2013;02-05-2012;120410_CAO_bestuurders_VO_11_13.pdf;3340 - BESTUURDERS VO - 01-10-2011 - 30-09-2013 - Regulier - kvo datum - 02-05-2012;https://www.uitvoeringarbeidsvoorwaardenwetgeving.nl/mozard/!suite92.scherm1007?mObj=11690&mSelod=738543
3340;3340010;01-10-2011;30-09-2013;18-10-2011;111013_CAO_bestuurders_VO_11_13def1.pdf;3340 - BESTUURDERS VO - 01-10-2011 - 30-09-2013 - Regulier - kvo datum - 18-10-2011;https://www.uitvoeringarbeidsvoorwaardenwetgeving.nl/mozard/!suite92.scherm1007?mObj=11689&mSelod=738543
2857;2857001;01-01-2011;31-12-2013;14-01-2011;DoorwerkCAO 2011-2013 (3 januari 2011).pdf;2857 - DOORWERK - 01-01-2011 - 31-12-2013 - Regulier - kvo datum - 14-01-2011;https://www.uitvoeringarbeidsvoorwaardenwetgeving.nl/mozard/!suite92.scherm1007?mObj=10586&mSelod=738988
2857;2857002;01-01-2014;31-12-2015;30-01-2014;DoorwerkCAO_2014_2015__24_januari_2014_.pdf;2857 - DOORWERK - 01-01-2014 - 31-12-2015 - Regulier - kvo datum - 30-01-2014;https://www.uitvoeringarbeidsvoorwaardenwetgeving.nl/mozard/!suite92.scherm1007?mObj=10587&mSelod=738988
3375;3375001;01-01-2012;31-12-2013;08-03-2012;Evenementen__en_Horecabeveiligingsbranche_3375.pdf;3375 - EVENEMENTEN- EN HORECABEVEILIGINGSBRANCHE - 01-01-2012 - 31-12-2013 - Regulier - kvo datum - 08-03-2012;https://www.uitvoeringarbeidsvoorwaardenwetgeving.nl/mozard/!suite92.scherm1007?mObj=11546&mSelod=739209
3375;3375002;01-01-2014;31-12-2018;02-07-2015;CAO_EHB_2014_2018__ttw_26_juni_2015_.pdf;3375 - EVENEMENTEN- EN HORECABEVEILIGINGSBRANCHE - 01-01-2014 - 31-12-2018 - Regulier - kvo datum - 02-07-2015 - TTW;https://www.uitvoeringarbeidsvoorwaardenwetgeving.nl/mozard/!suite92.scherm1007?mObj=11548&mSelod=739209
3375;3375003;01-01-2014;31-12-2018;05-01-2017;CAO_EHB_2014_2018__ttw_1_januari_2017_.pdf;3375 - EVENEMENTEN- EN HORECABEVEILIGINGSBRANCHE - 01-01-2014 - 31-12-2018 - Regulier - kvo datum - 05-01-2017 - TTW;https://www.uitvoeringarbeidsvoorwaardenwetgeving.nl/mozard/!suite92.scherm1007?mObj=11550&mSelod=739209
3375;3375004;01-01-2014;31-12-2018;06-07-2016;CAO_EHB_2014_2018__ttw_1_juli_2016_.pdf;3375 - EVENEMENTEN- EN HORECABEVEILIGINGSBRANCHE - 01-01-2014 - 31-12-2018 - Regulier - kvo datum - 06-07-2016 - TTW;https://www.uitvoeringarbeidsvoorwaardenwetgeving.nl/mozard/!suite92.scherm1007?mObj=11549&mSelod=739209
3375;3375005;01-01-2014;31-12-2018;16-01-2018;CAO_EHB_2014_2018_ttw_1_januari_2018_gecontroleerd.pdf;3375 - EVENEMENTEN- EN HORECABEVEILIGINGSBRANCHE - 01-01-2014 - 31-12-2018 - Regulier - kvo datum - 16-01-2018 - TTW;https://www.uitvoeringarbeidsvoorwaardenwetgeving.nl/mozard/!suite92.scherm1007?mObj=11551&mSelod=739209
3375;3375006;01-01-2014;31-12-2018;22-04-2014;CAO_Evenementen__2014_2018.pdf;3375 - EVENEMENTEN- EN HORECABEVEILIGINGSBRANCHE - 01-01-2014 - 31-12-2018 - Regulier - kvo datum - 22-04-2014;https://www.uitvoeringarbeidsvoorwaardenwetgeving.nl/mozard/!suite92.scherm1007?mObj=11547&mSelod=739209
3375;3375007;01-01-2019;01-12-2023;04-08-2021;CAO EHB 2019-2023 ttw 29 maart 2021.pdf;3375 - EVENEMENTEN- EN HORECABEVEILIGINGSBRANCHE - 01-01-2019 - 01-12-2023 - Regulier - kvo datum - 04-08-2021 - TTW;https://www.uitvoeringarbeidsvoorwaardenwetgeving.nl/mozard/!suite92.scherm1007?mObj=23118&mSelod=739209
3375;3375008;01-01-2019;01-12-2023;06-01-2022;CAO EHB 2019-2023 ttw19 november 2021.pdf;3375 - EVENEMENTEN- EN HORECABEVEILIGINGSBRANCHE - 01-01-2019 - 01-12-2023 - Regulier - kvo datum - 06-01-2022;https://www.uitvoeringarbeidsvoorwaardenwetgeving.nl/mozard/!suite92.scherm1007?mObj=25402&mSelod=739209
3375;3375009;01-01-2019;01-12-2023;14-01-2022;CAO EHB 2019-2023 ttw19 november 2021_1.pdf;3375 - EVENEMENTEN- EN HORECABEVEILIGINGSBRANCHE - 01-01-2019 - 01-12-2023 - Regulier - kvo datum - 14-01-2022;https://www.uitvoeringarbeidsvoorwaardenwetgeving.nl/mozard/!suite92.scherm1007?mObj=25852&mSelod=739209
3375;3375010;01-01-2019;01-12-2023;14-05-2020;CAO EHB 2019-2023 5 december 2019 03.pdf;3375 - EVENEMENTEN- EN HORECABEVEILIGINGSBRANCHE - 01-01-2019 - 01-12-2023 - Regulier - kvo datum - 14-05-2020 - TTW;https://www.uitvoeringarbeidsvoorwaardenwetgeving.nl/mozard/!suite92.scherm1007?mObj=16437&mSelod=739209
3375;3375011;01-01-2019;01-12-2023;18-01-2021;CAO EHB 2019 2023 ttw 15 januari 2021 Ingediend.pdf;3375 - EVENEMENTEN- EN HORECABEVEILIGINGSBRANCHE - 01-01-2019 - 01-12-2023 - Regulier - kvo datum - 18-01-2021 - TTW;https://www.uitvoeringarbeidsvoorwaardenwetgeving.nl/mozard/!suite92.scherm1007?mObj=21490&mSelod=739209
3375;3375012;01-01-2019;01-12-2023;19-08-2020;CAO EHB 2019 2023 ttw 19 augustus 2020.pdf;3375 - EVENEMENTEN- EN HORECABEVEILIGINGSBRANCHE - 01-01-2019 - 01-12-2023 - Regulier - kvo datum - 19-08-2020 - TTW;https://www.uitvoeringarbeidsvoorwaardenwetgeving.nl/mozard/!suite92.scherm1007?mObj=18888&mSelod=739209
3375;3375013;01-01-2019;01-12-2023;25-06-2020;CAO EHB 2019-2023 ttw 26 mei 2020 .pdf;3375 - EVENEMENTEN- EN HORECABEVEILIGINGSBRANCHE - 01-01-2019 - 01-12-2023 - Regulier - kvo datum - 25-06-2020 - TTW;https://www.uitvoeringarbeidsvoorwaardenwetgeving.nl/mozard/!suite92.scherm1007?mObj=16727&mSelod=739209
3375;3375014;01-01-2019;31-12-2023;09-01-2019;CAO EHB 2019 2023 11 december 2018.pdf .pdf;3375 - EVENEMENTEN- EN HORECABEVEILIGINGSBRANCHE - 01-01-2019 - 31-12-2023 - Regulier - kvo datum - 09-01-2019;https://www.uitvoeringarbeidsvoorwaardenwetgeving.nl/mozard/!suite92.scherm1007?mObj=647&mSelod=739209
3375;3375015;01-01-2019;31-12-2023;15-06-2023;CAO EHB 2019-2023 (ttw juni 2023).pdf;3375 - EVENEMENTEN- EN HORECABEVEILIGINGSBRANCHE - 01-01-2019 - 31-12-2023 - Regulier - kvo datum - 15-06-2023;https://www.uitvoeringarbeidsvoorwaardenwetgeving.nl/mozard/!suite92.scherm1007?mObj=37160&mSelod=739209
3375;3375016;01-01-2019;31-12-2023;15-12-2022;CAO EHB 2019 2023 ttw 9 december 2022.pdf;3375 - EVENEMENTEN- EN HORECABEVEILIGINGSBRANCHE - 01-01-2019 - 31-12-2023 - Regulier - kvo datum - 15-12-2022;https://www.uitvoeringarbeidsvoorwaardenwetgeving.nl/mozard/!suite92.scherm1007?mObj=32060&mSelod=739209
3375;3375017;01-01-2024;31-12-2027;02-07-2025;CAO EHB 2024-2027 (juli 2025) schone versie.pdf;3375 - EVENEMENTEN- EN HORECABEVEILIGINGSBRANCHE - 01-01-2024 - 31-12-2027 - Regulier - kvo datum - 02-07-2025 - TTW;https://www.uitvoeringarbeidsvoorwaardenwetgeving.nl/mozard/!suite92.scherm1007?mObj=49045&mSelod=739209
3375;3375018;01-01-2024;31-12-2027;21-12-2023;CAO EHB 2024-2027 (december 2023) definitief.pdf;3375 - EVENEMENTEN- EN HORECABEVEILIGINGSBRANCHE - 01-01-2024 - 31-12-2027 - Regulier - kvo datum - 21-12-2023;https://www.uitvoeringarbeidsvoorwaardenwetgeving.nl/mozard/!suite92.scherm1007?mObj=40706&mSelod=739209
3375;3375019;01-01-2024;31-12-2027;22-01-2025;CAO EHB 2024-2027 (december 2024).pdf;3375 - EVENEMENTEN- EN HORECABEVEILIGINGSBRANCHE - 01-01-2024 - 31-12-2027 - Regulier - kvo datum - 22-01-2025 - TTW;https://www.uitvoeringarbeidsvoorwaardenwetgeving.nl/mozard/!suite92.scherm1007?mObj=46227&mSelod=739209
3375;3375020;01-01-2024;31-12-2027;24-06-2024;CAO EHB 2024-2027 (juni 2024) definitief.pdf;3375 - EVENEMENTEN- EN HORECABEVEILIGINGSBRANCHE - 01-01-2024 - 31-12-2027 - Regulier - kvo datum - 24-06-2024 - TTW;https://www.uitvoeringarbeidsvoorwaardenwetgeving.nl/mozard/!suite92.scherm1007?mObj=43051&mSelod=739209
125;125001;01-04-2011;31-03-2012;23-06-2011;Def_groenten__en_Fruitverwerkende_Industrie.pdf;125 - GROENTEN- EN FRUITVERWERKENDE INDUSTRIE - 01-04-2011 - 31-03-2012 - Regulier - kvo datum - 23-06-2011;https://www.uitvoeringarbeidsvoorwaardenwetgeving.nl/mozard/!suite92.scherm1007?mObj=7025&mSelod=739367
125;125002;01-04-2012;31-03-2014;23-05-2013;caotekst_wlv.pdf;125 - GROENTEN- EN FRUITVERWERKENDE INDUSTRIE - 01-04-2012 - 31-03-2014 - Regulier - kvo datum - 23-05-2013;https://www.uitvoeringarbeidsvoorwaardenwetgeving.nl/mozard/!suite92.scherm1007?mObj=7026&mSelod=739367
125;125003;01-04-2014;30-09-2016;18-03-2015;CAO_VIGEF_20142016_def_.pdf;125 - GROENTEN- EN FRUITVERWERKENDE INDUSTRIE - 01-04-2014 - 30-09-2016 - Regulier - kvo datum - 18-03-2015;https://www.uitvoeringarbeidsvoorwaardenwetgeving.nl/mozard/!suite92.scherm1007?mObj=7027&mSelod=739367
125;125004;01-04-2014;30-09-2016;29-04-2015;CAO_groenten_fruit_industrie_2014_2016_def_versie.pdf;125 - GROENTEN- EN FRUITVERWERKENDE INDUSTRIE - 01-04-2014 - 30-09-2016 - Regulier - kvo datum - 29-04-2015;https://www.uitvoeringarbeidsvoorwaardenwetgeving.nl/mozard/!suite92.scherm1007?mObj=7028&mSelod=739367
125;125005;01-07-2021;30-06-2023;22-09-2022;CAO tekst 2021 2023 Groente en Fruit schone tekst.pdf;125 - GROENTEN- EN FRUITVERWERKENDE INDUSTRIE - 01-07-2021 - 30-06-2023 - Regulier - kvo datum - 22-09-2022;https://www.uitvoeringarbeidsvoorwaardenwetgeving.nl/mozard/!suite92.scherm1007?mObj=31296&mSelod=739367
125;125006;01-07-2021;30-06-2023;24-05-2022;CAO tekst 2021 2023 Groente en Fruit voor registratie.pdf;125 - GROENTEN- EN FRUITVERWERKENDE INDUSTRIE - 01-07-2021 - 30-06-2023 - Regulier - kvo datum - 24-05-2022;https://www.uitvoeringarbeidsvoorwaardenwetgeving.nl/mozard/!suite92.scherm1007?mObj=29901&mSelod=739367
125;125007;01-07-2023;31-03-2025;03-09-2024;Groente- en fruitverwerkende industrie cao ttw sep 2024.pdf;125 - GROENTEN- EN FRUITVERWERKENDE INDUSTRIE - 01-07-2023 - 31-03-2025 - Regulier - kvo datum - 03-09-2024;https://www.uitvoeringarbeidsvoorwaardenwetgeving.nl/mozard/!suite92.scherm1007?mObj=43623&mSelod=739367
125;125008;01-07-2023;31-03-2025;22-09-2023;Groente- en fruitverwerkende industrie definitief cao aug 2023.pdf;125 - GROENTEN- EN FRUITVERWERKENDE INDUSTRIE - 01-07-2023 - 31-03-2025 - Regulier - kvo datum - 22-09-2023;https://www.uitvoeringarbeidsvoorwaardenwetgeving.nl/mozard/!suite92.scherm1007?mObj=38730&mSelod=739367
125;125009;01-10-2016;30-09-2018;02-02-2018;1801_1756_v0_2.pdf;125 - GROENTEN- EN FRUITVERWERKENDE INDUSTRIE - 01-10-2016 - 30-09-2018 - Regulier - kvo datum - 02-02-2018;https://www.uitvoeringarbeidsvoorwaardenwetgeving.nl/mozard/!suite92.scherm1007?mObj=7029&mSelod=739367
125;125010;01-10-2016;30-09-2018;03-04-2018;cao_GFI_.pdf;125 - GROENTEN- EN FRUITVERWERKENDE INDUSTRIE - 01-10-2016 - 30-09-2018 - Regulier - kvo datum - 03-04-2018 - TTW;https://www.uitvoeringarbeidsvoorwaardenwetgeving.nl/mozard/!suite92.scherm1007?mObj=7030&mSelod=739367
125;125011;01-10-2018;30-09-2019;30-04-2019;cao GFI 2018 - 2019b.docx .pdf;125 - GROENTEN- EN FRUITVERWERKENDE INDUSTRIE - 01-10-2018 - 30-09-2019 - Regulier - kvo datum - 30-04-2019;https://www.uitvoeringarbeidsvoorwaardenwetgeving.nl/mozard/!suite92.scherm1007?mObj=14102&mSelod=739367
125;125012;01-10-2019;30-06-2021;24-05-2022;CAO tekst 2019 2021 groente en Fruit voor registratie SZW.pdf;125 - GROENTEN- EN FRUITVERWERKENDE INDUSTRIE - 01-10-2019 - 30-06-2021 - Regulier - kvo datum - 24-05-2022;https://www.uitvoeringarbeidsvoorwaardenwetgeving.nl/mozard/!suite92.scherm1007?mObj=29902&mSelod=739367
27;27001;01-01-2011;31-12-2012;12-06-2012;Mortel_cao_tekst.pdf;27 - MORTEL- EN MORTELTRANSPORTONDERNEMINGEN - 01-01-2011 - 31-12-2012 - Regulier - kvo datum - 12-06-2012 - TTW;https://www.uitvoeringarbeidsvoorwaardenwetgeving.nl/mozard/!suite92.scherm1007?mObj=6808&mSelod=739908
27;27002;01-01-2011;31-12-2012;24-01-2012;Mortel__nieuwe_tekst_2011_2012.pdf;27 - MORTEL- EN MORTELTRANSPORTONDERNEMINGEN - 01-01-2011 - 31-12-2012 - Regulier - kvo datum - 24-01-2012;https://www.uitvoeringarbeidsvoorwaardenwetgeving.nl/mozard/!suite92.scherm1007?mObj=6806&mSelod=739908
27;27003;01-01-2011;31-12-2012;30-03-2012;Mortel_CAO_2011_2012_met_gemarkeerde_wijz.pdf;27 - MORTEL- EN MORTELTRANSPORTONDERNEMINGEN - 01-01-2011 - 31-12-2012 - Regulier - kvo datum - 30-03-2012 - TTW;https://www.uitvoeringarbeidsvoorwaardenwetgeving.nl/mozard/!suite92.scherm1007?mObj=6807&mSelod=739908
2050;2050001;01-01-2016;31-12-2017;26-04-2017;CAO_MMV_tekst_2016___2017_DEFINITIEF.pdf;2050 - MULTIMODAAL VERVOER - 01-01-2016 - 31-12-2017 - Regulier - kvo datum - 26-04-2017;https://www.uitvoeringarbeidsvoorwaardenwetgeving.nl/mozard/!suite92.scherm1007?mObj=10041&mSelod=739929
2050;2050002;01-01-2018;31-12-2018;02-07-2019;CAO MMV tekst 2018 DEFINITIEF.pdf;2050 - MULTIMODAAL VERVOER - 01-01-2018 - 31-12-2018 - Regulier - kvo datum - 02-07-2019;https://www.uitvoeringarbeidsvoorwaardenwetgeving.nl/mozard/!suite92.scherm1007?mObj=14544&mSelod=739929
2050;2050003;01-01-2019;31-12-2019;29-07-2019;CAO MMV tekst 2019 DEFINITIEF.pdf;2050 - MULTIMODAAL VERVOER - 01-01-2019 - 31-12-2019 - Regulier - kvo datum - 29-07-2019;https://www.uitvoeringarbeidsvoorwaardenwetgeving.nl/mozard/!suite92.scherm1007?mObj=14684&mSelod=739929
2050;2050004;01-01-2020;31-12-2020;06-05-2021;CAO MMV tekst 2020 DEFINITIEF.pdf;2050 - MULTIMODAAL VERVOER - 01-01-2020 - 31-12-2020 - Regulier - kvo datum - 06-05-2021;https://www.uitvoeringarbeidsvoorwaardenwetgeving.nl/mozard/!suite92.scherm1007?mObj=22678&mSelod=739929
2050;2050005;01-01-2021;31-12-2025;19-09-2022;CAO MMV tekst 2021 en 2022 DEFINITIEF.pdf;2050 - MULTIMODAAL VERVOER - 01-01-2021 - 31-12-2025 - Regulier - kvo datum - 19-09-2022;https://www.uitvoeringarbeidsvoorwaardenwetgeving.nl/mozard/!suite92.scherm1007?mObj=31275&mSelod=739929
2050;2050006;01-01-2023;31-12-2025;06-12-2023;CAO MMV tekst 2023 2025 tekst aanmelding.pdf;2050 - MULTIMODAAL VERVOER - 01-01-2023 - 31-12-2025 - Regulier - kvo datum - 06-12-2023;https://www.uitvoeringarbeidsvoorwaardenwetgeving.nl/mozard/!suite92.scherm1007?mObj=40379&mSelod=739929
621;621001;01-01-2013;31-12-2014;25-09-2014;VON_cao_2013_2014.pdf;621 - ORGELBOUWBEDRIJF IN NEDERLAND - 01-01-2013 - 31-12-2014 - Regulier - kvo datum - 25-09-2014;https://www.uitvoeringarbeidsvoorwaardenwetgeving.nl/mozard/!suite92.scherm1007?mObj=7778&mSelod=740143
621;621002;01-01-2015;31-12-2016;10-08-2015;VON_cao_2015_2016_def.pdf;621 - ORGELBOUWBEDRIJF IN NEDERLAND - 01-01-2015 - 31-12-2016 - Regulier - kvo datum - 10-08-2015;https://www.uitvoeringarbeidsvoorwaardenwetgeving.nl/mozard/!suite92.scherm1007?mObj=8449&mSelod=740143
621;621003;01-01-2015;31-12-2016;23-07-2015;VON_cao_2015_2016_def_1.pdf;621 - ORGELBOUWBEDRIJF IN NEDERLAND - 01-01-2015 - 31-12-2016 - Regulier - kvo datum - 23-07-2015;https://www.uitvoeringarbeidsvoorwaardenwetgeving.nl/mozard/!suite92.scherm1007?mObj=7779&mSelod=740143
621;621004;01-01-2017;31-12-2018;07-04-2017;VON_cao_2017_def.pdf;621 - ORGELBOUWBEDRIJF IN NEDERLAND - 01-01-2017 - 31-12-2018 - Regulier - kvo datum - 07-04-2017;https://www.uitvoeringarbeidsvoorwaardenwetgeving.nl/mozard/!suite92.scherm1007?mObj=8450&mSelod=740143
621;621005;01-01-2017;31-12-2018;13-04-2017;VON_cao_2017_def1.pdf;621 - ORGELBOUWBEDRIJF IN NEDERLAND - 01-01-2017 - 31-12-2018 - Regulier - kvo datum - 13-04-2017;https://www.uitvoeringarbeidsvoorwaardenwetgeving.nl/mozard/!suite92.scherm1007?mObj=8451&mSelod=740143
621;621006;01-01-2019;31-12-2021;01-03-2019;VON cao 2019-2021 def.doc .pdf;621 - ORGELBOUWBEDRIJF IN NEDERLAND - 01-01-2019 - 31-12-2021 - Regulier - kvo datum - 01-03-2019 - TTW;https://www.uitvoeringarbeidsvoorwaardenwetgeving.nl/mozard/!suite92.scherm1007?mObj=895&mSelod=740143
621;621007;01-01-2019;31-12-2021;13-05-2019;VON cao 2019-2021AM.doc .pdf;621 - ORGELBOUWBEDRIJF IN NEDERLAND - 01-01-2019 - 31-12-2021 - Regulier - kvo datum - 13-05-2019 - TTW;https://www.uitvoeringarbeidsvoorwaardenwetgeving.nl/mozard/!suite92.scherm1007?mObj=14149&mSelod=740143
621;621008;01-01-2019;31-12-2021;23-04-2019;VON cao 2019-2021 def.doc _1.pdf;621 - ORGELBOUWBEDRIJF IN NEDERLAND - 01-01-2019 - 31-12-2021 - Regulier - kvo datum - 23-04-2019 - TTW;https://www.uitvoeringarbeidsvoorwaardenwetgeving.nl/mozard/!suite92.scherm1007?mObj=14079&mSelod=740143
621;621009;01-01-2022;31-12-2023;04-03-2022;VON CAO 2022 2023 Def 1.pdf;621 - ORGELBOUWBEDRIJF IN NEDERLAND - 01-01-2022 - 31-12-2023 - Regulier - kvo datum - 04-03-2022;https://www.uitvoeringarbeidsvoorwaardenwetgeving.nl/mozard/!suite92.scherm1007?mObj=27978&mSelod=740143
621;621010;01-01-2022;31-12-2023;26-01-2022;VON CAO 2022 2023 DEF.pdf;621 - ORGELBOUWBEDRIJF IN NEDERLAND - 01-01-2022 - 31-12-2023 - Regulier - kvo datum - 26-01-2022;https://www.uitvoeringarbeidsvoorwaardenwetgeving.nl/mozard/!suite92.scherm1007?mObj=26320&mSelod=740143
621;621011;01-01-2024;31-12-2025;10-04-2024;VON CAO 2024 2025 clean.pdf;621 - ORGELBOUWBEDRIJF IN NEDERLAND - 01-01-2024 - 31-12-2025 - Regulier - kvo datum - 10-04-2024 - TTW;https://www.uitvoeringarbeidsvoorwaardenwetgeving.nl/mozard/!suite92.scherm1007?mObj=42416&mSelod=740143
621;621012;01-01-2024;31-12-2025;17-01-2024;VON CAO 2024 2025 clean_1.pdf;621 - ORGELBOUWBEDRIJF IN NEDERLAND - 01-01-2024 - 31-12-2025 - Regulier - kvo datum - 17-01-2024;https://www.uitvoeringarbeidsvoorwaardenwetgeving.nl/mozard/!suite92.scherm1007?mObj=41287&mSelod=740143
776;776001;01-04-2015;31-03-2016;05-11-2015;Papierindustrie_2015___2016_def.pdf;776 - PAPIERINDUSTRIE - 01-04-2015 - 31-03-2016 - Regulier - kvo datum - 05-11-2015;https://www.uitvoeringarbeidsvoorwaardenwetgeving.nl/mozard/!suite92.scherm1007?mObj=8035&mSelod=740179
776;776002;01-04-2016;31-03-2018;07-03-2017;Papierindustrie_cao_2016_2018.pdf;776 - PAPIERINDUSTRIE - 01-04-2016 - 31-03-2018 - Regulier - kvo datum - 07-03-2017;https://www.uitvoeringarbeidsvoorwaardenwetgeving.nl/mozard/!suite92.scherm1007?mObj=8036&mSelod=740179
776;776003;01-04-2018;31-03-2020;24-08-2018;papierindustrie_2018___2020.pdf;776 - PAPIERINDUSTRIE - 01-04-2018 - 31-03-2020 - Regulier - kvo datum - 24-08-2018;https://www.uitvoeringarbeidsvoorwaardenwetgeving.nl/mozard/!suite92.scherm1007?mObj=8037&mSelod=740179
776;776004;01-04-2020;31-03-2021;01-02-2021;Papierindustrie 2020 - 2021.pdf;776 - PAPIERINDUSTRIE - 01-04-2020 - 31-03-2021 - Regulier - kvo datum - 01-02-2021;https://www.uitvoeringarbeidsvoorwaardenwetgeving.nl/mozard/!suite92.scherm1007?mObj=21670&mSelod=740179
776;776005;01-04-2021;31-03-2023;22-02-2022;Papierindustrie cao 2021 - 2023.pdf;776 - PAPIERINDUSTRIE - 01-04-2021 - 31-03-2023 - Regulier - kvo datum - 22-02-2022;https://www.uitvoeringarbeidsvoorwaardenwetgeving.nl/mozard/!suite92.scherm1007?mObj=27537&mSelod=740179
776;776006;01-04-2023;31-12-2025;24-10-2023;Papierindustrie cao 2023 2024 (definitief).pdf;776 - PAPIERINDUSTRIE - 01-04-2023 - 31-12-2025 - Regulier - kvo datum - 24-10-2023;https://www.uitvoeringarbeidsvoorwaardenwetgeving.nl/mozard/!suite92.scherm1007?mObj=39158&mSelod=740179
776;776007;01-04-2024;31-12-2025;01-08-2024;Papierindustrie cao 2024 2025 def.pdf;776 - PAPIERINDUSTRIE - 01-04-2024 - 31-12-2025 - Regulier - kvo datum - 01-08-2024;https://www.uitvoeringarbeidsvoorwaardenwetgeving.nl/mozard/!suite92.scherm1007?mObj=43432&mSelod=740179
776;776008;01-04-2025;31-03-2026;14-07-2025;Papierindustrie cao 2025-2026 def schoon.pdf;776 - PAPIERINDUSTRIE - 01-04-2025 - 31-03-2026 - Regulier - kvo datum - 14-07-2025;https://www.uitvoeringarbeidsvoorwaardenwetgeving.nl/mozard/!suite92.scherm1007?mObj=49560&mSelod=740179
776;776009;01-07-2011;30-06-2012;20-12-2011;AWVN__502893_v1__Papierindustrie_2011_2012.pdf;776 - PAPIERINDUSTRIE - 01-07-2011 - 30-06-2012 - Regulier - kvo datum - 20-12-2011;https://www.uitvoeringarbeidsvoorwaardenwetgeving.nl/mozard/!suite92.scherm1007?mObj=8032&mSelod=740179
776;776010;01-07-2012;30-06-2013;06-09-2012;cao_Papierindustrie_2012_t_m_2013.pdf;776 - PAPIERINDUSTRIE - 01-07-2012 - 30-06-2013 - Regulier - kvo datum - 06-09-2012;https://www.uitvoeringarbeidsvoorwaardenwetgeving.nl/mozard/!suite92.scherm1007?mObj=8033&mSelod=740179
776;776011;01-07-2013;31-03-2015;11-07-2014;Papierindustrie_cao_2013_2015.pdf;776 - PAPIERINDUSTRIE - 01-07-2013 - 31-03-2015 - Regulier - kvo datum - 11-07-2014;https://www.uitvoeringarbeidsvoorwaardenwetgeving.nl/mozard/!suite92.scherm1007?mObj=8034&mSelod=740179
