cao_number;main_link_url;pdf_found;pdf_name;pdfs_found_count;id;
633;https://www.uitvoeringarbeidsvoorwaardenwetgeving.nl/mozard/!suite92.scherm1007?mObj=22785&mSelod=704645;TRUE;ABU CAO voor Uitzendkrachten 2021 integraal.pdf;1;633001;
633;https://www.uitvoeringarbeidsvoorwaardenwetgeving.nl/mozard/!suite92.scherm1007?mObj=30561&mSelod=704645;TRUE;ABU-LBV CAO voor Uitzendkrachten 2021 integraal 7-22.pdf;1;633002;
633;https://www.uitvoeringarbeidsvoorwaardenwetgeving.nl/mozard/!suite92.scherm1007?mObj=36462&mSelod=704645;TRUE;ABU CAO voor Uitzendkrachten 2023 integraal 9-03-23.pdf;1;633003;
633;https://www.uitvoeringarbeidsvoorwaardenwetgeving.nl/mozard/!suite92.scherm1007?mObj=8486&mSelod=704645;TRUE;CAO_voor_Uitzendkrachten_juli_2013_integraal.pdf;1;633004;
633;https://www.uitvoeringarbeidsvoorwaardenwetgeving.nl/mozard/!suite92.scherm1007?mObj=8484&mSelod=704645;TRUE;CAO_voor_Uitzendkrachten_dec__2012_integraal.pdf;1;633005;
633;https://www.uitvoeringarbeidsvoorwaardenwetgeving.nl/mozard/!suite92.scherm1007?mObj=8482&mSelod=704645;TRUE;CAO_voor_Uitzendkrachten_5_11_2012_integraal.pdf;1;633006;
633;https://www.uitvoeringarbeidsvoorwaardenwetgeving.nl/mozard/!suite92.scherm1007?mObj=8491&mSelod=704645;TRUE;CAO_voor_uzk_14_10_2015_integraal.pdf;1;633007;
633;https://www.uitvoeringarbeidsvoorwaardenwetgeving.nl/mozard/!suite92.scherm1007?mObj=8490&mSelod=704645;TRUE;CAO_voor_uzk_16_9_2015_integraal.pdf;1;633008;
633;https://www.uitvoeringarbeidsvoorwaardenwetgeving.nl/mozard/!suite92.scherm1007?mObj=8489&mSelod=704645;TRUE;CAO_voor_uzk_29_6_2015_integraal.pdf;1;633009;
633;https://www.uitvoeringarbeidsvoorwaardenwetgeving.nl/mozard/!suite92.scherm1007?mObj=8485&mSelod=704645;TRUE;CAO_voor_Uitzendkrachten_maart_2013_integraal.pdf;1;633010;
633;https://www.uitvoeringarbeidsvoorwaardenwetgeving.nl/mozard/!suite92.scherm1007?mObj=8492&mSelod=704645;TRUE;Cao_integraal.pdf;1;633011;
633;https://www.uitvoeringarbeidsvoorwaardenwetgeving.nl/mozard/!suite92.scherm1007?mObj=8488&mSelod=704645;TRUE;CAO_voor_uzk_29_12_14_integraal.pdf;1;633012;
633;https://www.uitvoeringarbeidsvoorwaardenwetgeving.nl/mozard/!suite92.scherm1007?mObj=8493&mSelod=704645;TRUE;Cao_integraal_1_7_2017.pdf;1;633013;
633;https://www.uitvoeringarbeidsvoorwaardenwetgeving.nl/mozard/!suite92.scherm1007?mObj=8483&mSelod=704645;TRUE;Uitzendkrachten_tekst.pdf;1;633014;
633;https://www.uitvoeringarbeidsvoorwaardenwetgeving.nl/mozard/!suite92.scherm1007?mObj=8487&mSelod=704645;TRUE;CAO_voor_Uitzendkrachten_integraal.pdf;1;633015;
633;https://www.uitvoeringarbeidsvoorwaardenwetgeving.nl/mozard/!suite92.scherm1007?mObj=8494&mSelod=704645;TRUE;Cao_integraal_5_11_2017.pdf;1;633016;
633;https://www.uitvoeringarbeidsvoorwaardenwetgeving.nl/mozard/!suite92.scherm1007?mObj=8495&mSelod=704645;TRUE;Cao_integraal_5_11_2017_1.pdf;1;633017;
633;https://www.uitvoeringarbeidsvoorwaardenwetgeving.nl/mozard/!suite92.scherm1007?mObj=8496&mSelod=704645;TRUE;Cao_integraal_1_7_2018.pdf;1;633018;
633;https://www.uitvoeringarbeidsvoorwaardenwetgeving.nl/mozard/!suite92.scherm1007?mObj=14693&mSelod=704645;TRUE;Cao 1-7-2019 integraal.pdf;1;633019;
633;https://www.uitvoeringarbeidsvoorwaardenwetgeving.nl/mozard/!suite92.scherm1007?mObj=8497&mSelod=704645;TRUE;Cao_integraal_1_1_2019_integraal.pdf;1;633020;
633;https://www.uitvoeringarbeidsvoorwaardenwetgeving.nl/mozard/!suite92.scherm1007?mObj=31670&mSelod=704645;TRUE;ABU CAO voor Uitzendkrachten 2021 - 2023 versie januari 2023 met integraal.pdf;1;633021;
633;https://www.uitvoeringarbeidsvoorwaardenwetgeving.nl/mozard/!suite92.scherm1007?mObj=30402&mSelod=704645;TRUE;ABU CAO voor Uitzendkrachten 2021 - 2023 versie juli 2022 integraal.pdf;1;633022;
633;https://www.uitvoeringarbeidsvoorwaardenwetgeving.nl/mozard/!suite92.scherm1007?mObj=8474&mSelod=704645;TRUE;CAO UZK januari 2011 integraal.pdf;1;633023;
633;https://www.uitvoeringarbeidsvoorwaardenwetgeving.nl/mozard/!suite92.scherm1007?mObj=8475&mSelod=704645;TRUE;CAO UZK april 2011 integraal.pdf;1;633024;
633;https://www.uitvoeringarbeidsvoorwaardenwetgeving.nl/mozard/!suite92.scherm1007?mObj=8478&mSelod=704645;FALSE;;0;633024;
633;https://www.uitvoeringarbeidsvoorwaardenwetgeving.nl/mozard/!suite92.scherm1007?mObj=8477&mSelod=704645;TRUE;CAO_integrale_tekst.pdf;1;633025;
633;https://www.uitvoeringarbeidsvoorwaardenwetgeving.nl/mozard/!suite92.scherm1007?mObj=8479&mSelod=704645;TRUE;CAO_1_november_integraal.pdf;1;633026;
633;https://www.uitvoeringarbeidsvoorwaardenwetgeving.nl/mozard/!suite92.scherm1007?mObj=8481&mSelod=704645;TRUE;CAO_voor_Uitzendkrachten_integraal_1.pdf;1;633027;
633;https://www.uitvoeringarbeidsvoorwaardenwetgeving.nl/mozard/!suite92.scherm1007?mObj=8480&mSelod=704645;TRUE;CAO_voor_Uitzendkrachten_1_4__2012_integraal.pdf;1;633028;
633;https://www.uitvoeringarbeidsvoorwaardenwetgeving.nl/mozard/!suite92.scherm1007?mObj=8476&mSelod=704645;TRUE;CAO_mei_2011_integraal.pdf;1;633029;
633;https://www.uitvoeringarbeidsvoorwaardenwetgeving.nl/mozard/!suite92.scherm1007?mObj=16553&mSelod=704645;TRUE;ABU CAO voor Uitzendkrachten 30-12-2019 integraal mei.pdf;1;633030;
633;https://www.uitvoeringarbeidsvoorwaardenwetgeving.nl/mozard/!suite92.scherm1007?mObj=20889&mSelod=704645;TRUE;ABU CAO voor Uitzendkrachten 1-1-2021 wijz. bijhouden.doc.pdf;1;633031;
633;https://www.uitvoeringarbeidsvoorwaardenwetgeving.nl/mozard/!suite92.scherm1007?mObj=16191&mSelod=704645;TRUE;ABU CAO voor Uitzendkrachten 30-12-2019 integraal 2020.doc.pdf;1;633032;
633;https://www.uitvoeringarbeidsvoorwaardenwetgeving.nl/mozard/!suite92.scherm1007?mObj=15485&mSelod=704645;TRUE;ABU CAO voor Uitzendkrachten 30-12-2019 integraal dec.pdf;1;633033;
633;https://www.uitvoeringarbeidsvoorwaardenwetgeving.nl/mozard/!suite92.scherm1007?mObj=14791&mSelod=704645;TRUE;ABU CAO voor Uitzendkrachten 30-12-2019.pdf;1;633034;
633;https://www.uitvoeringarbeidsvoorwaardenwetgeving.nl/mozard/!suite92.scherm1007?mObj=37030&mSelod=704645;TRUE;ABU CAO voor Uitzendkrachten 2023 integraal.pdf;1;633035;
633;https://www.uitvoeringarbeidsvoorwaardenwetgeving.nl/mozard/!suite92.scherm1007?mObj=36944&mSelod=704645;TRUE;ABU CAO voor Uitzendkrachten 2023 integraal_1.pdf;1;633036;
633;https://www.uitvoeringarbeidsvoorwaardenwetgeving.nl/mozard/!suite92.scherm1007?mObj=24938&mSelod=704645;TRUE;ABU CAO voor Uitzendkrachten 2022 integraal.pdf;1;633037;
633;https://www.uitvoeringarbeidsvoorwaardenwetgeving.nl/mozard/!suite92.scherm1007?mObj=48266&mSelod=704645;TRUE;Cao voor Uitzendkrachten 2026-2028.pdf;1;633038;
633;https://www.uitvoeringarbeidsvoorwaardenwetgeving.nl/mozard/!suite92.scherm1007?mObj=43242&mSelod=704645;TRUE;ABU CAO voor Uitzendkrachten 2024.pdf;1;633039;
182;https://www.uitvoeringarbeidsvoorwaardenwetgeving.nl/mozard/!suite92.scherm1007?mObj=7216&mSelod=704647;TRUE;Horeca_cao__2018_2019_na_ttw.pdf;1;182001;
182;https://www.uitvoeringarbeidsvoorwaardenwetgeving.nl/mozard/!suite92.scherm1007?mObj=7215&mSelod=704647;TRUE;KHN_cao_2018_2019.pdf;1;182002;
182;https://www.uitvoeringarbeidsvoorwaardenwetgeving.nl/mozard/!suite92.scherm1007?mObj=7217&mSelod=704647;TRUE;cao_horeca_2018_2019_na_ttw2.pdf;1;182003;
182;https://www.uitvoeringarbeidsvoorwaardenwetgeving.nl/mozard/!suite92.scherm1007?mObj=16064&mSelod=704647;TRUE;20200310 cao_horeca_2020_wijziging_op_kvo.docx.pdf;1;182004;
182;https://www.uitvoeringarbeidsvoorwaardenwetgeving.nl/mozard/!suite92.scherm1007?mObj=15538&mSelod=704647;TRUE;20200101 cao_horeca_2020_wijziging_op_ttw2_schone versie.docx.pdf;1;182005;
182;https://www.uitvoeringarbeidsvoorwaardenwetgeving.nl/mozard/!suite92.scherm1007?mObj=28338&mSelod=704647;TRUE;20220101 cao_horeca_2022-2023 na 2020_wijziging_op_kvo_avv versie bronbestand.do.pdf;1;182006;
182;https://www.uitvoeringarbeidsvoorwaardenwetgeving.nl/mozard/!suite92.scherm1007?mObj=29870&mSelod=704647;TRUE;20220520 cao_horeca_2022-2023 na 2020_wijziging mei-avv.pdf;1;182007;
182;https://www.uitvoeringarbeidsvoorwaardenwetgeving.nl/mozard/!suite92.scherm1007?mObj=31833&mSelod=704647;TRUE;20221124 cao_horeca_2022-2023 na 2020_wijziging bijlage loontabellen schoon.pdf;1;182008;
182;https://www.uitvoeringarbeidsvoorwaardenwetgeving.nl/mozard/!suite92.scherm1007?mObj=29963&mSelod=704647;TRUE;20220524 cao_horeca_2022-2023 na 2020_wijziging bijlage loontabellen schoon.pdf;1;182009;
182;https://www.uitvoeringarbeidsvoorwaardenwetgeving.nl/mozard/!suite92.scherm1007?mObj=41044&mSelod=704647;TRUE;20131221 cao_horeca_2024 - schone versie.pdf;1;182010;
182;https://www.uitvoeringarbeidsvoorwaardenwetgeving.nl/mozard/!suite92.scherm1007?mObj=42443&mSelod=704647;TRUE;202404~2.pdf;1;182011;
182;https://www.uitvoeringarbeidsvoorwaardenwetgeving.nl/mozard/!suite92.scherm1007?mObj=41416&mSelod=704647;TRUE;20240103 cao_horeca_2024 - tussentijdse wijziging - schone versie.pdf;1;182012;
182;https://www.uitvoeringarbeidsvoorwaardenwetgeving.nl/mozard/!suite92.scherm1007?mObj=45987&mSelod=704647;TRUE;Cao Horeca 2025-2026 incl handboek.pdf;1;182013;
182;https://www.uitvoeringarbeidsvoorwaardenwetgeving.nl/mozard/!suite92.scherm1007?mObj=7214&mSelod=704647;TRUE;Horeca_CAO_.pdf;1;182014;
533;https://www.uitvoeringarbeidsvoorwaardenwetgeving.nl/mozard/!suite92.scherm1007?mObj=7660&mSelod=704649;TRUE;VGL_cao_2011_2013_doorlopende_tekst_200212.pdf;1;533001;
533;https://www.uitvoeringarbeidsvoorwaardenwetgeving.nl/mozard/!suite92.scherm1007?mObj=7661&mSelod=704649;TRUE;VGL_Cao_2013___2017_getekend.pdf;1;533002;
533;https://www.uitvoeringarbeidsvoorwaardenwetgeving.nl/mozard/!suite92.scherm1007?mObj=766&mSelod=704649;TRUE;CAO VGL 2017-2019 v4 schoon 300418 incl loonschalen def. 090518.docx .pdf;1;533003;
533;https://www.uitvoeringarbeidsvoorwaardenwetgeving.nl/mozard/!suite92.scherm1007?mObj=16513&mSelod=704649;TRUE;CAO VGL 2019-2020 definitief schoon 010420.docx.pdf;1;533004;
533;https://www.uitvoeringarbeidsvoorwaardenwetgeving.nl/mozard/!suite92.scherm1007?mObj=25077&mSelod=704649;TRUE;211229 CAO VGL 2020 tot en met 2023 met aangepaste loonschalen - 23-12-2021 V.pdf;1;533005;
533;https://www.uitvoeringarbeidsvoorwaardenwetgeving.nl/mozard/!suite92.scherm1007?mObj=41199&mSelod=704649;TRUE;240105 VGL-cao 2023 tot en met 2024 met aangepaste loonschalen - DEF. (schoon).pdf;1;533006;
533;https://www.uitvoeringarbeidsvoorwaardenwetgeving.nl/mozard/!suite92.scherm1007?mObj=47182&mSelod=704649;TRUE;CAO VGL 2024 tot en met 2026 .pdf;1;533007;
156;https://www.uitvoeringarbeidsvoorwaardenwetgeving.nl/mozard/!suite92.scherm1007?mObj=7593&mSelod=704653;TRUE;CAO_ziekenhuizen_2017_2019_FINALDEF.pdf;1;156001;
156;https://www.uitvoeringarbeidsvoorwaardenwetgeving.nl/mozard/!suite92.scherm1007?mObj=7592&mSelod=704653;TRUE;CAO_ziekenhuizen_2017_2019_DEF.pdf;1;156002;
156;https://www.uitvoeringarbeidsvoorwaardenwetgeving.nl/mozard/!suite92.scherm1007?mObj=38247&mSelod=704653;TRUE;Cao Ziekenhuizen 2023-2025.pdf;1;156003;
156;https://www.uitvoeringarbeidsvoorwaardenwetgeving.nl/mozard/!suite92.scherm1007?mObj=7589&mSelod=704653;TRUE;CAO_Ziekenhuizen_totaal.pdf;1;156004;
156;https://www.uitvoeringarbeidsvoorwaardenwetgeving.nl/mozard/!suite92.scherm1007?mObj=7590&mSelod=704653;TRUE;Ziekenhuizen_2011_2014_zonder_renvooi.pdf;1;156005;
156;https://www.uitvoeringarbeidsvoorwaardenwetgeving.nl/mozard/!suite92.scherm1007?mObj=7588&mSelod=704653;TRUE;Tekst_Cao_Ziekenhuizen_2011_2014_definitief.pdf;1;156006;
156;https://www.uitvoeringarbeidsvoorwaardenwetgeving.nl/mozard/!suite92.scherm1007?mObj=7591&mSelod=704653;TRUE;NLVRZH067_CAO_Ziekenhuizen_14PM.pdf;1;156007;
156;https://www.uitvoeringarbeidsvoorwaardenwetgeving.nl/mozard/!suite92.scherm1007?mObj=31596&mSelod=704653;TRUE;NVZ CAO 2021 2023 schone versie.pdf;1;156008;
156;https://www.uitvoeringarbeidsvoorwaardenwetgeving.nl/mozard/!suite92.scherm1007?mObj=31733&mSelod=704653;TRUE;NVZ CAO 2021 2023 schone versie compleet.pdf;1;156009;
316;https://www.uitvoeringarbeidsvoorwaardenwetgeving.nl/mozard/!suite92.scherm1007?mObj=7117&mSelod=704655;TRUE;levensmiddelensbedrijf_definitief.pdf;1;316001;
316;https://www.uitvoeringarbeidsvoorwaardenwetgeving.nl/mozard/!suite92.scherm1007?mObj=7119&mSelod=704655;TRUE;CAO_LMB_2013_2017_SZW_schoon_V3_20160530.pdf;1;316002;
316;https://www.uitvoeringarbeidsvoorwaardenwetgeving.nl/mozard/!suite92.scherm1007?mObj=7120&mSelod=704655;TRUE;CAO_LMB_2013_2017_SZW_V4_schoon.pdf;1;316003;
316;https://www.uitvoeringarbeidsvoorwaardenwetgeving.nl/mozard/!suite92.scherm1007?mObj=7118&mSelod=704655;TRUE;CAO_LMB_2013_2017_SZW_schoon.pdf;1;316004;
316;https://www.uitvoeringarbeidsvoorwaardenwetgeving.nl/mozard/!suite92.scherm1007?mObj=7121&mSelod=704655;TRUE;CAO_LMB_2017____2019_def_01_02_2018_schone_versie.pdf;1;316005;
316;https://www.uitvoeringarbeidsvoorwaardenwetgeving.nl/mozard/!suite92.scherm1007?mObj=7122&mSelod=704655;FALSE;;0;316005;
316;https://www.uitvoeringarbeidsvoorwaardenwetgeving.nl/mozard/!suite92.scherm1007?mObj=15865&mSelod=704655;TRUE;CAO LMB 2019 - 2020 V 210220 def.docx.pdf;1;316006;
316;https://www.uitvoeringarbeidsvoorwaardenwetgeving.nl/mozard/!suite92.scherm1007?mObj=16324&mSelod=704655;TRUE;CAO LMB 2019 - 2020 V 210220 def .docx.pdf;1;316007;
316;https://www.uitvoeringarbeidsvoorwaardenwetgeving.nl/mozard/!suite92.scherm1007?mObj=28498&mSelod=704655;TRUE;CAO LMB 2020 2023 schone versie feb 22.pdf;1;316008;
316;https://www.uitvoeringarbeidsvoorwaardenwetgeving.nl/mozard/!suite92.scherm1007?mObj=28798&mSelod=704655;TRUE;CAO LMB incl fuwa 2020 2023 schone versie feb 22.pdf;1;316009;
316;https://www.uitvoeringarbeidsvoorwaardenwetgeving.nl/mozard/!suite92.scherm1007?mObj=24880&mSelod=704655;TRUE;CAO LMB 2020 2023 schone versie.pdf;1;316010;
316;https://www.uitvoeringarbeidsvoorwaardenwetgeving.nl/mozard/!suite92.scherm1007?mObj=37770&mSelod=704655;TRUE;CAO LMB incl fuwa 2023 - schoon getekend.pdf;1;316011;
316;https://www.uitvoeringarbeidsvoorwaardenwetgeving.nl/mozard/!suite92.scherm1007?mObj=38431&mSelod=704655;TRUE;CAO LMB incl fuwa 2023 - schoon v 20231808 ongetekend.pdf;1;316012;
316;https://www.uitvoeringarbeidsvoorwaardenwetgeving.nl/mozard/!suite92.scherm1007?mObj=47183&mSelod=704655;TRUE;Vakcentrum CAO 2024-2026 .pdf;2;316013;
433;https://www.uitvoeringarbeidsvoorwaardenwetgeving.nl/mozard/!suite92.scherm1007?mObj=7947&mSelod=704657;TRUE;RAS_caotekst_2010_2011_aanmelding_20072011.pdf;1;433001;
433;https://www.uitvoeringarbeidsvoorwaardenwetgeving.nl/mozard/!suite92.scherm1007?mObj=7948&mSelod=704657;TRUE;Schoonmaak__en_Glazenwassers_cao_stat__en_regl_.pdf;1;433002;
433;https://www.uitvoeringarbeidsvoorwaardenwetgeving.nl/mozard/!suite92.scherm1007?mObj=7951&mSelod=704657;TRUE;CAO_2014_2016.pdf;1;433003;
433;https://www.uitvoeringarbeidsvoorwaardenwetgeving.nl/mozard/!suite92.scherm1007?mObj=7952&mSelod=704657;TRUE;CAO.pdf;1;433004;
433;https://www.uitvoeringarbeidsvoorwaardenwetgeving.nl/mozard/!suite92.scherm1007?mObj=7950&mSelod=704657;TRUE;CAO_2014_2016_1.pdf;1;433005;
433;https://www.uitvoeringarbeidsvoorwaardenwetgeving.nl/mozard/!suite92.scherm1007?mObj=7949&mSelod=704657;TRUE;CAO_2014_2016_2.pdf;1;433006;
433;https://www.uitvoeringarbeidsvoorwaardenwetgeving.nl/mozard/!suite92.scherm1007?mObj=7953&mSelod=704657;TRUE;schoonmaak_en_glazenwassersbedrijf.pdf;1;433007;
433;https://www.uitvoeringarbeidsvoorwaardenwetgeving.nl/mozard/!suite92.scherm1007?mObj=7954&mSelod=704657;TRUE;CAO_2017_2018_definitief.pdf;1;433008;
433;https://www.uitvoeringarbeidsvoorwaardenwetgeving.nl/mozard/!suite92.scherm1007?mObj=7957&mSelod=704657;TRUE;CAO_2017_2019_definitief.pdf;1;433009;
433;https://www.uitvoeringarbeidsvoorwaardenwetgeving.nl/mozard/!suite92.scherm1007?mObj=22134&mSelod=704657;TRUE;CAO 2019 tot 2021 definitief.docx.pdf;1;433010;
433;https://www.uitvoeringarbeidsvoorwaardenwetgeving.nl/mozard/!suite92.scherm1007?mObj=14226&mSelod=704657;TRUE;CAO 2019-2021 -definitief.docx .pdf;1;433011;
433;https://www.uitvoeringarbeidsvoorwaardenwetgeving.nl/mozard/!suite92.scherm1007?mObj=20366&mSelod=704657;TRUE;CAO 2019-2021 definitief.docx.pdf;1;433012;
433;https://www.uitvoeringarbeidsvoorwaardenwetgeving.nl/mozard/!suite92.scherm1007?mObj=14607&mSelod=704657;TRUE;CAO 2019-2021 nota van wijziging 8-7-2019.docx.pdf;1;433013;
433;https://www.uitvoeringarbeidsvoorwaardenwetgeving.nl/mozard/!suite92.scherm1007?mObj=21190&mSelod=704657;TRUE;CAO 2019 2021 definitief.docx.pdf;1;433014;
433;https://www.uitvoeringarbeidsvoorwaardenwetgeving.nl/mozard/!suite92.scherm1007?mObj=7955&mSelod=704657;TRUE;CAO_2017_2019_definitief_1.pdf;1;433015;
433;https://www.uitvoeringarbeidsvoorwaardenwetgeving.nl/mozard/!suite92.scherm1007?mObj=7956&mSelod=704657;TRUE;CAO_2017_2019_definitief___met_renvooi___20_7_2018.pdf;1;433016;
433;https://www.uitvoeringarbeidsvoorwaardenwetgeving.nl/mozard/!suite92.scherm1007?mObj=28238&mSelod=704657;TRUE;CAO 2022-2024 defintief.pdf;1;433017;
433;https://www.uitvoeringarbeidsvoorwaardenwetgeving.nl/mozard/!suite92.scherm1007?mObj=37501&mSelod=704657;TRUE;CAO 2022-2024 (met wijzigingen 6-7-2023).pdf;1;433018;
433;https://www.uitvoeringarbeidsvoorwaardenwetgeving.nl/mozard/!suite92.scherm1007?mObj=29301&mSelod=704657;TRUE;CAO 2022-2024 defintief_1.pdf;1;433019;
433;https://www.uitvoeringarbeidsvoorwaardenwetgeving.nl/mozard/!suite92.scherm1007?mObj=29783&mSelod=704657;TRUE;CAO 2022-2024 defintief_2.pdf;1;433020;
433;https://www.uitvoeringarbeidsvoorwaardenwetgeving.nl/mozard/!suite92.scherm1007?mObj=32865&mSelod=704657;TRUE;CAO 2022-2024 definitief 1 10 2022.pdf;1;433021;
433;https://www.uitvoeringarbeidsvoorwaardenwetgeving.nl/mozard/!suite92.scherm1007?mObj=41658&mSelod=704657;TRUE;CAO 2024 (1-1-2024 tm 30-6-2024).pdf;1;433022;
433;https://www.uitvoeringarbeidsvoorwaardenwetgeving.nl/mozard/!suite92.scherm1007?mObj=42157&mSelod=704657;TRUE;CAO 2024 (1-1-2024 tm 30-6-2024)_1.pdf;1;433023;
433;https://www.uitvoeringarbeidsvoorwaardenwetgeving.nl/mozard/!suite92.scherm1007?mObj=42199&mSelod=704657;TRUE;CAO 2024 (1-1-2024 tm 30-6-2024)_2.pdf;1;433024;
433;https://www.uitvoeringarbeidsvoorwaardenwetgeving.nl/mozard/!suite92.scherm1007?mObj=22595&mSelod=704657;TRUE;CAO 2021 definitief.pdf;1;433025;
433;https://www.uitvoeringarbeidsvoorwaardenwetgeving.nl/mozard/!suite92.scherm1007?mObj=22727&mSelod=704657;TRUE;CAO 2021 definitief_1.pdf;1;433026;
433;https://www.uitvoeringarbeidsvoorwaardenwetgeving.nl/mozard/!suite92.scherm1007?mObj=43491&mSelod=704657;TRUE;CAO 2024-2026 definitief met alle bijlagen cao.pdf;1;433027;
433;https://www.uitvoeringarbeidsvoorwaardenwetgeving.nl/mozard/!suite92.scherm1007?mObj=43241&mSelod=704657;TRUE;CAO 2024-2026 definitief met bijlagen.pdf;1;433028;
1494;https://www.uitvoeringarbeidsvoorwaardenwetgeving.nl/mozard/!suite92.scherm1007?mObj=8949&mSelod=704659;TRUE;caopo2013_verlngd_handtek_april2014.pdf;1;1494001;
1494;https://www.uitvoeringarbeidsvoorwaardenwetgeving.nl/mozard/!suite92.scherm1007?mObj=8948&mSelod=704659;TRUE;cao_po_2013_verlengd_2014_140107_handtek.pdf;1;1494002;
1494;https://www.uitvoeringarbeidsvoorwaardenwetgeving.nl/mozard/!suite92.scherm1007?mObj=8947&mSelod=704659;TRUE;cao_po_2013_verlengd_2014_140107_handtek_1.pdf;1;1494003;
1494;https://www.uitvoeringarbeidsvoorwaardenwetgeving.nl/mozard/!suite92.scherm1007?mObj=8946&mSelod=704659;TRUE;cao_po_2013_def_versie.pdf;1;1494004;
1494;https://www.uitvoeringarbeidsvoorwaardenwetgeving.nl/mozard/!suite92.scherm1007?mObj=8957&mSelod=704659;TRUE;20190222_CAO_PO_2018_2019_gewijzigd_feb_2019.pdf;1;1494005;
1494;https://www.uitvoeringarbeidsvoorwaardenwetgeving.nl/mozard/!suite92.scherm1007?mObj=8956&mSelod=704659;TRUE;20180719_cao_po_2018_2019_def_getekend.pdf;1;1494006;
1494;https://www.uitvoeringarbeidsvoorwaardenwetgeving.nl/mozard/!suite92.scherm1007?mObj=8955&mSelod=704659;TRUE;CAO_Appo_en_GOVak_2018_2023.pdf;1;1494007;
1494;https://www.uitvoeringarbeidsvoorwaardenwetgeving.nl/mozard/!suite92.scherm1007?mObj=24531&mSelod=704659;TRUE;Def cao po 2021 schoon 6dec2021.pdf;1;1494008;
1494;https://www.uitvoeringarbeidsvoorwaardenwetgeving.nl/mozard/!suite92.scherm1007?mObj=16076&mSelod=704659;TRUE;Def cao primair onderwijs 2019-2020.pdf;1;1494009;
1494;https://www.uitvoeringarbeidsvoorwaardenwetgeving.nl/mozard/!suite92.scherm1007?mObj=20833&mSelod=704659;TRUE;Def cao 2019-2020 nav aanvullende afspraken .pdf;1;1494010;
1494;https://www.uitvoeringarbeidsvoorwaardenwetgeving.nl/mozard/!suite92.scherm1007?mObj=40079&mSelod=704659;TRUE;CAO-PO 2023-2024.pdf;1;1494011;
1494;https://www.uitvoeringarbeidsvoorwaardenwetgeving.nl/mozard/!suite92.scherm1007?mObj=41604&mSelod=704659;TRUE;Def CAO-PO 2023-2024 23012024.pdf;1;1494012;
1494;https://www.uitvoeringarbeidsvoorwaardenwetgeving.nl/mozard/!suite92.scherm1007?mObj=8950&mSelod=704659;TRUE;20141217_cao_po_2014_2015_tekenversie_REE_EvB_copy.pdf;1;1494013;
1494;https://www.uitvoeringarbeidsvoorwaardenwetgeving.nl/mozard/!suite92.scherm1007?mObj=8954&mSelod=704659;TRUE;20170427_cao_po_opnieuw_gewijzigd_tbv_AVV_.pdf;1;1494014;
1494;https://www.uitvoeringarbeidsvoorwaardenwetgeving.nl/mozard/!suite92.scherm1007?mObj=8951&mSelod=704659;TRUE;201600701_cao_po_2016_2017_DEFINITIEF_1_juli_2017.pdf;1;1494015;
1494;https://www.uitvoeringarbeidsvoorwaardenwetgeving.nl/mozard/!suite92.scherm1007?mObj=8952&mSelod=704659;TRUE;20160711_cao_po_2016_2017_versie_iia.pdf;1;1494016;
1494;https://www.uitvoeringarbeidsvoorwaardenwetgeving.nl/mozard/!suite92.scherm1007?mObj=8953&mSelod=704659;TRUE;20161230_cao_po_gewijzigd_per_1_jan_2017.pdf;1;1494017;
1494;https://www.uitvoeringarbeidsvoorwaardenwetgeving.nl/mozard/!suite92.scherm1007?mObj=46468&mSelod=704659;TRUE;Versie 20250114 Teksten CAO PO 2024-2025.pdf;1;1494018;
10;https://www.uitvoeringarbeidsvoorwaardenwetgeving.nl/mozard/!suite92.scherm1007?mObj=6940&mSelod=704661;TRUE;CAO_2011_aanmelding_TTW_11_2011.pdf;1;10001;
10;https://www.uitvoeringarbeidsvoorwaardenwetgeving.nl/mozard/!suite92.scherm1007?mObj=6938&mSelod=704661;TRUE;Bouw CAO 2011 aanmelding TTW 1-2011.pdf;1;10002;
10;https://www.uitvoeringarbeidsvoorwaardenwetgeving.nl/mozard/!suite92.scherm1007?mObj=6943&mSelod=704661;FALSE;;0;10002;
10;https://www.uitvoeringarbeidsvoorwaardenwetgeving.nl/mozard/!suite92.scherm1007?mObj=6944&mSelod=704661;TRUE;TTW_CAO_1_5_2013.pdf;1;10003;
10;https://www.uitvoeringarbeidsvoorwaardenwetgeving.nl/mozard/!suite92.scherm1007?mObj=6941&mSelod=704661;TRUE;Bouwnijverheid_cao_tekst_docx.pdf;1;10004;
10;https://www.uitvoeringarbeidsvoorwaardenwetgeving.nl/mozard/!suite92.scherm1007?mObj=6942&mSelod=704661;TRUE;TTW_CAO_definitief_12_november_2012.pdf;1;10005;
10;https://www.uitvoeringarbeidsvoorwaardenwetgeving.nl/mozard/!suite92.scherm1007?mObj=6946&mSelod=704661;TRUE;TTW_CAO_15_10_2013.pdf;1;10006;
10;https://www.uitvoeringarbeidsvoorwaardenwetgeving.nl/mozard/!suite92.scherm1007?mObj=6945&mSelod=704661;TRUE;TTW_CAO_1_7_2013.pdf;1;10007;
10;https://www.uitvoeringarbeidsvoorwaardenwetgeving.nl/mozard/!suite92.scherm1007?mObj=6949&mSelod=704661;TRUE;TTW_CAO_2014_aanmelding_juli_2014.pdf;1;10008;
10;https://www.uitvoeringarbeidsvoorwaardenwetgeving.nl/mozard/!suite92.scherm1007?mObj=6947&mSelod=704661;TRUE;CAO_2014_aanmelding_20_3_2014.pdf;1;10009;
10;https://www.uitvoeringarbeidsvoorwaardenwetgeving.nl/mozard/!suite92.scherm1007?mObj=6948&mSelod=704661;TRUE;TTW_CAO_2014_4.pdf;1;10010;
10;https://www.uitvoeringarbeidsvoorwaardenwetgeving.nl/mozard/!suite92.scherm1007?mObj=6951&mSelod=704661;TRUE;TTW_cao_Bouw___Infra_integraal.pdf;1;10011;
10;https://www.uitvoeringarbeidsvoorwaardenwetgeving.nl/mozard/!suite92.scherm1007?mObj=6950&mSelod=704661;TRUE;cao_Bouw__Infra_2015_2017_def.pdf;1;10012;
10;https://www.uitvoeringarbeidsvoorwaardenwetgeving.nl/mozard/!suite92.scherm1007?mObj=18670&mSelod=704661;TRUE;cao Bouw en Infra 2020.pdf;1;10013;
10;https://www.uitvoeringarbeidsvoorwaardenwetgeving.nl/mozard/!suite92.scherm1007?mObj=23374&mSelod=704661;TRUE;CAO BOUW EN INFRA 2021-2022 INTERACTIEF.pdf;1;10014;
10;https://www.uitvoeringarbeidsvoorwaardenwetgeving.nl/mozard/!suite92.scherm1007?mObj=22843&mSelod=704661;TRUE;cao Bouw en Infra 2021-2022.pdf;1;10015;
10;https://www.uitvoeringarbeidsvoorwaardenwetgeving.nl/mozard/!suite92.scherm1007?mObj=23013&mSelod=704661;TRUE;cao Bouw en Infra 2021-2022_1.pdf;1;10016;
10;https://www.uitvoeringarbeidsvoorwaardenwetgeving.nl/mozard/!suite92.scherm1007?mObj=23055&mSelod=704661;TRUE;cao Bouw en Infra 2021-2022_2.pdf;1;10017;
10;https://www.uitvoeringarbeidsvoorwaardenwetgeving.nl/mozard/!suite92.scherm1007?mObj=31581&mSelod=704661;TRUE;CAO BOUW EN INFRA 2023 - INTERACTIEF DEF.pdf;1;10018;
10;https://www.uitvoeringarbeidsvoorwaardenwetgeving.nl/mozard/!suite92.scherm1007?mObj=37033&mSelod=704661;TRUE;CAO BOUW EN INFRA 2023 - INTERACTIEF mei 2023.pdf;1;10019;
10;https://www.uitvoeringarbeidsvoorwaardenwetgeving.nl/mozard/!suite92.scherm1007?mObj=39151&mSelod=704661;TRUE;Cao Bouw en Infra - versie 23 oktober 2023.pdf;1;10020;
10;https://www.uitvoeringarbeidsvoorwaardenwetgeving.nl/mozard/!suite92.scherm1007?mObj=31024&mSelod=704661;TRUE;Cao Bouw en Infra 2023.pdf;1;10021;
10;https://www.uitvoeringarbeidsvoorwaardenwetgeving.nl/mozard/!suite92.scherm1007?mObj=41802&mSelod=704661;TRUE;Cao Bouw en Infra 2024 - TTW 12 februari 2024.pdf.pdf;1;10022;
10;https://www.uitvoeringarbeidsvoorwaardenwetgeving.nl/mozard/!suite92.scherm1007?mObj=40742&mSelod=704661;TRUE;Cao Bouw en Infra 2024.pdf;1;10023;
10;https://www.uitvoeringarbeidsvoorwaardenwetgeving.nl/mozard/!suite92.scherm1007?mObj=48625&mSelod=704661;TRUE;Cao Bouw en Infra 2025 - 2027.pdf.pdf;1;10024;
10;https://www.uitvoeringarbeidsvoorwaardenwetgeving.nl/mozard/!suite92.scherm1007?mObj=48807&mSelod=704661;TRUE;Cao Bouw en Infra 2025 - 2027.pdf;1;10025;
10;https://www.uitvoeringarbeidsvoorwaardenwetgeving.nl/mozard/!suite92.scherm1007?mObj=6952&mSelod=704661;FALSE;;0;10025;
10;https://www.uitvoeringarbeidsvoorwaardenwetgeving.nl/mozard/!suite92.scherm1007?mObj=6955&mSelod=704661;TRUE;TTW_cao_Bouw_en_Infra_10_2017.pdf;1;10026;
10;https://www.uitvoeringarbeidsvoorwaardenwetgeving.nl/mozard/!suite92.scherm1007?mObj=6953&mSelod=704661;TRUE;cao_Bouw_en_Infra_2017_2018_def.pdf;1;10027;
10;https://www.uitvoeringarbeidsvoorwaardenwetgeving.nl/mozard/!suite92.scherm1007?mObj=6954&mSelod=704661;TRUE;TTW_cao_Bouw_en_Infra_2017_2018_def.pdf;1;10028;
10;https://www.uitvoeringarbeidsvoorwaardenwetgeving.nl/mozard/!suite92.scherm1007?mObj=6956&mSelod=704661;TRUE;cao_Bouw_en_Infra_2018_2019_def.pdf;1;10029;
10;https://www.uitvoeringarbeidsvoorwaardenwetgeving.nl/mozard/!suite92.scherm1007?mObj=6958&mSelod=704661;TRUE;cao_Bouw_en_Infra_2018_2019_TTW_dec18.pdf;1;10030;
10;https://www.uitvoeringarbeidsvoorwaardenwetgeving.nl/mozard/!suite92.scherm1007?mObj=6957&mSelod=704661;TRUE;cao_Bouw_en_Infra_2018_2019_TTW_okt18.pdf;1;10031;
10;https://www.uitvoeringarbeidsvoorwaardenwetgeving.nl/mozard/!suite92.scherm1007?mObj=13723&mSelod=704661;TRUE;cao Bouw en Infra 2018-2019 TTW mrt19.pdf .pdf;1;10032;
317;https://www.uitvoeringarbeidsvoorwaardenwetgeving.nl/mozard/!suite92.scherm1007?mObj=7123&mSelod=704664;TRUE;gehandicaptenzorg integrale tekst.pdf;1;317001;
317;https://www.uitvoeringarbeidsvoorwaardenwetgeving.nl/mozard/!suite92.scherm1007?mObj=7127&mSelod=704664;TRUE;CAO_GHZ_2016_def_29_2_2016.pdf;1;317002;
317;https://www.uitvoeringarbeidsvoorwaardenwetgeving.nl/mozard/!suite92.scherm1007?mObj=7128&mSelod=704664;TRUE;CAO_Gehandicaptenzorg_2017_2019_def.pdf;1;317003;
317;https://www.uitvoeringarbeidsvoorwaardenwetgeving.nl/mozard/!suite92.scherm1007?mObj=48689&mSelod=704664;TRUE;Tekst CAO Gehandicaptenzorg 2025-2026 (ID 161822).pdf;1;317004;
317;https://www.uitvoeringarbeidsvoorwaardenwetgeving.nl/mozard/!suite92.scherm1007?mObj=7124&mSelod=704664;TRUE;CAO_Gehandicaptenzorg_2011_2014.pdf;1;317005;
317;https://www.uitvoeringarbeidsvoorwaardenwetgeving.nl/mozard/!suite92.scherm1007?mObj=7126&mSelod=704664;TRUE;Def_tekst_CAO_GHZ_2014_2015_vs20140709.pdf;1;317006;
317;https://www.uitvoeringarbeidsvoorwaardenwetgeving.nl/mozard/!suite92.scherm1007?mObj=7125&mSelod=704664;TRUE;Definitieve_tekst_CAO_GHZ_2014_2015.pdf;1;317007;
317;https://www.uitvoeringarbeidsvoorwaardenwetgeving.nl/mozard/!suite92.scherm1007?mObj=19906&mSelod=704664;TRUE;CAO GHZ 2019-2021 versie oktober 2020 zonder wijzigingen bijhouden.docx.pdf;1;317008;
317;https://www.uitvoeringarbeidsvoorwaardenwetgeving.nl/mozard/!suite92.scherm1007?mObj=16026&mSelod=704664;TRUE;CAO GHZ 2019-2021 definitief zonder wijzigingen 20200107.docx.pdf;1;317009;
317;https://www.uitvoeringarbeidsvoorwaardenwetgeving.nl/mozard/!suite92.scherm1007?mObj=30894&mSelod=704664;TRUE;Tekst CAO GHZ 2021-2024.pdf;1;317010;
317;https://www.uitvoeringarbeidsvoorwaardenwetgeving.nl/mozard/!suite92.scherm1007?mObj=36590&mSelod=704664;TRUE;Tekst CAO GHZ 2021-2024_DEFGEW.pdf;1;317011;
317;https://www.uitvoeringarbeidsvoorwaardenwetgeving.nl/mozard/!suite92.scherm1007?mObj=39390&mSelod=704664;TRUE;CAO2021-2024_Augustus2023def_0_0.pdf;1;317012;
317;https://www.uitvoeringarbeidsvoorwaardenwetgeving.nl/mozard/!suite92.scherm1007?mObj=39028&mSelod=704664;TRUE;Tekst CAO GHZ 2021-2024 schone versie V2.pdf;1;317013;
317;https://www.uitvoeringarbeidsvoorwaardenwetgeving.nl/mozard/!suite92.scherm1007?mObj=41870&mSelod=704664;TRUE;CAO Gehandicaptenzorg 2021-2024 tweede ronde.pdf;1;317014;
824;https://www.uitvoeringarbeidsvoorwaardenwetgeving.nl/mozard/!suite92.scherm1007?mObj=8431&mSelod=704667;TRUE;CAO_MB_TTW_juli.pdf;1;824001;
824;https://www.uitvoeringarbeidsvoorwaardenwetgeving.nl/mozard/!suite92.scherm1007?mObj=8429&mSelod=704667;TRUE;CAO_MB.pdf;1;824002;
824;https://www.uitvoeringarbeidsvoorwaardenwetgeving.nl/mozard/!suite92.scherm1007?mObj=8430&mSelod=704667;TRUE;CAO_MB_arcering___wijz_AOW_LT.pdf;1;824003;
824;https://www.uitvoeringarbeidsvoorwaardenwetgeving.nl/mozard/!suite92.scherm1007?mObj=8426&mSelod=704667;TRUE;cao_mb_aangepast_n_a_v_bed.pdf;1;824004;
824;https://www.uitvoeringarbeidsvoorwaardenwetgeving.nl/mozard/!suite92.scherm1007?mObj=8427&mSelod=704667;TRUE;MT_Metaalbew__CAO___handb_.pdf;1;824005;
824;https://www.uitvoeringarbeidsvoorwaardenwetgeving.nl/mozard/!suite92.scherm1007?mObj=43852&mSelod=704667;TRUE;HB 5e editie 2024.pdf;2;824006;
824;https://www.uitvoeringarbeidsvoorwaardenwetgeving.nl/mozard/!suite92.scherm1007?mObj=45538&mSelod=704667;TRUE;HB 5e editie 2024_1.pdf;2;824007;
824;https://www.uitvoeringarbeidsvoorwaardenwetgeving.nl/mozard/!suite92.scherm1007?mObj=44063&mSelod=704667;TRUE;HB 5e editie 2024_2.pdf;2;824008;
824;https://www.uitvoeringarbeidsvoorwaardenwetgeving.nl/mozard/!suite92.scherm1007?mObj=8428&mSelod=704667;TRUE;MenT_Metaalbewerkingsbedr__CAO_tot_.pdf;1;824009;
824;https://www.uitvoeringarbeidsvoorwaardenwetgeving.nl/mozard/!suite92.scherm1007?mObj=8433&mSelod=704667;TRUE;CAO_MB_2017_2019_TTW_juli_2017.pdf;1;824010;
824;https://www.uitvoeringarbeidsvoorwaardenwetgeving.nl/mozard/!suite92.scherm1007?mObj=8432&mSelod=704667;TRUE;CAO_MB_17_19.pdf;1;824011;
824;https://www.uitvoeringarbeidsvoorwaardenwetgeving.nl/mozard/!suite92.scherm1007?mObj=8435&mSelod=704667;TRUE;CAO_MB_2017_2019_TTW_LL_nov_2018.pdf;1;824012;
824;https://www.uitvoeringarbeidsvoorwaardenwetgeving.nl/mozard/!suite92.scherm1007?mObj=8434&mSelod=704667;TRUE;CAO_MB_2017_2019_TTW_GP_nov_2017.pdf;1;824013;
824;https://www.uitvoeringarbeidsvoorwaardenwetgeving.nl/mozard/!suite92.scherm1007?mObj=21671&mSelod=704667;TRUE;CAO MB 2019 2021SZW TTW V2 Wagweu.docx.pdf;1;824014;
824;https://www.uitvoeringarbeidsvoorwaardenwetgeving.nl/mozard/!suite92.scherm1007?mObj=15100&mSelod=704667;FALSE;;0;824014;
824;https://www.uitvoeringarbeidsvoorwaardenwetgeving.nl/mozard/!suite92.scherm1007?mObj=21140&mSelod=704667;TRUE;CAO MB 2019 2021SZW TTW Wagweu en art 64.docx.pdf;1;824015;
824;https://www.uitvoeringarbeidsvoorwaardenwetgeving.nl/mozard/!suite92.scherm1007?mObj=15324&mSelod=704667;FALSE;;0;824015;
824;https://www.uitvoeringarbeidsvoorwaardenwetgeving.nl/mozard/!suite92.scherm1007?mObj=30082&mSelod=704667;TRUE;CAO MB 2021 2024.pdf;1;824016;
824;https://www.uitvoeringarbeidsvoorwaardenwetgeving.nl/mozard/!suite92.scherm1007?mObj=30104&mSelod=704667;TRUE;CAO MB 2021 2024_1.pdf;1;824017;
824;https://www.uitvoeringarbeidsvoorwaardenwetgeving.nl/mozard/!suite92.scherm1007?mObj=30226&mSelod=704667;TRUE;CAO MB 2021 2024b.pdf;1;824018;
21;https://www.uitvoeringarbeidsvoorwaardenwetgeving.nl/mozard/!suite92.scherm1007?mObj=6973&mSelod=704673;TRUE;CAO 2010 aanmelding.pdf;1;21001;
21;https://www.uitvoeringarbeidsvoorwaardenwetgeving.nl/mozard/!suite92.scherm1007?mObj=6974&mSelod=704673;TRUE;CAO_2012_aanmelding.pdf;1;21002;
21;https://www.uitvoeringarbeidsvoorwaardenwetgeving.nl/mozard/!suite92.scherm1007?mObj=6975&mSelod=704673;TRUE;CAO_tekst_2014_2017.pdf;1;21003;
21;https://www.uitvoeringarbeidsvoorwaardenwetgeving.nl/mozard/!suite92.scherm1007?mObj=6978&mSelod=704673;TRUE;CAO_tekst_2019_basis.pdf;1;21004;
21;https://www.uitvoeringarbeidsvoorwaardenwetgeving.nl/mozard/!suite92.scherm1007?mObj=6977&mSelod=704673;TRUE;CAO_tekst_2017__2020_inclusief_FNV.pdf;1;21005;
21;https://www.uitvoeringarbeidsvoorwaardenwetgeving.nl/mozard/!suite92.scherm1007?mObj=6976&mSelod=704673;TRUE;CAO_tekst_2017_2020.pdf;1;21006;
21;https://www.uitvoeringarbeidsvoorwaardenwetgeving.nl/mozard/!suite92.scherm1007?mObj=6979&mSelod=704673;TRUE;CAO_tekst_2019_basis_1.pdf;1;21007;
21;https://www.uitvoeringarbeidsvoorwaardenwetgeving.nl/mozard/!suite92.scherm1007?mObj=16602&mSelod=704673;TRUE;CAO tekst 2020 basis.docx.pdf;1;21008;
21;https://www.uitvoeringarbeidsvoorwaardenwetgeving.nl/mozard/!suite92.scherm1007?mObj=17206&mSelod=704673;TRUE;CAO tekst 2020 basis aangepast.docx.pdf;1;21009;
21;https://www.uitvoeringarbeidsvoorwaardenwetgeving.nl/mozard/!suite92.scherm1007?mObj=23097&mSelod=704673;TRUE;CAO tekst 2021-2022 basis.pdf;1;21010;
21;https://www.uitvoeringarbeidsvoorwaardenwetgeving.nl/mozard/!suite92.scherm1007?mObj=22977&mSelod=704673;TRUE;CAO tekst 2021-2022 basis_1.pdf;1;21011;
21;https://www.uitvoeringarbeidsvoorwaardenwetgeving.nl/mozard/!suite92.scherm1007?mObj=31844&mSelod=704673;TRUE;CAO tekst 2023 basis.pdf;1;21012;
21;https://www.uitvoeringarbeidsvoorwaardenwetgeving.nl/mozard/!suite92.scherm1007?mObj=41934&mSelod=704673;TRUE;CAO tekst 2024 basis.pdf;1;21013;
21;https://www.uitvoeringarbeidsvoorwaardenwetgeving.nl/mozard/!suite92.scherm1007?mObj=41497&mSelod=704673;TRUE;CAO tekst 2024 basis_1.pdf;1;21014;
2948;https://www.uitvoeringarbeidsvoorwaardenwetgeving.nl/mozard/!suite92.scherm1007?mObj=40617&mSelod=704676;TRUE;CAO VVT 2022-2024 verlengde cao ttw.pdf;1;2948001;
2948;https://www.uitvoeringarbeidsvoorwaardenwetgeving.nl/mozard/!suite92.scherm1007?mObj=42918&mSelod=704676;TRUE;CAO VVT 2022-2024 verlengde cao ttw2.pdf;1;2948002;
2948;https://www.uitvoeringarbeidsvoorwaardenwetgeving.nl/mozard/!suite92.scherm1007?mObj=39626&mSelod=704676;TRUE;CAO VVT 2022-2024 verlengde cao def.pdf;1;2948003;
2948;https://www.uitvoeringarbeidsvoorwaardenwetgeving.nl/mozard/!suite92.scherm1007?mObj=42274&mSelod=704676;TRUE;CAO VVT 2022-2024 verlengde cao ttw_1.pdf;1;2948004;
2948;https://www.uitvoeringarbeidsvoorwaardenwetgeving.nl/mozard/!suite92.scherm1007?mObj=48022&mSelod=704676;TRUE;CAO VVT 2025-2026_versie april 2025.pdf;1;2948005;
2948;https://www.uitvoeringarbeidsvoorwaardenwetgeving.nl/mozard/!suite92.scherm1007?mObj=49557&mSelod=704676;TRUE;CAO VVT 2025-2026_TTW 1.pdf;1;2948006;
2948;https://www.uitvoeringarbeidsvoorwaardenwetgeving.nl/mozard/!suite92.scherm1007?mObj=11000&mSelod=704676;TRUE;CAO_VVT_2010_2012_nieuwe_aanmelding_okt_.pdf;1;2948007;
2948;https://www.uitvoeringarbeidsvoorwaardenwetgeving.nl/mozard/!suite92.scherm1007?mObj=11001&mSelod=704676;FALSE;;0;2948007;
2948;https://www.uitvoeringarbeidsvoorwaardenwetgeving.nl/mozard/!suite92.scherm1007?mObj=10999&mSelod=704676;TRUE;CAO_VVT_2010_2012_2_.pdf;1;2948008;
2948;https://www.uitvoeringarbeidsvoorwaardenwetgeving.nl/mozard/!suite92.scherm1007?mObj=11002&mSelod=704676;TRUE;CAO_VVT_2012_2013_docx.pdf;1;2948009;
2948;https://www.uitvoeringarbeidsvoorwaardenwetgeving.nl/mozard/!suite92.scherm1007?mObj=11003&mSelod=704676;TRUE;cao_t_b_v__avv2.pdf;1;2948010;
2948;https://www.uitvoeringarbeidsvoorwaardenwetgeving.nl/mozard/!suite92.scherm1007?mObj=11013&mSelod=704676;TRUE;wijziging_art_1_1__cao_aanmelding.pdf;1;2948011;
2948;https://www.uitvoeringarbeidsvoorwaardenwetgeving.nl/mozard/!suite92.scherm1007?mObj=11009&mSelod=704676;TRUE;CAO_VVT_2016_2018_def.pdf;1;2948012;
2948;https://www.uitvoeringarbeidsvoorwaardenwetgeving.nl/mozard/!suite92.scherm1007?mObj=11011&mSelod=704676;TRUE;gewijzigde_cao_2016_2018_artikel_12_2.pdf;1;2948013;
2948;https://www.uitvoeringarbeidsvoorwaardenwetgeving.nl/mozard/!suite92.scherm1007?mObj=11012&mSelod=704676;TRUE;gewijzigde_cao_2016_2018_artikel_1_1_.pdf;1;2948014;
2948;https://www.uitvoeringarbeidsvoorwaardenwetgeving.nl/mozard/!suite92.scherm1007?mObj=11010&mSelod=704676;TRUE;gewijzigde_cao_2016_2018.pdf;1;2948015;
2948;https://www.uitvoeringarbeidsvoorwaardenwetgeving.nl/mozard/!suite92.scherm1007?mObj=11016&mSelod=704676;TRUE;cao_VVT.pdf;1;2948016;
2948;https://www.uitvoeringarbeidsvoorwaardenwetgeving.nl/mozard/!suite92.scherm1007?mObj=11015&mSelod=704676;TRUE;cao_VVT_2018_2019.pdf;1;2948017;
2948;https://www.uitvoeringarbeidsvoorwaardenwetgeving.nl/mozard/!suite92.scherm1007?mObj=11014&mSelod=704676;TRUE;cao_2018.pdf;1;2948018;
2948;https://www.uitvoeringarbeidsvoorwaardenwetgeving.nl/mozard/!suite92.scherm1007?mObj=15580&mSelod=704676;TRUE;cao 2019-2021 tussentijdse wijziging.docx.pdf;1;2948019;
2948;https://www.uitvoeringarbeidsvoorwaardenwetgeving.nl/mozard/!suite92.scherm1007?mObj=20328&mSelod=704676;TRUE;cao 2019-2021 tussentijdse wijziging .docx.pdf;1;2948020;
2948;https://www.uitvoeringarbeidsvoorwaardenwetgeving.nl/mozard/!suite92.scherm1007?mObj=15822&mSelod=704676;TRUE;cao 2019-2021 tussentijdse wijziging versie 18 febr.docx.pdf;1;2948021;
2948;https://www.uitvoeringarbeidsvoorwaardenwetgeving.nl/mozard/!suite92.scherm1007?mObj=15534&mSelod=704676;TRUE;cao 2019-2021 .docx.pdf;1;2948022;
2948;https://www.uitvoeringarbeidsvoorwaardenwetgeving.nl/mozard/!suite92.scherm1007?mObj=11006&mSelod=704676;TRUE;gewijzigde_cao_VVT.pdf;1;2948023;
2948;https://www.uitvoeringarbeidsvoorwaardenwetgeving.nl/mozard/!suite92.scherm1007?mObj=11005&mSelod=704676;TRUE;cao_teksten_2013_2014_aanmelding.pdf;1;2948024;
2948;https://www.uitvoeringarbeidsvoorwaardenwetgeving.nl/mozard/!suite92.scherm1007?mObj=11007&mSelod=704676;TRUE;cao_VVT_tot_1_januari_2015.pdf;1;2948025;
2948;https://www.uitvoeringarbeidsvoorwaardenwetgeving.nl/mozard/!suite92.scherm1007?mObj=11004&mSelod=704676;TRUE;Tekst_aanmelding_CAO_VVT_2013_2014.pdf;1;2948026;
2948;https://www.uitvoeringarbeidsvoorwaardenwetgeving.nl/mozard/!suite92.scherm1007?mObj=11008&mSelod=704676;TRUE;cao_2014_2016_aanmelding.pdf;1;2948027;
2948;https://www.uitvoeringarbeidsvoorwaardenwetgeving.nl/mozard/!suite92.scherm1007?mObj=23185&mSelod=704676;TRUE;CAO 2021 aanmelding.pdf;1;2948028;
2948;https://www.uitvoeringarbeidsvoorwaardenwetgeving.nl/mozard/!suite92.scherm1007?mObj=23199&mSelod=704676;TRUE;CAO 2021 aanmelding_1.pdf;1;2948029;
2948;https://www.uitvoeringarbeidsvoorwaardenwetgeving.nl/mozard/!suite92.scherm1007?mObj=36975&mSelod=704676;TRUE;CAO VVT 2022-2023 ttw april23.pdf;1;2948030;
2948;https://www.uitvoeringarbeidsvoorwaardenwetgeving.nl/mozard/!suite92.scherm1007?mObj=31900&mSelod=704676;TRUE;CAO VVT 2022-2023 ttwnov22a.pdf;1;2948031;
2948;https://www.uitvoeringarbeidsvoorwaardenwetgeving.nl/mozard/!suite92.scherm1007?mObj=31946&mSelod=704676;TRUE;CAO VVT 2022-2023 ttwnov22b.pdf;1;2948032;
2948;https://www.uitvoeringarbeidsvoorwaardenwetgeving.nl/mozard/!suite92.scherm1007?mObj=32080&mSelod=704676;TRUE;CAO VVT 2022-2023 ttwnov22c.pdf;1;2948033;
2948;https://www.uitvoeringarbeidsvoorwaardenwetgeving.nl/mozard/!suite92.scherm1007?mObj=30355&mSelod=704676;TRUE;CAO VVT 2022-2023 tussentijdse wijziging.pdf;1;2948034;
2948;https://www.uitvoeringarbeidsvoorwaardenwetgeving.nl/mozard/!suite92.scherm1007?mObj=29921&mSelod=704676;TRUE;CAO VVT 2022-2023 aanmelding.pdf;1;2948035;
2948;https://www.uitvoeringarbeidsvoorwaardenwetgeving.nl/mozard/!suite92.scherm1007?mObj=31867&mSelod=704676;TRUE;CAO VVT 2022-2023 ttwnov.pdf;1;2948036;
2948;https://www.uitvoeringarbeidsvoorwaardenwetgeving.nl/mozard/!suite92.scherm1007?mObj=31881&mSelod=704676;TRUE;CAO VVT 2022-2023 ttwnov22.pdf;1;2948037;
487;https://www.uitvoeringarbeidsvoorwaardenwetgeving.nl/mozard/!suite92.scherm1007?mObj=7810&mSelod=704678;TRUE;Basis_CAO_Metalektro_2011_2013.pdf;1;487001;
487;https://www.uitvoeringarbeidsvoorwaardenwetgeving.nl/mozard/!suite92.scherm1007?mObj=7814&mSelod=704678;TRUE;Basis_CAO_ME_2011_2013__versie_121008.pdf;1;487002;
487;https://www.uitvoeringarbeidsvoorwaardenwetgeving.nl/mozard/!suite92.scherm1007?mObj=7812&mSelod=704678;TRUE;Basis_CAO_Metalektro_met_statutenfondsen.pdf;1;487003;
487;https://www.uitvoeringarbeidsvoorwaardenwetgeving.nl/mozard/!suite92.scherm1007?mObj=7813&mSelod=704678;TRUE;Basis_CAO_Metalektro_2011_2013_1.pdf;1;487004;
487;https://www.uitvoeringarbeidsvoorwaardenwetgeving.nl/mozard/!suite92.scherm1007?mObj=7811&mSelod=704678;TRUE;Basis_CAO_Metalektro_versie_voor_website.pdf;1;487005;
487;https://www.uitvoeringarbeidsvoorwaardenwetgeving.nl/mozard/!suite92.scherm1007?mObj=7817&mSelod=704678;TRUE;CAO_Metalektro_Basis__met_statuten_.pdf;1;487006;
487;https://www.uitvoeringarbeidsvoorwaardenwetgeving.nl/mozard/!suite92.scherm1007?mObj=14794&mSelod=704678;TRUE;Basis-cao Metalektro aanmelding ttw 21-8-19.docx.pdf;1;487007;
487;https://www.uitvoeringarbeidsvoorwaardenwetgeving.nl/mozard/!suite92.scherm1007?mObj=14638&mSelod=704678;TRUE;Basis-cao Metalektro hertaald - def. versie schoon 23-7-19OB.docx.pdf;1;487008;
487;https://www.uitvoeringarbeidsvoorwaardenwetgeving.nl/mozard/!suite92.scherm1007?mObj=43662&mSelod=704678;TRUE;Cao Basis schone versie 9-9-2024 en statuten.pdf;1;487009;
487;https://www.uitvoeringarbeidsvoorwaardenwetgeving.nl/mozard/!suite92.scherm1007?mObj=45532&mSelod=704678;TRUE;Cao Basis schone versie 09-12-2024 en statuten.pdf;1;487010;
487;https://www.uitvoeringarbeidsvoorwaardenwetgeving.nl/mozard/!suite92.scherm1007?mObj=43415&mSelod=704678;TRUE;Cao Basis def. versie 15-7-24 markeringen en statuten.pdf;1;487011;
487;https://www.uitvoeringarbeidsvoorwaardenwetgeving.nl/mozard/!suite92.scherm1007?mObj=7815&mSelod=704678;TRUE;CAO_Metalektro_2013_2015_Basis.pdf;1;487012;
487;https://www.uitvoeringarbeidsvoorwaardenwetgeving.nl/mozard/!suite92.scherm1007?mObj=7816&mSelod=704678;FALSE;;0;487012;
487;https://www.uitvoeringarbeidsvoorwaardenwetgeving.nl/mozard/!suite92.scherm1007?mObj=25910&mSelod=704678;TRUE;Basis 20-22 aanmelding 18-1-22.pdf;1;487013;
487;https://www.uitvoeringarbeidsvoorwaardenwetgeving.nl/mozard/!suite92.scherm1007?mObj=23991&mSelod=704678;TRUE;Def. versie aanmelding 15-11 Basis-cao Metalektro 20-22.pdf;1;487014;
487;https://www.uitvoeringarbeidsvoorwaardenwetgeving.nl/mozard/!suite92.scherm1007?mObj=31948&mSelod=704678;TRUE;Cao Basis def. versie 29-11-22 met statuten ROM en SSF.pdf;1;487015;
487;https://www.uitvoeringarbeidsvoorwaardenwetgeving.nl/mozard/!suite92.scherm1007?mObj=34245&mSelod=704678;TRUE;Cao Basis 2022-2024 dd 25-1.pdf;1;487016;
1060;https://www.uitvoeringarbeidsvoorwaardenwetgeving.nl/mozard/!suite92.scherm1007?mObj=8622&mSelod=704680;TRUE;NBBUCAO_wijzigingen_geaccepteerd_SZW.pdf;1;1060001;
1060;https://www.uitvoeringarbeidsvoorwaardenwetgeving.nl/mozard/!suite92.scherm1007?mObj=32625&mSelod=704680;TRUE;NBBU cao tussentijdse wijzigingen januari 2023.pdf;1;1060002;
1060;https://www.uitvoeringarbeidsvoorwaardenwetgeving.nl/mozard/!suite92.scherm1007?mObj=8623&mSelod=704680;TRUE;definitieve_cao_tekst.pdf;1;1060003;
1060;https://www.uitvoeringarbeidsvoorwaardenwetgeving.nl/mozard/!suite92.scherm1007?mObj=8630&mSelod=704680;TRUE;2180679_NBBU_CAO_Uitzendkrachten_2018_OTFp.pdf;1;1060004;
1060;https://www.uitvoeringarbeidsvoorwaardenwetgeving.nl/mozard/!suite92.scherm1007?mObj=8629&mSelod=704680;TRUE;NBBU_CAO_Uitzendkrachten_2018.pdf;1;1060005;
1060;https://www.uitvoeringarbeidsvoorwaardenwetgeving.nl/mozard/!suite92.scherm1007?mObj=8624&mSelod=704680;TRUE;NBBU_CAO_Uitzendkrachten_2015.pdf;1;1060006;
1060;https://www.uitvoeringarbeidsvoorwaardenwetgeving.nl/mozard/!suite92.scherm1007?mObj=8626&mSelod=704680;TRUE;NBBU_CAO_Uitzendkrachten_2016_V3.pdf;1;1060007;
1060;https://www.uitvoeringarbeidsvoorwaardenwetgeving.nl/mozard/!suite92.scherm1007?mObj=8631&mSelod=704680;TRUE;NBBU_CAO_Uitzendkrachten_2015_2019_def_.pdf;1;1060008;
1060;https://www.uitvoeringarbeidsvoorwaardenwetgeving.nl/mozard/!suite92.scherm1007?mObj=8625&mSelod=704680;TRUE;NBBU_CAO_Uitzendkrachten_2015_per_1_juli_DEF.pdf;1;1060009;
1060;https://www.uitvoeringarbeidsvoorwaardenwetgeving.nl/mozard/!suite92.scherm1007?mObj=14200&mSelod=704680;TRUE;NBBU_CAO_Uitzendkrachten_2015-2019_versie 2019 NL OTF.pdf .pdf;1;1060010;
1060;https://www.uitvoeringarbeidsvoorwaardenwetgeving.nl/mozard/!suite92.scherm1007?mObj=8627&mSelod=704680;TRUE;Cao_uzk_1_7_2016.pdf;1;1060011;
1060;https://www.uitvoeringarbeidsvoorwaardenwetgeving.nl/mozard/!suite92.scherm1007?mObj=8628&mSelod=704680;TRUE;NBBU_CAO_uitzendkrachten_2017.pdf;1;1060012;
1060;https://www.uitvoeringarbeidsvoorwaardenwetgeving.nl/mozard/!suite92.scherm1007?mObj=24937&mSelod=704680;TRUE;Cao uitzendkrachten LBV onwerkbaar weer dec 2021 wijzigingen geaccpteerd.pdf;1;1060013;
1060;https://www.uitvoeringarbeidsvoorwaardenwetgeving.nl/mozard/!suite92.scherm1007?mObj=22786&mSelod=704680;TRUE;NBBU-cao voor uitzendkrachten per 1 juni 2021 def ondertekend.pdf;1;1060014;
1060;https://www.uitvoeringarbeidsvoorwaardenwetgeving.nl/mozard/!suite92.scherm1007?mObj=14802&mSelod=704680;TRUE;NBBU_CAO_Uitzendkrachten 2015-2019_versie 2019 NL OTF.docx.pdf;1;1060015;
1060;https://www.uitvoeringarbeidsvoorwaardenwetgeving.nl/mozard/!suite92.scherm1007?mObj=8619&mSelod=704680;TRUE;NBBU Cao UK 2009-2013 SZW niet gemarkeerd.pdf;1;1060016;
1060;https://www.uitvoeringarbeidsvoorwaardenwetgeving.nl/mozard/!suite92.scherm1007?mObj=8621&mSelod=704680;TRUE;c1032_f9599_fp2852_2011654_NBBU_Uitzend_versie_2.pdf;1;1060017;
1060;https://www.uitvoeringarbeidsvoorwaardenwetgeving.nl/mozard/!suite92.scherm1007?mObj=8620&mSelod=704680;TRUE;NBBU_Uitzendkrachten_1060.pdf;1;1060018;
1060;https://www.uitvoeringarbeidsvoorwaardenwetgeving.nl/mozard/!suite92.scherm1007?mObj=21070&mSelod=704680;TRUE;NBBU_CAO_Uitzendkrachten-NL_2021.pdf;1;1060019;
1060;https://www.uitvoeringarbeidsvoorwaardenwetgeving.nl/mozard/!suite92.scherm1007?mObj=15494&mSelod=704680;TRUE;NBBU cao voor uitzendkrachten - 30122019 - DEFINITIEF.doc.pdf;1;1060020;
1060;https://www.uitvoeringarbeidsvoorwaardenwetgeving.nl/mozard/!suite92.scherm1007?mObj=24939&mSelod=704680;TRUE;NBBU cao per 1-1-2022 defintief wijziging accept.pdf;1;1060021;
1060;https://www.uitvoeringarbeidsvoorwaardenwetgeving.nl/mozard/!suite92.scherm1007?mObj=30411&mSelod=704680;TRUE;NBBU cao tussentijdse wijzigingen def.pdf;1;1060022;
1060;https://www.uitvoeringarbeidsvoorwaardenwetgeving.nl/mozard/!suite92.scherm1007?mObj=43299&mSelod=704680;TRUE;NBBU_CAO_Uitzendkrachten-NL 2024.def.pdf;1;1060023;
1060;https://www.uitvoeringarbeidsvoorwaardenwetgeving.nl/mozard/!suite92.scherm1007?mObj=37561&mSelod=704680;TRUE;NBBU_CAO_Uitzendkrachten-NL_JUN 2023_v1.pdf;1;1060024;
1060;https://www.uitvoeringarbeidsvoorwaardenwetgeving.nl/mozard/!suite92.scherm1007?mObj=37197&mSelod=704680;TRUE;NBBU_CAO_Uitzendkrachten-NL 2023 def..pdf;1;1060025;
1188;https://www.uitvoeringarbeidsvoorwaardenwetgeving.nl/mozard/!suite92.scherm1007?mObj=16866&mSelod=704684;TRUE;VOR_CAO_web_2020_03 beveiligd.pdf;1;1188001;
1188;https://www.uitvoeringarbeidsvoorwaardenwetgeving.nl/mozard/!suite92.scherm1007?mObj=24878&mSelod=704684;TRUE;CAO PDF DEF.pdf;1;1188002;
1188;https://www.uitvoeringarbeidsvoorwaardenwetgeving.nl/mozard/!suite92.scherm1007?mObj=31866&mSelod=704684;TRUE;CAO VO 2022 2023 spreads def voor aanmelding SZW (nov 22).pdf;1;1188003;
1188;https://www.uitvoeringarbeidsvoorwaardenwetgeving.nl/mozard/!suite92.scherm1007?mObj=40677&mSelod=704684;TRUE;CAO VO 2023-2024 (def 14.12.23).pdf;1;1188004;
1188;https://www.uitvoeringarbeidsvoorwaardenwetgeving.nl/mozard/!suite92.scherm1007?mObj=9415&mSelod=704684;TRUE;CAO_VO_2018_2019_voor_aanmelding_SZW.pdf;1;1188005;
1188;https://www.uitvoeringarbeidsvoorwaardenwetgeving.nl/mozard/!suite92.scherm1007?mObj=9414&mSelod=704684;TRUE;CAO_VO_2016_2017_ondertekend_DEFPDF.pdf;1;1188006;
1188;https://www.uitvoeringarbeidsvoorwaardenwetgeving.nl/mozard/!suite92.scherm1007?mObj=9412&mSelod=704684;TRUE;CAO_VO_2011_2012_def.pdf;1;1188007;
1188;https://www.uitvoeringarbeidsvoorwaardenwetgeving.nl/mozard/!suite92.scherm1007?mObj=9413&mSelod=704684;TRUE;CAO_VO_2014__2015.pdf;1;1188008;
1188;https://www.uitvoeringarbeidsvoorwaardenwetgeving.nl/mozard/!suite92.scherm1007?mObj=47907&mSelod=704684;TRUE;CAO VO 2024 2025 zonder handtekeningen en namen (tbv aanmelding) PDF.pdf;1;1188009;
1574;https://www.uitvoeringarbeidsvoorwaardenwetgeving.nl/mozard/!suite92.scherm1007?mObj=9689&mSelod=704686;TRUE;Tekst_CAO_GGZ_2011_2013_juli_2012.pdf;1;1574001;
1574;https://www.uitvoeringarbeidsvoorwaardenwetgeving.nl/mozard/!suite92.scherm1007?mObj=9688&mSelod=704686;TRUE;Werkversie_CAO_GGZ_2011.pdf;1;1574002;
1574;https://www.uitvoeringarbeidsvoorwaardenwetgeving.nl/mozard/!suite92.scherm1007?mObj=9694&mSelod=704686;TRUE;Word_werkbestand_CAO_GGZ_2017_2019.pdf;1;1574003;
1574;https://www.uitvoeringarbeidsvoorwaardenwetgeving.nl/mozard/!suite92.scherm1007?mObj=19186&mSelod=704686;TRUE;GGZ cao met wijziging salarisschaal.pdf;1;1574004;
1574;https://www.uitvoeringarbeidsvoorwaardenwetgeving.nl/mozard/!suite92.scherm1007?mObj=15496&mSelod=704686;FALSE;;0;1574004;
1574;https://www.uitvoeringarbeidsvoorwaardenwetgeving.nl/mozard/!suite92.scherm1007?mObj=21567&mSelod=704686;TRUE;Wijzigingen CAO GGZ 2019-2021 excl bijlage VI - 31 december 2020 definitief.docx.pdf;1;1574005;
1574;https://www.uitvoeringarbeidsvoorwaardenwetgeving.nl/mozard/!suite92.scherm1007?mObj=15120&mSelod=704686;TRUE;cao 2019-2021 min SZW.pdf;1;1574006;
1574;https://www.uitvoeringarbeidsvoorwaardenwetgeving.nl/mozard/!suite92.scherm1007?mObj=15851&mSelod=704686;FALSE;;0;1574006;
1574;https://www.uitvoeringarbeidsvoorwaardenwetgeving.nl/mozard/!suite92.scherm1007?mObj=25950&mSelod=704686;FALSE;;0;1574006;
1574;https://www.uitvoeringarbeidsvoorwaardenwetgeving.nl/mozard/!suite92.scherm1007?mObj=19020&mSelod=704686;FALSE;;0;1574006;
1574;https://www.uitvoeringarbeidsvoorwaardenwetgeving.nl/mozard/!suite92.scherm1007?mObj=9693&mSelod=704686;FALSE;;0;1574006;
1574;https://www.uitvoeringarbeidsvoorwaardenwetgeving.nl/mozard/!suite92.scherm1007?mObj=9692&mSelod=704686;TRUE;GGZ_CAOgids_gewijzigd3dec2015.pdf;1;1574007;
1574;https://www.uitvoeringarbeidsvoorwaardenwetgeving.nl/mozard/!suite92.scherm1007?mObj=9691&mSelod=704686;TRUE;CAO_GGZ_2015_2017.pdf;1;1574008;
1574;https://www.uitvoeringarbeidsvoorwaardenwetgeving.nl/mozard/!suite92.scherm1007?mObj=9690&mSelod=704686;TRUE;GGZ1504_01_binnenwerkCAOgids.pdf;1;1574009;
1574;https://www.uitvoeringarbeidsvoorwaardenwetgeving.nl/mozard/!suite92.scherm1007?mObj=41675&mSelod=704686;TRUE;cao ggz tekst 05-02-2024.pdf;1;1574010;
1574;https://www.uitvoeringarbeidsvoorwaardenwetgeving.nl/mozard/!suite92.scherm1007?mObj=35444&mSelod=704686;TRUE;tekst CAO GGZ 2021-2024.pdf;1;1574011;
1345;https://www.uitvoeringarbeidsvoorwaardenwetgeving.nl/mozard/!suite92.scherm1007?mObj=9175&mSelod=704688;TRUE;CAOP_CAO_boek_A5_def_24_8_9uur.pdf;1;1345001;
1345;https://www.uitvoeringarbeidsvoorwaardenwetgeving.nl/mozard/!suite92.scherm1007?mObj=15423&mSelod=704688;TRUE;20191208_Cao tekst 2019.docx.pdf;1;1345002;
1345;https://www.uitvoeringarbeidsvoorwaardenwetgeving.nl/mozard/!suite92.scherm1007?mObj=18874&mSelod=704688;TRUE;Tekst Cao SW 2020.pdf;1;1345003;
1345;https://www.uitvoeringarbeidsvoorwaardenwetgeving.nl/mozard/!suite92.scherm1007?mObj=23456&mSelod=704688;TRUE;20211015__Tekst Cao SW 2021-2025_def.pdf;1;1345004;
1345;https://www.uitvoeringarbeidsvoorwaardenwetgeving.nl/mozard/!suite92.scherm1007?mObj=45689&mSelod=704688;TRUE;Web-versie-SW-CAO-boekje-2021-2025.pdf;1;1345005;
1345;https://www.uitvoeringarbeidsvoorwaardenwetgeving.nl/mozard/!suite92.scherm1007?mObj=9173&mSelod=704688;TRUE;cao sociale werkvoorziening.pdf;1;1345006;
1345;https://www.uitvoeringarbeidsvoorwaardenwetgeving.nl/mozard/!suite92.scherm1007?mObj=9174&mSelod=704688;TRUE;130214_gehelecao1_versienatosw_4_AP.pdf;1;1345007;
2297;https://www.uitvoeringarbeidsvoorwaardenwetgeving.nl/mozard/!suite92.scherm1007?mObj=9720&mSelod=704690;TRUE;CAO_TI_deel.pdf;1;2297001;
2297;https://www.uitvoeringarbeidsvoorwaardenwetgeving.nl/mozard/!suite92.scherm1007?mObj=9721&mSelod=704690;TRUE;CAO_TI_arcering___wijz_AOW_LT.pdf;1;2297002;
2297;https://www.uitvoeringarbeidsvoorwaardenwetgeving.nl/mozard/!suite92.scherm1007?mObj=9722&mSelod=704690;TRUE;CAO_TI_TTW_juli.pdf;1;2297003;
2297;https://www.uitvoeringarbeidsvoorwaardenwetgeving.nl/mozard/!suite92.scherm1007?mObj=10204&mSelod=704690;TRUE;CAO_TI_2011_2013_incl_wijz_4c_aangepast_n_a_v_bed.pdf;1;2297004;
2297;https://www.uitvoeringarbeidsvoorwaardenwetgeving.nl/mozard/!suite92.scherm1007?mObj=10205&mSelod=704690;TRUE;M_en_T_Technisch_Installatiebedrijf_cao_en_handb_.pdf;1;2297005;
2297;https://www.uitvoeringarbeidsvoorwaardenwetgeving.nl/mozard/!suite92.scherm1007?mObj=43851&mSelod=704690;TRUE;HB 5e editie 2024.pdf;2;2297006;
2297;https://www.uitvoeringarbeidsvoorwaardenwetgeving.nl/mozard/!suite92.scherm1007?mObj=45539&mSelod=704690;TRUE;HB 5e editie 2024_1.pdf;2;2297007;
2297;https://www.uitvoeringarbeidsvoorwaardenwetgeving.nl/mozard/!suite92.scherm1007?mObj=44065&mSelod=704690;TRUE;HB 5e editie 2024_2.pdf;2;2297008;
2297;https://www.uitvoeringarbeidsvoorwaardenwetgeving.nl/mozard/!suite92.scherm1007?mObj=9719&mSelod=704690;TRUE;MenT_Technisch_Install_tot_cao_2297.pdf;1;2297009;
2297;https://www.uitvoeringarbeidsvoorwaardenwetgeving.nl/mozard/!suite92.scherm1007?mObj=9847&mSelod=704690;TRUE;CAO_TI_2017_2019_TTW_juli_2017.pdf;1;2297010;
2297;https://www.uitvoeringarbeidsvoorwaardenwetgeving.nl/mozard/!suite92.scherm1007?mObj=9846&mSelod=704690;TRUE;c2255_f14208_fp3241_CAO_TI_17_19_arcering.pdf;1;2297011;
2297;https://www.uitvoeringarbeidsvoorwaardenwetgeving.nl/mozard/!suite92.scherm1007?mObj=9849&mSelod=704690;TRUE;CAO_TI_2017_2019_TTW_LL_nov_2018.pdf;1;2297012;
2297;https://www.uitvoeringarbeidsvoorwaardenwetgeving.nl/mozard/!suite92.scherm1007?mObj=9848&mSelod=704690;TRUE;CAO_TI_2017_2019_TTW_GP_nov_2017.pdf;1;2297013;
2297;https://www.uitvoeringarbeidsvoorwaardenwetgeving.nl/mozard/!suite92.scherm1007?mObj=21674&mSelod=704690;TRUE;CAO TI 2019 2021 TTW V2 Wagweu.docx.pdf;1;2297014;
2297;https://www.uitvoeringarbeidsvoorwaardenwetgeving.nl/mozard/!suite92.scherm1007?mObj=15101&mSelod=704690;FALSE;;0;2297014;
2297;https://www.uitvoeringarbeidsvoorwaardenwetgeving.nl/mozard/!suite92.scherm1007?mObj=21139&mSelod=704690;TRUE;CAO TI 2019 2021 TTW Wagweu en art 64 .docx.pdf;1;2297015;
2297;https://www.uitvoeringarbeidsvoorwaardenwetgeving.nl/mozard/!suite92.scherm1007?mObj=15325&mSelod=704690;FALSE;;0;2297015;
2297;https://www.uitvoeringarbeidsvoorwaardenwetgeving.nl/mozard/!suite92.scherm1007?mObj=30081&mSelod=704690;TRUE;CAO TI 2021 2024.pdf;1;2297016;
2297;https://www.uitvoeringarbeidsvoorwaardenwetgeving.nl/mozard/!suite92.scherm1007?mObj=30103&mSelod=704690;TRUE;CAO TI 2021 2024_1.pdf;1;2297017;
2297;https://www.uitvoeringarbeidsvoorwaardenwetgeving.nl/mozard/!suite92.scherm1007?mObj=30203&mSelod=704690;TRUE;CAO TI 2021 2024b.pdf;1;2297018;
727;https://www.uitvoeringarbeidsvoorwaardenwetgeving.nl/mozard/!suite92.scherm1007?mObj=23119&mSelod=704692;TRUE;210805 Cao Retail Non-Food 1-7-21 def.pdf;1;727001;
727;https://www.uitvoeringarbeidsvoorwaardenwetgeving.nl/mozard/!suite92.scherm1007?mObj=24368&mSelod=704692;TRUE;211130 Cao Retail Non-Food 1-1-2022 def..pdf;1;727002;
727;https://www.uitvoeringarbeidsvoorwaardenwetgeving.nl/mozard/!suite92.scherm1007?mObj=20947&mSelod=704692;TRUE;201207 Cao Retail Non-Food 1-1-21 definitief.docx.pdf;1;727003;
727;https://www.uitvoeringarbeidsvoorwaardenwetgeving.nl/mozard/!suite92.scherm1007?mObj=23145&mSelod=704692;TRUE;210811 Cao Retail Non-Food 1-7-21 def.pdf;1;727004;
727;https://www.uitvoeringarbeidsvoorwaardenwetgeving.nl/mozard/!suite92.scherm1007?mObj=21636&mSelod=704692;TRUE;210128 Cao Retail Non-Food 1-1-21 definitief.docx.pdf;1;727005;
727;https://www.uitvoeringarbeidsvoorwaardenwetgeving.nl/mozard/!suite92.scherm1007?mObj=34662&mSelod=704692;TRUE;220208 cao Retail Non-Food schone versie.pdf;1;727006;
727;https://www.uitvoeringarbeidsvoorwaardenwetgeving.nl/mozard/!suite92.scherm1007?mObj=37467&mSelod=704692;TRUE;230630 cao Retail Non-Food def.pdf;1;727007;
727;https://www.uitvoeringarbeidsvoorwaardenwetgeving.nl/mozard/!suite92.scherm1007?mObj=33939&mSelod=704692;TRUE;221214 cao Retail Non-Food schone versie.pdf;1;727008;
727;https://www.uitvoeringarbeidsvoorwaardenwetgeving.nl/mozard/!suite92.scherm1007?mObj=36926&mSelod=704692;TRUE;230418 cao Retail Non-Food def.pdf;1;727009;
727;https://www.uitvoeringarbeidsvoorwaardenwetgeving.nl/mozard/!suite92.scherm1007?mObj=43170&mSelod=704692;TRUE;240625 Cao Retail Non-Food definitief.pdf;1;727010;
727;https://www.uitvoeringarbeidsvoorwaardenwetgeving.nl/mozard/!suite92.scherm1007?mObj=42708&mSelod=704692;TRUE;240508 Cao Retail Non-Food definitief.pdf;1;727011;
727;https://www.uitvoeringarbeidsvoorwaardenwetgeving.nl/mozard/!suite92.scherm1007?mObj=48747&mSelod=704692;TRUE;250617 Cao Retail Non-Food juli 2025 def.pdf;1;727012;
727;https://www.uitvoeringarbeidsvoorwaardenwetgeving.nl/mozard/!suite92.scherm1007?mObj=45690&mSelod=704692;TRUE;241218 Cao Retail Non-Food jan 2025 definitief.pdf;1;727013;
727;https://www.uitvoeringarbeidsvoorwaardenwetgeving.nl/mozard/!suite92.scherm1007?mObj=41935&mSelod=704692;TRUE;240206 cao Retail Non-Food def..pdf;1;727014;
727;https://www.uitvoeringarbeidsvoorwaardenwetgeving.nl/mozard/!suite92.scherm1007?mObj=8266&mSelod=704692;TRUE;cao_Mode__Sport_1_7_2010_tot_1_7_2012_22_8_2011.pdf;1;727015;
727;https://www.uitvoeringarbeidsvoorwaardenwetgeving.nl/mozard/!suite92.scherm1007?mObj=8265&mSelod=704692;TRUE;cao_Mode__Sport_1_7_2010_tot_1_7_2012.pdf;1;727016;
727;https://www.uitvoeringarbeidsvoorwaardenwetgeving.nl/mozard/!suite92.scherm1007?mObj=8267&mSelod=704692;TRUE;Cao_Fashion_en_Sport_Inretail.pdf;1;727017;
727;https://www.uitvoeringarbeidsvoorwaardenwetgeving.nl/mozard/!suite92.scherm1007?mObj=8268&mSelod=704692;TRUE;Cao_Fashion_en_Sport_Inretail_21_8_2013.pdf;1;727018;
727;https://www.uitvoeringarbeidsvoorwaardenwetgeving.nl/mozard/!suite92.scherm1007?mObj=8269&mSelod=704692;TRUE;150824_Cao_Fashion__Sport_en_Lifestyle.pdf;1;727019;
727;https://www.uitvoeringarbeidsvoorwaardenwetgeving.nl/mozard/!suite92.scherm1007?mObj=8271&mSelod=704692;TRUE;150824_Cao_Fashion__Sport___Lifestyle_hvb.pdf;1;727020;
727;https://www.uitvoeringarbeidsvoorwaardenwetgeving.nl/mozard/!suite92.scherm1007?mObj=8270&mSelod=704692;TRUE;151020_Cao_Fashion__Sport___Lifestyle_hvb.pdf;1;727021;
727;https://www.uitvoeringarbeidsvoorwaardenwetgeving.nl/mozard/!suite92.scherm1007?mObj=8277&mSelod=704692;TRUE;170630_Cao_F_S__L_2016_2018_definitief_hvb.pdf;1;727022;
727;https://www.uitvoeringarbeidsvoorwaardenwetgeving.nl/mozard/!suite92.scherm1007?mObj=8279&mSelod=704692;TRUE;171115_Cao_F_S__L_2016_2018_definitief_hvb.pdf;1;727023;
727;https://www.uitvoeringarbeidsvoorwaardenwetgeving.nl/mozard/!suite92.scherm1007?mObj=8273&mSelod=704692;TRUE;161031_Cao_F_S__L_2016_2018_hvb.pdf;1;727024;
727;https://www.uitvoeringarbeidsvoorwaardenwetgeving.nl/mozard/!suite92.scherm1007?mObj=8275&mSelod=704692;TRUE;170214_Cao_F_S__L_2016_2018_hvb.pdf;1;727025;
727;https://www.uitvoeringarbeidsvoorwaardenwetgeving.nl/mozard/!suite92.scherm1007?mObj=8280&mSelod=704692;TRUE;171115_Cao_F_S__L_2016_2018_definitief_hvb_1.pdf;1;727026;
727;https://www.uitvoeringarbeidsvoorwaardenwetgeving.nl/mozard/!suite92.scherm1007?mObj=8278&mSelod=704692;TRUE;171115_Cao_F_S__L_2016_2018_definitief_hvb_2.pdf;1;727027;
727;https://www.uitvoeringarbeidsvoorwaardenwetgeving.nl/mozard/!suite92.scherm1007?mObj=8276&mSelod=704692;TRUE;170313_Cao_F_S__L_2016_2018_incl_Wonen_def_hvb.pdf;1;727028;
727;https://www.uitvoeringarbeidsvoorwaardenwetgeving.nl/mozard/!suite92.scherm1007?mObj=8272&mSelod=704692;TRUE;160715_Cao_F__S___L_2016_2018_gewijzigd_hvb.pdf;1;727029;
727;https://www.uitvoeringarbeidsvoorwaardenwetgeving.nl/mozard/!suite92.scherm1007?mObj=8274&mSelod=704692;TRUE;170118_Cao_F_S__L_2016_2018_hvb.pdf;1;727030;
727;https://www.uitvoeringarbeidsvoorwaardenwetgeving.nl/mozard/!suite92.scherm1007?mObj=14721&mSelod=704692;TRUE;190730 cao Retail Non-Food per 1 juli 2019 definitief.docx.pdf;1;727031;
727;https://www.uitvoeringarbeidsvoorwaardenwetgeving.nl/mozard/!suite92.scherm1007?mObj=15563&mSelod=704692;TRUE;191227 cao Retail Non-Food per 1 januari 2020 definitief.docx.pdf;1;727032;
727;https://www.uitvoeringarbeidsvoorwaardenwetgeving.nl/mozard/!suite92.scherm1007?mObj=17606&mSelod=704692;FALSE;;0;727032;
727;https://www.uitvoeringarbeidsvoorwaardenwetgeving.nl/mozard/!suite92.scherm1007?mObj=14834&mSelod=704692;TRUE;190730 cao Retail Non-Food per 1 juli 2019.docx.pdf;1;727033;
727;https://www.uitvoeringarbeidsvoorwaardenwetgeving.nl/mozard/!suite92.scherm1007?mObj=8282&mSelod=704692;TRUE;190128_cao_Retail_Non_Food_definitief_hvb_bg.pdf;1;727034;
727;https://www.uitvoeringarbeidsvoorwaardenwetgeving.nl/mozard/!suite92.scherm1007?mObj=8281&mSelod=704692;TRUE;180921_cao_Retail_Non_Food_definitief_hvb.pdf;1;727035;
727;https://www.uitvoeringarbeidsvoorwaardenwetgeving.nl/mozard/!suite92.scherm1007?mObj=30460&mSelod=704692;TRUE;220629 cao Retail Non-Food def.pdf;1;727036;
823;https://www.uitvoeringarbeidsvoorwaardenwetgeving.nl/mozard/!suite92.scherm1007?mObj=49048&mSelod=704694;TRUE;2025-07-01 CAO MVT 2025 - 2027 - incl HFI DEF.pdf;1;823001;
823;https://www.uitvoeringarbeidsvoorwaardenwetgeving.nl/mozard/!suite92.scherm1007?mObj=34541&mSelod=704694;TRUE;Cao MVT - zonder HFI DEF 6 feb 2023.pdf;1;823002;
823;https://www.uitvoeringarbeidsvoorwaardenwetgeving.nl/mozard/!suite92.scherm1007?mObj=29661&mSelod=704694;TRUE;Concept cao MVT - incl HFI DEF.pdf;1;823003;
823;https://www.uitvoeringarbeidsvoorwaardenwetgeving.nl/mozard/!suite92.scherm1007?mObj=30089&mSelod=704694;TRUE;Cao MVT - incl HFI 8 juni 2022.pdf;1;823004;
823;https://www.uitvoeringarbeidsvoorwaardenwetgeving.nl/mozard/!suite92.scherm1007?mObj=8422&mSelod=704694;TRUE;CAO_tekst_2011_2012_compleet_versie_2_augustus.pdf;1;823005;
823;https://www.uitvoeringarbeidsvoorwaardenwetgeving.nl/mozard/!suite92.scherm1007?mObj=8420&mSelod=704694;TRUE;CAO_tekst_2011_2012_compleet_versie_19_juli.pdf;1;823006;
823;https://www.uitvoeringarbeidsvoorwaardenwetgeving.nl/mozard/!suite92.scherm1007?mObj=8421&mSelod=704694;TRUE;CAO_tekst_2011_2012_compleet_versie_28_juli.pdf;1;823007;
823;https://www.uitvoeringarbeidsvoorwaardenwetgeving.nl/mozard/!suite92.scherm1007?mObj=8423&mSelod=704694;TRUE;CAO_tekst_2012_2014_definitief.pdf;1;823008;
823;https://www.uitvoeringarbeidsvoorwaardenwetgeving.nl/mozard/!suite92.scherm1007?mObj=8424&mSelod=704694;TRUE;CAO_MvT_2014_2018_11_september.pdf;1;823009;
823;https://www.uitvoeringarbeidsvoorwaardenwetgeving.nl/mozard/!suite92.scherm1007?mObj=8425&mSelod=704694;TRUE;CAO_MvT_2014_2018_29_november_2016.pdf;1;823010;
823;https://www.uitvoeringarbeidsvoorwaardenwetgeving.nl/mozard/!suite92.scherm1007?mObj=14985&mSelod=704694;TRUE;CAO MvT 2018-2020 DEF 2 oktober 2019.docx.pdf;1;823011;
823;https://www.uitvoeringarbeidsvoorwaardenwetgeving.nl/mozard/!suite92.scherm1007?mObj=14212&mSelod=704694;TRUE;CAO MvT 2018-2020 DEF 29 mei19.docx .pdf;1;823012;
823;https://www.uitvoeringarbeidsvoorwaardenwetgeving.nl/mozard/!suite92.scherm1007?mObj=14922&mSelod=704694;FALSE;;0;823012;
823;https://www.uitvoeringarbeidsvoorwaardenwetgeving.nl/mozard/!suite92.scherm1007?mObj=21230&mSelod=704694;TRUE;CAO MvT 2020-2021 versie 23 dec 2020.docx.pdf;1;823013;
823;https://www.uitvoeringarbeidsvoorwaardenwetgeving.nl/mozard/!suite92.scherm1007?mObj=21610&mSelod=704694;TRUE;CAO MvT 2020-2021 DEFversie 19 januari 2021.docx.pdf;1;823014;
823;https://www.uitvoeringarbeidsvoorwaardenwetgeving.nl/mozard/!suite92.scherm1007?mObj=42417&mSelod=704694;TRUE;2024-04 Cao MVT 2023 - 2025 - incl HFI vs 2.pdf;1;823015;
823;https://www.uitvoeringarbeidsvoorwaardenwetgeving.nl/mozard/!suite92.scherm1007?mObj=41810&mSelod=704694;TRUE;Cao MVT - incl HFI 31 januari 2024.pdf;1;823016;
1618;https://www.uitvoeringarbeidsvoorwaardenwetgeving.nl/mozard/!suite92.scherm1007?mObj=13838&mSelod=704696;TRUE;Cao umc 2018-2020 def versie maart 2019.pdf .pdf;1;1618001;
1618;https://www.uitvoeringarbeidsvoorwaardenwetgeving.nl/mozard/!suite92.scherm1007?mObj=15428&mSelod=704696;TRUE;19.9945 Umcs Cao umc 2018-2020 per 1-1-2020.pdf;1;1618002;
1618;https://www.uitvoeringarbeidsvoorwaardenwetgeving.nl/mozard/!suite92.scherm1007?mObj=34723&mSelod=704696;TRUE;Cao UMC wijzigingen per januari 2023.pdf;1;1618003;
1618;https://www.uitvoeringarbeidsvoorwaardenwetgeving.nl/mozard/!suite92.scherm1007?mObj=29401&mSelod=704696;TRUE;Cao umc 2022 2023 pdf.pdf;1;1618004;
1618;https://www.uitvoeringarbeidsvoorwaardenwetgeving.nl/mozard/!suite92.scherm1007?mObj=43669&mSelod=704696;TRUE;NFU-24.01131 CAO NL v08 def.pdf;1;1618005;
1618;https://www.uitvoeringarbeidsvoorwaardenwetgeving.nl/mozard/!suite92.scherm1007?mObj=9750&mSelod=704696;TRUE;Officiele_versie_NL_Cao_UMC_2011_2013.pdf;1;1618006;
1618;https://www.uitvoeringarbeidsvoorwaardenwetgeving.nl/mozard/!suite92.scherm1007?mObj=9751&mSelod=704696;TRUE;Cao_umc_2013___2015_officiele_tekst.pdf;1;1618007;
1618;https://www.uitvoeringarbeidsvoorwaardenwetgeving.nl/mozard/!suite92.scherm1007?mObj=9752&mSelod=704696;TRUE;15_11628_Cao_umc_2015_2017_DEF.pdf;1;1618008;
1618;https://www.uitvoeringarbeidsvoorwaardenwetgeving.nl/mozard/!suite92.scherm1007?mObj=9754&mSelod=704696;TRUE;Cao_umc_2015_2017_versie_8_2017.pdf;1;1618009;
1618;https://www.uitvoeringarbeidsvoorwaardenwetgeving.nl/mozard/!suite92.scherm1007?mObj=9753&mSelod=704696;TRUE;SZW_15_14272_Cao_umc_2015_2017.pdf;1;1618010;
1612;https://www.uitvoeringarbeidsvoorwaardenwetgeving.nl/mozard/!suite92.scherm1007?mObj=9736&mSelod=704698;TRUE;CAO_Kinderopvang_2012_2014_def.pdf;1;1612001;
1612;https://www.uitvoeringarbeidsvoorwaardenwetgeving.nl/mozard/!suite92.scherm1007?mObj=9739&mSelod=704698;TRUE;CAO_Kinderopvang_2012_2014_basistekst101114.pdf;1;1612002;
1612;https://www.uitvoeringarbeidsvoorwaardenwetgeving.nl/mozard/!suite92.scherm1007?mObj=9738&mSelod=704698;TRUE;CAO_Kinderopvang_2012_2014_basistekst060214.pdf;1;1612003;
1612;https://www.uitvoeringarbeidsvoorwaardenwetgeving.nl/mozard/!suite92.scherm1007?mObj=9737&mSelod=704698;TRUE;CAO_Kinderopvang_2012_2014_aanmeld150813.pdf;1;1612004;
1612;https://www.uitvoeringarbeidsvoorwaardenwetgeving.nl/mozard/!suite92.scherm1007?mObj=9740&mSelod=704698;TRUE;CAO_Kinderopvang.pdf;1;1612005;
1612;https://www.uitvoeringarbeidsvoorwaardenwetgeving.nl/mozard/!suite92.scherm1007?mObj=9742&mSelod=704698;TRUE;CAO_Kinderopvang_2016_2017.pdf;1;1612006;
1612;https://www.uitvoeringarbeidsvoorwaardenwetgeving.nl/mozard/!suite92.scherm1007?mObj=9741&mSelod=704698;TRUE;CAO_Kinderopvang_difi.pdf;1;1612007;
1612;https://www.uitvoeringarbeidsvoorwaardenwetgeving.nl/mozard/!suite92.scherm1007?mObj=9743&mSelod=704698;TRUE;CAO_Kinderopvang_2018_2019.pdf;1;1612008;
1612;https://www.uitvoeringarbeidsvoorwaardenwetgeving.nl/mozard/!suite92.scherm1007?mObj=16339&mSelod=704698;TRUE;Integrale cao Kinderopvang 2020 - 2021.pdf;1;1612009;
1612;https://www.uitvoeringarbeidsvoorwaardenwetgeving.nl/mozard/!suite92.scherm1007?mObj=18707&mSelod=704698;FALSE;;0;1612009;
1612;https://www.uitvoeringarbeidsvoorwaardenwetgeving.nl/mozard/!suite92.scherm1007?mObj=16657&mSelod=704698;TRUE;Integrale cao Kinderopvang 2020 - 2021 - gewijzigd.pdf;1;1612010;
1612;https://www.uitvoeringarbeidsvoorwaardenwetgeving.nl/mozard/!suite92.scherm1007?mObj=21633&mSelod=704698;TRUE;Integrale gewijzigde cao Kinderopvang 2020-2021 (schone versie).docx.pdf;1;1612011;
1612;https://www.uitvoeringarbeidsvoorwaardenwetgeving.nl/mozard/!suite92.scherm1007?mObj=35983&mSelod=704698;TRUE;Integrale Cao Kinderopvang 2023-2024.pdf;1;1612012;
1612;https://www.uitvoeringarbeidsvoorwaardenwetgeving.nl/mozard/!suite92.scherm1007?mObj=37466&mSelod=704698;TRUE;Integrale gewijzigde Cao Kinderopvang 2023-2024.pdf;1;1612013;
1612;https://www.uitvoeringarbeidsvoorwaardenwetgeving.nl/mozard/!suite92.scherm1007?mObj=40739&mSelod=704698;TRUE;Integrale Cao Kinderopvang 2023-2024 (21-12-2023).pdf;1;1612014;
1612;https://www.uitvoeringarbeidsvoorwaardenwetgeving.nl/mozard/!suite92.scherm1007?mObj=47905&mSelod=704698;TRUE;Integrale Cao Kinderopvang 2025-2026.pdf;1;1612015;
1612;https://www.uitvoeringarbeidsvoorwaardenwetgeving.nl/mozard/!suite92.scherm1007?mObj=9735&mSelod=704698;TRUE;CAOKINDEROPVANG 1011 (ttw160311).pdf;1;1612016;
1612;https://www.uitvoeringarbeidsvoorwaardenwetgeving.nl/mozard/!suite92.scherm1007?mObj=22893&mSelod=704698;TRUE;Integrale Cao Kinderopvang 2021-2022.pdf;1;1612017;
1612;https://www.uitvoeringarbeidsvoorwaardenwetgeving.nl/mozard/!suite92.scherm1007?mObj=23088&mSelod=704698;TRUE;Integrale Cao Kinderopvang 2021-2022 - 280721.pdf;1;1612018;
1612;https://www.uitvoeringarbeidsvoorwaardenwetgeving.nl/mozard/!suite92.scherm1007?mObj=43297&mSelod=704698;TRUE;Integrale Cao Kinderopvang 2024 16-07-2024.pdf;1;1612019;
1612;https://www.uitvoeringarbeidsvoorwaardenwetgeving.nl/mozard/!suite92.scherm1007?mObj=43019&mSelod=704698;TRUE;Integrale Cao Kinderopvang 2024.pdf;1;1612020;
1612;https://www.uitvoeringarbeidsvoorwaardenwetgeving.nl/mozard/!suite92.scherm1007?mObj=45863&mSelod=704698;TRUE;Integrale Cao Kinderopvang 2024 20-12-2024.pdf;1;1612021;
301;https://www.uitvoeringarbeidsvoorwaardenwetgeving.nl/mozard/!suite92.scherm1007?mObj=7454&mSelod=704700;TRUE;CAOWMD1213__270213__definitief.pdf;1;301001;
301;https://www.uitvoeringarbeidsvoorwaardenwetgeving.nl/mozard/!suite92.scherm1007?mObj=7455&mSelod=704700;TRUE;CAOWMD20142016_definitief_301214_.pdf;1;301002;
301;https://www.uitvoeringarbeidsvoorwaardenwetgeving.nl/mozard/!suite92.scherm1007?mObj=7458&mSelod=704700;TRUE;ttwnov15_CAOWMD1416_def_exb2b15_wijzws_151215_def.pdf;1;301003;
301;https://www.uitvoeringarbeidsvoorwaardenwetgeving.nl/mozard/!suite92.scherm1007?mObj=7456&mSelod=704700;TRUE;CAOWMD20142016_ttw220615_definitiefgewijzigd.pdf;1;301004;
301;https://www.uitvoeringarbeidsvoorwaardenwetgeving.nl/mozard/!suite92.scherm1007?mObj=7457&mSelod=704700;TRUE;welzijn_en_maatschappelijke__tekst.pdf;1;301005;
301;https://www.uitvoeringarbeidsvoorwaardenwetgeving.nl/mozard/!suite92.scherm1007?mObj=7459&mSelod=704700;TRUE;welzijn_maatschappelijk_dienstverlenning.pdf;1;301006;
301;https://www.uitvoeringarbeidsvoorwaardenwetgeving.nl/mozard/!suite92.scherm1007?mObj=7460&mSelod=704700;TRUE;caosociaalwerk20172019_def191017_inclfuboek.pdf;1;301007;
301;https://www.uitvoeringarbeidsvoorwaardenwetgeving.nl/mozard/!suite92.scherm1007?mObj=7461&mSelod=704700;TRUE;CAOSOCIAALWERK1719_070218__ttw_corr_avv_def.pdf;1;301008;
301;https://www.uitvoeringarbeidsvoorwaardenwetgeving.nl/mozard/!suite92.scherm1007?mObj=7447&mSelod=704700;TRUE;CAO W&MD 2008-2012 compleet 10_3.pdf;1;301009;
301;https://www.uitvoeringarbeidsvoorwaardenwetgeving.nl/mozard/!suite92.scherm1007?mObj=7448&mSelod=704700;TRUE;CAO_W_MD_2008_2012_AVV_zichtb_renv_17_05_2011.pdf;1;301010;
301;https://www.uitvoeringarbeidsvoorwaardenwetgeving.nl/mozard/!suite92.scherm1007?mObj=7449&mSelod=704700;TRUE;CAOWMD20082011aanmelding2012.pdf;1;301011;
301;https://www.uitvoeringarbeidsvoorwaardenwetgeving.nl/mozard/!suite92.scherm1007?mObj=7453&mSelod=704700;TRUE;CAO_WMD_2008_2011_aanmeldversie.pdf;1;301012;
301;https://www.uitvoeringarbeidsvoorwaardenwetgeving.nl/mozard/!suite92.scherm1007?mObj=7450&mSelod=704700;TRUE;CAOWMD_aanmelding_VERLENGING_2012_ttw_ivm_avv.pdf;1;301013;
301;https://www.uitvoeringarbeidsvoorwaardenwetgeving.nl/mozard/!suite92.scherm1007?mObj=7451&mSelod=704700;TRUE;CAOWMD_VERLENGING_2012_ttw_ivm_avv.pdf;1;301014;
301;https://www.uitvoeringarbeidsvoorwaardenwetgeving.nl/mozard/!suite92.scherm1007?mObj=7452&mSelod=704700;TRUE;CAOWMD_2012_TTW_ivm_AOW_datum.pdf;1;301015;
301;https://www.uitvoeringarbeidsvoorwaardenwetgeving.nl/mozard/!suite92.scherm1007?mObj=18708&mSelod=704700;TRUE;CAOSOCIAALWERK1921gewijzigdivmpsz_290720_def.pdf;1;301016;
301;https://www.uitvoeringarbeidsvoorwaardenwetgeving.nl/mozard/!suite92.scherm1007?mObj=15574&mSelod=704700;TRUE;CAOSOCIAALWERK1921definitief_030120.pdf;1;301017;
301;https://www.uitvoeringarbeidsvoorwaardenwetgeving.nl/mozard/!suite92.scherm1007?mObj=29628&mSelod=704700;TRUE;Cao Sociaal Werk 2021 2023_280422definitief.pdf;1;301018;
301;https://www.uitvoeringarbeidsvoorwaardenwetgeving.nl/mozard/!suite92.scherm1007?mObj=31877&mSelod=704700;TRUE;Cao Sociaal Werk 2021-2023_definitief231122.pdf;1;301019;
301;https://www.uitvoeringarbeidsvoorwaardenwetgeving.nl/mozard/!suite92.scherm1007?mObj=37956&mSelod=704700;TRUE;Cao Sociaal Werk 2023-2025(definitief240723)def.pdf;1;301020;
301;https://www.uitvoeringarbeidsvoorwaardenwetgeving.nl/mozard/!suite92.scherm1007?mObj=43228&mSelod=704700;TRUE;Cao Sociaal Werk 2023-2025(definitief_tussentijdsgewijzigdper010724).pdf;1;301021;
301;https://www.uitvoeringarbeidsvoorwaardenwetgeving.nl/mozard/!suite92.scherm1007?mObj=38971&mSelod=704700;TRUE;Cao Sociaal Werk 2023-2025(gewijzigdper091023).pdf;1;301022;
301;https://www.uitvoeringarbeidsvoorwaardenwetgeving.nl/mozard/!suite92.scherm1007?mObj=39059&mSelod=704700;TRUE;Cao Sociaal Werk 2023-2025(gewijzigdper091023)def.pdf;1;301023;
301;https://www.uitvoeringarbeidsvoorwaardenwetgeving.nl/mozard/!suite92.scherm1007?mObj=42472&mSelod=704700;TRUE;Cao Sociaal Werk 2023-2025(metcorrectie150224).pdf;1;301024;
301;https://www.uitvoeringarbeidsvoorwaardenwetgeving.nl/mozard/!suite92.scherm1007?mObj=45864&mSelod=704700;TRUE;Cao Sociaal Werk 2023-2025(ttw031224opttw010724)definitief.pdf;1;301025;
301;https://www.uitvoeringarbeidsvoorwaardenwetgeving.nl/mozard/!suite92.scherm1007?mObj=13900&mSelod=704700;TRUE;CAOSOCIAALWERK1719_completetekst_def_030419schoon.docx .pdf;1;301026;
1536;https://www.uitvoeringarbeidsvoorwaardenwetgeving.nl/mozard/!suite92.scherm1007?mObj=9303&mSelod=704703;TRUE;CAO_2011_2014_def.pdf;1;1536001;
1536;https://www.uitvoeringarbeidsvoorwaardenwetgeving.nl/mozard/!suite92.scherm1007?mObj=9305&mSelod=704703;TRUE;CAONU_1_januari_2015___1_juli_2016.pdf;1;1536002;
1536;https://www.uitvoeringarbeidsvoorwaardenwetgeving.nl/mozard/!suite92.scherm1007?mObj=9304&mSelod=704703;TRUE;CAONU_1_januari_2015___1_juli_2016_1.pdf;1;1536003;
1536;https://www.uitvoeringarbeidsvoorwaardenwetgeving.nl/mozard/!suite92.scherm1007?mObj=18607&mSelod=704703;TRUE;Collectieve Arbeids Overeenkomst 1 januari - 31 december 2020 webversie CAO NU.p.pdf;1;1536004;
1536;https://www.uitvoeringarbeidsvoorwaardenwetgeving.nl/mozard/!suite92.scherm1007?mObj=24936&mSelod=704703;TRUE;VSNU-CAO Nederlandse Universiteiten 2021-2022-NL definitieve versie 10-11-21.pdf;1;1536005;
1536;https://www.uitvoeringarbeidsvoorwaardenwetgeving.nl/mozard/!suite92.scherm1007?mObj=9302&mSelod=704703;TRUE;Ned_Universiteiten_1536.pdf;1;1536006;
1536;https://www.uitvoeringarbeidsvoorwaardenwetgeving.nl/mozard/!suite92.scherm1007?mObj=31241&mSelod=704703;TRUE;CAO NU 20222-2023 definitieve tekst schoon.pdf;1;1536007;
1536;https://www.uitvoeringarbeidsvoorwaardenwetgeving.nl/mozard/!suite92.scherm1007?mObj=39571&mSelod=704703;TRUE;CAO NU 2023-2024 definitief.pdf;1;1536008;
1536;https://www.uitvoeringarbeidsvoorwaardenwetgeving.nl/mozard/!suite92.scherm1007?mObj=722&mSelod=704703;TRUE;Cao Nederlandse Universiteiten 1 juli 2017 - 31 december 2019.pdf .pdf;1;1536009;
1536;https://www.uitvoeringarbeidsvoorwaardenwetgeving.nl/mozard/!suite92.scherm1007?mObj=45264&mSelod=704703;TRUE;CAO NU 1 juli 2024 - 30 juni 2025 eerste webversie.pdf;1;1536010;
1536;https://www.uitvoeringarbeidsvoorwaardenwetgeving.nl/mozard/!suite92.scherm1007?mObj=9306&mSelod=704703;TRUE;CAO_NU_2_juli_2016___30_juni_2017.pdf;1;1536011;
1536;https://www.uitvoeringarbeidsvoorwaardenwetgeving.nl/mozard/!suite92.scherm1007?mObj=15490&mSelod=704703;TRUE;CAO Nederlandse Universiteiten 31 december 2019 tm 31 december 2020.pdf;1;1536012;
1536;https://www.uitvoeringarbeidsvoorwaardenwetgeving.nl/mozard/!suite92.scherm1007?mObj=15833&mSelod=704703;TRUE;16066-12 VSNU-CAO Nederlandse Universiteiten 2020.pdf;1;1536013;
1022;https://www.uitvoeringarbeidsvoorwaardenwetgeving.nl/mozard/!suite92.scherm1007?mObj=35622&mSelod=704705;TRUE;CAO MBO 2022-2023 in Word - addendum schone versie 22022023.pdf;1;1022001;
1022;https://www.uitvoeringarbeidsvoorwaardenwetgeving.nl/mozard/!suite92.scherm1007?mObj=30405&mSelod=704705;TRUE;CAO MBO 2022-2023.pdf;1;1022002;
1022;https://www.uitvoeringarbeidsvoorwaardenwetgeving.nl/mozard/!suite92.scherm1007?mObj=38921&mSelod=704705;TRUE;CAO MBO 2023-2024.pdf;1;1022003;
1022;https://www.uitvoeringarbeidsvoorwaardenwetgeving.nl/mozard/!suite92.scherm1007?mObj=43702&mSelod=704705;TRUE;CAO MBO 2024.pdf;1;1022004;
1022;https://www.uitvoeringarbeidsvoorwaardenwetgeving.nl/mozard/!suite92.scherm1007?mObj=8543&mSelod=704705;TRUE;CAO_MBO_2016_2017____Nieuwe_versie_25042018.pdf;1;1022005;
1022;https://www.uitvoeringarbeidsvoorwaardenwetgeving.nl/mozard/!suite92.scherm1007?mObj=8542&mSelod=704705;TRUE;CAO_MBO_2016_2017___Nieuwe_versie.pdf;1;1022006;
1022;https://www.uitvoeringarbeidsvoorwaardenwetgeving.nl/mozard/!suite92.scherm1007?mObj=8541&mSelod=704705;TRUE;CAO_MBO_2016_2017_definitief.pdf;1;1022007;
1022;https://www.uitvoeringarbeidsvoorwaardenwetgeving.nl/mozard/!suite92.scherm1007?mObj=16774&mSelod=704705;TRUE;CAO MBO 2020-2021 - wijzigingen geaccepteerd 29062020 def.pdf;1;1022008;
1022;https://www.uitvoeringarbeidsvoorwaardenwetgeving.nl/mozard/!suite92.scherm1007?mObj=8540&mSelod=704705;TRUE;CAO_MBO_2014_2015_in_Word___nieuwe_versie.pdf;1;1022009;
1022;https://www.uitvoeringarbeidsvoorwaardenwetgeving.nl/mozard/!suite92.scherm1007?mObj=8539&mSelod=704705;TRUE;cao_mbo_2014_singlepage_def.pdf;1;1022010;
1022;https://www.uitvoeringarbeidsvoorwaardenwetgeving.nl/mozard/!suite92.scherm1007?mObj=8544&mSelod=704705;TRUE;CAO_MBO_2018_2020_in_Word.pdf;1;1022011;
1022;https://www.uitvoeringarbeidsvoorwaardenwetgeving.nl/mozard/!suite92.scherm1007?mObj=15608&mSelod=704705;TRUE;CAO MBO 2018-2020 - wijzigingen geaccepteerd 712020.pdf;1;1022012;
1022;https://www.uitvoeringarbeidsvoorwaardenwetgeving.nl/mozard/!suite92.scherm1007?mObj=8538&mSelod=704705;TRUE;Beroepsonderwijs_en_Volwasseneneducatie_BVE_1022.pdf;1;1022013;
1022;https://www.uitvoeringarbeidsvoorwaardenwetgeving.nl/mozard/!suite92.scherm1007?mObj=24881&mSelod=704705;TRUE;CAO MBO 2021-2022 - wijzigingen doorgevoerd 17122021.pdf;1;1022014;
1022;https://www.uitvoeringarbeidsvoorwaardenwetgeving.nl/mozard/!suite92.scherm1007?mObj=23025&mSelod=704705;TRUE;CAO MBO 2021 - wijzigingen geaccepteerd 09072021.pdf;1;1022015;
1496;https://www.uitvoeringarbeidsvoorwaardenwetgeving.nl/mozard/!suite92.scherm1007?mObj=8972&mSelod=704707;TRUE;BAKKERSBEDRIJF_cao.pdf;1;1496001;
1496;https://www.uitvoeringarbeidsvoorwaardenwetgeving.nl/mozard/!suite92.scherm1007?mObj=8970&mSelod=704707;TRUE;01_CAO_BAKKERSBEDRIJF_1_MAART_2012___definitief.pdf;1;1496002;
1496;https://www.uitvoeringarbeidsvoorwaardenwetgeving.nl/mozard/!suite92.scherm1007?mObj=8971&mSelod=704707;TRUE;01_CAO_BAKKERSBEDRIJF_1_MAART_2012.pdf;1;1496003;
1496;https://www.uitvoeringarbeidsvoorwaardenwetgeving.nl/mozard/!suite92.scherm1007?mObj=8973&mSelod=704707;TRUE;01_CAO_BAKKERSBEDRIJF_1_APRIL_2014.pdf;1;1496004;
1496;https://www.uitvoeringarbeidsvoorwaardenwetgeving.nl/mozard/!suite92.scherm1007?mObj=8974&mSelod=704707;TRUE;01_CAO_BAKKERSBEDRIJF_1_APRIL_2014_1.pdf;1;1496005;
1496;https://www.uitvoeringarbeidsvoorwaardenwetgeving.nl/mozard/!suite92.scherm1007?mObj=8975&mSelod=704707;TRUE;01_CAO_BAKKERSBEDRIJF_1_APRIL_2015.pdf;1;1496006;
1496;https://www.uitvoeringarbeidsvoorwaardenwetgeving.nl/mozard/!suite92.scherm1007?mObj=8976&mSelod=704707;TRUE;01_CAO_BAKKERSBEDRIJF_1_APRIL_2015_1.pdf;1;1496007;
1496;https://www.uitvoeringarbeidsvoorwaardenwetgeving.nl/mozard/!suite92.scherm1007?mObj=15901&mSelod=704707;FALSE;;0;1496007;
1496;https://www.uitvoeringarbeidsvoorwaardenwetgeving.nl/mozard/!suite92.scherm1007?mObj=14272&mSelod=704707;TRUE;cao tekst .pdf;2;1496008;
1496;https://www.uitvoeringarbeidsvoorwaardenwetgeving.nl/mozard/!suite92.scherm1007?mObj=14404&mSelod=704707;TRUE;01 CAO BAKKERSBEDRIJF 1 APRIL 2019.docx .pdf;1;1496009;
1496;https://www.uitvoeringarbeidsvoorwaardenwetgeving.nl/mozard/!suite92.scherm1007?mObj=43433&mSelod=704707;TRUE;cao Bakkersbedrijf, definitief versie 26072024.pdf;1;1496010;
1496;https://www.uitvoeringarbeidsvoorwaardenwetgeving.nl/mozard/!suite92.scherm1007?mObj=30467&mSelod=704707;TRUE;Cao Bakkersbedrijf 1 juni 2021 - 1 juni 2023 definitief 08072022.pdf;1;1496011;
1496;https://www.uitvoeringarbeidsvoorwaardenwetgeving.nl/mozard/!suite92.scherm1007?mObj=42933&mSelod=704707;TRUE;cao Bakkersbedrijf, definitief versie 03062024 (5).docx.pdf;1;1496012;
1496;https://www.uitvoeringarbeidsvoorwaardenwetgeving.nl/mozard/!suite92.scherm1007?mObj=8965&mSelod=704707;TRUE;CAO tekst.pdf;1;1496013;
1496;https://www.uitvoeringarbeidsvoorwaardenwetgeving.nl/mozard/!suite92.scherm1007?mObj=8966&mSelod=704707;TRUE;01_CAO_BAKKERSBEDRIJF_1_AUGUSTUS_2011.pdf;1;1496014;
1496;https://www.uitvoeringarbeidsvoorwaardenwetgeving.nl/mozard/!suite92.scherm1007?mObj=8967&mSelod=704707;TRUE;01_CAO_BAKKERSBEDRIJF_1_AUGUSTUS_2011_1.pdf;1;1496015;
1496;https://www.uitvoeringarbeidsvoorwaardenwetgeving.nl/mozard/!suite92.scherm1007?mObj=8968&mSelod=704707;TRUE;BAKKERSBEDRIJF_1_AUGUSTUS_2011_incl_bijlagen.pdf;1;1496016;
1496;https://www.uitvoeringarbeidsvoorwaardenwetgeving.nl/mozard/!suite92.scherm1007?mObj=8969&mSelod=704707;TRUE;BAKKERSBEDRIJF_cao_tekst_en_bijlagen.pdf;1;1496017;
1496;https://www.uitvoeringarbeidsvoorwaardenwetgeving.nl/mozard/!suite92.scherm1007?mObj=21797&mSelod=704707;TRUE;CAO BAKKERSBEDRIJF 1 AUGUSTUS 2020 incl Bijlagen.docx.pdf;1;1496018;
1496;https://www.uitvoeringarbeidsvoorwaardenwetgeving.nl/mozard/!suite92.scherm1007?mObj=22338&mSelod=704707;TRUE;CAO BAKKERSBEDRIJF 1 AUGUSTUS 2020 incl Bijlagen.pdf;1;1496019;
1496;https://www.uitvoeringarbeidsvoorwaardenwetgeving.nl/mozard/!suite92.scherm1007?mObj=43563&mSelod=704707;TRUE;cao Bakkersbedrijf definitief versie 15082024.pdf;1;1496020;
1496;https://www.uitvoeringarbeidsvoorwaardenwetgeving.nl/mozard/!suite92.scherm1007?mObj=22438&mSelod=704707;TRUE;CAO BAKKERSBEDRIJF 1 AUGUSTUS 2020 incl Bijlagen_1.pdf;1;1496021;
1496;https://www.uitvoeringarbeidsvoorwaardenwetgeving.nl/mozard/!suite92.scherm1007?mObj=31247&mSelod=704707;TRUE;Cao Bakkersbedrijf 1 juni 2021 - 1 juni 2023 definitief 12082022.pdf;1;1496022;
1496;https://www.uitvoeringarbeidsvoorwaardenwetgeving.nl/mozard/!suite92.scherm1007?mObj=30677&mSelod=704707;TRUE;Cao Bakkersbedrijf 1 juni 2021 - 1 juni 2023 definitief 25072022.pdf;1;1496023;
1496;https://www.uitvoeringarbeidsvoorwaardenwetgeving.nl/mozard/!suite92.scherm1007?mObj=8978&mSelod=704707;TRUE;01_CAO_BAKKERSBEDRIJF_1_OKTOBER_2016.pdf;1;1496024;
1496;https://www.uitvoeringarbeidsvoorwaardenwetgeving.nl/mozard/!suite92.scherm1007?mObj=8977&mSelod=704707;TRUE;01_CAO_BAKKERSBEDRIJF_1_OKTOBER_2016___def_.pdf;1;1496025;
1496;https://www.uitvoeringarbeidsvoorwaardenwetgeving.nl/mozard/!suite92.scherm1007?mObj=8979&mSelod=704707;TRUE;01_CAO_BAKKERSBEDRIJF_1_OKTOBER_2016_1.pdf;1;1496026;
1496;https://www.uitvoeringarbeidsvoorwaardenwetgeving.nl/mozard/!suite92.scherm1007?mObj=8980&mSelod=704707;TRUE;01_CAO_BAKKERSBEDRIJF_1_OKTOBER_2016_2.pdf;1;1496027;
625;https://www.uitvoeringarbeidsvoorwaardenwetgeving.nl/mozard/!suite92.scherm1007?mObj=24538&mSelod=704714;TRUE;CAO_2021-2022_DEF.pdf;1;625001;
625;https://www.uitvoeringarbeidsvoorwaardenwetgeving.nl/mozard/!suite92.scherm1007?mObj=8458&mSelod=704714;TRUE;caohbo_2012_2013_definitief.pdf;1;625002;
625;https://www.uitvoeringarbeidsvoorwaardenwetgeving.nl/mozard/!suite92.scherm1007?mObj=8461&mSelod=704714;TRUE;cao20162017_definitief.pdf;1;625003;
625;https://www.uitvoeringarbeidsvoorwaardenwetgeving.nl/mozard/!suite92.scherm1007?mObj=8462&mSelod=704714;TRUE;CAO_DEF_2017_2018___.pdf;1;625004;
625;https://www.uitvoeringarbeidsvoorwaardenwetgeving.nl/mozard/!suite92.scherm1007?mObj=8463&mSelod=704714;TRUE;085_021_CAO_2018_2020_PAGINA_S.pdf;1;625005;
625;https://www.uitvoeringarbeidsvoorwaardenwetgeving.nl/mozard/!suite92.scherm1007?mObj=24537&mSelod=704714;TRUE;085_021_CAO_2020_DEFDEF.pdf;1;625006;
625;https://www.uitvoeringarbeidsvoorwaardenwetgeving.nl/mozard/!suite92.scherm1007?mObj=30415&mSelod=704714;TRUE;085_021_CAO_2022_2023DEF.pdf;1;625007;
625;https://www.uitvoeringarbeidsvoorwaardenwetgeving.nl/mozard/!suite92.scherm1007?mObj=39271&mSelod=704714;TRUE;CAOHBO_2023_2024.pdf;1;625008;
625;https://www.uitvoeringarbeidsvoorwaardenwetgeving.nl/mozard/!suite92.scherm1007?mObj=43555&mSelod=704714;TRUE;CAO_2024_2025def.pdf;1;625009;
625;https://www.uitvoeringarbeidsvoorwaardenwetgeving.nl/mozard/!suite92.scherm1007?mObj=8460&mSelod=704714;TRUE;cao_hbo_2014_2016.pdf;1;625010;
625;https://www.uitvoeringarbeidsvoorwaardenwetgeving.nl/mozard/!suite92.scherm1007?mObj=8459&mSelod=704714;TRUE;cao_hbo_2014_2016_1.pdf;1;625011;
496;https://www.uitvoeringarbeidsvoorwaardenwetgeving.nl/mozard/!suite92.scherm1007?mObj=7835&mSelod=704716;TRUE;cao_2012_definitief.pdf;1;496001;
496;https://www.uitvoeringarbeidsvoorwaardenwetgeving.nl/mozard/!suite92.scherm1007?mObj=7602&mSelod=704716;TRUE;definitief.pdf;1;496002;
496;https://www.uitvoeringarbeidsvoorwaardenwetgeving.nl/mozard/!suite92.scherm1007?mObj=7603&mSelod=704716;TRUE;cao_definitief__september_2017.pdf;1;496003;
496;https://www.uitvoeringarbeidsvoorwaardenwetgeving.nl/mozard/!suite92.scherm1007?mObj=7834&mSelod=704716;TRUE;cao_2011_definitief.pdf;1;496004;
496;https://www.uitvoeringarbeidsvoorwaardenwetgeving.nl/mozard/!suite92.scherm1007?mObj=7838&mSelod=704716;TRUE;cao_definitief_versie_2.pdf;1;496005;
496;https://www.uitvoeringarbeidsvoorwaardenwetgeving.nl/mozard/!suite92.scherm1007?mObj=7837&mSelod=704716;TRUE;cao_1_juli_2012___30_september_2013_definitief.pdf;1;496006;
496;https://www.uitvoeringarbeidsvoorwaardenwetgeving.nl/mozard/!suite92.scherm1007?mObj=7836&mSelod=704716;TRUE;cao_1_juli_2012___30_september_2013_definitief_1.pdf;1;496007;
496;https://www.uitvoeringarbeidsvoorwaardenwetgeving.nl/mozard/!suite92.scherm1007?mObj=496&mSelod=704716;TRUE;cao 1 juli 2018 - 30 juni 2023 definitief.docx .pdf;1;496008;
496;https://www.uitvoeringarbeidsvoorwaardenwetgeving.nl/mozard/!suite92.scherm1007?mObj=22536&mSelod=704716;TRUE;Cao Particuliere beveiliging Versie 3- april 2021.pdf;1;496009;
496;https://www.uitvoeringarbeidsvoorwaardenwetgeving.nl/mozard/!suite92.scherm1007?mObj=16372&mSelod=704716;TRUE;cao 1 juli 2018 - 30 juni 2023 definitief april 2020.docx.pdf;1;496010;
496;https://www.uitvoeringarbeidsvoorwaardenwetgeving.nl/mozard/!suite92.scherm1007?mObj=22687&mSelod=704716;TRUE;Cao Particuliere beveiliging Versie 4- mei 2021.pdf;1;496011;
496;https://www.uitvoeringarbeidsvoorwaardenwetgeving.nl/mozard/!suite92.scherm1007?mObj=19631&mSelod=704716;TRUE;cao 1 juli 2018 - 30 juni 2023 definitief versie 2 met wijzigingen voor aanmeldi.pdf;1;496012;
496;https://www.uitvoeringarbeidsvoorwaardenwetgeving.nl/mozard/!suite92.scherm1007?mObj=29704&mSelod=704716;TRUE;Cao Particuliere beveiliging Versie 6 - mei 2022 met zichtbare wijzigingen.pdf;1;496013;
496;https://www.uitvoeringarbeidsvoorwaardenwetgeving.nl/mozard/!suite92.scherm1007?mObj=498&mSelod=704716;TRUE;cao 1 juli 2018 - 30 juni 2023 definitief.docx _1.pdf;1;496014;
496;https://www.uitvoeringarbeidsvoorwaardenwetgeving.nl/mozard/!suite92.scherm1007?mObj=24588&mSelod=704716;TRUE;Cao Particuliere beveiliging Versie 5- januari 2022.pdf;1;496015;
496;https://www.uitvoeringarbeidsvoorwaardenwetgeving.nl/mozard/!suite92.scherm1007?mObj=37214&mSelod=704716;TRUE;Cao Particuliere Beveiliging versie 7 juni 2023 ZONDER zichtbare wijzigingen.pdf;1;496016;
496;https://www.uitvoeringarbeidsvoorwaardenwetgeving.nl/mozard/!suite92.scherm1007?mObj=19986&mSelod=704716;TRUE;cao 1 juli 2018 - 30 juni 2023 definitief versie 2 met aanvullende wijziging voo.pdf;1;496017;
496;https://www.uitvoeringarbeidsvoorwaardenwetgeving.nl/mozard/!suite92.scherm1007?mObj=16529&mSelod=704716;TRUE;cao 1 juli 2018 - 30 juni 2023 definitief mei 2020.docx.pdf;1;496018;
496;https://www.uitvoeringarbeidsvoorwaardenwetgeving.nl/mozard/!suite92.scherm1007?mObj=38218&mSelod=704716;TRUE;Cao Particuliere Beveiliging 2023-2024 versie 2- augustus 2023 ZONDER zichtbare wijzigingen.pdf;1;496019;
496;https://www.uitvoeringarbeidsvoorwaardenwetgeving.nl/mozard/!suite92.scherm1007?mObj=37215&mSelod=704716;TRUE;Cao Particuliere Beveiliging versie 7 juni 2023 ZONDER zichtbare wijzigingen_1.pdf;1;496020;
496;https://www.uitvoeringarbeidsvoorwaardenwetgeving.nl/mozard/!suite92.scherm1007?mObj=7841&mSelod=704716;TRUE;cao_2014_2015_definitief.pdf;1;496021;
496;https://www.uitvoeringarbeidsvoorwaardenwetgeving.nl/mozard/!suite92.scherm1007?mObj=7839&mSelod=704716;TRUE;cao_2014_2015_definitief_1.pdf;1;496022;
496;https://www.uitvoeringarbeidsvoorwaardenwetgeving.nl/mozard/!suite92.scherm1007?mObj=7840&mSelod=704716;TRUE;cao_2014_2015_definitief_part_beveilig.pdf;1;496023;
496;https://www.uitvoeringarbeidsvoorwaardenwetgeving.nl/mozard/!suite92.scherm1007?mObj=47785&mSelod=704716;TRUE;CAO PB 18 dec 2024- 27 dec 2026 zonder zichtbare wijzigingen.pdf;1;496024;
496;https://www.uitvoeringarbeidsvoorwaardenwetgeving.nl/mozard/!suite92.scherm1007?mObj=46285&mSelod=704716;TRUE;CAO PB 18 dec 2024- 27 dec 2026.pdf;1;496025;
1869;https://www.uitvoeringarbeidsvoorwaardenwetgeving.nl/mozard/!suite92.scherm1007?mObj=29620&mSelod=704719;TRUE;Cao Glastuinbouw 1 januari 2020 tot en met 31 december 2022 inclusief tweede TTW.pdf;1;1869001;
1869;https://www.uitvoeringarbeidsvoorwaardenwetgeving.nl/mozard/!suite92.scherm1007?mObj=29198&mSelod=704719;TRUE;Cao Glastuinbouw 1 januari 2020 tot en met 31 december 2022.pdf;1;1869002;
1869;https://www.uitvoeringarbeidsvoorwaardenwetgeving.nl/mozard/!suite92.scherm1007?mObj=29287&mSelod=704719;TRUE;Cao Glastuinbouw 1 januari 2020 tot en met 31 december 2022 inclusief eerste TTW.pdf;1;1869003;
1869;https://www.uitvoeringarbeidsvoorwaardenwetgeving.nl/mozard/!suite92.scherm1007?mObj=29840&mSelod=704719;TRUE;Cao Glastuinbouw 1 januari 2020 tot en met 31 december 2022 inclusief derde TTW..pdf;1;1869004;
1869;https://www.uitvoeringarbeidsvoorwaardenwetgeving.nl/mozard/!suite92.scherm1007?mObj=36192&mSelod=704719;TRUE;Cao Glastuinbouw 1 januari 2023 tot en met 31 december 2023.pdf;1;1869005;
1869;https://www.uitvoeringarbeidsvoorwaardenwetgeving.nl/mozard/!suite92.scherm1007?mObj=42685&mSelod=704719;TRUE;Integrale tekst Cao Glastuinbouw 1 januari 2024 tot en met 31 maart 2025 (2404-2053).pdf;1;1869006;
1869;https://www.uitvoeringarbeidsvoorwaardenwetgeving.nl/mozard/!suite92.scherm1007?mObj=43134&mSelod=704719;TRUE;Integrale tekst Cao Glastuinbouw 1 januari 2024 tot en met 31 maart 2025 incl. 1e TTW per 1 januari 2024 (2406-1334).pdf;1;1869007;
1869;https://www.uitvoeringarbeidsvoorwaardenwetgeving.nl/mozard/!suite92.scherm1007?mObj=49558&mSelod=704719;TRUE;Integrale tekst Cao Glastuinbouw 1 april 2025 tm 30 juni 2025 (2506-1846).pdf;1;1869008;
1869;https://www.uitvoeringarbeidsvoorwaardenwetgeving.nl/mozard/!suite92.scherm1007?mObj=9547&mSelod=704719;TRUE;CAO Glastuinbouw aangepast.pdf;1;1869009;
1869;https://www.uitvoeringarbeidsvoorwaardenwetgeving.nl/mozard/!suite92.scherm1007?mObj=9548&mSelod=704719;TRUE;Glastuinbouw aangepast II.pdf;1;1869010;
1869;https://www.uitvoeringarbeidsvoorwaardenwetgeving.nl/mozard/!suite92.scherm1007?mObj=9549&mSelod=704719;TRUE;Glastuinbouw__TTW_en_functiehandboek.pdf;1;1869011;
1869;https://www.uitvoeringarbeidsvoorwaardenwetgeving.nl/mozard/!suite92.scherm1007?mObj=9550&mSelod=704719;TRUE;cao_Glastuinbouw_2012_2014_registratie_SZW__2.pdf;1;1869012;
1869;https://www.uitvoeringarbeidsvoorwaardenwetgeving.nl/mozard/!suite92.scherm1007?mObj=9551&mSelod=704719;TRUE;cao_Glastuinbouw.pdf;1;1869013;
1869;https://www.uitvoeringarbeidsvoorwaardenwetgeving.nl/mozard/!suite92.scherm1007?mObj=14764&mSelod=704719;TRUE;cao Glastuinbouw 1 juli 2018 tot en met 31december 2019 inclusief functiehandboe.pdf;1;1869014;
1869;https://www.uitvoeringarbeidsvoorwaardenwetgeving.nl/mozard/!suite92.scherm1007?mObj=14653&mSelod=704719;TRUE;Glastuinbouw 1 juli 2018 tot en met 31december 2019 incl functiehandboek.docx.pdf;1;1869015;
1869;https://www.uitvoeringarbeidsvoorwaardenwetgeving.nl/mozard/!suite92.scherm1007?mObj=14933&mSelod=704719;TRUE;cao Glastuinbouw 1 juli 2018 tot en met 31december 2019 inclusief 2e TTW en incl.pdf;1;1869016;
1869;https://www.uitvoeringarbeidsvoorwaardenwetgeving.nl/mozard/!suite92.scherm1007?mObj=49281&mSelod=704719;TRUE;Integrale tekst cao Glastuinbouw 1 juli 2025 tm 31 maart 2026 (2506-1911).pdf;1;1869017;
1869;https://www.uitvoeringarbeidsvoorwaardenwetgeving.nl/mozard/!suite92.scherm1007?mObj=9552&mSelod=704719;TRUE;cao_Glastuinbouw_2015____2018.pdf;1;1869018;
1869;https://www.uitvoeringarbeidsvoorwaardenwetgeving.nl/mozard/!suite92.scherm1007?mObj=9554&mSelod=704719;TRUE;cao_Glastuinbouw_2e_ttw_14_mei_2018_integr.pdf;1;1869019;
1869;https://www.uitvoeringarbeidsvoorwaardenwetgeving.nl/mozard/!suite92.scherm1007?mObj=9553&mSelod=704719;TRUE;cao_Glastuinbouw_incl_ttw_1_1_2018_integrale_tekst.pdf;1;1869020;
509;https://www.uitvoeringarbeidsvoorwaardenwetgeving.nl/mozard/!suite92.scherm1007?mObj=7617&mSelod=704721;TRUE;CAO_tekst_2011_2012_def_.pdf;1;509001;
730;https://www.uitvoeringarbeidsvoorwaardenwetgeving.nl/mozard/!suite92.scherm1007?mObj=8285&mSelod=704723;TRUE;CAO_Technische_Groothandel_2014_2016_Formele_tekst.pdf;1;730001;
730;https://www.uitvoeringarbeidsvoorwaardenwetgeving.nl/mozard/!suite92.scherm1007?mObj=29676&mSelod=704723;TRUE;730 - CAO TG 2019-2022_Tussentijdse wijziging_2022-05-09.pdf;1;730002;
730;https://www.uitvoeringarbeidsvoorwaardenwetgeving.nl/mozard/!suite92.scherm1007?mObj=16292&mSelod=704723;TRUE;CAO Technische Groothandel 2019-2022.pdf;1;730003;
730;https://www.uitvoeringarbeidsvoorwaardenwetgeving.nl/mozard/!suite92.scherm1007?mObj=30344&mSelod=704723;TRUE;730 - CAO TG 2019-2022_Tussentijdse wijziging_2022-06-22.pdf;1;730004;
730;https://www.uitvoeringarbeidsvoorwaardenwetgeving.nl/mozard/!suite92.scherm1007?mObj=8284&mSelod=704723;TRUE;CAOTechnGroTussentijdseWijz1jan2013Art18lid2.pdf;1;730005;
730;https://www.uitvoeringarbeidsvoorwaardenwetgeving.nl/mozard/!suite92.scherm1007?mObj=8283&mSelod=704723;TRUE;CAO_2011_2012_Formele_tekst_CAO.pdf;1;730006;
730;https://www.uitvoeringarbeidsvoorwaardenwetgeving.nl/mozard/!suite92.scherm1007?mObj=8287&mSelod=704723;TRUE;CAOTG20162018Aanpassingen20170807.pdf;1;730007;
730;https://www.uitvoeringarbeidsvoorwaardenwetgeving.nl/mozard/!suite92.scherm1007?mObj=8286&mSelod=704723;TRUE;CAOTechnischeGroothandel20162018.pdf;1;730008;
730;https://www.uitvoeringarbeidsvoorwaardenwetgeving.nl/mozard/!suite92.scherm1007?mObj=36222&mSelod=704723;TRUE;CAO Technische Groothandel 2022-2023_Versie 2023-03-07.pdf;1;730009;
730;https://www.uitvoeringarbeidsvoorwaardenwetgeving.nl/mozard/!suite92.scherm1007?mObj=36764&mSelod=704723;TRUE;CAO Technische Groothandel 2022-2023_Versie 2023-03-27.docx.pdf;1;730010;
730;https://www.uitvoeringarbeidsvoorwaardenwetgeving.nl/mozard/!suite92.scherm1007?mObj=42421&mSelod=704723;TRUE;CAO Technische Groothandel 2023-2025_Versie 2024-04-04.pdf;1;730011;
730;https://www.uitvoeringarbeidsvoorwaardenwetgeving.nl/mozard/!suite92.scherm1007?mObj=45535&mSelod=704723;TRUE;CAO TG 2023-2025_Versie 2024-12-11.pdf;1;730012;
730;https://www.uitvoeringarbeidsvoorwaardenwetgeving.nl/mozard/!suite92.scherm1007?mObj=42687&mSelod=704723;TRUE;CAO Technische Groothandel 2023-2025_Versie 2024-05-13.pdf;1;730013;
730;https://www.uitvoeringarbeidsvoorwaardenwetgeving.nl/mozard/!suite92.scherm1007?mObj=42441&mSelod=704723;TRUE;CAO Technische Groothandel 2023-2025_Versie 2024-04-11.pdf;1;730014;
730;https://www.uitvoeringarbeidsvoorwaardenwetgeving.nl/mozard/!suite92.scherm1007?mObj=46644&mSelod=704723;TRUE;CAO TG 2023-2025_Tussentijdse AVV-aanpassing_Versie 2025-02-14.pdf;1;730015;
730;https://www.uitvoeringarbeidsvoorwaardenwetgeving.nl/mozard/!suite92.scherm1007?mObj=45027&mSelod=704723;TRUE;CAO TG 2023-2025_Tussentijdse aanpassing.pdf;1;730016;
730;https://www.uitvoeringarbeidsvoorwaardenwetgeving.nl/mozard/!suite92.scherm1007?mObj=46470&mSelod=704723;TRUE;CAO TG 2023-2025_Versie 2025-01-31.pdf;1;730017;
331;https://www.uitvoeringarbeidsvoorwaardenwetgeving.nl/mozard/!suite92.scherm1007?mObj=7153&mSelod=704727;TRUE;CAOGIL_2015___2016_def_schoon.pdf;1;331001;
331;https://www.uitvoeringarbeidsvoorwaardenwetgeving.nl/mozard/!suite92.scherm1007?mObj=7152&mSelod=704727;TRUE;CAOGIL_2012_2013_def_schoon.pdf;1;331002;
331;https://www.uitvoeringarbeidsvoorwaardenwetgeving.nl/mozard/!suite92.scherm1007?mObj=7154&mSelod=704727;TRUE;CAOGIL_juni_2016.pdf;1;331003;
331;https://www.uitvoeringarbeidsvoorwaardenwetgeving.nl/mozard/!suite92.scherm1007?mObj=7151&mSelod=704727;TRUE;GIL_2010_2012_cao_tekst_en_handboek.pdf;1;331004;
518;https://www.uitvoeringarbeidsvoorwaardenwetgeving.nl/mozard/!suite92.scherm1007?mObj=7638&mSelod=704729;TRUE;CAOVDB_tekst_def_met_dispensatieregeling_geschoond.pdf;1;518001;
518;https://www.uitvoeringarbeidsvoorwaardenwetgeving.nl/mozard/!suite92.scherm1007?mObj=7637&mSelod=704729;TRUE;CAOVDB_2015_16__tekst_def_geschoond.pdf;1;518002;
518;https://www.uitvoeringarbeidsvoorwaardenwetgeving.nl/mozard/!suite92.scherm1007?mObj=7640&mSelod=704729;TRUE;CAO_2017_2018_tekst_aangepast_geschoond_def.pdf;1;518003;
518;https://www.uitvoeringarbeidsvoorwaardenwetgeving.nl/mozard/!suite92.scherm1007?mObj=7639&mSelod=704729;TRUE;CAO_2017_2018_tekst_aangepast_geschoond.pdf;1;518004;
518;https://www.uitvoeringarbeidsvoorwaardenwetgeving.nl/mozard/!suite92.scherm1007?mObj=7641&mSelod=704729;TRUE;CAO_2017_2018_tekst_def_geschoond_per_april_2018.pdf;1;518005;
518;https://www.uitvoeringarbeidsvoorwaardenwetgeving.nl/mozard/!suite92.scherm1007?mObj=7636&mSelod=704729;TRUE;Drogisterijbranche__2010_12_definitieve_tekst.pdf;1;518006;
518;https://www.uitvoeringarbeidsvoorwaardenwetgeving.nl/mozard/!suite92.scherm1007?mObj=41012&mSelod=704729;TRUE;Cao boekje VDF-tekst geschoond voor TW.pdf;1;518007;
518;https://www.uitvoeringarbeidsvoorwaardenwetgeving.nl/mozard/!suite92.scherm1007?mObj=38036&mSelod=704729;TRUE;Cao boekje Drogisterijbranche VDF- schoon.pdf;1;518008;
518;https://www.uitvoeringarbeidsvoorwaardenwetgeving.nl/mozard/!suite92.scherm1007?mObj=43164&mSelod=704729;TRUE;Cao boekje VDF-tekst geschoond.pdf;1;518009;
518;https://www.uitvoeringarbeidsvoorwaardenwetgeving.nl/mozard/!suite92.scherm1007?mObj=45984&mSelod=704729;TRUE;TTW 2025 Cao boekje VDF-tekst geschoond.pdf;1;518010;
1944;https://www.uitvoeringarbeidsvoorwaardenwetgeving.nl/mozard/!suite92.scherm1007?mObj=35443&mSelod=704731;TRUE;Integrale tekst cao Open Teelten incl. 6e TTW per 1 januari 2023 - 2302-0811 v0..pdf;1;1944001;
1944;https://www.uitvoeringarbeidsvoorwaardenwetgeving.nl/mozard/!suite92.scherm1007?mObj=26640&mSelod=704731;TRUE;cao open teelten 3e ttw 1 januari 2022 integraal _.pdf;1;1944002;
1944;https://www.uitvoeringarbeidsvoorwaardenwetgeving.nl/mozard/!suite92.scherm1007?mObj=31602&mSelod=704731;TRUE;cao Open Teelten met 5e ttw integraal per 1 november 2022 - 2210-1226 v0.1.pdf;1;1944003;
1944;https://www.uitvoeringarbeidsvoorwaardenwetgeving.nl/mozard/!suite92.scherm1007?mObj=23244&mSelod=704731;TRUE;Cao open teelten per 1 maart 2021 tot en met 28 februari 2023 2e TTW integraal.d.pdf;1;1944004;
1944;https://www.uitvoeringarbeidsvoorwaardenwetgeving.nl/mozard/!suite92.scherm1007?mObj=22634&mSelod=704731;TRUE;2104-1910 cao Open Teelten 2021-2023.pdf;1;1944005;
1944;https://www.uitvoeringarbeidsvoorwaardenwetgeving.nl/mozard/!suite92.scherm1007?mObj=30323&mSelod=704731;TRUE;cao open teelten 4e ttw per 1 juli 2022 - integrale tekst.pdf;1;1944006;
1944;https://www.uitvoeringarbeidsvoorwaardenwetgeving.nl/mozard/!suite92.scherm1007?mObj=23074&mSelod=704731;TRUE;Cao open teelten per 1 maart 2021 tot en met 28 februari 2023 1e TTW integraal.d.pdf;1;1944007;
1944;https://www.uitvoeringarbeidsvoorwaardenwetgeving.nl/mozard/!suite92.scherm1007?mObj=23083&mSelod=704731;TRUE;Cao open teelten per 1 maart 2021 tot en met 28 februari 2023 1e TTW integraal.d_1.pdf;1;1944008;
1944;https://www.uitvoeringarbeidsvoorwaardenwetgeving.nl/mozard/!suite92.scherm1007?mObj=36345&mSelod=704731;TRUE;Integrale tekst cao Open Teelten 1 maart 2023 tm 30 juni 2024 - 2303-0178 v0.1.pdf;1;1944009;
1944;https://www.uitvoeringarbeidsvoorwaardenwetgeving.nl/mozard/!suite92.scherm1007?mObj=41201&mSelod=704731;TRUE;Integrale tekst cao Open Teelten 1 maart 2023 tm 30 juni 2024 incl. 3e TTW per 1 januari 2024 (2312-1367).pdf;1;1944010;
1944;https://www.uitvoeringarbeidsvoorwaardenwetgeving.nl/mozard/!suite92.scherm1007?mObj=36723&mSelod=704731;TRUE;Integrale tekst cao Open Teelten 1 maart 2023 tm 30 juni 2024 incl. 1e TTW per 1 maart 2023.pdf;1;1944011;
1944;https://www.uitvoeringarbeidsvoorwaardenwetgeving.nl/mozard/!suite92.scherm1007?mObj=37233&mSelod=704731;TRUE;Integrale tekst cao Open Teelten 1 maart 2023 tm 30 juni 2024 incl. 2e TTW per 1 juli 2023 (2306-1279).pdf;1;1944012;
1944;https://www.uitvoeringarbeidsvoorwaardenwetgeving.nl/mozard/!suite92.scherm1007?mObj=9919&mSelod=704731;FALSE;;0;1944012;
1944;https://www.uitvoeringarbeidsvoorwaardenwetgeving.nl/mozard/!suite92.scherm1007?mObj=9912&mSelod=704731;TRUE;Open Teelten integrale tekst incl ttw.pdf;1;1944013;
1944;https://www.uitvoeringarbeidsvoorwaardenwetgeving.nl/mozard/!suite92.scherm1007?mObj=9913&mSelod=704731;TRUE;cao_Open_Teelten_1_7_2012_tm_30_6_2014.pdf;1;1944014;
1944;https://www.uitvoeringarbeidsvoorwaardenwetgeving.nl/mozard/!suite92.scherm1007?mObj=9915&mSelod=704731;TRUE;Open_Teelten_en_functiehandboek.pdf;1;1944015;
1944;https://www.uitvoeringarbeidsvoorwaardenwetgeving.nl/mozard/!suite92.scherm1007?mObj=9914&mSelod=704731;TRUE;CAO_Open_Teelten__1_juli_2014_tm_30_juni_2015.pdf;1;1944016;
1944;https://www.uitvoeringarbeidsvoorwaardenwetgeving.nl/mozard/!suite92.scherm1007?mObj=9918&mSelod=704731;TRUE;cao_open_teelten_inclusief_ttw_1_dec_2016.pdf;1;1944017;
1944;https://www.uitvoeringarbeidsvoorwaardenwetgeving.nl/mozard/!suite92.scherm1007?mObj=9916&mSelod=704731;TRUE;cao_open_teelten_2016_2017.pdf;1;1944018;
1944;https://www.uitvoeringarbeidsvoorwaardenwetgeving.nl/mozard/!suite92.scherm1007?mObj=9917&mSelod=704731;TRUE;cao_open_teelten_inc_ttw.pdf;1;1944019;
1944;https://www.uitvoeringarbeidsvoorwaardenwetgeving.nl/mozard/!suite92.scherm1007?mObj=46524&mSelod=704731;TRUE;Integrale tekst cao Open Teelten looptijd 1 juli 2024 tm 30 juni 2025 incl. TTW per 1 januari 2025 (2501-0136).pdf;1;1944020;
1944;https://www.uitvoeringarbeidsvoorwaardenwetgeving.nl/mozard/!suite92.scherm1007?mObj=44216&mSelod=704731;TRUE;Integrale tekst cao Open Teelten looptijd 1 juli 2024 tm 30 juni 2025 (2410-1079).pdf;1;1944021;
1944;https://www.uitvoeringarbeidsvoorwaardenwetgeving.nl/mozard/!suite92.scherm1007?mObj=49282&mSelod=704731;TRUE;Integrale tekst cao Open Teelten looptijd 1 juli 2025 tm 30 juni 2027 (2506-2013).pdf;1;1944022;
1944;https://www.uitvoeringarbeidsvoorwaardenwetgeving.nl/mozard/!suite92.scherm1007?mObj=9920&mSelod=704731;TRUE;CAO_OT_2017_2020.pdf;1;1944023;
1944;https://www.uitvoeringarbeidsvoorwaardenwetgeving.nl/mozard/!suite92.scherm1007?mObj=15715&mSelod=704731;TRUE;Cao Open Teelten 4e TTW per 1 januari 2020.docx.pdf;1;1944024;
1944;https://www.uitvoeringarbeidsvoorwaardenwetgeving.nl/mozard/!suite92.scherm1007?mObj=9921&mSelod=704731;TRUE;Cao_Open_Teelten_integrale_tekst_ttw.pdf;1;1944025;
1944;https://www.uitvoeringarbeidsvoorwaardenwetgeving.nl/mozard/!suite92.scherm1007?mObj=9922&mSelod=704731;TRUE;cao_Open_Teelten_ttw_per_1_juli_2018.pdf;1;1944026;
1944;https://www.uitvoeringarbeidsvoorwaardenwetgeving.nl/mozard/!suite92.scherm1007?mObj=9923&mSelod=704731;TRUE;1811_2255_2e_tww_cao_open_teelten_per_1_1_2019a.pdf;1;1944027;
1944;https://www.uitvoeringarbeidsvoorwaardenwetgeving.nl/mozard/!suite92.scherm1007?mObj=16729&mSelod=704731;TRUE;cao open teelten per 1 juli 2020.docx.pdf;1;1944028;
1944;https://www.uitvoeringarbeidsvoorwaardenwetgeving.nl/mozard/!suite92.scherm1007?mObj=14665&mSelod=704731;TRUE;Cao Open Teelten 3e TTW per 1 juli 2019 definitief.docx.pdf;1;1944029;
234;https://www.uitvoeringarbeidsvoorwaardenwetgeving.nl/mozard/!suite92.scherm1007?mObj=7320&mSelod=704733;TRUE;cao_tekst_JZ_2017_2019_def_tekst_schoon_5_7_17.pdf;1;234001;
234;https://www.uitvoeringarbeidsvoorwaardenwetgeving.nl/mozard/!suite92.scherm1007?mObj=7322&mSelod=704733;TRUE;cao_tekst_JZ_2017_2019_versie_TTW_18_5_2018.pdf;1;234002;
234;https://www.uitvoeringarbeidsvoorwaardenwetgeving.nl/mozard/!suite92.scherm1007?mObj=7321&mSelod=704733;TRUE;cao_tekst_JZ_2017_2019__23_8_17.pdf;1;234003;
234;https://www.uitvoeringarbeidsvoorwaardenwetgeving.nl/mozard/!suite92.scherm1007?mObj=30494&mSelod=704733;TRUE;Bijlage 11 _ cao jz 21-23_B11_ Functieboek aanmeld.pdf;2;234004;
234;https://www.uitvoeringarbeidsvoorwaardenwetgeving.nl/mozard/!suite92.scherm1007?mObj=40744&mSelod=704733;TRUE;Cao Jeugdzorg 2024- 2025 aanmeldversie.pdf;2;234005;
234;https://www.uitvoeringarbeidsvoorwaardenwetgeving.nl/mozard/!suite92.scherm1007?mObj=45475&mSelod=704733;TRUE;cao jeugdzorg aanmeldversie december 2024 compleet jk.pdf;1;234006;
234;https://www.uitvoeringarbeidsvoorwaardenwetgeving.nl/mozard/!suite92.scherm1007?mObj=43368&mSelod=704733;TRUE;Cao Jeugdzorg 2024- 2025 aanmeldversie juli 2024 schoon.pdf;1;234007;
234;https://www.uitvoeringarbeidsvoorwaardenwetgeving.nl/mozard/!suite92.scherm1007?mObj=15523&mSelod=704733;TRUE;Aanmeldversie cao Jeugdzorg 19-20.docx.pdf;1;234008;
234;https://www.uitvoeringarbeidsvoorwaardenwetgeving.nl/mozard/!suite92.scherm1007?mObj=7309&mSelod=704733;TRUE;CAO Jeugdzorg 10-02-11schoon.pdf;1;234009;
234;https://www.uitvoeringarbeidsvoorwaardenwetgeving.nl/mozard/!suite92.scherm1007?mObj=7308&mSelod=704733;TRUE;CAO Jeugdzorg versie 101215 versie 4.pdf;1;234010;
234;https://www.uitvoeringarbeidsvoorwaardenwetgeving.nl/mozard/!suite92.scherm1007?mObj=7310&mSelod=704733;TRUE;CAO_Jeugdzorg_28_04_11verlengd_schoon.pdf;1;234011;
234;https://www.uitvoeringarbeidsvoorwaardenwetgeving.nl/mozard/!suite92.scherm1007?mObj=7311&mSelod=704733;TRUE;CAO_Jeugdzorg_17_02_12wijz_art12_3_schoon.pdf;1;234012;
234;https://www.uitvoeringarbeidsvoorwaardenwetgeving.nl/mozard/!suite92.scherm1007?mObj=7313&mSelod=704733;TRUE;Jeugdzorg_Cao_2011_2013_def020712.pdf;1;234013;
234;https://www.uitvoeringarbeidsvoorwaardenwetgeving.nl/mozard/!suite92.scherm1007?mObj=7314&mSelod=704733;TRUE;CAO_JZ_2011_13_aanmelding_7_3_2013.pdf;1;234014;
234;https://www.uitvoeringarbeidsvoorwaardenwetgeving.nl/mozard/!suite92.scherm1007?mObj=7312&mSelod=704733;TRUE;Jeugdzorg_Cao_2011_2013_def.pdf;1;234015;
234;https://www.uitvoeringarbeidsvoorwaardenwetgeving.nl/mozard/!suite92.scherm1007?mObj=7315&mSelod=704733;TRUE;CAO_JZ_2011_14_aanmelding_26_4_2013.pdf;1;234016;
234;https://www.uitvoeringarbeidsvoorwaardenwetgeving.nl/mozard/!suite92.scherm1007?mObj=7316&mSelod=704733;TRUE;cao_jeugdzorg_2014_2015_def.pdf;1;234017;
234;https://www.uitvoeringarbeidsvoorwaardenwetgeving.nl/mozard/!suite92.scherm1007?mObj=7317&mSelod=704733;TRUE;cao_jeugdzorg_2014_2016_Aanmeldversie_compleet.pdf;1;234018;
234;https://www.uitvoeringarbeidsvoorwaardenwetgeving.nl/mozard/!suite92.scherm1007?mObj=7318&mSelod=704733;TRUE;cao_tekst_JZ_2015_2016_def_met_bijlagen_1_tm_10.pdf;1;234019;
234;https://www.uitvoeringarbeidsvoorwaardenwetgeving.nl/mozard/!suite92.scherm1007?mObj=7319&mSelod=704733;TRUE;cao_JZ_2015__2017_tm_B11.pdf;1;234020;
833;https://www.uitvoeringarbeidsvoorwaardenwetgeving.nl/mozard/!suite92.scherm1007?mObj=8771&mSelod=704735;TRUE;cao woondiensten en handboek.pdf;1;833001;
833;https://www.uitvoeringarbeidsvoorwaardenwetgeving.nl/mozard/!suite92.scherm1007?mObj=8772&mSelod=704735;TRUE;Woondiensten_2011_caotekst_en_handboek.pdf;1;833002;
833;https://www.uitvoeringarbeidsvoorwaardenwetgeving.nl/mozard/!suite92.scherm1007?mObj=8773&mSelod=704735;TRUE;Woondiensten_cao_en_handboek.pdf;1;833003;
833;https://www.uitvoeringarbeidsvoorwaardenwetgeving.nl/mozard/!suite92.scherm1007?mObj=8774&mSelod=704735;TRUE;CAO_Woondiensten_2013_tm_juni_definitieve_tekst.pdf;1;833004;
833;https://www.uitvoeringarbeidsvoorwaardenwetgeving.nl/mozard/!suite92.scherm1007?mObj=8777&mSelod=704735;TRUE;CAO_Woondiensten_2017_2018.pdf;1;833005;
833;https://www.uitvoeringarbeidsvoorwaardenwetgeving.nl/mozard/!suite92.scherm1007?mObj=15029&mSelod=704735;TRUE;cao tekst woondiensten.pdf;1;833006;
833;https://www.uitvoeringarbeidsvoorwaardenwetgeving.nl/mozard/!suite92.scherm1007?mObj=15537&mSelod=704735;TRUE;Overzicht renvooi CAO Woondiensten 2019-2020.docx.pdf;1;833007;
833;https://www.uitvoeringarbeidsvoorwaardenwetgeving.nl/mozard/!suite92.scherm1007?mObj=22643&mSelod=704735;TRUE;CAO Woondiensten 2021.pdf;1;833008;
833;https://www.uitvoeringarbeidsvoorwaardenwetgeving.nl/mozard/!suite92.scherm1007?mObj=31206&mSelod=704735;TRUE;CAO-Woondiensten 2022-2023 versie 01-09-2022.pdf;1;833009;
833;https://www.uitvoeringarbeidsvoorwaardenwetgeving.nl/mozard/!suite92.scherm1007?mObj=43289&mSelod=704735;TRUE;CAO Woondiensten 2024-2025 def (25 juni 2024).pdf;1;833010;
833;https://www.uitvoeringarbeidsvoorwaardenwetgeving.nl/mozard/!suite92.scherm1007?mObj=8775&mSelod=704735;TRUE;CAO_Woondiensten_inclusief_Handboek.pdf;1;833011;
833;https://www.uitvoeringarbeidsvoorwaardenwetgeving.nl/mozard/!suite92.scherm1007?mObj=8776&mSelod=704735;TRUE;CAO_Woondiensten_2014_2016_word.pdf;1;833012;
1165;https://www.uitvoeringarbeidsvoorwaardenwetgeving.nl/mozard/!suite92.scherm1007?mObj=14543&mSelod=704737;TRUE;cao 1 januari 2019 - 31 december 2020, definitief aangepast versie 1 juli.docx.pdf;1;1165001;
1165;https://www.uitvoeringarbeidsvoorwaardenwetgeving.nl/mozard/!suite92.scherm1007?mObj=14241&mSelod=704737;TRUE;cao 1 januari 2019 - 31 december 2020, definitief aangepast.docx .pdf;1;1165002;
1165;https://www.uitvoeringarbeidsvoorwaardenwetgeving.nl/mozard/!suite92.scherm1007?mObj=14783&mSelod=704737;TRUE;cao 1 januari 2019 - 31 december 2020, definitief aangepast versie augustus 2019.pdf;1;1165003;
1165;https://www.uitvoeringarbeidsvoorwaardenwetgeving.nl/mozard/!suite92.scherm1007?mObj=22621&mSelod=704737;TRUE;cao 1 januari 2021 - 31 december 2021, defintief.pdf;1;1165004;
1165;https://www.uitvoeringarbeidsvoorwaardenwetgeving.nl/mozard/!suite92.scherm1007?mObj=14188&mSelod=704737;TRUE;cao 1 januari 2019 - 31 december 2020, definitief.docx .pdf;1;1165005;
1165;https://www.uitvoeringarbeidsvoorwaardenwetgeving.nl/mozard/!suite92.scherm1007?mObj=29223&mSelod=704737;TRUE;cao 1 januari 2022 - 31 december 2023 definitief 01042022.pdf;1;1165006;
1165;https://www.uitvoeringarbeidsvoorwaardenwetgeving.nl/mozard/!suite92.scherm1007?mObj=33730&mSelod=704737;TRUE;cao 1 januari 2022 - 31 december 2023 definitief 28122022.pdf;1;1165007;
1165;https://www.uitvoeringarbeidsvoorwaardenwetgeving.nl/mozard/!suite92.scherm1007?mObj=29765&mSelod=704737;TRUE;cao 1 januari 2022 - 31 december 2023 definitief 12052022.pdf;1;1165008;
1165;https://www.uitvoeringarbeidsvoorwaardenwetgeving.nl/mozard/!suite92.scherm1007?mObj=29405&mSelod=704737;TRUE;cao 1 januari 2022 - 31 december 2023 definitief 21042022.pdf;1;1165009;
1165;https://www.uitvoeringarbeidsvoorwaardenwetgeving.nl/mozard/!suite92.scherm1007?mObj=34155&mSelod=704737;TRUE;cao 1 januari 2022 - 31 december 2023 definitief 23012023.pdf;1;1165010;
1165;https://www.uitvoeringarbeidsvoorwaardenwetgeving.nl/mozard/!suite92.scherm1007?mObj=43173&mSelod=704737;TRUE;cao-recreatie 2024 - 2025 herschreven versie opgemaakt definitief 25062024.pdf;1;1165011;
1165;https://www.uitvoeringarbeidsvoorwaardenwetgeving.nl/mozard/!suite92.scherm1007?mObj=47757&mSelod=704737;TRUE;Cao Recreatie, definitief versie 14042025.pdf;1;1165012;
1165;https://www.uitvoeringarbeidsvoorwaardenwetgeving.nl/mozard/!suite92.scherm1007?mObj=45745&mSelod=704737;TRUE;cao-recreatie 2024 - 2025 definitief 25062024 - versie 28112024 ivm WML per 1 januari 2025.pdf;1;1165013;
1165;https://www.uitvoeringarbeidsvoorwaardenwetgeving.nl/mozard/!suite92.scherm1007?mObj=42763&mSelod=704737;TRUE;cao-recreatie 2024 - 2025 herschreven versie opgemaakt definitief 21052024.pdf;1;1165014;
1165;https://www.uitvoeringarbeidsvoorwaardenwetgeving.nl/mozard/!suite92.scherm1007?mObj=47932&mSelod=704737;TRUE;Cao Recreatie, definitief versie 29042025.pdf;1;1165015;
1165;https://www.uitvoeringarbeidsvoorwaardenwetgeving.nl/mozard/!suite92.scherm1007?mObj=9383&mSelod=704737;TRUE;cao_2010_2012_definitieve_versie_april_2012.pdf;1;1165016;
1165;https://www.uitvoeringarbeidsvoorwaardenwetgeving.nl/mozard/!suite92.scherm1007?mObj=9384&mSelod=704737;TRUE;cao_recreatie_2012_2013_definitieve_versie.pdf;1;1165017;
1165;https://www.uitvoeringarbeidsvoorwaardenwetgeving.nl/mozard/!suite92.scherm1007?mObj=9385&mSelod=704737;TRUE;cao_Recreatie_2013_2014_def__versie.pdf;1;1165018;
1165;https://www.uitvoeringarbeidsvoorwaardenwetgeving.nl/mozard/!suite92.scherm1007?mObj=9386&mSelod=704737;TRUE;Def_tekst_Ttw_cao_R.pdf;1;1165019;
1165;https://www.uitvoeringarbeidsvoorwaardenwetgeving.nl/mozard/!suite92.scherm1007?mObj=9387&mSelod=704737;TRUE;recreatie_definitief.pdf;1;1165020;
1165;https://www.uitvoeringarbeidsvoorwaardenwetgeving.nl/mozard/!suite92.scherm1007?mObj=9388&mSelod=704737;TRUE;recreatie_definitief_1.pdf;1;1165021;
1165;https://www.uitvoeringarbeidsvoorwaardenwetgeving.nl/mozard/!suite92.scherm1007?mObj=9391&mSelod=704737;FALSE;;0;1165021;
1165;https://www.uitvoeringarbeidsvoorwaardenwetgeving.nl/mozard/!suite92.scherm1007?mObj=9390&mSelod=704737;TRUE;cao_definitief_2_0_nav_opm_drukproef.pdf;1;1165022;
1165;https://www.uitvoeringarbeidsvoorwaardenwetgeving.nl/mozard/!suite92.scherm1007?mObj=9389&mSelod=704737;TRUE;cao_definitief.pdf;1;1165023;
1165;https://www.uitvoeringarbeidsvoorwaardenwetgeving.nl/mozard/!suite92.scherm1007?mObj=9392&mSelod=704737;TRUE;cao_definitief_3_0_nav_opmerkingen_szw_avv.pdf;1;1165024;
1165;https://www.uitvoeringarbeidsvoorwaardenwetgeving.nl/mozard/!suite92.scherm1007?mObj=9395&mSelod=704737;TRUE;cao_definitief_3_0.pdf;1;1165025;
1165;https://www.uitvoeringarbeidsvoorwaardenwetgeving.nl/mozard/!suite92.scherm1007?mObj=9398&mSelod=704737;TRUE;cao_definitief_5_0.pdf;1;1165026;
1165;https://www.uitvoeringarbeidsvoorwaardenwetgeving.nl/mozard/!suite92.scherm1007?mObj=9393&mSelod=704737;TRUE;cao_definitief_1.pdf;1;1165027;
1165;https://www.uitvoeringarbeidsvoorwaardenwetgeving.nl/mozard/!suite92.scherm1007?mObj=9396&mSelod=704737;TRUE;cao_definitief_4_0.pdf;1;1165028;
1165;https://www.uitvoeringarbeidsvoorwaardenwetgeving.nl/mozard/!suite92.scherm1007?mObj=9394&mSelod=704737;TRUE;cao_definitief_2_0.pdf;1;1165029;
1165;https://www.uitvoeringarbeidsvoorwaardenwetgeving.nl/mozard/!suite92.scherm1007?mObj=9397&mSelod=704737;TRUE;handboek_compleet.pdf;1;1165030;
679;https://www.uitvoeringarbeidsvoorwaardenwetgeving.nl/mozard/!suite92.scherm1007?mObj=8148&mSelod=704739;TRUE;Taxivervoer_CAO_aann__CAO_627.pdf;1;679001;
679;https://www.uitvoeringarbeidsvoorwaardenwetgeving.nl/mozard/!suite92.scherm1007?mObj=8149&mSelod=704739;TRUE;CAO_tekst_Taxi_cao_nr__679.pdf;1;679002;
679;https://www.uitvoeringarbeidsvoorwaardenwetgeving.nl/mozard/!suite92.scherm1007?mObj=8147&mSelod=704739;TRUE;Taxivervoer_2009_2013_integrale_cao.pdf;1;679003;
679;https://www.uitvoeringarbeidsvoorwaardenwetgeving.nl/mozard/!suite92.scherm1007?mObj=8146&mSelod=704739;TRUE;cao tekst Taxivervoer.pdf;1;679004;
679;https://www.uitvoeringarbeidsvoorwaardenwetgeving.nl/mozard/!suite92.scherm1007?mObj=8151&mSelod=704739;TRUE;CAO_tekst_Taxivervoer_2014_2015.pdf;1;679005;
679;https://www.uitvoeringarbeidsvoorwaardenwetgeving.nl/mozard/!suite92.scherm1007?mObj=8150&mSelod=704739;TRUE;CAO_tekst_Taxivervoer_2014_2015_v5_nette_versie.pdf;1;679006;
679;https://www.uitvoeringarbeidsvoorwaardenwetgeving.nl/mozard/!suite92.scherm1007?mObj=8152&mSelod=704739;TRUE;CAO_Taxi_Vervoer_2016.pdf;1;679007;
679;https://www.uitvoeringarbeidsvoorwaardenwetgeving.nl/mozard/!suite92.scherm1007?mObj=8160&mSelod=704739;TRUE;TTW_CAO_Taxivervoer_2019_2020.pdf;1;679008;
679;https://www.uitvoeringarbeidsvoorwaardenwetgeving.nl/mozard/!suite92.scherm1007?mObj=17346&mSelod=704739;TRUE;TTW CAO Taxivervoer 2019 2020 v220620 DEF.docx.pdf;1;679009;
679;https://www.uitvoeringarbeidsvoorwaardenwetgeving.nl/mozard/!suite92.scherm1007?mObj=16407&mSelod=704739;TRUE;TTW CAO Taxivervoer 2019 2020 v260420 DEF.docx.pdf;1;679010;
679;https://www.uitvoeringarbeidsvoorwaardenwetgeving.nl/mozard/!suite92.scherm1007?mObj=8159&mSelod=704739;TRUE;CAO_Taxivervoer_2019_2020_NET.pdf;1;679011;
679;https://www.uitvoeringarbeidsvoorwaardenwetgeving.nl/mozard/!suite92.scherm1007?mObj=14598&mSelod=704739;FALSE;;0;679011;
679;https://www.uitvoeringarbeidsvoorwaardenwetgeving.nl/mozard/!suite92.scherm1007?mObj=16059&mSelod=704739;TRUE;TTW CAO Taxivervoer 2019 2020 v050320 DEF NET.docx.pdf;1;679012;
679;https://www.uitvoeringarbeidsvoorwaardenwetgeving.nl/mozard/!suite92.scherm1007?mObj=8158&mSelod=704739;TRUE;CAO_Taxivervoer_2019_2020_NET_1.pdf;1;679013;
679;https://www.uitvoeringarbeidsvoorwaardenwetgeving.nl/mozard/!suite92.scherm1007?mObj=20809&mSelod=704739;TRUE;CAO Taxivervoer 2021 NET v231120.docx.pdf;1;679014;
679;https://www.uitvoeringarbeidsvoorwaardenwetgeving.nl/mozard/!suite92.scherm1007?mObj=20030&mSelod=704739;TRUE;CAO Taxivervoer 2021 NET.docx.pdf;1;679015;
679;https://www.uitvoeringarbeidsvoorwaardenwetgeving.nl/mozard/!suite92.scherm1007?mObj=8155&mSelod=704739;TRUE;Taxivervoer_1_juli_2016_tot_en_met_30_juni_2017.pdf;1;679016;
679;https://www.uitvoeringarbeidsvoorwaardenwetgeving.nl/mozard/!suite92.scherm1007?mObj=8154&mSelod=704739;TRUE;cao_taxivervoer_2016___2017.pdf;1;679017;
679;https://www.uitvoeringarbeidsvoorwaardenwetgeving.nl/mozard/!suite92.scherm1007?mObj=8153&mSelod=704739;TRUE;cao_taxivervoer_2016___2017_1.pdf;1;679018;
679;https://www.uitvoeringarbeidsvoorwaardenwetgeving.nl/mozard/!suite92.scherm1007?mObj=8156&mSelod=704739;TRUE;CAO_Taxivervoer_2017_2018.pdf;1;679019;
679;https://www.uitvoeringarbeidsvoorwaardenwetgeving.nl/mozard/!suite92.scherm1007?mObj=8157&mSelod=704739;TRUE;TTW_CAO_Taxivervoer_2017_2018.pdf;1;679020;
679;https://www.uitvoeringarbeidsvoorwaardenwetgeving.nl/mozard/!suite92.scherm1007?mObj=27297&mSelod=704739;TRUE;CAO Zorgvervoer en Taxi 2022, definitief incl inhoudsopgave februari 2022.pdf;1;679021;
679;https://www.uitvoeringarbeidsvoorwaardenwetgeving.nl/mozard/!suite92.scherm1007?mObj=25911&mSelod=704739;TRUE;CAO Zorgvervoer en Taxi 2022, definitief.pdf;1;679022;
679;https://www.uitvoeringarbeidsvoorwaardenwetgeving.nl/mozard/!suite92.scherm1007?mObj=31330&mSelod=704739;TRUE;CAO Zorgvervoer en Taxi 2022, definitief incl inhoudsopgave september2022.pdf;1;679023;
679;https://www.uitvoeringarbeidsvoorwaardenwetgeving.nl/mozard/!suite92.scherm1007?mObj=33459&mSelod=704739;TRUE;CAO Zorgvervoer en Taxi 2023 06012023.pdf;1;679024;
679;https://www.uitvoeringarbeidsvoorwaardenwetgeving.nl/mozard/!suite92.scherm1007?mObj=42503&mSelod=704739;TRUE;CAO Zorgvervoer en Taxi 2023-2024 180424 def. tekst.pdf;1;679025;
679;https://www.uitvoeringarbeidsvoorwaardenwetgeving.nl/mozard/!suite92.scherm1007?mObj=42769&mSelod=704739;TRUE;CAO Zorgvervoer en Taxi 2023-2024 170524 definitieve tekst.pdf;1;679026;
679;https://www.uitvoeringarbeidsvoorwaardenwetgeving.nl/mozard/!suite92.scherm1007?mObj=46585&mSelod=704739;TRUE;CAO Zorgvervoer en Taxi 2024-2025 definitieve tekst 100125.pdf;1;679027;
679;https://www.uitvoeringarbeidsvoorwaardenwetgeving.nl/mozard/!suite92.scherm1007?mObj=45145&mSelod=704739;TRUE;CAO Zorgvervoer en Taxi 2024-2025 definitieve tekst 221124.pdf;1;679028;
725;https://www.uitvoeringarbeidsvoorwaardenwetgeving.nl/mozard/!suite92.scherm1007?mObj=22593&mSelod=704741;TRUE;2104-0817 integrale cao GGI met 3e ttw.pdf;1;725001;
725;https://www.uitvoeringarbeidsvoorwaardenwetgeving.nl/mozard/!suite92.scherm1007?mObj=22291&mSelod=704741;TRUE;2103-1098 cao GGI met 2e TTW.pdf;1;725002;
725;https://www.uitvoeringarbeidsvoorwaardenwetgeving.nl/mozard/!suite92.scherm1007?mObj=21174&mSelod=704741;TRUE;cao GGI incl tref woorden def versie 2.docx.pdf;1;725003;
725;https://www.uitvoeringarbeidsvoorwaardenwetgeving.nl/mozard/!suite92.scherm1007?mObj=21591&mSelod=704741;TRUE;2012-1466 cao GGI incl.ttw def.docx.pdf;1;725004;
725;https://www.uitvoeringarbeidsvoorwaardenwetgeving.nl/mozard/!suite92.scherm1007?mObj=26600&mSelod=704741;TRUE;cao GGI 1 januari 2022 tm 31 december 2023 integraal.pdf;1;725005;
725;https://www.uitvoeringarbeidsvoorwaardenwetgeving.nl/mozard/!suite92.scherm1007?mObj=32440&mSelod=704741;TRUE;2212-0813 defintieve tekst cao GGI met ttw per 1 januari 2023.pdf;1;725006;
725;https://www.uitvoeringarbeidsvoorwaardenwetgeving.nl/mozard/!suite92.scherm1007?mObj=32864&mSelod=704741;TRUE;2212-0813b defintieve tekst cao GGI met 1e ttw per 1 januari 2023.pdf;1;725007;
725;https://www.uitvoeringarbeidsvoorwaardenwetgeving.nl/mozard/!suite92.scherm1007?mObj=41940&mSelod=704741;TRUE;Integrale tekst cao Groen, Grond en Infrastructuur 1 januari 2024 - 31 december 2024.pdf;1;725008;
725;https://www.uitvoeringarbeidsvoorwaardenwetgeving.nl/mozard/!suite92.scherm1007?mObj=42844&mSelod=704741;TRUE;Eindtekst cao Groen, Grond en Infrastructuur 1 januari 2024 - 31 december 2024 incl. 1e ttw per 1 januari 2024.pdf;1;725009;
725;https://www.uitvoeringarbeidsvoorwaardenwetgeving.nl/mozard/!suite92.scherm1007?mObj=47001&mSelod=704741;TRUE;Eindtekst cao Groen, Grond en Infrastructuur 1 januari 2025 - 30 september 2026.pdf;1;725010;
725;https://www.uitvoeringarbeidsvoorwaardenwetgeving.nl/mozard/!suite92.scherm1007?mObj=47817&mSelod=704741;TRUE;Eindtekst cao Groen, Grond en Infrastructuur 1 januari 2025 - 30 september 2026 incl. 1e ttw per 1 januari 2025.pdf;1;725011;
725;https://www.uitvoeringarbeidsvoorwaardenwetgeving.nl/mozard/!suite92.scherm1007?mObj=8259&mSelod=704741;FALSE;;0;725011;
725;https://www.uitvoeringarbeidsvoorwaardenwetgeving.nl/mozard/!suite92.scherm1007?mObj=8260&mSelod=704741;TRUE;verlengde_cao_LEO__inclusief_ttw_1_maart_2016.pdf;1;725012;
725;https://www.uitvoeringarbeidsvoorwaardenwetgeving.nl/mozard/!suite92.scherm1007?mObj=8254&mSelod=704741;TRUE;CAO_LEO__1_april_2010_tot_en_met_1_januari_2012.pdf;1;725013;
725;https://www.uitvoeringarbeidsvoorwaardenwetgeving.nl/mozard/!suite92.scherm1007?mObj=8261&mSelod=704741;TRUE;cao_LEO_1mei_2016_tot_en_met_30_juni_2017.pdf;1;725014;
725;https://www.uitvoeringarbeidsvoorwaardenwetgeving.nl/mozard/!suite92.scherm1007?mObj=8257&mSelod=704741;TRUE;cao_leo_1_juli_2013_tm_30_juni_2014__20130716N_.pdf;1;725015;
725;https://www.uitvoeringarbeidsvoorwaardenwetgeving.nl/mozard/!suite92.scherm1007?mObj=8258&mSelod=704741;TRUE;cao_leo_1_juli_2014___31_december_2015tekst_def.pdf;1;725016;
725;https://www.uitvoeringarbeidsvoorwaardenwetgeving.nl/mozard/!suite92.scherm1007?mObj=8263&mSelod=704741;TRUE;cao_LEO__ttw_per_1_juli_2018.pdf;1;725017;
725;https://www.uitvoeringarbeidsvoorwaardenwetgeving.nl/mozard/!suite92.scherm1007?mObj=8262&mSelod=704741;TRUE;LEO_2017_2019.pdf;1;725018;
725;https://www.uitvoeringarbeidsvoorwaardenwetgeving.nl/mozard/!suite92.scherm1007?mObj=8264&mSelod=704741;TRUE;integrale_cao_Leo_2017_2019_a.pdf;1;725019;
725;https://www.uitvoeringarbeidsvoorwaardenwetgeving.nl/mozard/!suite92.scherm1007?mObj=18655&mSelod=704741;TRUE;integrale cao LEO 1 juli 2020 tot en met 31 december 2020 def.docx.pdf;1;725020;
725;https://www.uitvoeringarbeidsvoorwaardenwetgeving.nl/mozard/!suite92.scherm1007?mObj=20072&mSelod=704741;TRUE;integrale cao LEO 1 juli 2020 tot en met 31 december 2020 incl TTW per 1-11-2020.pdf;1;725021;
725;https://www.uitvoeringarbeidsvoorwaardenwetgeving.nl/mozard/!suite92.scherm1007?mObj=8255&mSelod=704741;TRUE;cao_leo.pdf;1;725022;
725;https://www.uitvoeringarbeidsvoorwaardenwetgeving.nl/mozard/!suite92.scherm1007?mObj=8256&mSelod=704741;TRUE;cao_leo_2_januari_2012___30_juni_2013_incl_ttw.pdf;1;725023;
50;https://www.uitvoeringarbeidsvoorwaardenwetgeving.nl/mozard/!suite92.scherm1007?mObj=6862&mSelod=704745;TRUE;Cao_Apotheken_2014_plat.pdf;1;50001;
50;https://www.uitvoeringarbeidsvoorwaardenwetgeving.nl/mozard/!suite92.scherm1007?mObj=6863&mSelod=704745;TRUE;20170222_Def_versie_Cao_Apotheken_2016_2017_schoon.pdf;1;50002;
50;https://www.uitvoeringarbeidsvoorwaardenwetgeving.nl/mozard/!suite92.scherm1007?mObj=6859&mSelod=704745;TRUE;Apotheken 50.pdf;1;50003;
50;https://www.uitvoeringarbeidsvoorwaardenwetgeving.nl/mozard/!suite92.scherm1007?mObj=6860&mSelod=704745;TRUE;Apotheken_2010_2011_cao_tekst.pdf;1;50004;
50;https://www.uitvoeringarbeidsvoorwaardenwetgeving.nl/mozard/!suite92.scherm1007?mObj=6861&mSelod=704745;TRUE;Cao_Apotheken_2012_2013_plat.pdf;1;50005;
50;https://www.uitvoeringarbeidsvoorwaardenwetgeving.nl/mozard/!suite92.scherm1007?mObj=760&mSelod=704745;TRUE;20192401 Concepttekst Cao Apotheken 2017-2019 schoon.docx .pdf;1;50006;
50;https://www.uitvoeringarbeidsvoorwaardenwetgeving.nl/mozard/!suite92.scherm1007?mObj=21910&mSelod=704745;TRUE;Apotheken cao 2019-2021.docx.pdf;1;50007;
50;https://www.uitvoeringarbeidsvoorwaardenwetgeving.nl/mozard/!suite92.scherm1007?mObj=22337&mSelod=704745;TRUE;Apotheken 2019-2021 na ttw.pdf;1;50008;
50;https://www.uitvoeringarbeidsvoorwaardenwetgeving.nl/mozard/!suite92.scherm1007?mObj=30848&mSelod=704745;TRUE;CAO Apotheken 2021-2024 na ttw volledig met bijlagen 05-07-2022.pdf;1;50009;
50;https://www.uitvoeringarbeidsvoorwaardenwetgeving.nl/mozard/!suite92.scherm1007?mObj=30032&mSelod=704745;TRUE;CAO Apotheken 2021-2024 volledig met bijlagen 02-06-2022 def.pdf;1;50010;
50;https://www.uitvoeringarbeidsvoorwaardenwetgeving.nl/mozard/!suite92.scherm1007?mObj=37857&mSelod=704745;TRUE;CAO Apotheken 2021-2024 na ttw ivm verhoging.pdf;1;50011;
50;https://www.uitvoeringarbeidsvoorwaardenwetgeving.nl/mozard/!suite92.scherm1007?mObj=49252&mSelod=704745;TRUE;Cao Apotheken 2024-2027 na ttw volledig met bijlagen 07-07-2025.pdf;1;50012;
759;https://www.uitvoeringarbeidsvoorwaardenwetgeving.nl/mozard/!suite92.scherm1007?mObj=8367&mSelod=704747;TRUE;cao_2011_2013_ttw4_tijdelijke_maatr_aanmelding.pdf;1;759001;
759;https://www.uitvoeringarbeidsvoorwaardenwetgeving.nl/mozard/!suite92.scherm1007?mObj=8366&mSelod=704747;TRUE;cao_2011_2013_ttw3_functieloon_aanmelding.pdf;1;759002;
759;https://www.uitvoeringarbeidsvoorwaardenwetgeving.nl/mozard/!suite92.scherm1007?mObj=8363&mSelod=704747;TRUE;cao_2011_2013.pdf;1;759003;
759;https://www.uitvoeringarbeidsvoorwaardenwetgeving.nl/mozard/!suite92.scherm1007?mObj=8364&mSelod=704747;TRUE;cao_2011_2013_ttw_1__aanm_.pdf;1;759004;
759;https://www.uitvoeringarbeidsvoorwaardenwetgeving.nl/mozard/!suite92.scherm1007?mObj=8365&mSelod=704747;TRUE;cao_2011_2013_ttw2_functieloon_aanmelding.pdf;1;759005;
759;https://www.uitvoeringarbeidsvoorwaardenwetgeving.nl/mozard/!suite92.scherm1007?mObj=8374&mSelod=704747;TRUE;CAO_SAG_2016_2019_ttw_20_november_2017.pdf;1;759006;
759;https://www.uitvoeringarbeidsvoorwaardenwetgeving.nl/mozard/!suite92.scherm1007?mObj=8370&mSelod=704747;TRUE;CAO_SAG_2016_2019__16_september_2016_.pdf;1;759007;
759;https://www.uitvoeringarbeidsvoorwaardenwetgeving.nl/mozard/!suite92.scherm1007?mObj=8373&mSelod=704747;TRUE;CAO_SAG_2016_2019_versie_22_12_2016.pdf;1;759008;
759;https://www.uitvoeringarbeidsvoorwaardenwetgeving.nl/mozard/!suite92.scherm1007?mObj=8371&mSelod=704747;TRUE;CAO_SAG_2016_2019__ttw_29_september_2016_.pdf;1;759009;
759;https://www.uitvoeringarbeidsvoorwaardenwetgeving.nl/mozard/!suite92.scherm1007?mObj=22537&mSelod=704747;TRUE;CAO SAG 2016 2021 ttw april 2021.pdf;1;759010;
759;https://www.uitvoeringarbeidsvoorwaardenwetgeving.nl/mozard/!suite92.scherm1007?mObj=21748&mSelod=704747;TRUE;CAO SAG 2016 2021 ttw januari 2021.pdf;1;759011;
759;https://www.uitvoeringarbeidsvoorwaardenwetgeving.nl/mozard/!suite92.scherm1007?mObj=16166&mSelod=704747;TRUE;CAO SAG 2016 2021 ttw 3 april 2020.pdf;1;759012;
759;https://www.uitvoeringarbeidsvoorwaardenwetgeving.nl/mozard/!suite92.scherm1007?mObj=22610&mSelod=704747;TRUE;CAO SAG 2016 2021 ttw april 2021.2.pdf;1;759013;
759;https://www.uitvoeringarbeidsvoorwaardenwetgeving.nl/mozard/!suite92.scherm1007?mObj=14611&mSelod=704747;TRUE;CAO SAG 2016 2021 15 juli 2019.docx.pdf;1;759014;
759;https://www.uitvoeringarbeidsvoorwaardenwetgeving.nl/mozard/!suite92.scherm1007?mObj=764&mSelod=704747;TRUE;CAO SAG 2016 2021 ttw 10 oktober 2018.pdf .pdf;1;759015;
759;https://www.uitvoeringarbeidsvoorwaardenwetgeving.nl/mozard/!suite92.scherm1007?mObj=8368&mSelod=704747;TRUE;cao_Schilders_2013_2014.pdf;1;759016;
759;https://www.uitvoeringarbeidsvoorwaardenwetgeving.nl/mozard/!suite92.scherm1007?mObj=8369&mSelod=704747;TRUE;cao_Schilders_2013_2014_ttw_1_aanmelding.pdf;1;759017;
759;https://www.uitvoeringarbeidsvoorwaardenwetgeving.nl/mozard/!suite92.scherm1007?mObj=46313&mSelod=704747;TRUE;CAO SAVG 2025.pdf;1;759018;
759;https://www.uitvoeringarbeidsvoorwaardenwetgeving.nl/mozard/!suite92.scherm1007?mObj=42286&mSelod=704747;TRUE;CAO SAVG 2021 2025 (TTW maart 2024) schone versie.pdf;1;759019;
759;https://www.uitvoeringarbeidsvoorwaardenwetgeving.nl/mozard/!suite92.scherm1007?mObj=35986&mSelod=704747;TRUE;CAO SAVG 2021 2025 TTW februari 2023.pdf;1;759020;
759;https://www.uitvoeringarbeidsvoorwaardenwetgeving.nl/mozard/!suite92.scherm1007?mObj=23572&mSelod=704747;TRUE;CAO SAVG 2021 2025 oktober 2021.pdf;1;759021;
759;https://www.uitvoeringarbeidsvoorwaardenwetgeving.nl/mozard/!suite92.scherm1007?mObj=24510&mSelod=704747;TRUE;CAO SAVG 2021 2025 december 2021.pdf;1;759022;
759;https://www.uitvoeringarbeidsvoorwaardenwetgeving.nl/mozard/!suite92.scherm1007?mObj=41990&mSelod=704747;TRUE;CAO SAVG 2021-2025 (jan 2024) (Schilders, Afwerkings-, Vastgoedonderhoud- en Glaszetbedrijf).pdf;1;759023;
759;https://www.uitvoeringarbeidsvoorwaardenwetgeving.nl/mozard/!suite92.scherm1007?mObj=31550&mSelod=704747;TRUE;CAO SAVG 2021 2025 TTW 27 oktober 2022.pdf;1;759024;
721;https://www.uitvoeringarbeidsvoorwaardenwetgeving.nl/mozard/!suite92.scherm1007?mObj=8238&mSelod=704749;TRUE;CAO_Huisartsenzorg_2013_W_versie_2.pdf;1;721001;
721;https://www.uitvoeringarbeidsvoorwaardenwetgeving.nl/mozard/!suite92.scherm1007?mObj=8237&mSelod=704749;TRUE;CAO_Huisartsenzorg_2013_W.pdf;1;721002;
721;https://www.uitvoeringarbeidsvoorwaardenwetgeving.nl/mozard/!suite92.scherm1007?mObj=8240&mSelod=704749;TRUE;cao_HAZ_2014_2015_zwart_versie_II.pdf;1;721003;
721;https://www.uitvoeringarbeidsvoorwaardenwetgeving.nl/mozard/!suite92.scherm1007?mObj=8239&mSelod=704749;TRUE;cao_HAZ_2014_2015_zwart.pdf;1;721004;
721;https://www.uitvoeringarbeidsvoorwaardenwetgeving.nl/mozard/!suite92.scherm1007?mObj=23209&mSelod=704749;TRUE;Cao Huisartsenzorg 2021.pdf;1;721005;
721;https://www.uitvoeringarbeidsvoorwaardenwetgeving.nl/mozard/!suite92.scherm1007?mObj=30449&mSelod=704749;TRUE;Cao-huisartsenzorg-2022-2023-incl-Handleiding.pdf;1;721006;
721;https://www.uitvoeringarbeidsvoorwaardenwetgeving.nl/mozard/!suite92.scherm1007?mObj=30876&mSelod=704749;TRUE;Cao-huisartsenzorg-2022-2023-incl-Handleiding.avv.pdf;1;721007;
721;https://www.uitvoeringarbeidsvoorwaardenwetgeving.nl/mozard/!suite92.scherm1007?mObj=34157&mSelod=704749;TRUE;Cao Huisartsenzorg 2022-2023 na TTW ivm herziening loonsverhoging per 1-1-2023.p.pdf;1;721008;
721;https://www.uitvoeringarbeidsvoorwaardenwetgeving.nl/mozard/!suite92.scherm1007?mObj=43178&mSelod=704749;TRUE;Cao HAZ 2024-2025 met Handleiding FWHZ 3-6-2024.pdf;1;721009;
721;https://www.uitvoeringarbeidsvoorwaardenwetgeving.nl/mozard/!suite92.scherm1007?mObj=8241&mSelod=704749;TRUE;Cao_huisartsenzorg_30122015.pdf;1;721010;
721;https://www.uitvoeringarbeidsvoorwaardenwetgeving.nl/mozard/!suite92.scherm1007?mObj=8242&mSelod=704749;TRUE;wijz_III_cao_HAZ_2015_2017_incl_FWHZ_anmtkst_zwart.pdf;1;721011;
721;https://www.uitvoeringarbeidsvoorwaardenwetgeving.nl/mozard/!suite92.scherm1007?mObj=8244&mSelod=704749;TRUE;huisartsenzorg_2017_2019_TTW.pdf;1;721012;
721;https://www.uitvoeringarbeidsvoorwaardenwetgeving.nl/mozard/!suite92.scherm1007?mObj=8243&mSelod=704749;TRUE;Huisartsenzorg__cao_tekst__cao_721.pdf;1;721013;
721;https://www.uitvoeringarbeidsvoorwaardenwetgeving.nl/mozard/!suite92.scherm1007?mObj=8245&mSelod=704749;FALSE;;0;721013;
721;https://www.uitvoeringarbeidsvoorwaardenwetgeving.nl/mozard/!suite92.scherm1007?mObj=14952&mSelod=704749;TRUE;Huisartsenzorg cao 2019-2020.pdf;1;721014;
721;https://www.uitvoeringarbeidsvoorwaardenwetgeving.nl/mozard/!suite92.scherm1007?mObj=15902&mSelod=704749;TRUE;Cao-HZ 2019-2020 na ttw2.docx.pdf;1;721015;
721;https://www.uitvoeringarbeidsvoorwaardenwetgeving.nl/mozard/!suite92.scherm1007?mObj=15621&mSelod=704749;TRUE;Cao-HZ 2019-2020 na ttw.docx.pdf;1;721016;
721;https://www.uitvoeringarbeidsvoorwaardenwetgeving.nl/mozard/!suite92.scherm1007?mObj=8235&mSelod=704749;TRUE;110919_CAO_Huisartsenzorg_2011_2012_definitief.pdf;1;721017;
721;https://www.uitvoeringarbeidsvoorwaardenwetgeving.nl/mozard/!suite92.scherm1007?mObj=8236&mSelod=704749;TRUE;12_01_25_CAO_tekst_definitief.pdf;1;721018;
1287;https://www.uitvoeringarbeidsvoorwaardenwetgeving.nl/mozard/!suite92.scherm1007?mObj=29218&mSelod=704751;TRUE;Grafimedia cao 2022-2024 1 april 2022.pdf;1;1287001;
1287;https://www.uitvoeringarbeidsvoorwaardenwetgeving.nl/mozard/!suite92.scherm1007?mObj=28699&mSelod=704751;TRUE;Grafimedia cao 2022-2024 2 maart 2022.pdf;1;1287002;
1287;https://www.uitvoeringarbeidsvoorwaardenwetgeving.nl/mozard/!suite92.scherm1007?mObj=27724&mSelod=704751;TRUE;Grafimedia cao 2022-2024 15 februari 2022.pdf;1;1287003;
1287;https://www.uitvoeringarbeidsvoorwaardenwetgeving.nl/mozard/!suite92.scherm1007?mObj=9120&mSelod=704751;TRUE;Reglement_Garantiefonds_07_12_2011__2_.pdf;1;1287004;
1287;https://www.uitvoeringarbeidsvoorwaardenwetgeving.nl/mozard/!suite92.scherm1007?mObj=9119&mSelod=704751;TRUE;Grafimedia def..pdf;1;1287005;
1287;https://www.uitvoeringarbeidsvoorwaardenwetgeving.nl/mozard/!suite92.scherm1007?mObj=9122&mSelod=704751;TRUE;Cao_2012_2013_wijz_art_169_z_renv_fndsbep_def.pdf;1;1287006;
1287;https://www.uitvoeringarbeidsvoorwaardenwetgeving.nl/mozard/!suite92.scherm1007?mObj=9121&mSelod=704751;TRUE;Grafimedia_cao.pdf;1;1287007;
1287;https://www.uitvoeringarbeidsvoorwaardenwetgeving.nl/mozard/!suite92.scherm1007?mObj=842&mSelod=704751;TRUE;Grafimedia cao 2018-2020 def 12-2-19.pdf .pdf;1;1287008;
1287;https://www.uitvoeringarbeidsvoorwaardenwetgeving.nl/mozard/!suite92.scherm1007?mObj=45231&mSelod=704751;TRUE;DEF Grafimedia cao 2024-2025 schone versie TCC 29112024.pdf;1;1287009;
1287;https://www.uitvoeringarbeidsvoorwaardenwetgeving.nl/mozard/!suite92.scherm1007?mObj=45473&mSelod=704751;TRUE;DEF Grafimedia cao 2024-2025 TCC 09122024.pdf;1;1287010;
1287;https://www.uitvoeringarbeidsvoorwaardenwetgeving.nl/mozard/!suite92.scherm1007?mObj=46587&mSelod=704751;TRUE;DEF Grafimedia cao 2024-2025 21012025.pdf;1;1287011;
1287;https://www.uitvoeringarbeidsvoorwaardenwetgeving.nl/mozard/!suite92.scherm1007?mObj=44882&mSelod=704751;TRUE;DEF Grafimedia cao 2024-2025 schone versie v23102024.pdf;1;1287012;
1287;https://www.uitvoeringarbeidsvoorwaardenwetgeving.nl/mozard/!suite92.scherm1007?mObj=22951&mSelod=704751;TRUE;Grafimedia cao 2020-2021 6 juli 2021, gewijzigde werkingssfeer.pdf;1;1287013;
1287;https://www.uitvoeringarbeidsvoorwaardenwetgeving.nl/mozard/!suite92.scherm1007?mObj=22729&mSelod=704751;TRUE;Grafimedia cao 2020-2021 gewijzigde werkingssfeer.pdf;1;1287014;
1287;https://www.uitvoeringarbeidsvoorwaardenwetgeving.nl/mozard/!suite92.scherm1007?mObj=22867&mSelod=704751;TRUE;Grafimedia cao 2020-2021 juni 2021.pdf;1;1287015;
1287;https://www.uitvoeringarbeidsvoorwaardenwetgeving.nl/mozard/!suite92.scherm1007?mObj=22027&mSelod=704751;TRUE;Grafimedia cao 2020-2021 - def 230221.docx.pdf;1;1287016;
1287;https://www.uitvoeringarbeidsvoorwaardenwetgeving.nl/mozard/!suite92.scherm1007?mObj=9123&mSelod=704751;TRUE;Grafimedia_cao_2015_2018_def_incl_stat_regl.pdf;1;1287017;
1287;https://www.uitvoeringarbeidsvoorwaardenwetgeving.nl/mozard/!suite92.scherm1007?mObj=9124&mSelod=704751;TRUE;Grafimedia_cao_na_ttw_2015_2018_18122015_def.pdf;1;1287018;
405;https://www.uitvoeringarbeidsvoorwaardenwetgeving.nl/mozard/!suite92.scherm1007?mObj=7884&mSelod=704753;TRUE;tekst CAO Kappers 2010-2011.pdf;1;405001;
405;https://www.uitvoeringarbeidsvoorwaardenwetgeving.nl/mozard/!suite92.scherm1007?mObj=7885&mSelod=704753;TRUE;Tekst_cao_kappers_compleet.pdf;1;405002;
405;https://www.uitvoeringarbeidsvoorwaardenwetgeving.nl/mozard/!suite92.scherm1007?mObj=7888&mSelod=704753;TRUE;CAO_Kappers_1_juli_2017_30_juni_2019__3105_.pdf;1;405003;
405;https://www.uitvoeringarbeidsvoorwaardenwetgeving.nl/mozard/!suite92.scherm1007?mObj=7887&mSelod=704753;TRUE;CAO_Kappers_1_juli_2017_30_juni_2019.pdf;1;405004;
405;https://www.uitvoeringarbeidsvoorwaardenwetgeving.nl/mozard/!suite92.scherm1007?mObj=7886&mSelod=704753;TRUE;CAO_Kappers_1_juli_2017_30_juni_2019_1.pdf;1;405005;
405;https://www.uitvoeringarbeidsvoorwaardenwetgeving.nl/mozard/!suite92.scherm1007?mObj=15025&mSelod=704753;TRUE;CAO Kappers 1 juli 2019 31 januari 2020 renvooi 07102019.docx.pdf;1;405006;
405;https://www.uitvoeringarbeidsvoorwaardenwetgeving.nl/mozard/!suite92.scherm1007?mObj=14667&mSelod=704753;TRUE;CAO Kappers 1 juli 2019 31 januari 2020 25072019.docx.pdf;1;405007;
405;https://www.uitvoeringarbeidsvoorwaardenwetgeving.nl/mozard/!suite92.scherm1007?mObj=30600&mSelod=704753;TRUE;CAOKAP~1.pdf;1;405008;
405;https://www.uitvoeringarbeidsvoorwaardenwetgeving.nl/mozard/!suite92.scherm1007?mObj=29983&mSelod=704753;TRUE;CAO Kappers 1 juli 2022 30 juni 2023 schoon.pdf;1;405009;
405;https://www.uitvoeringarbeidsvoorwaardenwetgeving.nl/mozard/!suite92.scherm1007?mObj=37061&mSelod=704753;TRUE;CAO Kappers 1 juli 2023 30 juni 2024 geheel def.pdf;1;405010;
405;https://www.uitvoeringarbeidsvoorwaardenwetgeving.nl/mozard/!suite92.scherm1007?mObj=42684&mSelod=704753;TRUE;CAO Kappers 1 juli 2024 30 juni 2025 (definitief).pdf;1;405011;
405;https://www.uitvoeringarbeidsvoorwaardenwetgeving.nl/mozard/!suite92.scherm1007?mObj=43133&mSelod=704753;TRUE;CAOKAP~2.pdf;1;405012;
748;https://www.uitvoeringarbeidsvoorwaardenwetgeving.nl/mozard/!suite92.scherm1007?mObj=14575&mSelod=704755;TRUE;Cao voor het Slagersbedrijf 2019 - ongerenvooieerd.doc.pdf;1;748001;
748;https://www.uitvoeringarbeidsvoorwaardenwetgeving.nl/mozard/!suite92.scherm1007?mObj=19807&mSelod=704755;TRUE;01-CAO~1.DOC.pdf;1;748002;
748;https://www.uitvoeringarbeidsvoorwaardenwetgeving.nl/mozard/!suite92.scherm1007?mObj=23090&mSelod=704755;TRUE;Cao voor het Slagersbedrijf.pdf;1;748003;
748;https://www.uitvoeringarbeidsvoorwaardenwetgeving.nl/mozard/!suite92.scherm1007?mObj=23218&mSelod=704755;TRUE;CAOVOO~1.pdf;1;748004;
748;https://www.uitvoeringarbeidsvoorwaardenwetgeving.nl/mozard/!suite92.scherm1007?mObj=31426&mSelod=704755;TRUE;26-DEF~1.pdf;1;748005;
748;https://www.uitvoeringarbeidsvoorwaardenwetgeving.nl/mozard/!suite92.scherm1007?mObj=49191&mSelod=704755;TRUE;02 - Cao voor het Slagersbedrijf 1-3-24 tm 31-8-25 - ongerenvooieerd.pdf;1;748006;
748;https://www.uitvoeringarbeidsvoorwaardenwetgeving.nl/mozard/!suite92.scherm1007?mObj=8325&mSelod=704755;TRUE;Cao_voor_het_Slagersbedrijf_1_4_11_tm_31_3_13.pdf;1;748007;
748;https://www.uitvoeringarbeidsvoorwaardenwetgeving.nl/mozard/!suite92.scherm1007?mObj=8326&mSelod=704755;TRUE;Cao_voor_het_Slagersbedrijf_1_4_2011_tm_31_3_2013.pdf;1;748008;
748;https://www.uitvoeringarbeidsvoorwaardenwetgeving.nl/mozard/!suite92.scherm1007?mObj=8327&mSelod=704755;TRUE;Cao_voor_het_Slagersbedrijf_1_4_13_tm_31_3_14.pdf;1;748009;
748;https://www.uitvoeringarbeidsvoorwaardenwetgeving.nl/mozard/!suite92.scherm1007?mObj=8329&mSelod=704755;TRUE;Cao_voor_het_Slagersbedrijf_1_4_14_tm_31_3_15.pdf;1;748010;
748;https://www.uitvoeringarbeidsvoorwaardenwetgeving.nl/mozard/!suite92.scherm1007?mObj=8328&mSelod=704755;TRUE;Cao_voor_het_Slagersbedrijf_1_4_14_tm_31_3_15_1.pdf;1;748011;
748;https://www.uitvoeringarbeidsvoorwaardenwetgeving.nl/mozard/!suite92.scherm1007?mObj=8330&mSelod=704755;TRUE;Cao_Slagersbedrijf_1_4_15_tm_31_3_16.pdf;1;748012;
748;https://www.uitvoeringarbeidsvoorwaardenwetgeving.nl/mozard/!suite92.scherm1007?mObj=8332&mSelod=704755;TRUE;Cao_Slagersbedrijf__versie_1_7_17.pdf;1;748013;
748;https://www.uitvoeringarbeidsvoorwaardenwetgeving.nl/mozard/!suite92.scherm1007?mObj=8331&mSelod=704755;TRUE;Cao_Slagers_1_4_16_tm_30_9_17.pdf;1;748014;
748;https://www.uitvoeringarbeidsvoorwaardenwetgeving.nl/mozard/!suite92.scherm1007?mObj=8335&mSelod=704755;TRUE;Cao_Slagersbedrijf_1_10_17_tm_31_12_18_na_ttw.pdf;1;748015;
748;https://www.uitvoeringarbeidsvoorwaardenwetgeving.nl/mozard/!suite92.scherm1007?mObj=8333&mSelod=704755;TRUE;Cao_Slagersbedrijf_1_10_17_tm_31_12_18___def.pdf;1;748016;
748;https://www.uitvoeringarbeidsvoorwaardenwetgeving.nl/mozard/!suite92.scherm1007?mObj=8334&mSelod=704755;TRUE;Cao_Slagersbedrijf_1_10_17_tm_31_12_18_na_ttw_1.pdf;1;748017;
1639;https://www.uitvoeringarbeidsvoorwaardenwetgeving.nl/mozard/!suite92.scherm1007?mObj=9788&mSelod=704757;TRUE;Cao_DHZ_branche_2015_17_getekend.pdf;1;1639001;
1639;https://www.uitvoeringarbeidsvoorwaardenwetgeving.nl/mozard/!suite92.scherm1007?mObj=30420&mSelod=704757;TRUE;CAO-DHZ 2022-2023 geschoond.pdf;1;1639002;
1639;https://www.uitvoeringarbeidsvoorwaardenwetgeving.nl/mozard/!suite92.scherm1007?mObj=32203&mSelod=704757;TRUE;cao DHZ 2022-2023 nieuw geschoond.pdf;1;1639003;
1639;https://www.uitvoeringarbeidsvoorwaardenwetgeving.nl/mozard/!suite92.scherm1007?mObj=42593&mSelod=704757;TRUE;cao DHZ 2024-2026_def_april_2024.pdf;1;1639004;
1639;https://www.uitvoeringarbeidsvoorwaardenwetgeving.nl/mozard/!suite92.scherm1007?mObj=45232&mSelod=704757;TRUE;cao DHZ 2024-2026_def_dec_2024.pdf;1;1639005;
1639;https://www.uitvoeringarbeidsvoorwaardenwetgeving.nl/mozard/!suite92.scherm1007?mObj=41072&mSelod=704757;TRUE;cao DHZ 2024-2026_def_dec_2023.pdf;1;1639006;
1639;https://www.uitvoeringarbeidsvoorwaardenwetgeving.nl/mozard/!suite92.scherm1007?mObj=48564&mSelod=704757;TRUE;cao DHZ 2024-2026_def_juni_2025.pdf;1;1639007;
1639;https://www.uitvoeringarbeidsvoorwaardenwetgeving.nl/mozard/!suite92.scherm1007?mObj=42739&mSelod=704757;TRUE;cao DHZ 2024-2026_def_mei_2024.pdf;1;1639008;
1639;https://www.uitvoeringarbeidsvoorwaardenwetgeving.nl/mozard/!suite92.scherm1007?mObj=13739&mSelod=704757;TRUE;CAO-DHZ 2017-2020 wijzigingen geaccepteerd.doc .pdf;1;1639009;
1639;https://www.uitvoeringarbeidsvoorwaardenwetgeving.nl/mozard/!suite92.scherm1007?mObj=22614&mSelod=704757;TRUE;cao VWDHZ in pdf met handtekeningen.pdf;1;1639010;
1639;https://www.uitvoeringarbeidsvoorwaardenwetgeving.nl/mozard/!suite92.scherm1007?mObj=9785&mSelod=704757;TRUE;Dhz-cao 2009-2011 def.pdf;1;1639011;
1639;https://www.uitvoeringarbeidsvoorwaardenwetgeving.nl/mozard/!suite92.scherm1007?mObj=9786&mSelod=704757;TRUE;Dhz_cao_2009_2011_def.pdf;1;1639012;
1639;https://www.uitvoeringarbeidsvoorwaardenwetgeving.nl/mozard/!suite92.scherm1007?mObj=9787&mSelod=704757;TRUE;CAO_DHZ_2012_13_def.pdf;1;1639013;
750;https://www.uitvoeringarbeidsvoorwaardenwetgeving.nl/mozard/!suite92.scherm1007?mObj=8349&mSelod=704759;TRUE;cao_definitief.pdf;1;750001;
750;https://www.uitvoeringarbeidsvoorwaardenwetgeving.nl/mozard/!suite92.scherm1007?mObj=8348&mSelod=704759;TRUE;cao_definitief_1.pdf;1;750002;
750;https://www.uitvoeringarbeidsvoorwaardenwetgeving.nl/mozard/!suite92.scherm1007?mObj=8337&mSelod=704759;TRUE;cao_2010___2012__versie_juli_2011_.pdf;1;750003;
750;https://www.uitvoeringarbeidsvoorwaardenwetgeving.nl/mozard/!suite92.scherm1007?mObj=8336&mSelod=704759;TRUE;contractcatering cao en handboek.pdf;1;750004;
750;https://www.uitvoeringarbeidsvoorwaardenwetgeving.nl/mozard/!suite92.scherm1007?mObj=8338&mSelod=704759;TRUE;Contractcateringbranche__Arbeidsvoorw_cao.pdf;1;750005;
750;https://www.uitvoeringarbeidsvoorwaardenwetgeving.nl/mozard/!suite92.scherm1007?mObj=8339&mSelod=704759;TRUE;cao_cc.pdf;1;750006;
750;https://www.uitvoeringarbeidsvoorwaardenwetgeving.nl/mozard/!suite92.scherm1007?mObj=8340&mSelod=704759;TRUE;cao_arbeidsvwd_2013_2014_gerenvooieerd.pdf;1;750007;
750;https://www.uitvoeringarbeidsvoorwaardenwetgeving.nl/mozard/!suite92.scherm1007?mObj=8341&mSelod=704759;TRUE;cao_avwd_1_april_2013_tot_1_april_2014.pdf;1;750008;
750;https://www.uitvoeringarbeidsvoorwaardenwetgeving.nl/mozard/!suite92.scherm1007?mObj=8342&mSelod=704759;TRUE;cao_1_april_2014_tot_1_juli_2015.pdf;1;750009;
750;https://www.uitvoeringarbeidsvoorwaardenwetgeving.nl/mozard/!suite92.scherm1007?mObj=8343&mSelod=704759;TRUE;cao_2014_2015.pdf;1;750010;
750;https://www.uitvoeringarbeidsvoorwaardenwetgeving.nl/mozard/!suite92.scherm1007?mObj=8344&mSelod=704759;TRUE;cao_niet_gerenvooieerd.pdf;1;750011;
750;https://www.uitvoeringarbeidsvoorwaardenwetgeving.nl/mozard/!suite92.scherm1007?mObj=15408&mSelod=704759;TRUE;cao arbeidsvoorwaarden 1 april 2019 tot 1 april 2020, definitief.docx.pdf;1;750012;
750;https://www.uitvoeringarbeidsvoorwaardenwetgeving.nl/mozard/!suite92.scherm1007?mObj=15637&mSelod=704759;TRUE;cao arbeidsvoorwaarden, definitief januari 2020.docx.pdf;1;750013;
750;https://www.uitvoeringarbeidsvoorwaardenwetgeving.nl/mozard/!suite92.scherm1007?mObj=23331&mSelod=704759;TRUE;cao arbeidsvoorwaarden, definitief.pdf;1;750014;
750;https://www.uitvoeringarbeidsvoorwaardenwetgeving.nl/mozard/!suite92.scherm1007?mObj=37285&mSelod=704759;TRUE;cao 1 april 2022 - 31 maart 2024, definitief 03072023.pdf;1;750015;
750;https://www.uitvoeringarbeidsvoorwaardenwetgeving.nl/mozard/!suite92.scherm1007?mObj=37012&mSelod=704759;TRUE;cao 1 april 2022 - 31 maart 2024, definitief 01052023.pdf;1;750016;
750;https://www.uitvoeringarbeidsvoorwaardenwetgeving.nl/mozard/!suite92.scherm1007?mObj=36467&mSelod=704759;TRUE;cao 1 april 2022 - 31 maart 2024, definitief 17032023.pdf;1;750017;
750;https://www.uitvoeringarbeidsvoorwaardenwetgeving.nl/mozard/!suite92.scherm1007?mObj=37706&mSelod=704759;TRUE;cao 1 april 2022 - 31 maart 2024, definitief 18072023.pdf;1;750018;
750;https://www.uitvoeringarbeidsvoorwaardenwetgeving.nl/mozard/!suite92.scherm1007?mObj=32180&mSelod=704759;TRUE;cao 1 april 2022 - 31 maart 2024, definitief.pdf;1;750019;
750;https://www.uitvoeringarbeidsvoorwaardenwetgeving.nl/mozard/!suite92.scherm1007?mObj=43177&mSelod=704759;TRUE;cao 1 april 2024 - 31 december 2025 definitief 28062024.pdf;1;750020;
750;https://www.uitvoeringarbeidsvoorwaardenwetgeving.nl/mozard/!suite92.scherm1007?mObj=43976&mSelod=704759;TRUE;cao 1 april 2024 - 31 december 2025.docx.pdf;1;750021;
750;https://www.uitvoeringarbeidsvoorwaardenwetgeving.nl/mozard/!suite92.scherm1007?mObj=45688&mSelod=704759;TRUE;cao 1 april 2024 - 31 december 2025 18122024 opgeschoonde versie.pdf;1;750022;
750;https://www.uitvoeringarbeidsvoorwaardenwetgeving.nl/mozard/!suite92.scherm1007?mObj=43420&mSelod=704759;TRUE;cao 1 april 2024 - 31 december 2025 definitief 26072024.pdf;1;750023;
750;https://www.uitvoeringarbeidsvoorwaardenwetgeving.nl/mozard/!suite92.scherm1007?mObj=8346&mSelod=704759;TRUE;cao_2015_2016_wijziging_SKA_en_SUCON_I.pdf;1;750024;
750;https://www.uitvoeringarbeidsvoorwaardenwetgeving.nl/mozard/!suite92.scherm1007?mObj=8345&mSelod=704759;TRUE;caotekst_cc.pdf;1;750025;
750;https://www.uitvoeringarbeidsvoorwaardenwetgeving.nl/mozard/!suite92.scherm1007?mObj=8347&mSelod=704759;TRUE;cao_definitief_2.pdf;1;750026;
650;https://www.uitvoeringarbeidsvoorwaardenwetgeving.nl/mozard/!suite92.scherm1007?mObj=8115&mSelod=704761;TRUE;GGF_ttw_cao_2017_2018.pdf;1;650001;
650;https://www.uitvoeringarbeidsvoorwaardenwetgeving.nl/mozard/!suite92.scherm1007?mObj=8114&mSelod=704761;TRUE;Groothandel_groenten_en_fruit_cao_2017_2018_na_ttw.pdf;1;650002;
650;https://www.uitvoeringarbeidsvoorwaardenwetgeving.nl/mozard/!suite92.scherm1007?mObj=8113&mSelod=704761;TRUE;Groothandel_groenten_en_fruit_cao_2017_2018.pdf;1;650003;
650;https://www.uitvoeringarbeidsvoorwaardenwetgeving.nl/mozard/!suite92.scherm1007?mObj=15371&mSelod=704761;TRUE;Groothandel in Groenten en Fruit CAO 2019-2020 na ttw ivm salaristabellen.docx.pdf;1;650004;
650;https://www.uitvoeringarbeidsvoorwaardenwetgeving.nl/mozard/!suite92.scherm1007?mObj=15178&mSelod=704761;TRUE;Groothandel in Groenten en Fruit 2019-2020 definitief 03112019.pdf;1;650005;
650;https://www.uitvoeringarbeidsvoorwaardenwetgeving.nl/mozard/!suite92.scherm1007?mObj=16444&mSelod=704761;TRUE;CAO Groothandel in Groenten en Fruit 2019-2020 na ttw2 art 29b en bijlage X.pdf;1;650006;
650;https://www.uitvoeringarbeidsvoorwaardenwetgeving.nl/mozard/!suite92.scherm1007?mObj=16016&mSelod=704761;TRUE;CAO Groothandel in Groenten en Fruit 2019-2020 na ttw art 13 23 40 bijlage III V.pdf;1;650007;
650;https://www.uitvoeringarbeidsvoorwaardenwetgeving.nl/mozard/!suite92.scherm1007?mObj=23078&mSelod=704761;TRUE;CAO Groothandel in Groenten en Fruit 1 jan. tm 31 dec incl functiehandboek na tt.pdf;1;650008;
650;https://www.uitvoeringarbeidsvoorwaardenwetgeving.nl/mozard/!suite92.scherm1007?mObj=22887&mSelod=704761;TRUE;Groothandel in Groenten en Fruit cao 2021.pdf;1;650009;
650;https://www.uitvoeringarbeidsvoorwaardenwetgeving.nl/mozard/!suite92.scherm1007?mObj=31102&mSelod=704761;TRUE;2022.08.17 CAO Groothandel in Groenten en Fruit 1 jan. tm 31 dec 2022.pdf;1;650010;
650;https://www.uitvoeringarbeidsvoorwaardenwetgeving.nl/mozard/!suite92.scherm1007?mObj=37011&mSelod=704761;TRUE;CAO Groothandel in Groenten en Fruit 1 jan. 2023 tm 30 juni 2024 versie 26-4-2023 na ttw.pdf;1;650011;
650;https://www.uitvoeringarbeidsvoorwaardenwetgeving.nl/mozard/!suite92.scherm1007?mObj=36404&mSelod=704761;TRUE;CAO Groothandel in Groenten en Fruit 1 jan. 2023 tm 30 juni 2024 versie 9-3-2023.pdf;1;650012;
650;https://www.uitvoeringarbeidsvoorwaardenwetgeving.nl/mozard/!suite92.scherm1007?mObj=8106&mSelod=704761;TRUE;Frugi_Venta_2009-2010_Groothandel_AGF.pdf;1;650013;
650;https://www.uitvoeringarbeidsvoorwaardenwetgeving.nl/mozard/!suite92.scherm1007?mObj=8107&mSelod=704761;TRUE;CAO_2010-2011_Groothandel_Groenten_Fruit_.pdf;1;650014;
650;https://www.uitvoeringarbeidsvoorwaardenwetgeving.nl/mozard/!suite92.scherm1007?mObj=8108&mSelod=704761;TRUE;Frugi_Venta_2010-2011__(obv_463120).pdf;1;650015;
650;https://www.uitvoeringarbeidsvoorwaardenwetgeving.nl/mozard/!suite92.scherm1007?mObj=19846&mSelod=704761;TRUE;CAO boekje 2020_v5.pdf;1;650016;
650;https://www.uitvoeringarbeidsvoorwaardenwetgeving.nl/mozard/!suite92.scherm1007?mObj=8109&mSelod=704761;TRUE;Frugi_Venta_CAO_2011_2012_.pdf;1;650017;
650;https://www.uitvoeringarbeidsvoorwaardenwetgeving.nl/mozard/!suite92.scherm1007?mObj=8111&mSelod=704761;TRUE;CAO_tekst_Groenten_en_Fruit_met_wijz_.pdf;1;650018;
650;https://www.uitvoeringarbeidsvoorwaardenwetgeving.nl/mozard/!suite92.scherm1007?mObj=8110&mSelod=704761;TRUE;CAO_Frugi_Venta_definitief_2012_2014.pdf;1;650019;
650;https://www.uitvoeringarbeidsvoorwaardenwetgeving.nl/mozard/!suite92.scherm1007?mObj=8112&mSelod=704761;TRUE;Groothandel_groenten_en_fruit_2014_2016_difinitief.pdf;1;650020;
650;https://www.uitvoeringarbeidsvoorwaardenwetgeving.nl/mozard/!suite92.scherm1007?mObj=46526&mSelod=704761;TRUE;CAO Groothandel in Groenten en Fruit 1 juli 2024 tm 30 juni 2025 .pdf;1;650021;
243;https://www.uitvoeringarbeidsvoorwaardenwetgeving.nl/mozard/!suite92.scherm1007?mObj=7347&mSelod=704764;TRUE;Cao_hoveniers_tm_29_2_2016_2e_TTW_26_11_2015_def.pdf;1;243001;
243;https://www.uitvoeringarbeidsvoorwaardenwetgeving.nl/mozard/!suite92.scherm1007?mObj=7345&mSelod=704764;TRUE;Cao_Hoveniers_integrale_tekst.pdf;1;243002;
243;https://www.uitvoeringarbeidsvoorwaardenwetgeving.nl/mozard/!suite92.scherm1007?mObj=7344&mSelod=704764;TRUE;Cao_hoveniers_1_1_2014_tm_29_2_2016_20140383Na.pdf;1;243003;
243;https://www.uitvoeringarbeidsvoorwaardenwetgeving.nl/mozard/!suite92.scherm1007?mObj=7346&mSelod=704764;TRUE;Cao_hoveniers_tm_29_2_2016_TTW_15_7_2015.pdf;1;243004;
243;https://www.uitvoeringarbeidsvoorwaardenwetgeving.nl/mozard/!suite92.scherm1007?mObj=7341&mSelod=704764;TRUE;20120041N_Cao_hoveniers_TTW_2012.pdf;1;243005;
243;https://www.uitvoeringarbeidsvoorwaardenwetgeving.nl/mozard/!suite92.scherm1007?mObj=7340&mSelod=704764;TRUE;20110636N_Cao_hoveniers_01032011_tm_28022013.pdf;1;243006;
243;https://www.uitvoeringarbeidsvoorwaardenwetgeving.nl/mozard/!suite92.scherm1007?mObj=7342&mSelod=704764;TRUE;20120946N_Cao_hoveniers_2011tm2013_TWW_artikel_9.pdf;1;243007;
243;https://www.uitvoeringarbeidsvoorwaardenwetgeving.nl/mozard/!suite92.scherm1007?mObj=7343&mSelod=704764;TRUE;Cao_hoveniers_1_3_2013_tm_31_12_2013_20130472N.pdf;1;243008;
243;https://www.uitvoeringarbeidsvoorwaardenwetgeving.nl/mozard/!suite92.scherm1007?mObj=7352&mSelod=704764;FALSE;;0;243008;
243;https://www.uitvoeringarbeidsvoorwaardenwetgeving.nl/mozard/!suite92.scherm1007?mObj=7350&mSelod=704764;TRUE;TTW_Cao_hov_2_8_16.pdf;1;243009;
243;https://www.uitvoeringarbeidsvoorwaardenwetgeving.nl/mozard/!suite92.scherm1007?mObj=7351&mSelod=704764;TRUE;cao_Hoveniersbedrijf_2016_2018_ttw___31_8_2016.pdf;1;243010;
243;https://www.uitvoeringarbeidsvoorwaardenwetgeving.nl/mozard/!suite92.scherm1007?mObj=7349&mSelod=704764;TRUE;Cao_hov_v3.pdf;1;243011;
243;https://www.uitvoeringarbeidsvoorwaardenwetgeving.nl/mozard/!suite92.scherm1007?mObj=7355&mSelod=704764;TRUE;Cao_Hov_ttw_5_12_2018.pdf;1;243012;
243;https://www.uitvoeringarbeidsvoorwaardenwetgeving.nl/mozard/!suite92.scherm1007?mObj=7354&mSelod=704764;TRUE;Integ_Cao_hov_incl_ttw_2018_2020.pdf;1;243013;
243;https://www.uitvoeringarbeidsvoorwaardenwetgeving.nl/mozard/!suite92.scherm1007?mObj=7353&mSelod=704764;TRUE;Integrale_cao_Hov_2018_2020.pdf;1;243014;
243;https://www.uitvoeringarbeidsvoorwaardenwetgeving.nl/mozard/!suite92.scherm1007?mObj=22169&mSelod=704764;TRUE;CAO Hoveniers 6e ttw per 1 maart 2021.docx.pdf;1;243015;
243;https://www.uitvoeringarbeidsvoorwaardenwetgeving.nl/mozard/!suite92.scherm1007?mObj=20687&mSelod=704764;TRUE;Cao Hoveniers 5e ttw per 20 november 2020 - 2011-1582.docx.pdf;1;243016;
243;https://www.uitvoeringarbeidsvoorwaardenwetgeving.nl/mozard/!suite92.scherm1007?mObj=7356&mSelod=704764;TRUE;Cao_Hov_ttw_27_2_2019.pdf;1;243017;
243;https://www.uitvoeringarbeidsvoorwaardenwetgeving.nl/mozard/!suite92.scherm1007?mObj=20074&mSelod=704764;TRUE;cao Hoveniers incl 4e ttw 1 novemb er 2020 def 2010-0194.docx.pdf;1;243018;
243;https://www.uitvoeringarbeidsvoorwaardenwetgeving.nl/mozard/!suite92.scherm1007?mObj=24430&mSelod=704764;TRUE;Cao Hoveniers 1 juli 2021 - 30 juni 2023 integraal.pdf;1;243019;
243;https://www.uitvoeringarbeidsvoorwaardenwetgeving.nl/mozard/!suite92.scherm1007?mObj=24511&mSelod=704764;TRUE;Cao Hoveniers 1 juli 2021 - 30 juni 2023 integraal_1.pdf;1;243020;
243;https://www.uitvoeringarbeidsvoorwaardenwetgeving.nl/mozard/!suite92.scherm1007?mObj=30369&mSelod=704764;TRUE;Cao Hoveniers 1 juli 2021 - 30 juni 2023 inclusief tussentijdse wijziging per 1.pdf;1;243021;
243;https://www.uitvoeringarbeidsvoorwaardenwetgeving.nl/mozard/!suite92.scherm1007?mObj=32924&mSelod=704764;TRUE;Cao Hoveniers 1 juli 2021 - 30 juni 2023- ttw 1 januari 2023.pdf;1;243022;
243;https://www.uitvoeringarbeidsvoorwaardenwetgeving.nl/mozard/!suite92.scherm1007?mObj=41929&mSelod=704764;TRUE;Integrale tekst cao voor het Hoveniersbedrijf 1 juli 2023 tm 30 september 2024 (2402-1326).pdf;1;243023;
243;https://www.uitvoeringarbeidsvoorwaardenwetgeving.nl/mozard/!suite92.scherm1007?mObj=43056&mSelod=704764;TRUE;Integrale tekst cao voor het Hoveniersbedrijf 1 juli 2023 tm 30 september 2024 incl. TTW per 1 juli.pdf;1;243024;
243;https://www.uitvoeringarbeidsvoorwaardenwetgeving.nl/mozard/!suite92.scherm1007?mObj=47571&mSelod=704764;TRUE;Integrale tekst cao voor het Hoveniersbedrijf 1 oktober 2024 tm 30 juni 2026 (2503-1886).pdf;1;243025;
243;https://www.uitvoeringarbeidsvoorwaardenwetgeving.nl/mozard/!suite92.scherm1007?mObj=48563&mSelod=704764;TRUE;Integrale tekst cao voor het Hoveniersbedrijf 1 oktober 2024 tm 30 juni 2026 incl. TTW per 1 juli 2025.pdf;1;243026;
243;https://www.uitvoeringarbeidsvoorwaardenwetgeving.nl/mozard/!suite92.scherm1007?mObj=7348&mSelod=704764;FALSE;;0;243026;
683;https://www.uitvoeringarbeidsvoorwaardenwetgeving.nl/mozard/!suite92.scherm1007?mObj=8167&mSelod=704766;TRUE;tekstCAO_2015_2017_INTEGRAAL.pdf;1;683001;
683;https://www.uitvoeringarbeidsvoorwaardenwetgeving.nl/mozard/!suite92.scherm1007?mObj=8168&mSelod=704766;TRUE;tekst_CAO20182020ETD_def.pdf;1;683002;
683;https://www.uitvoeringarbeidsvoorwaardenwetgeving.nl/mozard/!suite92.scherm1007?mObj=8169&mSelod=704766;TRUE;CAO_2018_2020ETD_maart__def.pdf;1;683003;
683;https://www.uitvoeringarbeidsvoorwaardenwetgeving.nl/mozard/!suite92.scherm1007?mObj=20931&mSelod=704766;TRUE;CAO-2021-2022 ETD tekst 7 december.docx.pdf;1;683004;
683;https://www.uitvoeringarbeidsvoorwaardenwetgeving.nl/mozard/!suite92.scherm1007?mObj=37190&mSelod=704766;TRUE;CAO-2021-2022 ETD tekst TTW d.d. 20 juni 2023.pdf;1;683005;
683;https://www.uitvoeringarbeidsvoorwaardenwetgeving.nl/mozard/!suite92.scherm1007?mObj=37050&mSelod=704766;TRUE;CAO ETD d.d. 15 mei 2023 (naar SZW, TTW).pdf;1;683006;
683;https://www.uitvoeringarbeidsvoorwaardenwetgeving.nl/mozard/!suite92.scherm1007?mObj=37070&mSelod=704766;TRUE;CAO ETD d.d. 17 mei 2023 (naar SZW, Aanmelding TTW).pdf;1;683007;
683;https://www.uitvoeringarbeidsvoorwaardenwetgeving.nl/mozard/!suite92.scherm1007?mObj=36613&mSelod=704766;TRUE;CAO ETD d.d. 23 maart 2023 (naar SZW).pdf;1;683008;
683;https://www.uitvoeringarbeidsvoorwaardenwetgeving.nl/mozard/!suite92.scherm1007?mObj=35834&mSelod=704766;TRUE;CAO ETD d.d. 27 februari 2023 (naar SZW).pdf;1;683009;
683;https://www.uitvoeringarbeidsvoorwaardenwetgeving.nl/mozard/!suite92.scherm1007?mObj=42897&mSelod=704766;TRUE;CAO ETD platte tekst (d.d. 5 juni 2024).pdf;1;683010;
683;https://www.uitvoeringarbeidsvoorwaardenwetgeving.nl/mozard/!suite92.scherm1007?mObj=43230&mSelod=704766;TRUE;CAO ETD tekst (d.d. 8 juli 2024).pdf;1;683011;
683;https://www.uitvoeringarbeidsvoorwaardenwetgeving.nl/mozard/!suite92.scherm1007?mObj=8166&mSelod=704766;TRUE;Elektro tekstCAO-2010-2011 (januari 2011).pdf;1;683012;
637;https://www.uitvoeringarbeidsvoorwaardenwetgeving.nl/mozard/!suite92.scherm1007?mObj=8090&mSelod=704770;TRUE;Cao_binnendienst_2014.pdf;1;637001;
637;https://www.uitvoeringarbeidsvoorwaardenwetgeving.nl/mozard/!suite92.scherm1007?mObj=8091&mSelod=704770;TRUE;Binnendienst_2015___2016_webversie.pdf;1;637002;
637;https://www.uitvoeringarbeidsvoorwaardenwetgeving.nl/mozard/!suite92.scherm1007?mObj=8092&mSelod=704770;TRUE;Cao_Binnendienst_2015__2016_addendum.pdf;1;637003;
637;https://www.uitvoeringarbeidsvoorwaardenwetgeving.nl/mozard/!suite92.scherm1007?mObj=14112&mSelod=704770;TRUE;CAO Binnendienst 2018-2019.pdf .pdf;1;637004;
637;https://www.uitvoeringarbeidsvoorwaardenwetgeving.nl/mozard/!suite92.scherm1007?mObj=8096&mSelod=704770;TRUE;Cao_Verzekeringsbedrijf_Binnendienst_2018_2019.pdf;1;637005;
637;https://www.uitvoeringarbeidsvoorwaardenwetgeving.nl/mozard/!suite92.scherm1007?mObj=8087&mSelod=704770;TRUE;cao_binnendienst_2011_2012.pdf;1;637006;
637;https://www.uitvoeringarbeidsvoorwaardenwetgeving.nl/mozard/!suite92.scherm1007?mObj=8095&mSelod=704770;TRUE;Cao_Verzekeringsbedrijf_2016_2017_schoon_ttw.pdf;1;637007;
637;https://www.uitvoeringarbeidsvoorwaardenwetgeving.nl/mozard/!suite92.scherm1007?mObj=8093&mSelod=704770;TRUE;Verzekeringsbedrijf_2016_2017_schoon_1.pdf;1;637008;
637;https://www.uitvoeringarbeidsvoorwaardenwetgeving.nl/mozard/!suite92.scherm1007?mObj=8094&mSelod=704770;TRUE;Cao_Binnendienst_schoon.pdf;1;637009;
637;https://www.uitvoeringarbeidsvoorwaardenwetgeving.nl/mozard/!suite92.scherm1007?mObj=8088&mSelod=704770;TRUE;Cao_Binnendienst_2013.pdf;1;637010;
637;https://www.uitvoeringarbeidsvoorwaardenwetgeving.nl/mozard/!suite92.scherm1007?mObj=8089&mSelod=704770;TRUE;CAO_boekje_Binnendienst_wijzFAR.pdf;1;637011;
637;https://www.uitvoeringarbeidsvoorwaardenwetgeving.nl/mozard/!suite92.scherm1007?mObj=18706&mSelod=704770;TRUE;Cao Verzekeringsbedrijf 2020 - integrale tekst.docx.pdf;1;637012;
637;https://www.uitvoeringarbeidsvoorwaardenwetgeving.nl/mozard/!suite92.scherm1007?mObj=22583&mSelod=704770;TRUE;Cao Verzekeringsbedrijf 2021 def versie 20210311.pdf;1;637013;
637;https://www.uitvoeringarbeidsvoorwaardenwetgeving.nl/mozard/!suite92.scherm1007?mObj=34632&mSelod=704770;TRUE;Cao Verzekeringsbedrijf 2022-2023 TTW februari 2023.pdf;1;637014;
637;https://www.uitvoeringarbeidsvoorwaardenwetgeving.nl/mozard/!suite92.scherm1007?mObj=30560&mSelod=704770;TRUE;Cao Verzekeringsbedrijf 2022-2023 def versie 24 mei 2022.pdf;1;637015;
637;https://www.uitvoeringarbeidsvoorwaardenwetgeving.nl/mozard/!suite92.scherm1007?mObj=43018&mSelod=704770;TRUE;Cao voor het Verzekeringsbedrijf 2024.pdf;1;637016;
637;https://www.uitvoeringarbeidsvoorwaardenwetgeving.nl/mozard/!suite92.scherm1007?mObj=48983&mSelod=704770;TRUE;Cao voor het Verzekeringsbedrijf 2025-2026.pdf;1;637017;
526;https://www.uitvoeringarbeidsvoorwaardenwetgeving.nl/mozard/!suite92.scherm1007?mObj=26258&mSelod=704772;TRUE;CAO meubelindustrie 2022-2023.pdf;1;526001;
526;https://www.uitvoeringarbeidsvoorwaardenwetgeving.nl/mozard/!suite92.scherm1007?mObj=27037&mSelod=704772;TRUE;CAO meubelindustrie 2022-2023 TTW.pdf;1;526002;
526;https://www.uitvoeringarbeidsvoorwaardenwetgeving.nl/mozard/!suite92.scherm1007?mObj=31807&mSelod=704772;TRUE;CAO meubelindustrie 2022-2023 TTW nieuwe cao tekst.pdf;1;526003;
526;https://www.uitvoeringarbeidsvoorwaardenwetgeving.nl/mozard/!suite92.scherm1007?mObj=42504&mSelod=704772;TRUE;CAO Interieurbouw en Meubelindustrie 2024 clean def.pdf;1;526004;
526;https://www.uitvoeringarbeidsvoorwaardenwetgeving.nl/mozard/!suite92.scherm1007?mObj=42276&mSelod=704772;TRUE;CAO Interieurbouw en Meubelindustrie 2024 clean.pdf;1;526005;
526;https://www.uitvoeringarbeidsvoorwaardenwetgeving.nl/mozard/!suite92.scherm1007?mObj=7647&mSelod=704772;TRUE;CAO_tekst_2015__2016_aanmelding_tst_dispensatie.pdf;1;526006;
526;https://www.uitvoeringarbeidsvoorwaardenwetgeving.nl/mozard/!suite92.scherm1007?mObj=7646&mSelod=704772;TRUE;CAO_tekst_2015__2016_aangemeld.pdf;1;526007;
526;https://www.uitvoeringarbeidsvoorwaardenwetgeving.nl/mozard/!suite92.scherm1007?mObj=7648&mSelod=704772;TRUE;CAOtekst2017.pdf;1;526008;
526;https://www.uitvoeringarbeidsvoorwaardenwetgeving.nl/mozard/!suite92.scherm1007?mObj=7650&mSelod=704772;TRUE;CAO_meubelindustrie_2018_2019_Def.pdf;1;526009;
526;https://www.uitvoeringarbeidsvoorwaardenwetgeving.nl/mozard/!suite92.scherm1007?mObj=7649&mSelod=704772;TRUE;CAO_meubelindustrie_2018_2019_Def_1.pdf;1;526010;
526;https://www.uitvoeringarbeidsvoorwaardenwetgeving.nl/mozard/!suite92.scherm1007?mObj=1009&mSelod=704772;TRUE;CAO meubelindustrie 2018-2019 Def.docx .pdf;1;526011;
526;https://www.uitvoeringarbeidsvoorwaardenwetgeving.nl/mozard/!suite92.scherm1007?mObj=22670&mSelod=704772;TRUE;CAO meubelindustrie 2020-2021 def.pdf;1;526012;
526;https://www.uitvoeringarbeidsvoorwaardenwetgeving.nl/mozard/!suite92.scherm1007?mObj=22836&mSelod=704772;TRUE;CAO meubelindustrie 2020-2021 def P.pdf;1;526013;
526;https://www.uitvoeringarbeidsvoorwaardenwetgeving.nl/mozard/!suite92.scherm1007?mObj=22646&mSelod=704772;TRUE;CAO meubelindustrie 2020-2021 def_1.pdf;1;526014;
526;https://www.uitvoeringarbeidsvoorwaardenwetgeving.nl/mozard/!suite92.scherm1007?mObj=7643&mSelod=704772;TRUE;Meubelindustrie__29_juli_2011.pdf;1;526015;
526;https://www.uitvoeringarbeidsvoorwaardenwetgeving.nl/mozard/!suite92.scherm1007?mObj=7642&mSelod=704772;TRUE;meubelindustrie_cao_tekst.pdf;1;526016;
526;https://www.uitvoeringarbeidsvoorwaardenwetgeving.nl/mozard/!suite92.scherm1007?mObj=7644&mSelod=704772;TRUE;CAO_tekst_2012_2014.pdf;1;526017;
526;https://www.uitvoeringarbeidsvoorwaardenwetgeving.nl/mozard/!suite92.scherm1007?mObj=7645&mSelod=704772;TRUE;CAO_tekst_2012_2014_1.pdf;1;526018;
2070;https://www.uitvoeringarbeidsvoorwaardenwetgeving.nl/mozard/!suite92.scherm1007?mObj=37110&mSelod=704774;TRUE;CAO Facilitaire contactcenters 2022-2023 SIGNED.pdf;1;2070001;
2070;https://www.uitvoeringarbeidsvoorwaardenwetgeving.nl/mozard/!suite92.scherm1007?mObj=37242&mSelod=704774;TRUE;CAO Facilitaire contactcenters 2022-2023 na ttw 23-6-2023_.getekend.pdf;1;2070002;
2070;https://www.uitvoeringarbeidsvoorwaardenwetgeving.nl/mozard/!suite92.scherm1007?mObj=41694&mSelod=704774;TRUE;CAO Facilitaire contactcenters 2024 na ttw 31-01-2024.pdf;1;2070003;
2070;https://www.uitvoeringarbeidsvoorwaardenwetgeving.nl/mozard/!suite92.scherm1007?mObj=40681&mSelod=704774;TRUE;CAO Facilitaire contactcenters 2024 18-12-2023.pdf;1;2070004;
2070;https://www.uitvoeringarbeidsvoorwaardenwetgeving.nl/mozard/!suite92.scherm1007?mObj=45596&mSelod=704774;TRUE;2024.12.10 WFC cao 2025-2027 Clean Version Final_ getekend szw.pdf;1;2070005;
2070;https://www.uitvoeringarbeidsvoorwaardenwetgeving.nl/mozard/!suite92.scherm1007?mObj=46887&mSelod=704774;TRUE;WFC cao 2025-2027 na ttw 13-2-2025 szw.pdf;1;2070006;
2070;https://www.uitvoeringarbeidsvoorwaardenwetgeving.nl/mozard/!suite92.scherm1007?mObj=21010&mSelod=704774;TRUE;CAO Facilitaire contactcenters 2019 - 2021 versie 10.11.2020.pdf;1;2070007;
2070;https://www.uitvoeringarbeidsvoorwaardenwetgeving.nl/mozard/!suite92.scherm1007?mObj=13651&mSelod=704774;TRUE;Cao FACILITAIRE CONTACTCENTERS.pdf .pdf;1;2070008;
822;https://www.uitvoeringarbeidsvoorwaardenwetgeving.nl/mozard/!suite92.scherm1007?mObj=8415&mSelod=704776;TRUE;CAO_CAR__TTW_JULI.pdf;1;822001;
822;https://www.uitvoeringarbeidsvoorwaardenwetgeving.nl/mozard/!suite92.scherm1007?mObj=8413&mSelod=704776;TRUE;CAO_CAR_2015_2017.pdf;1;822002;
822;https://www.uitvoeringarbeidsvoorwaardenwetgeving.nl/mozard/!suite92.scherm1007?mObj=8414&mSelod=704776;TRUE;CAO_CAR_arcering___wijz_AOW_LT.pdf;1;822003;
822;https://www.uitvoeringarbeidsvoorwaardenwetgeving.nl/mozard/!suite92.scherm1007?mObj=8410&mSelod=704776;TRUE;carrosserie_aangepast_cao_n_a__v_bed.pdf;1;822004;
822;https://www.uitvoeringarbeidsvoorwaardenwetgeving.nl/mozard/!suite92.scherm1007?mObj=8411&mSelod=704776;TRUE;M_en_T_Carrosseriebedrijf_cao_en_handboek_doc.pdf;1;822005;
822;https://www.uitvoeringarbeidsvoorwaardenwetgeving.nl/mozard/!suite92.scherm1007?mObj=43854&mSelod=704776;TRUE;HB 5e editie 2024.pdf;2;822006;
822;https://www.uitvoeringarbeidsvoorwaardenwetgeving.nl/mozard/!suite92.scherm1007?mObj=43984&mSelod=704776;TRUE;HB 5e editie 2024_1.pdf;2;822007;
822;https://www.uitvoeringarbeidsvoorwaardenwetgeving.nl/mozard/!suite92.scherm1007?mObj=45541&mSelod=704776;TRUE;HB 5e editie 2024_2.pdf;2;822008;
822;https://www.uitvoeringarbeidsvoorwaardenwetgeving.nl/mozard/!suite92.scherm1007?mObj=8412&mSelod=704776;TRUE;M_T_Totaal_tekst.pdf;1;822009;
822;https://www.uitvoeringarbeidsvoorwaardenwetgeving.nl/mozard/!suite92.scherm1007?mObj=8417&mSelod=704776;TRUE;CAO_CAR_2017_2019_TTW_juli_2017.pdf;1;822010;
822;https://www.uitvoeringarbeidsvoorwaardenwetgeving.nl/mozard/!suite92.scherm1007?mObj=8416&mSelod=704776;TRUE;CAO_CA_17_19.pdf;1;822011;
822;https://www.uitvoeringarbeidsvoorwaardenwetgeving.nl/mozard/!suite92.scherm1007?mObj=8419&mSelod=704776;TRUE;CAO_CAR_2017_2019_TTW_LL_nov_2018.pdf;1;822012;
822;https://www.uitvoeringarbeidsvoorwaardenwetgeving.nl/mozard/!suite92.scherm1007?mObj=8418&mSelod=704776;TRUE;CAO_CAR_2017_2019_TTW_GP_nov_2017.pdf;1;822013;
822;https://www.uitvoeringarbeidsvoorwaardenwetgeving.nl/mozard/!suite92.scherm1007?mObj=15097&mSelod=704776;FALSE;;0;822013;
822;https://www.uitvoeringarbeidsvoorwaardenwetgeving.nl/mozard/!suite92.scherm1007?mObj=21137&mSelod=704776;TRUE;CAO CARR 2019 2021 SZW TTW Wagweu art 64.docx.pdf;1;822014;
822;https://www.uitvoeringarbeidsvoorwaardenwetgeving.nl/mozard/!suite92.scherm1007?mObj=15321&mSelod=704776;FALSE;;0;822014;
822;https://www.uitvoeringarbeidsvoorwaardenwetgeving.nl/mozard/!suite92.scherm1007?mObj=21637&mSelod=704776;TRUE;CAO CARR 2019 2021 SZW TTW V2 Wagweu.docx.pdf;1;822015;
822;https://www.uitvoeringarbeidsvoorwaardenwetgeving.nl/mozard/!suite92.scherm1007?mObj=30106&mSelod=704776;TRUE;CAO Car 2021 2024.pdf;1;822016;
822;https://www.uitvoeringarbeidsvoorwaardenwetgeving.nl/mozard/!suite92.scherm1007?mObj=30225&mSelod=704776;TRUE;CAO Car 2021 2024b.pdf;1;822017;
163;https://www.uitvoeringarbeidsvoorwaardenwetgeving.nl/mozard/!suite92.scherm1007?mObj=7177&mSelod=704778;TRUE;CAO_OV_tekst_2011_en_2012_def_140512.pdf;1;163001;
163;https://www.uitvoeringarbeidsvoorwaardenwetgeving.nl/mozard/!suite92.scherm1007?mObj=7178&mSelod=704778;TRUE;CAO_OV_tekst_2013_DEFINITIEF.pdf;1;163002;
163;https://www.uitvoeringarbeidsvoorwaardenwetgeving.nl/mozard/!suite92.scherm1007?mObj=7179&mSelod=704778;TRUE;CAO_OV_tekst_2013_DEFINITIEF_v2.pdf;1;163003;
163;https://www.uitvoeringarbeidsvoorwaardenwetgeving.nl/mozard/!suite92.scherm1007?mObj=7181&mSelod=704778;TRUE;CAO_OV_tekst_2014_en_2015_DEFINITIEF.pdf;1;163004;
163;https://www.uitvoeringarbeidsvoorwaardenwetgeving.nl/mozard/!suite92.scherm1007?mObj=7180&mSelod=704778;TRUE;CAO_OV_tekst_2014_en_2015_DEFINITIEF_1.pdf;1;163005;
163;https://www.uitvoeringarbeidsvoorwaardenwetgeving.nl/mozard/!suite92.scherm1007?mObj=7182&mSelod=704778;TRUE;CAO_OV_tekst_2016_en_2017_DEFINITIEF.pdf;1;163006;
163;https://www.uitvoeringarbeidsvoorwaardenwetgeving.nl/mozard/!suite92.scherm1007?mObj=14199&mSelod=704778;TRUE;CAO OV 01012018 30062020 definitief 160519.pdf .pdf;1;163007;
163;https://www.uitvoeringarbeidsvoorwaardenwetgeving.nl/mozard/!suite92.scherm1007?mObj=38253&mSelod=704778;TRUE;CAO OV 1 januari 2023 31 maart 2025 tekst aanmelding.pdf;1;163008;
163;https://www.uitvoeringarbeidsvoorwaardenwetgeving.nl/mozard/!suite92.scherm1007?mObj=7176&mSelod=704778;TRUE;Openbaar Vervoer caotekst.pdf;1;163009;
163;https://www.uitvoeringarbeidsvoorwaardenwetgeving.nl/mozard/!suite92.scherm1007?mObj=22877&mSelod=704778;TRUE;CAO OV 1 juli 2020 30 juni 2021 tekst aanmelding.pdf;1;163010;
163;https://www.uitvoeringarbeidsvoorwaardenwetgeving.nl/mozard/!suite92.scherm1007?mObj=30813&mSelod=704778;TRUE;CAO OV 1 juli 2021 31 december 2022 tekst aanmelding.pdf;1;163011;
604;https://www.uitvoeringarbeidsvoorwaardenwetgeving.nl/mozard/!suite92.scherm1007?mObj=7763&mSelod=704780;TRUE;CAO_Tekst___CAO_Vast_2011___2012.pdf;1;604001;
924;https://www.uitvoeringarbeidsvoorwaardenwetgeving.nl/mozard/!suite92.scherm1007?mObj=25342&mSelod=704782;TRUE;Tekst cao Reisbranche 1jan-1jul2022.pdf;1;924001;
924;https://www.uitvoeringarbeidsvoorwaardenwetgeving.nl/mozard/!suite92.scherm1007?mObj=26829&mSelod=704782;TRUE;DEF_Tekst cao Reisbranche 1jan-1jul2022 - avv.docx.pdf;1;924002;
924;https://www.uitvoeringarbeidsvoorwaardenwetgeving.nl/mozard/!suite92.scherm1007?mObj=8757&mSelod=704782;TRUE;AWVN__487825_v1_DefCAO_ANVR_2011_2012.pdf;1;924003;
924;https://www.uitvoeringarbeidsvoorwaardenwetgeving.nl/mozard/!suite92.scherm1007?mObj=8758&mSelod=704782;TRUE;ANVR_CAO_2012_2013_Gecorrigeerde_tekst_def_R1.pdf;1;924004;
924;https://www.uitvoeringarbeidsvoorwaardenwetgeving.nl/mozard/!suite92.scherm1007?mObj=22889&mSelod=704782;TRUE;Tekst cao Reisbranche 1jul21-31dec21.pdf;1;924005;
924;https://www.uitvoeringarbeidsvoorwaardenwetgeving.nl/mozard/!suite92.scherm1007?mObj=30004&mSelod=704782;TRUE;cao Reisbranche 1jul2022-1jul2024 concept versie.pdf;1;924006;
924;https://www.uitvoeringarbeidsvoorwaardenwetgeving.nl/mozard/!suite92.scherm1007?mObj=31245&mSelod=704782;TRUE;cao Reisbranche 1jul2022-1jul2024 - versie 2 sept 2022.pdf;1;924007;
924;https://www.uitvoeringarbeidsvoorwaardenwetgeving.nl/mozard/!suite92.scherm1007?mObj=43172&mSelod=704782;TRUE;cao Reisbranche 1jul2024-1jul2026 def1.pdf;1;924008;
924;https://www.uitvoeringarbeidsvoorwaardenwetgeving.nl/mozard/!suite92.scherm1007?mObj=43021&mSelod=704782;TRUE;cao Reisbranche 1jul2024-1jul2026 def.pdf;1;924009;
924;https://www.uitvoeringarbeidsvoorwaardenwetgeving.nl/mozard/!suite92.scherm1007?mObj=43582&mSelod=704782;TRUE;cao Reisbranche 1jul2024-1jul2026 def2.pdf;1;924010;
924;https://www.uitvoeringarbeidsvoorwaardenwetgeving.nl/mozard/!suite92.scherm1007?mObj=20766&mSelod=704782;TRUE;Tekst cao Reisbranche definitief.docx.pdf;1;924011;
924;https://www.uitvoeringarbeidsvoorwaardenwetgeving.nl/mozard/!suite92.scherm1007?mObj=8878&mSelod=704782;TRUE;CAO_teksten_voor_CAO_2013_2015_wijzigingen_def_R2.pdf;1;924012;
924;https://www.uitvoeringarbeidsvoorwaardenwetgeving.nl/mozard/!suite92.scherm1007?mObj=8879&mSelod=704782;TRUE;CAO_2015_2016_aanmelding.pdf;1;924013;
924;https://www.uitvoeringarbeidsvoorwaardenwetgeving.nl/mozard/!suite92.scherm1007?mObj=8881&mSelod=704782;TRUE;Cao_reisbranche_2016_2018_definitief_einddocument.pdf;1;924014;
924;https://www.uitvoeringarbeidsvoorwaardenwetgeving.nl/mozard/!suite92.scherm1007?mObj=8880&mSelod=704782;TRUE;Tekst_cao_reisbranche_2016_2018_def_tekst.pdf;1;924015;
924;https://www.uitvoeringarbeidsvoorwaardenwetgeving.nl/mozard/!suite92.scherm1007?mObj=14539&mSelod=704782;TRUE;2019 Tekst cao-reisbranche 1 november 2018 - 1 september 2019 - versie 2.0.pdf;1;924016;
924;https://www.uitvoeringarbeidsvoorwaardenwetgeving.nl/mozard/!suite92.scherm1007?mObj=14182&mSelod=704782;TRUE;2019 Tekst cao-reisbranche 1 november 2018 - 1 september 2019.pdf .pdf;1;924017;
3313;https://www.uitvoeringarbeidsvoorwaardenwetgeving.nl/mozard/!suite92.scherm1007?mObj=32949&mSelod=704784;TRUE;cao NWb 2023 ondertekende versie.pdf;1;3313001;
3313;https://www.uitvoeringarbeidsvoorwaardenwetgeving.nl/mozard/!suite92.scherm1007?mObj=41993&mSelod=704784;TRUE;cao NWb 2024-2025_getekend.pdf;1;3313002;
3313;https://www.uitvoeringarbeidsvoorwaardenwetgeving.nl/mozard/!suite92.scherm1007?mObj=11613&mSelod=704784;TRUE;CAO_NWb_2011_def.pdf;1;3313003;
3313;https://www.uitvoeringarbeidsvoorwaardenwetgeving.nl/mozard/!suite92.scherm1007?mObj=11614&mSelod=704784;TRUE;cao_Netwerkbedrijven_2_0_2011_2013.pdf;1;3313004;
3313;https://www.uitvoeringarbeidsvoorwaardenwetgeving.nl/mozard/!suite92.scherm1007?mObj=11612&mSelod=704784;TRUE;NWb_cao.pdf;1;3313005;
3313;https://www.uitvoeringarbeidsvoorwaardenwetgeving.nl/mozard/!suite92.scherm1007?mObj=11617&mSelod=704784;TRUE;Cao_NWb_2013_2015_met_aanpassing_DI.pdf;1;3313006;
3313;https://www.uitvoeringarbeidsvoorwaardenwetgeving.nl/mozard/!suite92.scherm1007?mObj=11615&mSelod=704784;TRUE;Cao_NWb_2013_1_mei.pdf;1;3313007;
3313;https://www.uitvoeringarbeidsvoorwaardenwetgeving.nl/mozard/!suite92.scherm1007?mObj=11616&mSelod=704784;TRUE;Cao_NWb_2013_2015_met_aanpassing_HNW_schoon.pdf;1;3313008;
3313;https://www.uitvoeringarbeidsvoorwaardenwetgeving.nl/mozard/!suite92.scherm1007?mObj=15570&mSelod=704784;TRUE;CAO NWb 2018-2021-def.pdf;1;3313009;
3313;https://www.uitvoeringarbeidsvoorwaardenwetgeving.nl/mozard/!suite92.scherm1007?mObj=701&mSelod=704784;TRUE;CAO NWb 2018 - 2021 - getekend.pdf .pdf;1;3313010;
3313;https://www.uitvoeringarbeidsvoorwaardenwetgeving.nl/mozard/!suite92.scherm1007?mObj=24168&mSelod=704784;TRUE;cao NWb 2021-2022.pdf;1;3313011;
3313;https://www.uitvoeringarbeidsvoorwaardenwetgeving.nl/mozard/!suite92.scherm1007?mObj=49253&mSelod=704784;TRUE;WEN25057_cao NWb-2026NL-FINAL zonder handtekening.pdf;1;3313012;
3313;https://www.uitvoeringarbeidsvoorwaardenwetgeving.nl/mozard/!suite92.scherm1007?mObj=11619&mSelod=704784;TRUE;Cao_NWb_2015_2018_procesafspraken_30_03_2016.pdf;1;3313013;
3313;https://www.uitvoeringarbeidsvoorwaardenwetgeving.nl/mozard/!suite92.scherm1007?mObj=11618&mSelod=704784;TRUE;cao_NWb_2015_2018.pdf;1;3313014;
26;https://www.uitvoeringarbeidsvoorwaardenwetgeving.nl/mozard/!suite92.scherm1007?mObj=22970&mSelod=704786;TRUE;cao 2021 definitief voor avv.pdf;1;26001;
26;https://www.uitvoeringarbeidsvoorwaardenwetgeving.nl/mozard/!suite92.scherm1007?mObj=23141&mSelod=704786;TRUE;cao 2021 compleetnav opmerkingen SZW.pdf;1;26002;
26;https://www.uitvoeringarbeidsvoorwaardenwetgeving.nl/mozard/!suite92.scherm1007?mObj=6802&mSelod=704786;TRUE;CAO_2016_na_opm_artikel_42.pdf;1;26003;
26;https://www.uitvoeringarbeidsvoorwaardenwetgeving.nl/mozard/!suite92.scherm1007?mObj=6801&mSelod=704786;TRUE;CAO_2016.pdf;1;26004;
26;https://www.uitvoeringarbeidsvoorwaardenwetgeving.nl/mozard/!suite92.scherm1007?mObj=30485&mSelod=704786;TRUE;cao vlees 2022-2024 definitief.pdf;1;26005;
26;https://www.uitvoeringarbeidsvoorwaardenwetgeving.nl/mozard/!suite92.scherm1007?mObj=42890&mSelod=704786;TRUE;CAO_Vleessector_2024-2025 met tussentijdse wijzigingen 3 juni 2024.pdf;1;26006;
26;https://www.uitvoeringarbeidsvoorwaardenwetgeving.nl/mozard/!suite92.scherm1007?mObj=42476&mSelod=704786;TRUE;CAO_Vleessector_2024-2025 met wijzigingen geacepteerd voor ministerie.pdf;1;26007;
26;https://www.uitvoeringarbeidsvoorwaardenwetgeving.nl/mozard/!suite92.scherm1007?mObj=6795&mSelod=704786;TRUE;Vleessector_cao_incl__reglement_ongerenvooieerd.pdf;1;26008;
26;https://www.uitvoeringarbeidsvoorwaardenwetgeving.nl/mozard/!suite92.scherm1007?mObj=6797&mSelod=704786;TRUE;CAO_vleessector_ongerenvooieerde_tekst_2013.pdf;1;26009;
26;https://www.uitvoeringarbeidsvoorwaardenwetgeving.nl/mozard/!suite92.scherm1007?mObj=6800&mSelod=704786;TRUE;CAO_VLEESSECTOR_2014_volledige_tekst.pdf;1;26010;
26;https://www.uitvoeringarbeidsvoorwaardenwetgeving.nl/mozard/!suite92.scherm1007?mObj=6798&mSelod=704786;TRUE;CAO_VLEESSECTOR_2014_ongerenvooieerd.pdf;1;26011;
26;https://www.uitvoeringarbeidsvoorwaardenwetgeving.nl/mozard/!suite92.scherm1007?mObj=6799&mSelod=704786;TRUE;CAO_VLEESSECTOR_2014_ongerenvooieerd_1.pdf;1;26012;
26;https://www.uitvoeringarbeidsvoorwaardenwetgeving.nl/mozard/!suite92.scherm1007?mObj=6804&mSelod=704786;TRUE;Tussentijds_gewijzigde_cao.pdf;1;26013;
26;https://www.uitvoeringarbeidsvoorwaardenwetgeving.nl/mozard/!suite92.scherm1007?mObj=6803&mSelod=704786;TRUE;CAO_2017_2019_tekst_voor_boekje.pdf;1;26014;
26;https://www.uitvoeringarbeidsvoorwaardenwetgeving.nl/mozard/!suite92.scherm1007?mObj=15795&mSelod=704786;TRUE;cao 2019-2020 met wijzigingen geacepteerd definitief.docx.pdf;1;26015;
26;https://www.uitvoeringarbeidsvoorwaardenwetgeving.nl/mozard/!suite92.scherm1007?mObj=15681&mSelod=704786;TRUE;cao 2019-2020 met wijzigingen geacepteerd definitief.docx_1.pdf;1;26016;
26;https://www.uitvoeringarbeidsvoorwaardenwetgeving.nl/mozard/!suite92.scherm1007?mObj=6796&mSelod=704786;TRUE;CAO_Vlees_2011__ongerenvooieerd_.pdf;1;26017;
1291;https://www.uitvoeringarbeidsvoorwaardenwetgeving.nl/mozard/!suite92.scherm1007?mObj=9131&mSelod=704788;TRUE;wijziging_NHG_CAO__teksten_1_juli_2016_2016.pdf;1;1291001;
1291;https://www.uitvoeringarbeidsvoorwaardenwetgeving.nl/mozard/!suite92.scherm1007?mObj=9128&mSelod=704788;TRUE;NHG_cao_1_jan_2014_tot_en_met_31_dec_2018.pdf;1;1291002;
1291;https://www.uitvoeringarbeidsvoorwaardenwetgeving.nl/mozard/!suite92.scherm1007?mObj=9129&mSelod=704788;TRUE;NHG_CAO_05_2014.pdf;1;1291003;
1291;https://www.uitvoeringarbeidsvoorwaardenwetgeving.nl/mozard/!suite92.scherm1007?mObj=9130&mSelod=704788;TRUE;CAO_boekje_NHG_2014_2018_versie_2_mei_2014.pdf;1;1291004;
1291;https://www.uitvoeringarbeidsvoorwaardenwetgeving.nl/mozard/!suite92.scherm1007?mObj=9132&mSelod=704788;TRUE;NHG_Cao_tm_31_12_2022.pdf;1;1291005;
1291;https://www.uitvoeringarbeidsvoorwaardenwetgeving.nl/mozard/!suite92.scherm1007?mObj=15638&mSelod=704788;TRUE;NHG-CAO 2019 tm 2022- herziene uitg. conform WAB 1 jan 2020.pdf;1;1291006;
1291;https://www.uitvoeringarbeidsvoorwaardenwetgeving.nl/mozard/!suite92.scherm1007?mObj=15540&mSelod=704788;TRUE;NHG CAO_herziene uitgave 1 januari 2020 gewijzigd conform de WAB.pdf;1;1291007;
51;https://www.uitvoeringarbeidsvoorwaardenwetgeving.nl/mozard/!suite92.scherm1007?mObj=6865&mSelod=704790;TRUE;GEWIJZIGDE_april_DEF_ARBVW_2011_2012.pdf;1;51001;
51;https://www.uitvoeringarbeidsvoorwaardenwetgeving.nl/mozard/!suite92.scherm1007?mObj=6864&mSelod=704790;TRUE;DEF_ARBVW_2011_2012.pdf;1;51002;
51;https://www.uitvoeringarbeidsvoorwaardenwetgeving.nl/mozard/!suite92.scherm1007?mObj=6866&mSelod=704790;TRUE;avv_REDACTIETEKST_ARBVW_2013_26sept.pdf;1;51003;
51;https://www.uitvoeringarbeidsvoorwaardenwetgeving.nl/mozard/!suite92.scherm1007?mObj=6868&mSelod=704790;TRUE;CAO_Timmer_aanp_avv_14_4_2014.pdf;1;51004;
51;https://www.uitvoeringarbeidsvoorwaardenwetgeving.nl/mozard/!suite92.scherm1007?mObj=6867&mSelod=704790;TRUE;CAO_Timmer_avv_27_3_2014.pdf;1;51005;
51;https://www.uitvoeringarbeidsvoorwaardenwetgeving.nl/mozard/!suite92.scherm1007?mObj=6869&mSelod=704790;TRUE;EINDVERSIE_CAO_TIMMERIND__2015_2017.pdf;1;51006;
51;https://www.uitvoeringarbeidsvoorwaardenwetgeving.nl/mozard/!suite92.scherm1007?mObj=6871&mSelod=704790;TRUE;Int_2__caoTimmer_TTW_1_1_15_tm_31_3_17.pdf;1;51007;
51;https://www.uitvoeringarbeidsvoorwaardenwetgeving.nl/mozard/!suite92.scherm1007?mObj=6870&mSelod=704790;TRUE;cao_Timmerindustrie_TTW_1_1_2015_tm_31_3_2017.pdf;1;51008;
51;https://www.uitvoeringarbeidsvoorwaardenwetgeving.nl/mozard/!suite92.scherm1007?mObj=6873&mSelod=704790;TRUE;Minis_Cao_Timmer_apr__2017__apr__2018.pdf;1;51009;
51;https://www.uitvoeringarbeidsvoorwaardenwetgeving.nl/mozard/!suite92.scherm1007?mObj=6872&mSelod=704790;TRUE;Cao_Timmer_apr__2017__apr__2018.pdf;1;51010;
51;https://www.uitvoeringarbeidsvoorwaardenwetgeving.nl/mozard/!suite92.scherm1007?mObj=6874&mSelod=704790;TRUE;cao_nr__51_aug__18.pdf;1;51011;
51;https://www.uitvoeringarbeidsvoorwaardenwetgeving.nl/mozard/!suite92.scherm1007?mObj=6875&mSelod=704790;TRUE;CAO_Timmer_1_apr___18_t_m__31_mrt__19_2e_vers_.pdf;1;51012;
51;https://www.uitvoeringarbeidsvoorwaardenwetgeving.nl/mozard/!suite92.scherm1007?mObj=14606&mSelod=704790;TRUE;Cao Timmerindustrie 1 apr 2019 tm 31 juli 2020.pdf;1;51013;
51;https://www.uitvoeringarbeidsvoorwaardenwetgeving.nl/mozard/!suite92.scherm1007?mObj=14907&mSelod=704790;TRUE;CAO Timmerindustrie 1 apr 2019 tm 31 juli 2020 wijzigingen sept.19.pdf;1;51014;
51;https://www.uitvoeringarbeidsvoorwaardenwetgeving.nl/mozard/!suite92.scherm1007?mObj=22589&mSelod=704790;TRUE;INTEGRALE TEKST cao timmerindustrie 1 aug 2020 - 30 nov 2021.pdf;1;51015;
51;https://www.uitvoeringarbeidsvoorwaardenwetgeving.nl/mozard/!suite92.scherm1007?mObj=22752&mSelod=704790;TRUE;cao Timmer nr 51 INTEGRAAL 1 aug 2020 - 30 nov 21.pdf;1;51016;
51;https://www.uitvoeringarbeidsvoorwaardenwetgeving.nl/mozard/!suite92.scherm1007?mObj=28378&mSelod=704790;TRUE;Cao Timmerindustrie 1 dec 21 tt 1 mrt 2024.pdf;1;51017;
51;https://www.uitvoeringarbeidsvoorwaardenwetgeving.nl/mozard/!suite92.scherm1007?mObj=27456&mSelod=704790;TRUE;INTEGRALE cao Timmerindustrie 1 dec 21 tt 1 mrt 2024.pdf;1;51018;
51;https://www.uitvoeringarbeidsvoorwaardenwetgeving.nl/mozard/!suite92.scherm1007?mObj=36762&mSelod=704790;TRUE;cao Timmerindustrie 1 dec 21 tt 1 mrt 2024_1.pdf;1;51019;
51;https://www.uitvoeringarbeidsvoorwaardenwetgeving.nl/mozard/!suite92.scherm1007?mObj=43174&mSelod=704790;TRUE;Cao Timmer 2024-2025 - incl bijlagen 28-06-2024.pdf;1;51020;
51;https://www.uitvoeringarbeidsvoorwaardenwetgeving.nl/mozard/!suite92.scherm1007?mObj=43642&mSelod=704790;TRUE;Cao Timmer 2024-2025 - TTW .pdf;1;51021;
35;https://www.uitvoeringarbeidsvoorwaardenwetgeving.nl/mozard/!suite92.scherm1007?mObj=6828&mSelod=704792;TRUE;Raltex_2018_2020_doorlopende_tekst.pdf;1;35001;
35;https://www.uitvoeringarbeidsvoorwaardenwetgeving.nl/mozard/!suite92.scherm1007?mObj=37005&mSelod=704792;TRUE;Cao Textielverzorging 2023-2024 TTW doorlopende tekst.pdf;1;35002;
35;https://www.uitvoeringarbeidsvoorwaardenwetgeving.nl/mozard/!suite92.scherm1007?mObj=32712&mSelod=704792;TRUE;Cao Textielverzorging 2023-2024 doorlopende tekst def.pdf;1;35003;
35;https://www.uitvoeringarbeidsvoorwaardenwetgeving.nl/mozard/!suite92.scherm1007?mObj=43474&mSelod=704792;TRUE;Cao Textielverzorging 2024-2025 vs aug24.pdf;1;35004;
35;https://www.uitvoeringarbeidsvoorwaardenwetgeving.nl/mozard/!suite92.scherm1007?mObj=43017&mSelod=704792;TRUE;Cao Textielverzorging 2024-2025.pdf;1;35005;
35;https://www.uitvoeringarbeidsvoorwaardenwetgeving.nl/mozard/!suite92.scherm1007?mObj=47973&mSelod=704792;TRUE;Cao Textielverzorging 2025-2026.pdf;1;35006;
35;https://www.uitvoeringarbeidsvoorwaardenwetgeving.nl/mozard/!suite92.scherm1007?mObj=6822&mSelod=704792;TRUE;digitaleintegraletekstraltex.pdf;1;35007;
35;https://www.uitvoeringarbeidsvoorwaardenwetgeving.nl/mozard/!suite92.scherm1007?mObj=6823&mSelod=704792;TRUE;CAO_Aanmelding.pdf;1;35008;
35;https://www.uitvoeringarbeidsvoorwaardenwetgeving.nl/mozard/!suite92.scherm1007?mObj=6824&mSelod=704792;TRUE;Raltex_CAO_Textielverzorging_doorlopende_tekst.pdf;1;35009;
35;https://www.uitvoeringarbeidsvoorwaardenwetgeving.nl/mozard/!suite92.scherm1007?mObj=6826&mSelod=704792;TRUE;Tussentijdse_wijziging_AVV_integrale_tekst.pdf;1;35010;
35;https://www.uitvoeringarbeidsvoorwaardenwetgeving.nl/mozard/!suite92.scherm1007?mObj=6825&mSelod=704792;TRUE;Raltex_volledige_tekst_met_alle_bijlagen_NA_TTW.pdf;1;35011;
35;https://www.uitvoeringarbeidsvoorwaardenwetgeving.nl/mozard/!suite92.scherm1007?mObj=6827&mSelod=704792;TRUE;Raltex_volledige_tekst_met_alle_bijlagen_NA_TTW_1.pdf;1;35012;
35;https://www.uitvoeringarbeidsvoorwaardenwetgeving.nl/mozard/!suite92.scherm1007?mObj=26683&mSelod=704792;TRUE;Cao Textielverzorging integrale tekst.pdf;1;35013;
35;https://www.uitvoeringarbeidsvoorwaardenwetgeving.nl/mozard/!suite92.scherm1007?mObj=27938&mSelod=704792;TRUE;Cao Textielverzorging integrale tekst TTW.pdf;1;35014;
35;https://www.uitvoeringarbeidsvoorwaardenwetgeving.nl/mozard/!suite92.scherm1007?mObj=23117&mSelod=704792;TRUE;Cao Textielverzorging integrale tekst 2020-2021.pdf;1;35015;
35;https://www.uitvoeringarbeidsvoorwaardenwetgeving.nl/mozard/!suite92.scherm1007?mObj=23465&mSelod=704792;TRUE;Cao Textielverzorging integrale tekst 2020-2021_1.pdf;1;35016;
35;https://www.uitvoeringarbeidsvoorwaardenwetgeving.nl/mozard/!suite92.scherm1007?mObj=29426&mSelod=704792;TRUE;Cao Textielverzorging integrale tekst 1-4.pdf;1;35017;
35;https://www.uitvoeringarbeidsvoorwaardenwetgeving.nl/mozard/!suite92.scherm1007?mObj=23513&mSelod=704792;TRUE;Cao Textielverzorging integrale tekst 2020-2021 TTW2.pdf;1;35018;
609;https://www.uitvoeringarbeidsvoorwaardenwetgeving.nl/mozard/!suite92.scherm1007?mObj=7764&mSelod=704794;TRUE;CAO_tekst_Tuincentra.pdf;1;609001;
609;https://www.uitvoeringarbeidsvoorwaardenwetgeving.nl/mozard/!suite92.scherm1007?mObj=7765&mSelod=704794;TRUE;140408_CAO_2012_2014_eindtekst_3_juli_2013_hvb.pdf;1;609002;
1547;https://www.uitvoeringarbeidsvoorwaardenwetgeving.nl/mozard/!suite92.scherm1007?mObj=9349&mSelod=704796;TRUE;GROOTHANDEL_IN_BLOEMEN_EN_PLANTEN_cao_2017_2019.pdf;1;1547001;
1547;https://www.uitvoeringarbeidsvoorwaardenwetgeving.nl/mozard/!suite92.scherm1007?mObj=9351&mSelod=704796;TRUE;CAO_GBP_2017_2019_Definitieve_versie.pdf;1;1547002;
1547;https://www.uitvoeringarbeidsvoorwaardenwetgeving.nl/mozard/!suite92.scherm1007?mObj=9350&mSelod=704796;TRUE;CAO_GBP_2017_2019_Definitieve_versie_1.pdf;1;1547003;
1547;https://www.uitvoeringarbeidsvoorwaardenwetgeving.nl/mozard/!suite92.scherm1007?mObj=9345&mSelod=704796;TRUE;Groothandel_in_Bloemen_en_Planten_2009-2012.pdf;1;1547004;
1547;https://www.uitvoeringarbeidsvoorwaardenwetgeving.nl/mozard/!suite92.scherm1007?mObj=9346&mSelod=704796;TRUE;Groothandel_in_Bloemen_en_Planten____CAO_2012_2014.pdf;1;1547005;
1547;https://www.uitvoeringarbeidsvoorwaardenwetgeving.nl/mozard/!suite92.scherm1007?mObj=9347&mSelod=704796;TRUE;CAO_GBP_2014_2016_definitieve_versie.pdf;1;1547006;
1547;https://www.uitvoeringarbeidsvoorwaardenwetgeving.nl/mozard/!suite92.scherm1007?mObj=15411&mSelod=704796;TRUE;CAO tekst juli 2019 tm juni 2021.pdf;1;1547007;
1547;https://www.uitvoeringarbeidsvoorwaardenwetgeving.nl/mozard/!suite92.scherm1007?mObj=24409&mSelod=704796;TRUE;Definitieve cao VGB 2021-2023.pdf;1;1547008;
1547;https://www.uitvoeringarbeidsvoorwaardenwetgeving.nl/mozard/!suite92.scherm1007?mObj=29442&mSelod=704796;TRUE;VGB TTW 2021-2023.pdf;1;1547009;
1547;https://www.uitvoeringarbeidsvoorwaardenwetgeving.nl/mozard/!suite92.scherm1007?mObj=40678&mSelod=704796;TRUE;VGB cao tekst.pdf;1;1547010;
1547;https://www.uitvoeringarbeidsvoorwaardenwetgeving.nl/mozard/!suite92.scherm1007?mObj=46761&mSelod=704796;TRUE;VGB cao 2024 - 2026.pdf;1;1547011;
1547;https://www.uitvoeringarbeidsvoorwaardenwetgeving.nl/mozard/!suite92.scherm1007?mObj=9348&mSelod=704796;FALSE;;0;1547011;
359;https://www.uitvoeringarbeidsvoorwaardenwetgeving.nl/mozard/!suite92.scherm1007?mObj=7502&mSelod=704798;TRUE;VBZ_cao_2014.pdf;1;359001;
359;https://www.uitvoeringarbeidsvoorwaardenwetgeving.nl/mozard/!suite92.scherm1007?mObj=7503&mSelod=704798;TRUE;VBZ_cao_2015_2016.pdf;1;359002;
359;https://www.uitvoeringarbeidsvoorwaardenwetgeving.nl/mozard/!suite92.scherm1007?mObj=7504&mSelod=704798;TRUE;VBZ_cao_2017_def.pdf;1;359003;
359;https://www.uitvoeringarbeidsvoorwaardenwetgeving.nl/mozard/!suite92.scherm1007?mObj=7505&mSelod=704798;TRUE;Zoetwarenindustrie_cao_2018.pdf;1;359004;
359;https://www.uitvoeringarbeidsvoorwaardenwetgeving.nl/mozard/!suite92.scherm1007?mObj=14218&mSelod=704798;TRUE;Zoetwarenindustrie 2019-2020 na ttw ivm artikel 14 en 25 lid 3.pdf .pdf;1;359005;
359;https://www.uitvoeringarbeidsvoorwaardenwetgeving.nl/mozard/!suite92.scherm1007?mObj=14131&mSelod=704798;TRUE;zoetwarindustrie cao 2019-2020 FINAAL.docx .pdf;1;359006;
359;https://www.uitvoeringarbeidsvoorwaardenwetgeving.nl/mozard/!suite92.scherm1007?mObj=23622&mSelod=704798;TRUE;Cao Zoetwarenindustrie 2021-2022 def.pdf;1;359007;
359;https://www.uitvoeringarbeidsvoorwaardenwetgeving.nl/mozard/!suite92.scherm1007?mObj=25892&mSelod=704798;TRUE;Cao Zoetwarenindustrie 2021-2022 na correctie art 31.pdf;1;359008;
359;https://www.uitvoeringarbeidsvoorwaardenwetgeving.nl/mozard/!suite92.scherm1007?mObj=39568&mSelod=704798;TRUE;Cao na ttw Zoetwaren looptijd 1 januari 2023 tm 30 september 2024 (6 november 2023).pdf;1;359009;
359;https://www.uitvoeringarbeidsvoorwaardenwetgeving.nl/mozard/!suite92.scherm1007?mObj=38846&mSelod=704798;TRUE;Cao Zoetwarenindustrie 2023-2024.pdf;1;359010;
359;https://www.uitvoeringarbeidsvoorwaardenwetgeving.nl/mozard/!suite92.scherm1007?mObj=7499&mSelod=704798;TRUE;Zoetwaren_arbvoorw_CAO_2011_2012_.pdf;1;359011;
359;https://www.uitvoeringarbeidsvoorwaardenwetgeving.nl/mozard/!suite92.scherm1007?mObj=7500&mSelod=704798;TRUE;VBZ_CAO_2012_2013__def.pdf;1;359012;
359;https://www.uitvoeringarbeidsvoorwaardenwetgeving.nl/mozard/!suite92.scherm1007?mObj=7501&mSelod=704798;TRUE;VBZ_CAO_2012_2013__na_ttw_ivm_avv.pdf;1;359013;
359;https://www.uitvoeringarbeidsvoorwaardenwetgeving.nl/mozard/!suite92.scherm1007?mObj=47967&mSelod=704798;TRUE;Herschreven cao Zoetwaren_finale versie (2 december 2024)_incl. IKB en akkoord cao-partijen (25 april 2025).pdf;1;359014;
359;https://www.uitvoeringarbeidsvoorwaardenwetgeving.nl/mozard/!suite92.scherm1007?mObj=49311&mSelod=704798;TRUE;Cao Zoetwaren 2024-2026 na ttw (12 juni 2025).pdf;1;359015;
2535;https://www.uitvoeringarbeidsvoorwaardenwetgeving.nl/mozard/!suite92.scherm1007?mObj=14889&mSelod=704800;TRUE;MITT cao 2019-2020.pdf;1;2535001;
2535;https://www.uitvoeringarbeidsvoorwaardenwetgeving.nl/mozard/!suite92.scherm1007?mObj=22682&mSelod=704800;TRUE;CAO MITT 2021-2022.pdf;1;2535002;
2535;https://www.uitvoeringarbeidsvoorwaardenwetgeving.nl/mozard/!suite92.scherm1007?mObj=28698&mSelod=704800;TRUE;CAO MITT 2022-2023 definitief.pdf;1;2535003;
2535;https://www.uitvoeringarbeidsvoorwaardenwetgeving.nl/mozard/!suite92.scherm1007?mObj=37653&mSelod=704800;TRUE;CAO MITT 2023 versie 06072023.pdf;1;2535004;
2535;https://www.uitvoeringarbeidsvoorwaardenwetgeving.nl/mozard/!suite92.scherm1007?mObj=45203&mSelod=704800;TRUE;Cao MITT 2024-2025 versie 18 06112024 (003).pdf;1;2535005;
2535;https://www.uitvoeringarbeidsvoorwaardenwetgeving.nl/mozard/!suite92.scherm1007?mObj=19506&mSelod=704800;TRUE;CAO MITT 2020 .pdf;1;2535006;
2535;https://www.uitvoeringarbeidsvoorwaardenwetgeving.nl/mozard/!suite92.scherm1007?mObj=20348&mSelod=704800;TRUE;CAO MITT 2020 _1.pdf;1;2535007;
2535;https://www.uitvoeringarbeidsvoorwaardenwetgeving.nl/mozard/!suite92.scherm1007?mObj=22584&mSelod=704800;TRUE;CAO MITT 2020 na ttw2 art. 1.3 en 6.3.pdf;1;2535008;
2535;https://www.uitvoeringarbeidsvoorwaardenwetgeving.nl/mozard/!suite92.scherm1007?mObj=10769&mSelod=704800;TRUE;SZW_CAO_MITT_2010_2012__wijziging_dec_2011_schoon.pdf;1;2535009;
2535;https://www.uitvoeringarbeidsvoorwaardenwetgeving.nl/mozard/!suite92.scherm1007?mObj=10768&mSelod=704800;TRUE;CAO MITT 2010-2012 -melding sept 2010-schoon.pdf;1;2535010;
2535;https://www.uitvoeringarbeidsvoorwaardenwetgeving.nl/mozard/!suite92.scherm1007?mObj=10770&mSelod=704800;TRUE;SZW_CAO_MITT_2010_2012__wijziging_jan_2012_schoon.pdf;1;2535011;
2535;https://www.uitvoeringarbeidsvoorwaardenwetgeving.nl/mozard/!suite92.scherm1007?mObj=10771&mSelod=704800;TRUE;SZW_CAO_MITT_2012_2014_schoon_dd_6_9_2012.pdf;1;2535012;
2535;https://www.uitvoeringarbeidsvoorwaardenwetgeving.nl/mozard/!suite92.scherm1007?mObj=10772&mSelod=704800;TRUE;CAO_MITT_2012_2014_schoon_dd__18_10_2012.pdf;1;2535013;
2535;https://www.uitvoeringarbeidsvoorwaardenwetgeving.nl/mozard/!suite92.scherm1007?mObj=10775&mSelod=704800;TRUE;CAOMITT_2014_2016_tussent_wijz_dec__2015_sch2.pdf;1;2535014;
2535;https://www.uitvoeringarbeidsvoorwaardenwetgeving.nl/mozard/!suite92.scherm1007?mObj=10773&mSelod=704800;TRUE;CAO_MITT_2014_2016___schoon___niet_geel_gearceerd.pdf;1;2535015;
2535;https://www.uitvoeringarbeidsvoorwaardenwetgeving.nl/mozard/!suite92.scherm1007?mObj=10774&mSelod=704800;TRUE;CAO_MITT_2014_2016_tussent__wijz__sch_szw.pdf;1;2535016;
2535;https://www.uitvoeringarbeidsvoorwaardenwetgeving.nl/mozard/!suite92.scherm1007?mObj=10776&mSelod=704800;TRUE;CAOMITT2014_16_tussent_wijz__juli_2017_sch_szw.pdf;1;2535017;
2535;https://www.uitvoeringarbeidsvoorwaardenwetgeving.nl/mozard/!suite92.scherm1007?mObj=10777&mSelod=704800;TRUE;SZW_CAOMITT2016_19_melding_schn_geen_wijz__zichtb_.pdf;1;2535018;
2535;https://www.uitvoeringarbeidsvoorwaardenwetgeving.nl/mozard/!suite92.scherm1007?mObj=10780&mSelod=704800;TRUE;SZW_CAOMITT2016_19_meld_3e_tussent__wijz__sch_.pdf;1;2535019;
2535;https://www.uitvoeringarbeidsvoorwaardenwetgeving.nl/mozard/!suite92.scherm1007?mObj=10778&mSelod=704800;TRUE;SZW_CAOMITT2016_19_melding__tussent__wijz__sch.pdf;1;2535020;
2535;https://www.uitvoeringarbeidsvoorwaardenwetgeving.nl/mozard/!suite92.scherm1007?mObj=10779&mSelod=704800;TRUE;SZW_CAOMITT2016_19_meld_2e_tussent__wijz__sch.pdf;1;2535021;
884;https://www.uitvoeringarbeidsvoorwaardenwetgeving.nl/mozard/!suite92.scherm1007?mObj=36346&mSelod=704802;TRUE;Tekst CAO Boek en Kantoor 21 23 def.pdf;1;884001;
884;https://www.uitvoeringarbeidsvoorwaardenwetgeving.nl/mozard/!suite92.scherm1007?mObj=41754&mSelod=704802;TRUE;070224_Tekst CAO Boek en Kantoor 23 24 ongemark def.pdf;1;884002;
884;https://www.uitvoeringarbeidsvoorwaardenwetgeving.nl/mozard/!suite92.scherm1007?mObj=45445&mSelod=704802;TRUE;Tekst CAO Boek en Kantoor 24 25 ongemark def.pdf;1;884003;
884;https://www.uitvoeringarbeidsvoorwaardenwetgeving.nl/mozard/!suite92.scherm1007?mObj=8696&mSelod=704802;TRUE;Boekhandel Kantoorvakhandel 2010-2012.pdf;1;884004;
884;https://www.uitvoeringarbeidsvoorwaardenwetgeving.nl/mozard/!suite92.scherm1007?mObj=8697&mSelod=704802;TRUE;Cao_Boekhandel_en_Kantoorvakhandel_2012_2014.pdf;1;884005;
884;https://www.uitvoeringarbeidsvoorwaardenwetgeving.nl/mozard/!suite92.scherm1007?mObj=8698&mSelod=704802;TRUE;Cao_Boekhandel_en_Kantoorvakhandel_2014_2016.pdf;1;884006;
884;https://www.uitvoeringarbeidsvoorwaardenwetgeving.nl/mozard/!suite92.scherm1007?mObj=8699&mSelod=704802;TRUE;Cao_Boekh_en_Kantoorvakh_2012_2014_def.pdf;1;884007;
884;https://www.uitvoeringarbeidsvoorwaardenwetgeving.nl/mozard/!suite92.scherm1007?mObj=8700&mSelod=704802;TRUE;CAO_Kantoor_en_Boek_16_17_def.pdf;1;884008;
884;https://www.uitvoeringarbeidsvoorwaardenwetgeving.nl/mozard/!suite92.scherm1007?mObj=8701&mSelod=704802;TRUE;CAO_Kantoor_en_Boek_17_18_def.pdf;1;884009;
884;https://www.uitvoeringarbeidsvoorwaardenwetgeving.nl/mozard/!suite92.scherm1007?mObj=8702&mSelod=704802;TRUE;CAO_Kantoor_en_Boek_17_18_nw_sept.pdf;1;884010;
884;https://www.uitvoeringarbeidsvoorwaardenwetgeving.nl/mozard/!suite92.scherm1007?mObj=8703&mSelod=704802;TRUE;CAO_Kantoor_en_Boek_17_18_nw_def.pdf;1;884011;
884;https://www.uitvoeringarbeidsvoorwaardenwetgeving.nl/mozard/!suite92.scherm1007?mObj=8704&mSelod=704802;TRUE;CAO_Kantoor_18_19_def_aanm.pdf;1;884012;
884;https://www.uitvoeringarbeidsvoorwaardenwetgeving.nl/mozard/!suite92.scherm1007?mObj=15218&mSelod=704802;TRUE;Tekst CAO Boek en Kantoor 19 20 31-10-2019 ongemark def aanm.docx.pdf;1;884013;
615;https://www.uitvoeringarbeidsvoorwaardenwetgeving.nl/mozard/!suite92.scherm1007?mObj=7766&mSelod=704804;TRUE;CAO voor de Zorgverzekeraars 2010-2011.pdf;1;615001;
615;https://www.uitvoeringarbeidsvoorwaardenwetgeving.nl/mozard/!suite92.scherm1007?mObj=7767&mSelod=704804;TRUE;CAO_voor_de_Zorgverzekeraars_2011_2012.pdf;1;615002;
615;https://www.uitvoeringarbeidsvoorwaardenwetgeving.nl/mozard/!suite92.scherm1007?mObj=7768&mSelod=704804;TRUE;CAO_voor_de_Zorgverzekeraars_2013_2015.pdf;1;615003;
615;https://www.uitvoeringarbeidsvoorwaardenwetgeving.nl/mozard/!suite92.scherm1007?mObj=7769&mSelod=704804;TRUE;Cao_zorgverzekeraars_2015_2016_definitief.pdf;1;615004;
615;https://www.uitvoeringarbeidsvoorwaardenwetgeving.nl/mozard/!suite92.scherm1007?mObj=7770&mSelod=704804;TRUE;Cao_voor_de_Zorgverzekeraars_2016_2018.pdf;1;615005;
615;https://www.uitvoeringarbeidsvoorwaardenwetgeving.nl/mozard/!suite92.scherm1007?mObj=7771&mSelod=704804;TRUE;CAO_Zorgverzekeraars_2018_2019.pdf;1;615006;
615;https://www.uitvoeringarbeidsvoorwaardenwetgeving.nl/mozard/!suite92.scherm1007?mObj=15635&mSelod=704804;TRUE;CAO Zorgverzekeraars 2019-2020.pdf;1;615007;
615;https://www.uitvoeringarbeidsvoorwaardenwetgeving.nl/mozard/!suite92.scherm1007?mObj=25666&mSelod=704804;TRUE;Cao voor de Zorgverzekeraars 2021-2022.pdf;1;615008;
615;https://www.uitvoeringarbeidsvoorwaardenwetgeving.nl/mozard/!suite92.scherm1007?mObj=37917&mSelod=704804;TRUE;CAO voor de Zorgverzekeraars 2022-2024.pdf;1;615009;
1285;https://www.uitvoeringarbeidsvoorwaardenwetgeving.nl/mozard/!suite92.scherm1007?mObj=18266&mSelod=704806;TRUE;cao tekst Tank Was 2020 2021 versie 16 juli.doc.pdf;1;1285001;
1285;https://www.uitvoeringarbeidsvoorwaardenwetgeving.nl/mozard/!suite92.scherm1007?mObj=18426&mSelod=704806;TRUE;cao tekst Tank Was 2020 2021 versie 20 juli 2020.doc.pdf;1;1285002;
1285;https://www.uitvoeringarbeidsvoorwaardenwetgeving.nl/mozard/!suite92.scherm1007?mObj=16713&mSelod=704806;TRUE;cao tekst Tank Was 2020 2021 versie 22 juni.doc.pdf;1;1285003;
1285;https://www.uitvoeringarbeidsvoorwaardenwetgeving.nl/mozard/!suite92.scherm1007?mObj=18586&mSelod=704806;TRUE;cao tekst Tank Was 2020 2021 versie 22 juli 2020.doc.pdf;1;1285004;
1285;https://www.uitvoeringarbeidsvoorwaardenwetgeving.nl/mozard/!suite92.scherm1007?mObj=27778&mSelod=704806;TRUE;cao tekst Tank Was 2022-2023, definitief.pdf;1;1285005;
1285;https://www.uitvoeringarbeidsvoorwaardenwetgeving.nl/mozard/!suite92.scherm1007?mObj=29023&mSelod=704806;TRUE;cao tekst Tank Was 2022-2023, definitief 28032022.pdf;1;1285006;
1285;https://www.uitvoeringarbeidsvoorwaardenwetgeving.nl/mozard/!suite92.scherm1007?mObj=42275&mSelod=704806;TRUE;cao tekst Tank Was 2024 - 2025, definitief 21032024.pdf;1;1285007;
1285;https://www.uitvoeringarbeidsvoorwaardenwetgeving.nl/mozard/!suite92.scherm1007?mObj=41564&mSelod=704806;TRUE;cao tekst Tank Was 2024 - 2025, definitief 25012024.pdf;1;1285008;
1285;https://www.uitvoeringarbeidsvoorwaardenwetgeving.nl/mozard/!suite92.scherm1007?mObj=48651&mSelod=704806;TRUE;Ingediend bij SZW - Eindtekst cao Tankstations en Wasbedrijven 1 april 2025 - 31 december 2026.pdf;1;1285009;
1285;https://www.uitvoeringarbeidsvoorwaardenwetgeving.nl/mozard/!suite92.scherm1007?mObj=9106&mSelod=704806;TRUE;CAO_tekst_2011_2013__2_.pdf;1;1285010;
1285;https://www.uitvoeringarbeidsvoorwaardenwetgeving.nl/mozard/!suite92.scherm1007?mObj=9105&mSelod=704806;TRUE;CAO_tekst_2011_2013.pdf;1;1285011;
1285;https://www.uitvoeringarbeidsvoorwaardenwetgeving.nl/mozard/!suite92.scherm1007?mObj=9107&mSelod=704806;TRUE;CAO_tekst_2013_2015.pdf;1;1285012;
1285;https://www.uitvoeringarbeidsvoorwaardenwetgeving.nl/mozard/!suite92.scherm1007?mObj=9108&mSelod=704806;TRUE;CAO_tekst_2013_2015_def.pdf;1;1285013;
1285;https://www.uitvoeringarbeidsvoorwaardenwetgeving.nl/mozard/!suite92.scherm1007?mObj=9110&mSelod=704806;TRUE;cao_tekst_Tank_Was_def_3_juni_2016.pdf;1;1285014;
1285;https://www.uitvoeringarbeidsvoorwaardenwetgeving.nl/mozard/!suite92.scherm1007?mObj=9109&mSelod=704806;TRUE;cao_tekst_Tank_Was_def_3_juni_2016_1.pdf;1;1285015;
1285;https://www.uitvoeringarbeidsvoorwaardenwetgeving.nl/mozard/!suite92.scherm1007?mObj=9111&mSelod=704806;TRUE;cao_tekst_Tank_Was_2017_2019_v1.pdf;1;1285016;
1285;https://www.uitvoeringarbeidsvoorwaardenwetgeving.nl/mozard/!suite92.scherm1007?mObj=9112&mSelod=704806;TRUE;cao_tekst_Tank_Was_2017_2019_def.pdf;1;1285017;
1285;https://www.uitvoeringarbeidsvoorwaardenwetgeving.nl/mozard/!suite92.scherm1007?mObj=9113&mSelod=704806;TRUE;cao_tekst_Tank_Was_2017_2019_def_1.pdf;1;1285018;
41;https://www.uitvoeringarbeidsvoorwaardenwetgeving.nl/mozard/!suite92.scherm1007?mObj=6841&mSelod=704808;TRUE;CAO_tekst_2017_2018_geschoond.pdf;1;41001;
41;https://www.uitvoeringarbeidsvoorwaardenwetgeving.nl/mozard/!suite92.scherm1007?mObj=6842&mSelod=704808;TRUE;hibin_CAO_tekst_2017_2018.pdf;1;41002;
41;https://www.uitvoeringarbeidsvoorwaardenwetgeving.nl/mozard/!suite92.scherm1007?mObj=14223&mSelod=704808;TRUE;CAO-tekst 2019_vs2.docx .pdf;1;41003;
41;https://www.uitvoeringarbeidsvoorwaardenwetgeving.nl/mozard/!suite92.scherm1007?mObj=14619&mSelod=704808;TRUE;cao tekst.pdf;1;41004;
41;https://www.uitvoeringarbeidsvoorwaardenwetgeving.nl/mozard/!suite92.scherm1007?mObj=14273&mSelod=704808;TRUE;CAO-tekst 2019_vs3.docx .pdf;1;41005;
41;https://www.uitvoeringarbeidsvoorwaardenwetgeving.nl/mozard/!suite92.scherm1007?mObj=14168&mSelod=704808;TRUE;CAO-tekst 2019.docx .pdf;1;41006;
41;https://www.uitvoeringarbeidsvoorwaardenwetgeving.nl/mozard/!suite92.scherm1007?mObj=14480&mSelod=704808;TRUE;CAO-tekst 2019_vs4_def.docx .pdf;1;41007;
41;https://www.uitvoeringarbeidsvoorwaardenwetgeving.nl/mozard/!suite92.scherm1007?mObj=20830&mSelod=704808;TRUE;CAO-tekst 2020_def.docx.pdf;1;41008;
41;https://www.uitvoeringarbeidsvoorwaardenwetgeving.nl/mozard/!suite92.scherm1007?mObj=23432&mSelod=704808;TRUE;CAO-tekst 2021_2022_geschoond3.pdf;1;41009;
41;https://www.uitvoeringarbeidsvoorwaardenwetgeving.nl/mozard/!suite92.scherm1007?mObj=23181&mSelod=704808;TRUE;CAO-tekst 2021_2022_defV2_geschoond.pdf;1;41010;
41;https://www.uitvoeringarbeidsvoorwaardenwetgeving.nl/mozard/!suite92.scherm1007?mObj=23990&mSelod=704808;TRUE;CAO-tekst 2021_2022_geschoond.pdf;1;41011;
41;https://www.uitvoeringarbeidsvoorwaardenwetgeving.nl/mozard/!suite92.scherm1007?mObj=36974&mSelod=704808;TRUE;CAO-tekst 2023_2024_geschoond_04.pdf;1;41012;
41;https://www.uitvoeringarbeidsvoorwaardenwetgeving.nl/mozard/!suite92.scherm1007?mObj=36830&mSelod=704808;TRUE;CAO-tekst 2023-2024 versie 1.0 zonder wijzigingen.pdf;1;41013;
41;https://www.uitvoeringarbeidsvoorwaardenwetgeving.nl/mozard/!suite92.scherm1007?mObj=36959&mSelod=704808;TRUE;CAO-tekst 2023_2024_geschoond_02.pdf;1;41014;
41;https://www.uitvoeringarbeidsvoorwaardenwetgeving.nl/mozard/!suite92.scherm1007?mObj=44604&mSelod=704808;TRUE;CAO-tekst 2024-2025 versie 1.0.pdf;1;41015;
41;https://www.uitvoeringarbeidsvoorwaardenwetgeving.nl/mozard/!suite92.scherm1007?mObj=44968&mSelod=704808;TRUE;CAO-tekst 2024-2025 versie 2.0.pdf;1;41016;
41;https://www.uitvoeringarbeidsvoorwaardenwetgeving.nl/mozard/!suite92.scherm1007?mObj=6839&mSelod=704808;TRUE;CAO_tekst_2010_2012_per01042013.pdf;1;41017;
41;https://www.uitvoeringarbeidsvoorwaardenwetgeving.nl/mozard/!suite92.scherm1007?mObj=6837&mSelod=704808;TRUE;integrale CAO-tekst 2010-2012.pdf;1;41018;
41;https://www.uitvoeringarbeidsvoorwaardenwetgeving.nl/mozard/!suite92.scherm1007?mObj=6838&mSelod=704808;TRUE;handel__in_bouwmaterialen_cao_integraal.pdf;1;41019;
41;https://www.uitvoeringarbeidsvoorwaardenwetgeving.nl/mozard/!suite92.scherm1007?mObj=6840&mSelod=704808;TRUE;CAO_tekst_2015_2016_geschoond.pdf;1;41020;
1945;https://www.uitvoeringarbeidsvoorwaardenwetgeving.nl/mozard/!suite92.scherm1007?mObj=9925&mSelod=704810;TRUE;CAO_Dierhouderij_2010__2012.pdf;1;1945001;
1945;https://www.uitvoeringarbeidsvoorwaardenwetgeving.nl/mozard/!suite92.scherm1007?mObj=9929&mSelod=704810;FALSE;;0;1945001;
1945;https://www.uitvoeringarbeidsvoorwaardenwetgeving.nl/mozard/!suite92.scherm1007?mObj=9930&mSelod=704810;TRUE;cao_tekst_integraal.pdf;1;1945002;
1945;https://www.uitvoeringarbeidsvoorwaardenwetgeving.nl/mozard/!suite92.scherm1007?mObj=9928&mSelod=704810;TRUE;Cao_productiegerichte_dierhouderij_2014_2017.pdf;1;1945003;
1945;https://www.uitvoeringarbeidsvoorwaardenwetgeving.nl/mozard/!suite92.scherm1007?mObj=9931&mSelod=704810;TRUE;cao_tekst_Pg_Dierhouderij.pdf;1;1945004;
1945;https://www.uitvoeringarbeidsvoorwaardenwetgeving.nl/mozard/!suite92.scherm1007?mObj=9932&mSelod=704810;TRUE;cao_Pg_Dierhouderij.pdf;1;1945005;
1945;https://www.uitvoeringarbeidsvoorwaardenwetgeving.nl/mozard/!suite92.scherm1007?mObj=9933&mSelod=704810;FALSE;;0;1945005;
1945;https://www.uitvoeringarbeidsvoorwaardenwetgeving.nl/mozard/!suite92.scherm1007?mObj=18590&mSelod=704810;TRUE;cao PGD integraal def.docx.pdf;1;1945006;
1945;https://www.uitvoeringarbeidsvoorwaardenwetgeving.nl/mozard/!suite92.scherm1007?mObj=21812&mSelod=704810;TRUE;cao productiegerichte dierhouderij 2021 versie 30 januari 2021.docx.pdf;1;1945007;
1945;https://www.uitvoeringarbeidsvoorwaardenwetgeving.nl/mozard/!suite92.scherm1007?mObj=22335&mSelod=704810;TRUE;cao productiegerichte dierhouderij 2021 ttw 17 maart 2021.pdf;1;1945008;
1945;https://www.uitvoeringarbeidsvoorwaardenwetgeving.nl/mozard/!suite92.scherm1007?mObj=34634&mSelod=704810;TRUE;cao Productiegerichte Dierhouderij 1 januari 2022 - 31 december 2023 inclusief T.pdf;1;1945009;
1945;https://www.uitvoeringarbeidsvoorwaardenwetgeving.nl/mozard/!suite92.scherm1007?mObj=30525&mSelod=704810;TRUE;cao Productiegerichte Dierhouderij 1 januari 2022 - 31 december 2023.pdf;1;1945010;
1945;https://www.uitvoeringarbeidsvoorwaardenwetgeving.nl/mozard/!suite92.scherm1007?mObj=37528&mSelod=704810;TRUE;Integrale tekst cao Productiegerichte Dierhouderij 2022 - 2023 (TTW per 1 juli 2023).pdf;1;1945011;
1945;https://www.uitvoeringarbeidsvoorwaardenwetgeving.nl/mozard/!suite92.scherm1007?mObj=30364&mSelod=704810;TRUE;cao Productiegerichte Dierhouderij 1 januari 2022 - 31 december 2023_1.pdf;1;1945012;
1945;https://www.uitvoeringarbeidsvoorwaardenwetgeving.nl/mozard/!suite92.scherm1007?mObj=34389&mSelod=704810;TRUE;cao Productiegerichte Dierhouderij 1 januari 2022 - 31 december 2023 inclusief T_1.pdf;1;1945013;
1945;https://www.uitvoeringarbeidsvoorwaardenwetgeving.nl/mozard/!suite92.scherm1007?mObj=42426&mSelod=704810;TRUE;Eindtekst cao Productiegerichte Dierhouderij 1 januari 2024 - 31 december 2025.pdf;1;1945014;
1945;https://www.uitvoeringarbeidsvoorwaardenwetgeving.nl/mozard/!suite92.scherm1007?mObj=43296&mSelod=704810;TRUE;Eindtekst cao Productiegerichte Dierhouderij 1 januari 2024 - 31 december 2025 incl. 1e ttw per 1 januari 2024.pdf;1;1945015;
1945;https://www.uitvoeringarbeidsvoorwaardenwetgeving.nl/mozard/!suite92.scherm1007?mObj=45746&mSelod=704810;TRUE;Eindtekst cao Productiegerichte Dierhouderij 1 januari 2024 - 31 december 2025 incl. 2e ttw per 1 januari 2025.pdf;1;1945016;
1945;https://www.uitvoeringarbeidsvoorwaardenwetgeving.nl/mozard/!suite92.scherm1007?mObj=9927&mSelod=704810;TRUE;Eindtekst_cao_Dierhouderij_2012_2013_incl__ttw.pdf;1;1945017;
1945;https://www.uitvoeringarbeidsvoorwaardenwetgeving.nl/mozard/!suite92.scherm1007?mObj=9926&mSelod=704810;TRUE;20120967N_Eindtekst_cao_Dierhouderij_2012_2013.pdf;1;1945018;
3335;https://www.uitvoeringarbeidsvoorwaardenwetgeving.nl/mozard/!suite92.scherm1007?mObj=48207&mSelod=704812;TRUE;Sector-cao PLb 2025-2026 definitief.pdf;1;3335001;
3335;https://www.uitvoeringarbeidsvoorwaardenwetgeving.nl/mozard/!suite92.scherm1007?mObj=31604&mSelod=704812;TRUE;CAO PLb 2022-2023 definitief ondertekend.pdf;1;3335002;
3335;https://www.uitvoeringarbeidsvoorwaardenwetgeving.nl/mozard/!suite92.scherm1007?mObj=39236&mSelod=704812;TRUE;CAO tekst CAO PLb 2023-2024 ondertekend door cao-partijen.pdf;1;3335003;
3335;https://www.uitvoeringarbeidsvoorwaardenwetgeving.nl/mozard/!suite92.scherm1007?mObj=23225&mSelod=704812;TRUE;Cao PLb versie 5 juli 2021-signed.pdf;1;3335004;
3335;https://www.uitvoeringarbeidsvoorwaardenwetgeving.nl/mozard/!suite92.scherm1007?mObj=11674&mSelod=704812;TRUE;Productie__en_Leveringsbedrijven_cao_2011_2013.pdf;1;3335005;
3335;https://www.uitvoeringarbeidsvoorwaardenwetgeving.nl/mozard/!suite92.scherm1007?mObj=11675&mSelod=704812;TRUE;CAO_PLb_2013_def___ondertekend.pdf;1;3335006;
3335;https://www.uitvoeringarbeidsvoorwaardenwetgeving.nl/mozard/!suite92.scherm1007?mObj=11676&mSelod=704812;TRUE;CAO_PLb_2013_caotekst.pdf;1;3335007;
3335;https://www.uitvoeringarbeidsvoorwaardenwetgeving.nl/mozard/!suite92.scherm1007?mObj=11677&mSelod=704812;TRUE;CAO_PLb_2015___2018_definitief__30_juni_2016_.pdf;1;3335008;
3335;https://www.uitvoeringarbeidsvoorwaardenwetgeving.nl/mozard/!suite92.scherm1007?mObj=11678&mSelod=704812;TRUE;CaoPLb_herstel_foute_verwijz_en_redac_wijz_tbvAVV.pdf;1;3335009;
3335;https://www.uitvoeringarbeidsvoorwaardenwetgeving.nl/mozard/!suite92.scherm1007?mObj=820&mSelod=704812;TRUE;CAO PLb 2018 - 2020 ondertekend.pdf .pdf;1;3335010;
1504;https://www.uitvoeringarbeidsvoorwaardenwetgeving.nl/mozard/!suite92.scherm1007?mObj=9671&mSelod=704814;TRUE;CAO_BTU_2011_2012__Def____v1_23__Opmaak.pdf;1;1504001;
1504;https://www.uitvoeringarbeidsvoorwaardenwetgeving.nl/mozard/!suite92.scherm1007?mObj=9673&mSelod=704814;TRUE;CAO_BTU_2014.pdf;1;1504002;
1504;https://www.uitvoeringarbeidsvoorwaardenwetgeving.nl/mozard/!suite92.scherm1007?mObj=9672&mSelod=704814;TRUE;CAO_BTU_2012_2013_v1_21_Geschoond.pdf;1;1504003;
592;https://www.uitvoeringarbeidsvoorwaardenwetgeving.nl/mozard/!suite92.scherm1007?mObj=7749&mSelod=704816;TRUE;CAO_Gespec_Detailh_Bloemen_en_Planten_2018___2019.pdf;1;592001;
592;https://www.uitvoeringarbeidsvoorwaardenwetgeving.nl/mozard/!suite92.scherm1007?mObj=7750&mSelod=704816;TRUE;cao_Bloemenspeciaalzaken_16_8_2018.pdf;1;592002;
592;https://www.uitvoeringarbeidsvoorwaardenwetgeving.nl/mozard/!suite92.scherm1007?mObj=16234&mSelod=704816;TRUE;2.1.c Cao Gespecialiseerde detailhandel in bloemen en planten 2020 - 2022.docx.pdf;1;592003;
592;https://www.uitvoeringarbeidsvoorwaardenwetgeving.nl/mozard/!suite92.scherm1007?mObj=16522&mSelod=704816;TRUE;Gewijzigde tekst 14 mei 2020 2.1.c Cao Gespecialiseerde detailhandel in bloemen.pdf;1;592004;
592;https://www.uitvoeringarbeidsvoorwaardenwetgeving.nl/mozard/!suite92.scherm1007?mObj=33159&mSelod=704816;TRUE;def. cao tekst Gespecialiseerde detailhandel in bloemen en planten 2023.pdf;1;592005;
592;https://www.uitvoeringarbeidsvoorwaardenwetgeving.nl/mozard/!suite92.scherm1007?mObj=31934&mSelod=704816;TRUE;def. cao tekst Gespecialiseerde detailhandel in bloemen en planten 2023_1.pdf;1;592006;
592;https://www.uitvoeringarbeidsvoorwaardenwetgeving.nl/mozard/!suite92.scherm1007?mObj=42414&mSelod=704816;TRUE;c. 20240403 (Schoon) Tekst tussentijds gewijzigde cao Gespecialiseerde detailhandel bloemen en planten.pdf;1;592007;
592;https://www.uitvoeringarbeidsvoorwaardenwetgeving.nl/mozard/!suite92.scherm1007?mObj=41800&mSelod=704816;TRUE;2024-02-15 Def. tekst tussentijds gewijzigde cao met wijzigingen bijgehouden cao Gespecialiseerde detailhandel in bloemen en planten 2024.pdf;1;592008;
592;https://www.uitvoeringarbeidsvoorwaardenwetgeving.nl/mozard/!suite92.scherm1007?mObj=41601&mSelod=704816;TRUE;2024-01-19 Def. tekst schoon cao Gespecialiseerde detailhandel in bloemen en planten 2024.pdf;1;592009;
592;https://www.uitvoeringarbeidsvoorwaardenwetgeving.nl/mozard/!suite92.scherm1007?mObj=46191&mSelod=704816;TRUE;1. 20250117 Def. cao Gesp. detailhandel bloemen en planten 2025-2026.pdf;1;592010;
592;https://www.uitvoeringarbeidsvoorwaardenwetgeving.nl/mozard/!suite92.scherm1007?mObj=7745&mSelod=704816;TRUE;cao_2011__2012_definitief.pdf;1;592011;
592;https://www.uitvoeringarbeidsvoorwaardenwetgeving.nl/mozard/!suite92.scherm1007?mObj=7747&mSelod=704816;TRUE;Cao_tekst.pdf;1;592012;
592;https://www.uitvoeringarbeidsvoorwaardenwetgeving.nl/mozard/!suite92.scherm1007?mObj=7746&mSelod=704816;TRUE;2__Cao_Gesp___Detailh__in_Bloemen_en_Planten.pdf;1;592013;
592;https://www.uitvoeringarbeidsvoorwaardenwetgeving.nl/mozard/!suite92.scherm1007?mObj=7748&mSelod=704816;TRUE;Cao_tekst_1.pdf;1;592014;
80;https://www.uitvoeringarbeidsvoorwaardenwetgeving.nl/mozard/!suite92.scherm1007?mObj=48982&mSelod=704818;TRUE;CAO Waterbouw 2025-2027 schoon-zn.pdf;1;80001;
80;https://www.uitvoeringarbeidsvoorwaardenwetgeving.nl/mozard/!suite92.scherm1007?mObj=7060&mSelod=704818;TRUE;CAO_Waterbouw VERSIE 110329.pdf;1;80002;
80;https://www.uitvoeringarbeidsvoorwaardenwetgeving.nl/mozard/!suite92.scherm1007?mObj=7061&mSelod=704818;TRUE;CAO_VVW12.pdf;1;80003;
80;https://www.uitvoeringarbeidsvoorwaardenwetgeving.nl/mozard/!suite92.scherm1007?mObj=7062&mSelod=704818;TRUE;CAO_Waterbouw_2013_2014_def.pdf;1;80004;
80;https://www.uitvoeringarbeidsvoorwaardenwetgeving.nl/mozard/!suite92.scherm1007?mObj=7063&mSelod=704818;TRUE;CAO_Waterbouw__def_23_mei_2014_AVV.pdf;1;80005;
80;https://www.uitvoeringarbeidsvoorwaardenwetgeving.nl/mozard/!suite92.scherm1007?mObj=7065&mSelod=704818;FALSE;;0;80005;
80;https://www.uitvoeringarbeidsvoorwaardenwetgeving.nl/mozard/!suite92.scherm1007?mObj=7064&mSelod=704818;TRUE;CAO_Waterbouw_2015_2018_def__8_juli_2015.pdf;1;80006;
80;https://www.uitvoeringarbeidsvoorwaardenwetgeving.nl/mozard/!suite92.scherm1007?mObj=7066&mSelod=704818;TRUE;CAO_Waterbouw_2018_2019_definitief.pdf;1;80007;
80;https://www.uitvoeringarbeidsvoorwaardenwetgeving.nl/mozard/!suite92.scherm1007?mObj=13698&mSelod=704818;TRUE;CAO Waterbouw 2019-2020 definitief.docx .pdf;1;80008;
80;https://www.uitvoeringarbeidsvoorwaardenwetgeving.nl/mozard/!suite92.scherm1007?mObj=24428&mSelod=704818;TRUE;CAO Waterbouw 2021-2022 Integraal 03.12.2021.pdf;1;80009;
80;https://www.uitvoeringarbeidsvoorwaardenwetgeving.nl/mozard/!suite92.scherm1007?mObj=31411&mSelod=704818;TRUE;CAO Waterbouw 2022-2023.pdf;1;80010;
80;https://www.uitvoeringarbeidsvoorwaardenwetgeving.nl/mozard/!suite92.scherm1007?mObj=31212&mSelod=704818;TRUE;CAO Waterbouw 2022-2023_1.pdf;1;80011;
80;https://www.uitvoeringarbeidsvoorwaardenwetgeving.nl/mozard/!suite92.scherm1007?mObj=37240&mSelod=704818;TRUE;CAO Waterbouw 2023-2024 schoon.pdf;1;80012;
80;https://www.uitvoeringarbeidsvoorwaardenwetgeving.nl/mozard/!suite92.scherm1007?mObj=43311&mSelod=704818;TRUE;CAO Waterbouw 2024-2025 schoon.pdf;1;80013;
791;https://www.uitvoeringarbeidsvoorwaardenwetgeving.nl/mozard/!suite92.scherm1007?mObj=8061&mSelod=704821;TRUE;Textielgroothandel_CAO_2011_2012.pdf;1;791001;
791;https://www.uitvoeringarbeidsvoorwaardenwetgeving.nl/mozard/!suite92.scherm1007?mObj=8063&mSelod=704821;TRUE;Textielgr__NVW_ttw_ivm_fkb_2012_2013_obv_1538864.pdf;1;791002;
791;https://www.uitvoeringarbeidsvoorwaardenwetgeving.nl/mozard/!suite92.scherm1007?mObj=8062&mSelod=704821;TRUE;Textielgroothandel_2012_2013.pdf;1;791003;
791;https://www.uitvoeringarbeidsvoorwaardenwetgeving.nl/mozard/!suite92.scherm1007?mObj=8066&mSelod=704821;TRUE;cao_2016_2017_Textielgroothandel.pdf;1;791004;
791;https://www.uitvoeringarbeidsvoorwaardenwetgeving.nl/mozard/!suite92.scherm1007?mObj=8067&mSelod=704821;TRUE;Textielgroothandel_cao_ttw.pdf;1;791005;
791;https://www.uitvoeringarbeidsvoorwaardenwetgeving.nl/mozard/!suite92.scherm1007?mObj=8068&mSelod=704821;TRUE;Textielgroothandel_cao_2017_2018.pdf;1;791006;
791;https://www.uitvoeringarbeidsvoorwaardenwetgeving.nl/mozard/!suite92.scherm1007?mObj=8069&mSelod=704821;TRUE;Textielgroothandel_cao_2018_2020.pdf;1;791007;
791;https://www.uitvoeringarbeidsvoorwaardenwetgeving.nl/mozard/!suite92.scherm1007?mObj=23565&mSelod=704821;TRUE;Cao 2021-2023 na ttw.pdf;1;791008;
791;https://www.uitvoeringarbeidsvoorwaardenwetgeving.nl/mozard/!suite92.scherm1007?mObj=23369&mSelod=704821;TRUE;cao 2021-2023.pdf;1;791009;
791;https://www.uitvoeringarbeidsvoorwaardenwetgeving.nl/mozard/!suite92.scherm1007?mObj=37768&mSelod=704821;TRUE;Cao Textielgroothandel 2023-2024 versie 19-7-2023.pdf;1;791010;
791;https://www.uitvoeringarbeidsvoorwaardenwetgeving.nl/mozard/!suite92.scherm1007?mObj=38313&mSelod=704821;TRUE;Cao Textielgroothandel 2023-2024 versie 21-8-2023.pdf;1;791011;
791;https://www.uitvoeringarbeidsvoorwaardenwetgeving.nl/mozard/!suite92.scherm1007?mObj=47154&mSelod=704821;TRUE;Cao Textielgroothandel 2024-2026 versie 21-1-2025.pdf;1;791012;
791;https://www.uitvoeringarbeidsvoorwaardenwetgeving.nl/mozard/!suite92.scherm1007?mObj=8064&mSelod=704821;TRUE;Textielgroothandel_CAO_2013_2014.pdf;1;791013;
791;https://www.uitvoeringarbeidsvoorwaardenwetgeving.nl/mozard/!suite92.scherm1007?mObj=8065&mSelod=704821;TRUE;Textielgroothandel_cao_2014_2016.pdf;1;791014;
475;https://www.uitvoeringarbeidsvoorwaardenwetgeving.nl/mozard/!suite92.scherm1007?mObj=7789&mSelod=704823;TRUE;def__cao_WOS_01_01_2012_totmet_31_12_2012.pdf;1;475001;
475;https://www.uitvoeringarbeidsvoorwaardenwetgeving.nl/mozard/!suite92.scherm1007?mObj=7790&mSelod=704823;TRUE;WOS_cao_2013_definitief.pdf;1;475002;
475;https://www.uitvoeringarbeidsvoorwaardenwetgeving.nl/mozard/!suite92.scherm1007?mObj=7791&mSelod=704823;TRUE;Sport_WOS_cao_2014.pdf;1;475003;
475;https://www.uitvoeringarbeidsvoorwaardenwetgeving.nl/mozard/!suite92.scherm1007?mObj=7792&mSelod=704823;TRUE;CAO_Sport_2015.pdf;1;475004;
475;https://www.uitvoeringarbeidsvoorwaardenwetgeving.nl/mozard/!suite92.scherm1007?mObj=7793&mSelod=704823;TRUE;CAO_Sport_2016_2018_DEF.pdf;1;475005;
475;https://www.uitvoeringarbeidsvoorwaardenwetgeving.nl/mozard/!suite92.scherm1007?mObj=7794&mSelod=704823;TRUE;CAO_Sport_2016_2018_DEF_1.pdf;1;475006;
475;https://www.uitvoeringarbeidsvoorwaardenwetgeving.nl/mozard/!suite92.scherm1007?mObj=7788&mSelod=704823;TRUE;CAO 2009_2012_definitief.pdf;1;475007;
475;https://www.uitvoeringarbeidsvoorwaardenwetgeving.nl/mozard/!suite92.scherm1007?mObj=15788&mSelod=704823;FALSE;;0;475007;
475;https://www.uitvoeringarbeidsvoorwaardenwetgeving.nl/mozard/!suite92.scherm1007?mObj=14261&mSelod=704823;TRUE;CAO DEFINITIEF WOS.pdf .pdf;1;475008;
475;https://www.uitvoeringarbeidsvoorwaardenwetgeving.nl/mozard/!suite92.scherm1007?mObj=18386&mSelod=704823;TRUE;Sport-CAO 2019-2020 ttw.pdf;1;475009;
475;https://www.uitvoeringarbeidsvoorwaardenwetgeving.nl/mozard/!suite92.scherm1007?mObj=21890&mSelod=704823;TRUE;Sport 2021 definitief.pdf;1;475010;
475;https://www.uitvoeringarbeidsvoorwaardenwetgeving.nl/mozard/!suite92.scherm1007?mObj=26298&mSelod=704823;TRUE;Definitieve cao Sport 2022 - 2023.pdf;1;475011;
475;https://www.uitvoeringarbeidsvoorwaardenwetgeving.nl/mozard/!suite92.scherm1007?mObj=26522&mSelod=704823;TRUE;CAO Sport 2022-2023 2.pdf;1;475012;
475;https://www.uitvoeringarbeidsvoorwaardenwetgeving.nl/mozard/!suite92.scherm1007?mObj=40627&mSelod=704823;TRUE;Sport cao 2024-2025.pdf;1;475013;
254;https://www.uitvoeringarbeidsvoorwaardenwetgeving.nl/mozard/!suite92.scherm1007?mObj=7377&mSelod=704825;TRUE;cao_afbouw_2011_12__integrale_cao.pdf;1;254001;
254;https://www.uitvoeringarbeidsvoorwaardenwetgeving.nl/mozard/!suite92.scherm1007?mObj=7378&mSelod=704825;TRUE;CAO_2013_2014_definitief.pdf;1;254002;
254;https://www.uitvoeringarbeidsvoorwaardenwetgeving.nl/mozard/!suite92.scherm1007?mObj=7379&mSelod=704825;TRUE;CAO_2013_2014_definitief_2.pdf;1;254003;
254;https://www.uitvoeringarbeidsvoorwaardenwetgeving.nl/mozard/!suite92.scherm1007?mObj=7381&mSelod=704825;TRUE;CAO_2015_2017_integrale_tekst2.pdf;1;254004;
254;https://www.uitvoeringarbeidsvoorwaardenwetgeving.nl/mozard/!suite92.scherm1007?mObj=7380&mSelod=704825;TRUE;CAO_2015_2017_integrale_tekst.pdf;1;254005;
254;https://www.uitvoeringarbeidsvoorwaardenwetgeving.nl/mozard/!suite92.scherm1007?mObj=7382&mSelod=704825;TRUE;CAO_2015_2017_TTW_integrale_tekst.pdf;1;254006;
254;https://www.uitvoeringarbeidsvoorwaardenwetgeving.nl/mozard/!suite92.scherm1007?mObj=7383&mSelod=704825;TRUE;CAO_2015_2017_TTW_integrale_tekst_1.pdf;1;254007;
254;https://www.uitvoeringarbeidsvoorwaardenwetgeving.nl/mozard/!suite92.scherm1007?mObj=7384&mSelod=704825;TRUE;CAO_2018_2019_integraal.pdf;1;254008;
254;https://www.uitvoeringarbeidsvoorwaardenwetgeving.nl/mozard/!suite92.scherm1007?mObj=7385&mSelod=704825;TRUE;CAO_2018_2019_integraal_versie_8.pdf;1;254009;
254;https://www.uitvoeringarbeidsvoorwaardenwetgeving.nl/mozard/!suite92.scherm1007?mObj=22132&mSelod=704825;TRUE;cao 2020-2021 ttw integraal.docx.pdf;1;254010;
254;https://www.uitvoeringarbeidsvoorwaardenwetgeving.nl/mozard/!suite92.scherm1007?mObj=16235&mSelod=704825;TRUE;cao 2020-2021 integraal.docx.pdf;1;254011;
254;https://www.uitvoeringarbeidsvoorwaardenwetgeving.nl/mozard/!suite92.scherm1007?mObj=16728&mSelod=704825;TRUE;cao 2020-2021 integraal2.docx.pdf;1;254012;
254;https://www.uitvoeringarbeidsvoorwaardenwetgeving.nl/mozard/!suite92.scherm1007?mObj=26620&mSelod=704825;TRUE;cao afbouw 2022-2023 6 januari 2022 aanmelding 2.docx.pdf;1;254013;
254;https://www.uitvoeringarbeidsvoorwaardenwetgeving.nl/mozard/!suite92.scherm1007?mObj=34722&mSelod=704825;TRUE;cao 2022-2023 ttw februari 2023 integraal.pdf;1;254014;
254;https://www.uitvoeringarbeidsvoorwaardenwetgeving.nl/mozard/!suite92.scherm1007?mObj=25665&mSelod=704825;TRUE;cao 2022-2023 6 januari 2022 aanmelding.pdf;1;254015;
254;https://www.uitvoeringarbeidsvoorwaardenwetgeving.nl/mozard/!suite92.scherm1007?mObj=36414&mSelod=704825;TRUE;cao 2022-2023 ttw 10 maart 2023 integraal.pdf;1;254016;
254;https://www.uitvoeringarbeidsvoorwaardenwetgeving.nl/mozard/!suite92.scherm1007?mObj=45985&mSelod=704825;TRUE;20241203 cao 2024-2025 ttw januari 2025 integraal.pdf;1;254017;
254;https://www.uitvoeringarbeidsvoorwaardenwetgeving.nl/mozard/!suite92.scherm1007?mObj=43473&mSelod=704825;TRUE;cao 2024-2025, ttw augustus 2024, integraal.pdf;1;254018;
254;https://www.uitvoeringarbeidsvoorwaardenwetgeving.nl/mozard/!suite92.scherm1007?mObj=42505&mSelod=704825;TRUE;cao 2024-2025, 18 april 2024 integraal.pdf;1;254019;
254;https://www.uitvoeringarbeidsvoorwaardenwetgeving.nl/mozard/!suite92.scherm1007?mObj=41602&mSelod=704825;TRUE;cao 2024-2025, 30 januari 2024 integraal.pdf;1;254020;
254;https://www.uitvoeringarbeidsvoorwaardenwetgeving.nl/mozard/!suite92.scherm1007?mObj=13803&mSelod=704825;TRUE;CAO 2018-2019 integraal.docx .pdf;1;254021;
214;https://www.uitvoeringarbeidsvoorwaardenwetgeving.nl/mozard/!suite92.scherm1007?mObj=7260&mSelod=704830;TRUE;CAO 2010-2011.pdf;1;214001;
214;https://www.uitvoeringarbeidsvoorwaardenwetgeving.nl/mozard/!suite92.scherm1007?mObj=7261&mSelod=704830;TRUE;Openbare_Bibliotheken_2012_2013.pdf;1;214002;
214;https://www.uitvoeringarbeidsvoorwaardenwetgeving.nl/mozard/!suite92.scherm1007?mObj=7262&mSelod=704830;TRUE;CAO_2012_2013_def_incl_aanpassing_vakantiewet.pdf;1;214003;
214;https://www.uitvoeringarbeidsvoorwaardenwetgeving.nl/mozard/!suite92.scherm1007?mObj=7263&mSelod=704830;TRUE;13_00052_Cao_OB_2014.pdf;1;214004;
214;https://www.uitvoeringarbeidsvoorwaardenwetgeving.nl/mozard/!suite92.scherm1007?mObj=7264&mSelod=704830;TRUE;Cao_OB_verlenging_1_januari_2015_tot_15_juni_2015.pdf;1;214005;
214;https://www.uitvoeringarbeidsvoorwaardenwetgeving.nl/mozard/!suite92.scherm1007?mObj=36985&mSelod=704830;TRUE;230428 cao OB 1.1.2023_31.3.2024_DEF.pdf;1;214006;
214;https://www.uitvoeringarbeidsvoorwaardenwetgeving.nl/mozard/!suite92.scherm1007?mObj=40106&mSelod=704830;TRUE;231122_wijz geaccepteerd_tussentijdse wijziging ivm avv_230428 cao OB 1.1.2023_31.3.2024_DEF.pdf;1;214007;
214;https://www.uitvoeringarbeidsvoorwaardenwetgeving.nl/mozard/!suite92.scherm1007?mObj=43529&mSelod=704830;TRUE;2024-08-09 Cao OB gehele tekst met juiste opmaak_inhoudsopgave.pdf;1;214008;
214;https://www.uitvoeringarbeidsvoorwaardenwetgeving.nl/mozard/!suite92.scherm1007?mObj=43668&mSelod=704830;TRUE;Cao OB 2024 2026_incl gewijz Ontheffingsregeling.pdf;1;214009;
214;https://www.uitvoeringarbeidsvoorwaardenwetgeving.nl/mozard/!suite92.scherm1007?mObj=45599&mSelod=704830;TRUE;241129 Cao OB 2024 2026 tussentijdse wijzigingen.pdf;1;214010;
214;https://www.uitvoeringarbeidsvoorwaardenwetgeving.nl/mozard/!suite92.scherm1007?mObj=14740&mSelod=704830;TRUE;Cao OB_1.7.2019-1.7.2020.docx.pdf;1;214011;
214;https://www.uitvoeringarbeidsvoorwaardenwetgeving.nl/mozard/!suite92.scherm1007?mObj=28039&mSelod=704830;TRUE;Cao OB 1.7.2020 31.12.2022 ondertekend.pdf;1;214012;
214;https://www.uitvoeringarbeidsvoorwaardenwetgeving.nl/mozard/!suite92.scherm1007?mObj=32181&mSelod=704830;TRUE;Cao OB 1.7.2020 31.12.2022 ondertekend TUSSENTIJDSE WIJZIGING SALARISGARANTIE_GE.pdf;1;214013;
214;https://www.uitvoeringarbeidsvoorwaardenwetgeving.nl/mozard/!suite92.scherm1007?mObj=30691&mSelod=704830;TRUE;Cao OB 1.7.2020 31.12.2022 ondertekend TUSSENTIJDSE TEKSTUELE WIJZIGINGEN GEAC.pdf;1;214014;
214;https://www.uitvoeringarbeidsvoorwaardenwetgeving.nl/mozard/!suite92.scherm1007?mObj=7265&mSelod=704830;TRUE;15_00080a_NvW_Cao_OB_2015_2019_wijz_geaccepteerd.pdf;1;214015;
214;https://www.uitvoeringarbeidsvoorwaardenwetgeving.nl/mozard/!suite92.scherm1007?mObj=7267&mSelod=704830;TRUE;Cao_OB_2015_2019_invulling_loonruimte_2017.pdf;1;214016;
214;https://www.uitvoeringarbeidsvoorwaardenwetgeving.nl/mozard/!suite92.scherm1007?mObj=7269&mSelod=704830;TRUE;Cao_OB_2015_2019_invulling_loonruimte_2018.pdf;1;214017;
214;https://www.uitvoeringarbeidsvoorwaardenwetgeving.nl/mozard/!suite92.scherm1007?mObj=7266&mSelod=704830;TRUE;Cao_OB_2015_2019_invulling_loonruimte_2016.pdf;1;214018;
214;https://www.uitvoeringarbeidsvoorwaardenwetgeving.nl/mozard/!suite92.scherm1007?mObj=7270&mSelod=704830;TRUE;Cao_OB_2015_2019_WML_2018.pdf;1;214019;
214;https://www.uitvoeringarbeidsvoorwaardenwetgeving.nl/mozard/!suite92.scherm1007?mObj=7271&mSelod=704830;TRUE;Cao_OB_2015_2019_invulling_loonruimte_2019.pdf;1;214020;
214;https://www.uitvoeringarbeidsvoorwaardenwetgeving.nl/mozard/!suite92.scherm1007?mObj=7268&mSelod=704830;TRUE;Cao_OB_2015_2019_salaristabel_1_juli_2017.pdf;1;214021;
43;https://www.uitvoeringarbeidsvoorwaardenwetgeving.nl/mozard/!suite92.scherm1007?mObj=42044&mSelod=704833;TRUE;43 Cao voor architectenbureaus_ 1 jan tm 31 dec 2024_schone tekst - Kopie.pdf;1;43001;
43;https://www.uitvoeringarbeidsvoorwaardenwetgeving.nl/mozard/!suite92.scherm1007?mObj=41676&mSelod=704833;TRUE;43 Cao voor architectenbureaus_ 1 jan tm 31 dec 2024_schone tekst.pdf;1;43002;
43;https://www.uitvoeringarbeidsvoorwaardenwetgeving.nl/mozard/!suite92.scherm1007?mObj=42470&mSelod=704833;TRUE;43 Cao voor architectenbureaus_ 1 jan tm 31 dec 2024_schone tekst - Kopie_1.pdf;1;43003;
43;https://www.uitvoeringarbeidsvoorwaardenwetgeving.nl/mozard/!suite92.scherm1007?mObj=47369&mSelod=704833;TRUE;43 Cao 25-26 excl wijzigingen_ (002).pdf;1;43004;
43;https://www.uitvoeringarbeidsvoorwaardenwetgeving.nl/mozard/!suite92.scherm1007?mObj=6845&mSelod=704833;TRUE;CAO_2013_2015__2_.pdf;1;43005;
43;https://www.uitvoeringarbeidsvoorwaardenwetgeving.nl/mozard/!suite92.scherm1007?mObj=6844&mSelod=704833;TRUE;Cao_2013_2015.pdf;1;43006;
43;https://www.uitvoeringarbeidsvoorwaardenwetgeving.nl/mozard/!suite92.scherm1007?mObj=6849&mSelod=704833;TRUE;Architecten_met_salaristabel.pdf;1;43007;
43;https://www.uitvoeringarbeidsvoorwaardenwetgeving.nl/mozard/!suite92.scherm1007?mObj=6848&mSelod=704833;TRUE;cao_2015_2017_opmaak_A4.pdf;1;43008;
43;https://www.uitvoeringarbeidsvoorwaardenwetgeving.nl/mozard/!suite92.scherm1007?mObj=6846&mSelod=704833;TRUE;CAO_2015_2017.pdf;1;43009;
43;https://www.uitvoeringarbeidsvoorwaardenwetgeving.nl/mozard/!suite92.scherm1007?mObj=6847&mSelod=704833;TRUE;CAO_2015_2017_1.pdf;1;43010;
43;https://www.uitvoeringarbeidsvoorwaardenwetgeving.nl/mozard/!suite92.scherm1007?mObj=6852&mSelod=704833;TRUE;cao_architectenbureaus_2017_2019_per1_7_2018_def.pdf;1;43011;
43;https://www.uitvoeringarbeidsvoorwaardenwetgeving.nl/mozard/!suite92.scherm1007?mObj=6850&mSelod=704833;TRUE;cao_architectenbureaus_2017_2019.pdf;1;43012;
43;https://www.uitvoeringarbeidsvoorwaardenwetgeving.nl/mozard/!suite92.scherm1007?mObj=6851&mSelod=704833;TRUE;cao_architectenbureaus_2017_2019_2.pdf;1;43013;
43;https://www.uitvoeringarbeidsvoorwaardenwetgeving.nl/mozard/!suite92.scherm1007?mObj=16013&mSelod=704833;TRUE;cao tekst 2020, incl. functiehandboek TTW.docx.pdf;1;43014;
43;https://www.uitvoeringarbeidsvoorwaardenwetgeving.nl/mozard/!suite92.scherm1007?mObj=14264&mSelod=704833;TRUE;cao 2019-2021 incl functiehandboek - aangemeld.docx .pdf;1;43015;
43;https://www.uitvoeringarbeidsvoorwaardenwetgeving.nl/mozard/!suite92.scherm1007?mObj=14801&mSelod=704833;TRUE;cao 2019-2021 incl functiehandboek met gewenste wijzigingen - aangemeld.docx.pdf;1;43016;
43;https://www.uitvoeringarbeidsvoorwaardenwetgeving.nl/mozard/!suite92.scherm1007?mObj=31599&mSelod=704833;TRUE;Cao Architectenbureaus 2021 2023 incl functiehandboek_TTW artikel 22 lid 5_schoon.pdf;1;43017;
43;https://www.uitvoeringarbeidsvoorwaardenwetgeving.nl/mozard/!suite92.scherm1007?mObj=23087&mSelod=704833;TRUE;Cao Architectenbureaus 2021 2023 incl functiehandboek schoon.pdf;1;43018;
43;https://www.uitvoeringarbeidsvoorwaardenwetgeving.nl/mozard/!suite92.scherm1007?mObj=38728&mSelod=704833;TRUE;43 Cao voor architectenbureaus_schoon_1 mrt tm 31 dec 2023.pdf;1;43019;
43;https://www.uitvoeringarbeidsvoorwaardenwetgeving.nl/mozard/!suite92.scherm1007?mObj=6843&mSelod=704833;TRUE;CAO_nw_2011_2013_boekje.pdf;1;43020;
83;https://www.uitvoeringarbeidsvoorwaardenwetgeving.nl/mozard/!suite92.scherm1007?mObj=36502&mSelod=704837;TRUE;Cao Betonproductenindustrie 2023 versie 13-3-2023.pdf;1;83001;
83;https://www.uitvoeringarbeidsvoorwaardenwetgeving.nl/mozard/!suite92.scherm1007?mObj=42760&mSelod=704837;TRUE;Cao Betonproductenindustrie 2024 versie 8-5-2024.pdf;1;83002;
83;https://www.uitvoeringarbeidsvoorwaardenwetgeving.nl/mozard/!suite92.scherm1007?mObj=47005&mSelod=704837;TRUE;Cao Betonproductenindustrie 2025-2026 versie 17-2-2025.pdf;1;83003;
83;https://www.uitvoeringarbeidsvoorwaardenwetgeving.nl/mozard/!suite92.scherm1007?mObj=7068&mSelod=704837;TRUE;cao voor de betonproductenindustrie.pdf;1;83004;
83;https://www.uitvoeringarbeidsvoorwaardenwetgeving.nl/mozard/!suite92.scherm1007?mObj=7069&mSelod=704837;TRUE;CAO_voor_de_betonproductenindustrie_2011_2013.pdf;1;83005;
83;https://www.uitvoeringarbeidsvoorwaardenwetgeving.nl/mozard/!suite92.scherm1007?mObj=7070&mSelod=704837;TRUE;cao_voor_de_betonproductenindustrie_2013__2014.pdf;1;83006;
83;https://www.uitvoeringarbeidsvoorwaardenwetgeving.nl/mozard/!suite92.scherm1007?mObj=7071&mSelod=704837;TRUE;Cao_BPI_2014_2017_nieuwe_tekst.pdf;1;83007;
83;https://www.uitvoeringarbeidsvoorwaardenwetgeving.nl/mozard/!suite92.scherm1007?mObj=7073&mSelod=704837;TRUE;Integrale_Cao_tekst_2017_2019_vs2.pdf;1;83008;
83;https://www.uitvoeringarbeidsvoorwaardenwetgeving.nl/mozard/!suite92.scherm1007?mObj=7072&mSelod=704837;TRUE;CAO_2017_2019.pdf;1;83009;
83;https://www.uitvoeringarbeidsvoorwaardenwetgeving.nl/mozard/!suite92.scherm1007?mObj=7074&mSelod=704837;TRUE;Integrale_Cao_tekst_2017_2019_vs3.pdf;1;83010;
83;https://www.uitvoeringarbeidsvoorwaardenwetgeving.nl/mozard/!suite92.scherm1007?mObj=22771&mSelod=704837;TRUE;Cao Betonproductenindustrie 2019-2021 na ttw versie 25-05-2021.pdf;1;83011;
83;https://www.uitvoeringarbeidsvoorwaardenwetgeving.nl/mozard/!suite92.scherm1007?mObj=22650&mSelod=704837;TRUE;Cao Betonproductenindustrie 2019-2021 versie 08-04-2021.pdf;1;83012;
83;https://www.uitvoeringarbeidsvoorwaardenwetgeving.nl/mozard/!suite92.scherm1007?mObj=29295&mSelod=704837;TRUE;Cao Betonproductenindustrie 2021-2022 definitief.pdf;1;83013;
83;https://www.uitvoeringarbeidsvoorwaardenwetgeving.nl/mozard/!suite92.scherm1007?mObj=29980&mSelod=704837;TRUE;Cao Betonproductenindustrie 2021-2022 na ttw definitief.pdf;1;83014;
1393;https://www.uitvoeringarbeidsvoorwaardenwetgeving.nl/mozard/!suite92.scherm1007?mObj=43295&mSelod=704845;TRUE;Cao Railinfrastructuur - 9 juli 2024.pdf;1;1393001;
1393;https://www.uitvoeringarbeidsvoorwaardenwetgeving.nl/mozard/!suite92.scherm1007?mObj=43016&mSelod=704845;TRUE;versie 2 def Cao Railinfrastructuur - DEFINITIEF juni 2024 - versie voor AVV - kopie.pdf;1;1393002;
1393;https://www.uitvoeringarbeidsvoorwaardenwetgeving.nl/mozard/!suite92.scherm1007?mObj=42292&mSelod=704845;TRUE;Cao Railinfrastructuur - DEFINITIEF 21 maart 2024 (002).pdf;1;1393003;
1393;https://www.uitvoeringarbeidsvoorwaardenwetgeving.nl/mozard/!suite92.scherm1007?mObj=36766&mSelod=704845;TRUE;PDF Werkdocument Cao 2023 vers.02 01032023 (002).pdf;1;1393004;
1393;https://www.uitvoeringarbeidsvoorwaardenwetgeving.nl/mozard/!suite92.scherm1007?mObj=9197&mSelod=704845;TRUE;Railinfra_CAO_2014_def_26042016.pdf;1;1393005;
1393;https://www.uitvoeringarbeidsvoorwaardenwetgeving.nl/mozard/!suite92.scherm1007?mObj=14215&mSelod=704845;TRUE;Tekst Cao 2018.2019 def d.d. 22-05-2019 .pdf .pdf;1;1393006;
1393;https://www.uitvoeringarbeidsvoorwaardenwetgeving.nl/mozard/!suite92.scherm1007?mObj=48628&mSelod=704845;TRUE;Cao Railinfrastructuur -staand DEFINITIEF periode 8-2025 voor AVV.pdf;1;1393007;
1393;https://www.uitvoeringarbeidsvoorwaardenwetgeving.nl/mozard/!suite92.scherm1007?mObj=9198&mSelod=704845;TRUE;Railinfra_CAO_2017_def_280917.pdf;1;1393008;
1393;https://www.uitvoeringarbeidsvoorwaardenwetgeving.nl/mozard/!suite92.scherm1007?mObj=9199&mSelod=704845;TRUE;Railinfra_CAO_2017_def_280917_1.pdf;1;1393009;
1393;https://www.uitvoeringarbeidsvoorwaardenwetgeving.nl/mozard/!suite92.scherm1007?mObj=9195&mSelod=704845;TRUE;Rallinfra_CAO_2011_2012__definitief.pdf;1;1393010;
1393;https://www.uitvoeringarbeidsvoorwaardenwetgeving.nl/mozard/!suite92.scherm1007?mObj=9193&mSelod=704845;TRUE;Rallinfra caotekst.pdf;1;1393011;
1393;https://www.uitvoeringarbeidsvoorwaardenwetgeving.nl/mozard/!suite92.scherm1007?mObj=9194&mSelod=704845;TRUE;railinfra_addendum_en_cao.pdf;1;1393012;
1393;https://www.uitvoeringarbeidsvoorwaardenwetgeving.nl/mozard/!suite92.scherm1007?mObj=9196&mSelod=704845;TRUE;Railinfra_CAO_2013__DEF_02_08_13.pdf;1;1393013;
1393;https://www.uitvoeringarbeidsvoorwaardenwetgeving.nl/mozard/!suite92.scherm1007?mObj=22831&mSelod=704845;TRUE;Def tekst Cao 2021 versie 0.7_01062021.pdf;1;1393014;
148;https://www.uitvoeringarbeidsvoorwaardenwetgeving.nl/mozard/!suite92.scherm1007?mObj=36729&mSelod=704847;TRUE;Cao Graanbe- en verwerkende Bedrijven 2023 DEF.pdf;1;148001;
148;https://www.uitvoeringarbeidsvoorwaardenwetgeving.nl/mozard/!suite92.scherm1007?mObj=42891&mSelod=704847;TRUE;Cao Graanbe- en verwerkende Bedrijven 2024.pdf.pdf;1;148002;
148;https://www.uitvoeringarbeidsvoorwaardenwetgeving.nl/mozard/!suite92.scherm1007?mObj=48024&mSelod=704847;TRUE;x DEF Cao-teksten graanbe- en verwerkende bedrijven 2025.pdf;1;148003;
148;https://www.uitvoeringarbeidsvoorwaardenwetgeving.nl/mozard/!suite92.scherm1007?mObj=7572&mSelod=704847;TRUE;cao tekst 2010 - 2012 per 1-4-2011.pdf;1;148004;
148;https://www.uitvoeringarbeidsvoorwaardenwetgeving.nl/mozard/!suite92.scherm1007?mObj=7573&mSelod=704847;TRUE;Cao_boekje_2012_2013.pdf;1;148005;
148;https://www.uitvoeringarbeidsvoorwaardenwetgeving.nl/mozard/!suite92.scherm1007?mObj=7574&mSelod=704847;TRUE;cao_tekst_2013___2014_DEF_Z_HT.pdf;1;148006;
148;https://www.uitvoeringarbeidsvoorwaardenwetgeving.nl/mozard/!suite92.scherm1007?mObj=7575&mSelod=704847;TRUE;cao_tekst_2013___2014.pdf;1;148007;
148;https://www.uitvoeringarbeidsvoorwaardenwetgeving.nl/mozard/!suite92.scherm1007?mObj=7576&mSelod=704847;TRUE;CAO_boekje_2014___2015.pdf;1;148008;
148;https://www.uitvoeringarbeidsvoorwaardenwetgeving.nl/mozard/!suite92.scherm1007?mObj=7577&mSelod=704847;TRUE;cao_boekje_2015_2017.pdf;1;148009;
148;https://www.uitvoeringarbeidsvoorwaardenwetgeving.nl/mozard/!suite92.scherm1007?mObj=7578&mSelod=704847;TRUE;cao_tekst_2015___2017.pdf;1;148010;
148;https://www.uitvoeringarbeidsvoorwaardenwetgeving.nl/mozard/!suite92.scherm1007?mObj=7579&mSelod=704847;TRUE;Cao_graan_be_en_verwerkende_bedrijven_2015___2017.pdf;1;148011;
148;https://www.uitvoeringarbeidsvoorwaardenwetgeving.nl/mozard/!suite92.scherm1007?mObj=7580&mSelod=704847;TRUE;Tekst_cao_graan_2017__2018_def_MET_handtekening.pdf;1;148012;
148;https://www.uitvoeringarbeidsvoorwaardenwetgeving.nl/mozard/!suite92.scherm1007?mObj=7581&mSelod=704847;TRUE;cao_arbeidsvoorwaarden_2018_2020_getekend.pdf;1;148013;
148;https://www.uitvoeringarbeidsvoorwaardenwetgeving.nl/mozard/!suite92.scherm1007?mObj=7582&mSelod=704847;TRUE;cao_arbeidsvoorwaarden_2018_2020_getekend_1.pdf;1;148014;
148;https://www.uitvoeringarbeidsvoorwaardenwetgeving.nl/mozard/!suite92.scherm1007?mObj=31641&mSelod=704847;TRUE;Cao Graanbe- en verwerkende bedrijven 2020 - 2022.pdf;1;148015;
549;https://www.uitvoeringarbeidsvoorwaardenwetgeving.nl/mozard/!suite92.scherm1007?mObj=42020&mSelod=704849;TRUE;Definitieve tekst CAO AGF Detailhandel 2024-2025.pdf;1;549001;
549;https://www.uitvoeringarbeidsvoorwaardenwetgeving.nl/mozard/!suite92.scherm1007?mObj=42681&mSelod=704849;TRUE;Definitieve tekst CAO AGF Detailhandel 2024-2025_1.pdf;1;549002;
549;https://www.uitvoeringarbeidsvoorwaardenwetgeving.nl/mozard/!suite92.scherm1007?mObj=7679&mSelod=704849;TRUE;cao 2010-2012 volledig.pdf;1;549003;
549;https://www.uitvoeringarbeidsvoorwaardenwetgeving.nl/mozard/!suite92.scherm1007?mObj=7680&mSelod=704849;TRUE;CAO_Aardapp__en_loont_.pdf;1;549004;
549;https://www.uitvoeringarbeidsvoorwaardenwetgeving.nl/mozard/!suite92.scherm1007?mObj=7681&mSelod=704849;TRUE;CAO_2014_2016_AGF_Detailhandel_zonder_bijlagen.pdf;1;549005;
549;https://www.uitvoeringarbeidsvoorwaardenwetgeving.nl/mozard/!suite92.scherm1007?mObj=7682&mSelod=704849;TRUE;CAO_2016_2018_AGF_Detailhandel.pdf;1;549006;
549;https://www.uitvoeringarbeidsvoorwaardenwetgeving.nl/mozard/!suite92.scherm1007?mObj=7683&mSelod=704849;TRUE;CAO_2016_2018_AGF_Detailhandel_1.pdf;1;549007;
549;https://www.uitvoeringarbeidsvoorwaardenwetgeving.nl/mozard/!suite92.scherm1007?mObj=7684&mSelod=704849;TRUE;AGF_detailhandel_in_Nieuwe_CAO_2018_2020.pdf;1;549008;
549;https://www.uitvoeringarbeidsvoorwaardenwetgeving.nl/mozard/!suite92.scherm1007?mObj=14646&mSelod=704849;TRUE;Nieuwe CAO 2018-2020 volledig.docx.pdf;1;549009;
549;https://www.uitvoeringarbeidsvoorwaardenwetgeving.nl/mozard/!suite92.scherm1007?mObj=21947&mSelod=704849;TRUE;CAO AGF Detailhandel 2020-2021 volledig def.docx.pdf;1;549010;
549;https://www.uitvoeringarbeidsvoorwaardenwetgeving.nl/mozard/!suite92.scherm1007?mObj=21617&mSelod=704849;TRUE;CAO AGF Detailhandel 2020-2021 volledig.docx.pdf;1;549011;
549;https://www.uitvoeringarbeidsvoorwaardenwetgeving.nl/mozard/!suite92.scherm1007?mObj=27798&mSelod=704849;TRUE;CAO AGF Detailhandel 2021-2024 aanmelding.pdf;1;549012;
549;https://www.uitvoeringarbeidsvoorwaardenwetgeving.nl/mozard/!suite92.scherm1007?mObj=29200&mSelod=704849;TRUE;CAO AGF Detailhandel 2021-2024 def_.pdf;1;549013;
465;https://www.uitvoeringarbeidsvoorwaardenwetgeving.nl/mozard/!suite92.scherm1007?mObj=8012&mSelod=704851;TRUE;CAO_2016___2017_geschoond.pdf;1;465001;
465;https://www.uitvoeringarbeidsvoorwaardenwetgeving.nl/mozard/!suite92.scherm1007?mObj=8013&mSelod=704851;TRUE;cao_2016_2017_geschoond_26_07_16.pdf;1;465002;
465;https://www.uitvoeringarbeidsvoorwaardenwetgeving.nl/mozard/!suite92.scherm1007?mObj=8014&mSelod=704851;TRUE;sociale_afspraken_2018___2019_geschoond.pdf;1;465003;
465;https://www.uitvoeringarbeidsvoorwaardenwetgeving.nl/mozard/!suite92.scherm1007?mObj=14867&mSelod=704851;TRUE;sociale afspraken 2019 - 2020 geschoond.docx.pdf;1;465004;
465;https://www.uitvoeringarbeidsvoorwaardenwetgeving.nl/mozard/!suite92.scherm1007?mObj=42904&mSelod=704851;TRUE;CAO na ttw Banden- en Wielenbranche 2024-2025 versie 30-4-2024.pdf;1;465005;
465;https://www.uitvoeringarbeidsvoorwaardenwetgeving.nl/mozard/!suite92.scherm1007?mObj=42442&mSelod=704851;TRUE;CAO Banden- en Wielenbranche 2024-2025 versie 9-4-2024 (2).pdf;1;465006;
465;https://www.uitvoeringarbeidsvoorwaardenwetgeving.nl/mozard/!suite92.scherm1007?mObj=43363&mSelod=704851;TRUE;CAO Banden- en Wielenbranche 2024-2025 na ttw2 versie 26-6-2024.pdf;1;465007;
465;https://www.uitvoeringarbeidsvoorwaardenwetgeving.nl/mozard/!suite92.scherm1007?mObj=23337&mSelod=704851;TRUE;sociale afspraken 2020 - 2023 geschoond.pdf;1;465008;
465;https://www.uitvoeringarbeidsvoorwaardenwetgeving.nl/mozard/!suite92.scherm1007?mObj=23489&mSelod=704851;TRUE;sociale afspraken 2020 - 2023 geschoond_1.pdf;1;465009;
465;https://www.uitvoeringarbeidsvoorwaardenwetgeving.nl/mozard/!suite92.scherm1007?mObj=8011&mSelod=704851;TRUE;CAO_2010___2012_geschoond.pdf;1;465010;
465;https://www.uitvoeringarbeidsvoorwaardenwetgeving.nl/mozard/!suite92.scherm1007?mObj=37279&mSelod=704851;TRUE;CAO Banden- en Wielenbranche 2023 12-6-2023.pdf;1;465011;
465;https://www.uitvoeringarbeidsvoorwaardenwetgeving.nl/mozard/!suite92.scherm1007?mObj=37679&mSelod=704851;TRUE;CAO Banden- en Wielenbranche 2023 na ttw 17-7-2023.pdf;1;465012;
157;https://www.uitvoeringarbeidsvoorwaardenwetgeving.nl/mozard/!suite92.scherm1007?mObj=23403&mSelod=704853;TRUE;Zuivel cao I 2021.pdf;1;157001;
157;https://www.uitvoeringarbeidsvoorwaardenwetgeving.nl/mozard/!suite92.scherm1007?mObj=24536&mSelod=704853;TRUE;Zuivel cao I 2022 tussentijdse wijziging dec 2021.pdf;1;157002;
157;https://www.uitvoeringarbeidsvoorwaardenwetgeving.nl/mozard/!suite92.scherm1007?mObj=30149&mSelod=704853;TRUE;Cao I zuivel 2022na ttw def.pdf;1;157003;
157;https://www.uitvoeringarbeidsvoorwaardenwetgeving.nl/mozard/!suite92.scherm1007?mObj=23499&mSelod=704853;TRUE;Zuivel cao I 2022.pdf;1;157004;
157;https://www.uitvoeringarbeidsvoorwaardenwetgeving.nl/mozard/!suite92.scherm1007?mObj=39124&mSelod=704853;TRUE;Zuivel cao I 1 januari 2023 tot en met 31 maart 2024.pdf;1;157005;
157;https://www.uitvoeringarbeidsvoorwaardenwetgeving.nl/mozard/!suite92.scherm1007?mObj=40230&mSelod=704853;TRUE;Cao I zuivel na ttw 1 januari 2023 tot en met 31 maart 2024.pdf;1;157006;
157;https://www.uitvoeringarbeidsvoorwaardenwetgeving.nl/mozard/!suite92.scherm1007?mObj=7594&mSelod=704853;TRUE;Zuivel_ttw_ivm_Arla_obv_481097.pdf;1;157007;
157;https://www.uitvoeringarbeidsvoorwaardenwetgeving.nl/mozard/!suite92.scherm1007?mObj=7597&mSelod=704853;FALSE;;0;157007;
157;https://www.uitvoeringarbeidsvoorwaardenwetgeving.nl/mozard/!suite92.scherm1007?mObj=7596&mSelod=704853;TRUE;Zuivel_CAO_I_na_ttw_2012_2014_obv__1499987v0_2.pdf;1;157008;
157;https://www.uitvoeringarbeidsvoorwaardenwetgeving.nl/mozard/!suite92.scherm1007?mObj=7598&mSelod=704853;TRUE;Zuivel_CAO_I_na_ttw2.pdf;1;157009;
157;https://www.uitvoeringarbeidsvoorwaardenwetgeving.nl/mozard/!suite92.scherm1007?mObj=7595&mSelod=704853;TRUE;AWVN__534089_v1_Zuivel_CAO_I_2012_2014.pdf;1;157010;
157;https://www.uitvoeringarbeidsvoorwaardenwetgeving.nl/mozard/!suite92.scherm1007?mObj=7599&mSelod=704853;TRUE;Zuivelindustrie_tekst_nieuw_2014_2016.pdf;1;157011;
157;https://www.uitvoeringarbeidsvoorwaardenwetgeving.nl/mozard/!suite92.scherm1007?mObj=7600&mSelod=704853;TRUE;Zuivel_cao_I_2016_2018.pdf;1;157012;
157;https://www.uitvoeringarbeidsvoorwaardenwetgeving.nl/mozard/!suite92.scherm1007?mObj=7601&mSelod=704853;TRUE;Zuivel_2016_2018_cao_I.pdf;1;157013;
157;https://www.uitvoeringarbeidsvoorwaardenwetgeving.nl/mozard/!suite92.scherm1007?mObj=13719&mSelod=704853;TRUE;Zuivel I 2018-2020.docx .pdf;1;157014;
157;https://www.uitvoeringarbeidsvoorwaardenwetgeving.nl/mozard/!suite92.scherm1007?mObj=782&mSelod=704853;TRUE;Zuivel I 2018-2020.pdf .pdf;1;157015;
157;https://www.uitvoeringarbeidsvoorwaardenwetgeving.nl/mozard/!suite92.scherm1007?mObj=19146&mSelod=704853;TRUE;Zuivel I 2020.pdf;1;157016;
157;https://www.uitvoeringarbeidsvoorwaardenwetgeving.nl/mozard/!suite92.scherm1007?mObj=43375&mSelod=704853;TRUE;DEF cao I zuivel 1 april 2024 tot 1 april 2025.pdf;1;157017;
632;https://www.uitvoeringarbeidsvoorwaardenwetgeving.nl/mozard/!suite92.scherm1007?mObj=8471&mSelod=704856;TRUE;CAO__01012014_tot_01072014__CAO_tekst_14_jan_2014.pdf;1;632001;
632;https://www.uitvoeringarbeidsvoorwaardenwetgeving.nl/mozard/!suite92.scherm1007?mObj=8473&mSelod=704856;TRUE;CAO_2017.pdf;1;632002;
632;https://www.uitvoeringarbeidsvoorwaardenwetgeving.nl/mozard/!suite92.scherm1007?mObj=14074&mSelod=704856;TRUE;OD18976_NVB CAO-boekje 2019_digitaal.pdf - CAO Banken_PDF digitaal NL versie.pdf .pdf;1;632003;
632;https://www.uitvoeringarbeidsvoorwaardenwetgeving.nl/mozard/!suite92.scherm1007?mObj=22767&mSelod=704856;TRUE;NVB CAO-boekje 2021_14-04.pdf;1;632004;
632;https://www.uitvoeringarbeidsvoorwaardenwetgeving.nl/mozard/!suite92.scherm1007?mObj=29966&mSelod=704856;TRUE;CAO_Banken_2022.DefNL.pdf;1;632005;
632;https://www.uitvoeringarbeidsvoorwaardenwetgeving.nl/mozard/!suite92.scherm1007?mObj=46282&mSelod=704856;TRUE;NVB_CAO-boekje_2023_addendum.20240502.pdf;1;632006;
632;https://www.uitvoeringarbeidsvoorwaardenwetgeving.nl/mozard/!suite92.scherm1007?mObj=34276&mSelod=704856;TRUE;NVB CAO-boekje 2023_digitaal-NL.pdf;1;632007;
632;https://www.uitvoeringarbeidsvoorwaardenwetgeving.nl/mozard/!suite92.scherm1007?mObj=47756&mSelod=704856;TRUE;NVB_CAO-boekje_2025_digitaal__redacted.pdf;1;632008;
632;https://www.uitvoeringarbeidsvoorwaardenwetgeving.nl/mozard/!suite92.scherm1007?mObj=8472&mSelod=704856;TRUE;CAO_Banken.pdf;1;632009;
632;https://www.uitvoeringarbeidsvoorwaardenwetgeving.nl/mozard/!suite92.scherm1007?mObj=8470&mSelod=704856;TRUE;tekst_CAO_01112010__01012012.pdf;1;632010;
1296;https://www.uitvoeringarbeidsvoorwaardenwetgeving.nl/mozard/!suite92.scherm1007?mObj=9137&mSelod=704858;TRUE;Tekst_ICK_CAO_2011.pdf;1;1296001;
1296;https://www.uitvoeringarbeidsvoorwaardenwetgeving.nl/mozard/!suite92.scherm1007?mObj=9138&mSelod=704858;TRUE;Digitale_versie_ICK_CAO_2012.pdf;1;1296002;
1296;https://www.uitvoeringarbeidsvoorwaardenwetgeving.nl/mozard/!suite92.scherm1007?mObj=9139&mSelod=704858;TRUE;Definitieve_Tekst_ICK_CAO_2013_18_februari_2013_MV.pdf;1;1296003;
1296;https://www.uitvoeringarbeidsvoorwaardenwetgeving.nl/mozard/!suite92.scherm1007?mObj=9140&mSelod=704858;TRUE;Definitieve_tekst_ICK_CAO_2014_6_maart_2014.pdf;1;1296004;
1296;https://www.uitvoeringarbeidsvoorwaardenwetgeving.nl/mozard/!suite92.scherm1007?mObj=9141&mSelod=704858;TRUE;ICK_CAO_2015___definitief.pdf;1;1296005;
1296;https://www.uitvoeringarbeidsvoorwaardenwetgeving.nl/mozard/!suite92.scherm1007?mObj=9142&mSelod=704858;TRUE;ICK_CAO_2016_definitief.pdf;1;1296006;
1296;https://www.uitvoeringarbeidsvoorwaardenwetgeving.nl/mozard/!suite92.scherm1007?mObj=9143&mSelod=704858;TRUE;ICK_CAO_2017.pdf;1;1296007;
1296;https://www.uitvoeringarbeidsvoorwaardenwetgeving.nl/mozard/!suite92.scherm1007?mObj=637&mSelod=704858;TRUE;ICK-CAO 2018.pdf .pdf;1;1296008;
1296;https://www.uitvoeringarbeidsvoorwaardenwetgeving.nl/mozard/!suite92.scherm1007?mObj=16170&mSelod=704858;TRUE;CAO 2019.pdf;1;1296009;
1296;https://www.uitvoeringarbeidsvoorwaardenwetgeving.nl/mozard/!suite92.scherm1007?mObj=16231&mSelod=704858;TRUE;ICK CAO 2020_def.docx.pdf;1;1296010;
1296;https://www.uitvoeringarbeidsvoorwaardenwetgeving.nl/mozard/!suite92.scherm1007?mObj=23086&mSelod=704858;TRUE;ICK CAO 2021.pdf;1;1296011;
1296;https://www.uitvoeringarbeidsvoorwaardenwetgeving.nl/mozard/!suite92.scherm1007?mObj=22511&mSelod=704858;TRUE;ICK CAO 2021_1.pdf;1;1296012;
1296;https://www.uitvoeringarbeidsvoorwaardenwetgeving.nl/mozard/!suite92.scherm1007?mObj=30646&mSelod=704858;TRUE;ICK CAO 2022 v2.pdf;1;1296013;
1296;https://www.uitvoeringarbeidsvoorwaardenwetgeving.nl/mozard/!suite92.scherm1007?mObj=30368&mSelod=704858;TRUE;Cdef_ ICK CAO 2022.pdf;1;1296014;
1296;https://www.uitvoeringarbeidsvoorwaardenwetgeving.nl/mozard/!suite92.scherm1007?mObj=40466&mSelod=704858;TRUE;ICK-cao 2023.pdf;1;1296015;
1296;https://www.uitvoeringarbeidsvoorwaardenwetgeving.nl/mozard/!suite92.scherm1007?mObj=44572&mSelod=704858;TRUE;ICK cao 2024-2025.pdf;1;1296016;
1296;https://www.uitvoeringarbeidsvoorwaardenwetgeving.nl/mozard/!suite92.scherm1007?mObj=49050&mSelod=704858;TRUE;ICK cao 2025-2026.pdf;1;1296017;
573;https://www.uitvoeringarbeidsvoorwaardenwetgeving.nl/mozard/!suite92.scherm1007?mObj=7729&mSelod=704862;TRUE;CAO_pluimvee_per_1_januari_2017_per_9_2_2017.pdf;1;573001;
573;https://www.uitvoeringarbeidsvoorwaardenwetgeving.nl/mozard/!suite92.scherm1007?mObj=7730&mSelod=704862;TRUE;CAO_pluimvee_per_1_januari_2017_per_13_2_2017.pdf;1;573002;
573;https://www.uitvoeringarbeidsvoorwaardenwetgeving.nl/mozard/!suite92.scherm1007?mObj=7728&mSelod=704862;TRUE;CAO_pluimvee_per_1_januari_2017.pdf;1;573003;
573;https://www.uitvoeringarbeidsvoorwaardenwetgeving.nl/mozard/!suite92.scherm1007?mObj=7732&mSelod=704862;TRUE;CAO_pluimvee_per_1_januari_2017_per_19_4_2018.pdf;1;573004;
573;https://www.uitvoeringarbeidsvoorwaardenwetgeving.nl/mozard/!suite92.scherm1007?mObj=7731&mSelod=704862;TRUE;CAO_pluimvee_per_1_januari_2017_per_23_3_2018.pdf;1;573005;
573;https://www.uitvoeringarbeidsvoorwaardenwetgeving.nl/mozard/!suite92.scherm1007?mObj=15895&mSelod=704862;TRUE;Cao pluimvee - cao 2020-2021 .pdf;1;573006;
573;https://www.uitvoeringarbeidsvoorwaardenwetgeving.nl/mozard/!suite92.scherm1007?mObj=16187&mSelod=704862;TRUE;Cao pluimvee - cao 2020-2021 na ttw art 31 52 77 78 79 bijlage 3 .pdf;1;573007;
573;https://www.uitvoeringarbeidsvoorwaardenwetgeving.nl/mozard/!suite92.scherm1007?mObj=16514&mSelod=704862;TRUE;Cao pluimvee - cao 2020-2021 na ttw2 art 77 .pdf;1;573008;
573;https://www.uitvoeringarbeidsvoorwaardenwetgeving.nl/mozard/!suite92.scherm1007?mObj=23379&mSelod=704862;TRUE;Cao pluimvee - cao 2021-2023 versie 7-9-2021.pdf;1;573009;
573;https://www.uitvoeringarbeidsvoorwaardenwetgeving.nl/mozard/!suite92.scherm1007?mObj=42893&mSelod=704862;TRUE;Cao pluimvee 2023-2025 na ttw 9-4-2024 (incl. gewijzigd functiehandboek).pdf;1;573010;
573;https://www.uitvoeringarbeidsvoorwaardenwetgeving.nl/mozard/!suite92.scherm1007?mObj=38582&mSelod=704862;TRUE;Cao pluimvee na ttw - cao 2023-2025.pdf;1;573011;
573;https://www.uitvoeringarbeidsvoorwaardenwetgeving.nl/mozard/!suite92.scherm1007?mObj=37919&mSelod=704862;TRUE;Cao pluimvee - cao 2023-2025 def.pdf;1;573012;
573;https://www.uitvoeringarbeidsvoorwaardenwetgeving.nl/mozard/!suite92.scherm1007?mObj=7726&mSelod=704862;TRUE;CAO_pluimvee_per_1_mei_2012.pdf;1;573013;
573;https://www.uitvoeringarbeidsvoorwaardenwetgeving.nl/mozard/!suite92.scherm1007?mObj=7727&mSelod=704862;TRUE;CAO_pluimvee_per_1_mei_2013.pdf;1;573014;
573;https://www.uitvoeringarbeidsvoorwaardenwetgeving.nl/mozard/!suite92.scherm1007?mObj=14143&mSelod=704862;TRUE;pluimvee - 2019 na ttw ivm wijziging art 55.pdf .pdf;1;573015;
573;https://www.uitvoeringarbeidsvoorwaardenwetgeving.nl/mozard/!suite92.scherm1007?mObj=14154&mSelod=704862;TRUE;Cao pluimvee - 2019 na ttw2 ivm wijziging art 28.pdf .pdf;1;573016;
573;https://www.uitvoeringarbeidsvoorwaardenwetgeving.nl/mozard/!suite92.scherm1007?mObj=14274&mSelod=704862;TRUE;Cao pluimvee - 2019 na ttw3 ivm wijziging art 25.docx .pdf;1;573017;
573;https://www.uitvoeringarbeidsvoorwaardenwetgeving.nl/mozard/!suite92.scherm1007?mObj=14080&mSelod=704862;TRUE;Pluimvee cao 2019.pdf .pdf;1;573018;
1471;https://www.uitvoeringarbeidsvoorwaardenwetgeving.nl/mozard/!suite92.scherm1007?mObj=9269&mSelod=704864;TRUE;Cao_Afval_en_Milieu_Proces_2016_2017.pdf;1;1471001;
1471;https://www.uitvoeringarbeidsvoorwaardenwetgeving.nl/mozard/!suite92.scherm1007?mObj=9270&mSelod=704864;TRUE;Cao_GEO_PROCES_2018_2019.pdf;1;1471002;
1471;https://www.uitvoeringarbeidsvoorwaardenwetgeving.nl/mozard/!suite92.scherm1007?mObj=9272&mSelod=704864;TRUE;cao_GEO_vernieuwd_definitief.pdf;1;1471003;
1471;https://www.uitvoeringarbeidsvoorwaardenwetgeving.nl/mozard/!suite92.scherm1007?mObj=9271&mSelod=704864;TRUE;GEO_Cao.pdf;1;1471004;
1471;https://www.uitvoeringarbeidsvoorwaardenwetgeving.nl/mozard/!suite92.scherm1007?mObj=16475&mSelod=704864;TRUE;CAO GEO PROCES en SERVICES 2020.pdf;1;1471005;
1471;https://www.uitvoeringarbeidsvoorwaardenwetgeving.nl/mozard/!suite92.scherm1007?mObj=22669&mSelod=704864;TRUE;CAO Grondstoffen Energie en Omgeving PROCES 2021 20210503 ondertekend.pdf;1;1471006;
1471;https://www.uitvoeringarbeidsvoorwaardenwetgeving.nl/mozard/!suite92.scherm1007?mObj=30080&mSelod=704864;TRUE;Cao 2022-2024 Proces - ondertekening.pdf;4;1471007;
1471;https://www.uitvoeringarbeidsvoorwaardenwetgeving.nl/mozard/!suite92.scherm1007?mObj=36913&mSelod=704864;TRUE;CAO Grondstoffen Energie en Omgeving Services 2022-2023-2024 - signed.pdf;2;1471008;
1471;https://www.uitvoeringarbeidsvoorwaardenwetgeving.nl/mozard/!suite92.scherm1007?mObj=43356&mSelod=704864;TRUE;Cao GEO SERVICES 2024-2026.pdf;2;1471009;
1471;https://www.uitvoeringarbeidsvoorwaardenwetgeving.nl/mozard/!suite92.scherm1007?mObj=9266&mSelod=704864;TRUE;Energiebedrijf_1471.pdf;1;1471010;
1471;https://www.uitvoeringarbeidsvoorwaardenwetgeving.nl/mozard/!suite92.scherm1007?mObj=9267&mSelod=704864;TRUE;cao_afval_en_milieu_proces_2013_2014_met_handtek.pdf;1;1471011;
1471;https://www.uitvoeringarbeidsvoorwaardenwetgeving.nl/mozard/!suite92.scherm1007?mObj=9268&mSelod=704864;TRUE;cao_Afval_en_Milieu_Proces_2014_2015.pdf;1;1471012;
245;https://www.uitvoeringarbeidsvoorwaardenwetgeving.nl/mozard/!suite92.scherm1007?mObj=7361&mSelod=704866;TRUE;Tuinzaden_cao_2014_2016.pdf;1;245001;
245;https://www.uitvoeringarbeidsvoorwaardenwetgeving.nl/mozard/!suite92.scherm1007?mObj=7364&mSelod=704866;TRUE;CAO_Tuinzaadbedrijven_1_jan_2018_tm_31_dec_2019.pdf;1;245002;
245;https://www.uitvoeringarbeidsvoorwaardenwetgeving.nl/mozard/!suite92.scherm1007?mObj=7363&mSelod=704866;TRUE;Cao_Tuinzaadbedrijven_20180101___20191231.pdf;1;245003;
245;https://www.uitvoeringarbeidsvoorwaardenwetgeving.nl/mozard/!suite92.scherm1007?mObj=17166&mSelod=704866;TRUE;Afspraken cao Tuinzaadbedrijven 2020 versie definitief.pdf;1;245004;
245;https://www.uitvoeringarbeidsvoorwaardenwetgeving.nl/mozard/!suite92.scherm1007?mObj=30846&mSelod=704866;TRUE;Tuinzaadbedrijven 2021 - 2022 TTW augustus 2022.pdf;1;245005;
245;https://www.uitvoeringarbeidsvoorwaardenwetgeving.nl/mozard/!suite92.scherm1007?mObj=24571&mSelod=704866;TRUE;defintieve tekst CAO Tuinzaadbedrijven 2021 - 2022.pdf;1;245006;
245;https://www.uitvoeringarbeidsvoorwaardenwetgeving.nl/mozard/!suite92.scherm1007?mObj=30913&mSelod=704866;TRUE;Tuinzaadbedrijven 2021 - 2022 TTW2.pdf;1;245007;
245;https://www.uitvoeringarbeidsvoorwaardenwetgeving.nl/mozard/!suite92.scherm1007?mObj=34992&mSelod=704866;TRUE;Tuinzaadbedrijven 1 januari 2023 - 31 december 2023 definitief.pdf;1;245008;
245;https://www.uitvoeringarbeidsvoorwaardenwetgeving.nl/mozard/!suite92.scherm1007?mObj=43794&mSelod=704866;TRUE;Tekst CAO Tuinzaadbedrijven 1 januari 2024 - 31 december 2025 def.pdf;1;245009;
245;https://www.uitvoeringarbeidsvoorwaardenwetgeving.nl/mozard/!suite92.scherm1007?mObj=7362&mSelod=704866;TRUE;CAO_Tuinzaden_2016_2017.pdf;1;245010;
245;https://www.uitvoeringarbeidsvoorwaardenwetgeving.nl/mozard/!suite92.scherm1007?mObj=7360&mSelod=704866;TRUE;2e__gem_t_t_w__1_10_2011___01_01_2014.pdf;1;245011;
245;https://www.uitvoeringarbeidsvoorwaardenwetgeving.nl/mozard/!suite92.scherm1007?mObj=7357&mSelod=704866;TRUE;Plantum___definitieve_CAO_2011___2014.pdf;1;245012;
245;https://www.uitvoeringarbeidsvoorwaardenwetgeving.nl/mozard/!suite92.scherm1007?mObj=7359&mSelod=704866;TRUE;Plantum___CAO_2011____2014.pdf;1;245013;
245;https://www.uitvoeringarbeidsvoorwaardenwetgeving.nl/mozard/!suite92.scherm1007?mObj=7358&mSelod=704866;TRUE;Plantum_ttw_CAO_2011_2014.pdf;1;245014;
20;https://www.uitvoeringarbeidsvoorwaardenwetgeving.nl/mozard/!suite92.scherm1007?mObj=6971&mSelod=704869;TRUE;Goederenvervoer_Nederland_2012_2013.pdf;1;20001;
20;https://www.uitvoeringarbeidsvoorwaardenwetgeving.nl/mozard/!suite92.scherm1007?mObj=6972&mSelod=704869;TRUE;CAO_KNV_1_januari_2014__1_januari_2017.pdf;1;20002;
932;https://www.uitvoeringarbeidsvoorwaardenwetgeving.nl/mozard/!suite92.scherm1007?mObj=8899&mSelod=704872;TRUE;Integrale CAO tekst.pdf;1;932001;
932;https://www.uitvoeringarbeidsvoorwaardenwetgeving.nl/mozard/!suite92.scherm1007?mObj=8900&mSelod=704872;TRUE;Tekst_Bioscoopbedrijf___aanmelding.pdf;1;932002;
233;https://www.uitvoeringarbeidsvoorwaardenwetgeving.nl/mozard/!suite92.scherm1007?mObj=7302&mSelod=704874;TRUE;CAOtekst_2012_2013_PvL_5jun2012.pdf;1;233001;
233;https://www.uitvoeringarbeidsvoorwaardenwetgeving.nl/mozard/!suite92.scherm1007?mObj=7303&mSelod=704874;TRUE;CAOtekst_2012_2013_PvL_26jul2012.pdf;1;233002;
233;https://www.uitvoeringarbeidsvoorwaardenwetgeving.nl/mozard/!suite92.scherm1007?mObj=7304&mSelod=704874;TRUE;CAOtekst_2014_PvL_6mei2014.pdf;1;233003;
233;https://www.uitvoeringarbeidsvoorwaardenwetgeving.nl/mozard/!suite92.scherm1007?mObj=7305&mSelod=704874;TRUE;CAOtekst_2015_31mrt2017_PvL_11sep2015.pdf;1;233004;
233;https://www.uitvoeringarbeidsvoorwaardenwetgeving.nl/mozard/!suite92.scherm1007?mObj=7307&mSelod=704874;TRUE;CAOtekst_1apr2017_31mrt2019_PvL_30mei2018.pdf;1;233005;
233;https://www.uitvoeringarbeidsvoorwaardenwetgeving.nl/mozard/!suite92.scherm1007?mObj=7306&mSelod=704874;TRUE;CAOtekst_1apr2017_31mrt2019.pdf;1;233006;
233;https://www.uitvoeringarbeidsvoorwaardenwetgeving.nl/mozard/!suite92.scherm1007?mObj=15710&mSelod=704874;TRUE;2020feb3_PvL_CAOtekst_1apr2019-31mrt2020.pdf;1;233007;
233;https://www.uitvoeringarbeidsvoorwaardenwetgeving.nl/mozard/!suite92.scherm1007?mObj=15577&mSelod=704874;TRUE;2020jan8_PvL_CAOtekst_1apr2019-31mrt2020.pdf;1;233008;
233;https://www.uitvoeringarbeidsvoorwaardenwetgeving.nl/mozard/!suite92.scherm1007?mObj=14181&mSelod=704874;TRUE;CAOtekst_1apr2019-31dec2019_PvL_6mei2019.pdf .pdf;1;233009;
233;https://www.uitvoeringarbeidsvoorwaardenwetgeving.nl/mozard/!suite92.scherm1007?mObj=24773&mSelod=704874;TRUE;2021dec17_HWi_CAOtekst-tbv-Cao-aanmelden_1apr2020-31mrt2022_exclCaoFondsOOA_v2.d.pdf;1;233010;
233;https://www.uitvoeringarbeidsvoorwaardenwetgeving.nl/mozard/!suite92.scherm1007?mObj=23948&mSelod=704874;TRUE;2021nov12_HWi_CAOtekst_1apr2020-31mrt2022.pdf;1;233011;
233;https://www.uitvoeringarbeidsvoorwaardenwetgeving.nl/mozard/!suite92.scherm1007?mObj=30421&mSelod=704874;TRUE;2022jun30_HWi_CAOtekst_1apr2022-31mrt2023_Cao-Aanmelden_exclCaoFondsOOA.pdf;1;233012;
233;https://www.uitvoeringarbeidsvoorwaardenwetgeving.nl/mozard/!suite92.scherm1007?mObj=42272&mSelod=704874;TRUE;2024Mrt25_schonetekstcao.pdf;1;233013;
233;https://www.uitvoeringarbeidsvoorwaardenwetgeving.nl/mozard/!suite92.scherm1007?mObj=41603&mSelod=704874;TRUE;2024jan30_CAOHH2023-2024.pdf;1;233014;
233;https://www.uitvoeringarbeidsvoorwaardenwetgeving.nl/mozard/!suite92.scherm1007?mObj=46138&mSelod=704874;TRUE;2025_14jan_schone_tekstcaotbvavv_MvD.pdf;1;233015;
233;https://www.uitvoeringarbeidsvoorwaardenwetgeving.nl/mozard/!suite92.scherm1007?mObj=44465&mSelod=704874;TRUE;2024_31okt_tekstcaotbvavvschoon_MvD.pdf;1;233016;
233;https://www.uitvoeringarbeidsvoorwaardenwetgeving.nl/mozard/!suite92.scherm1007?mObj=45691&mSelod=704874;TRUE;2024_17dec_schone_tekstcaotbvavv_MvD4.pdf;1;233017;
306;https://www.uitvoeringarbeidsvoorwaardenwetgeving.nl/mozard/!suite92.scherm1007?mObj=7471&mSelod=704876;TRUE;CAO_tekst_integraal.pdf;1;306001;
306;https://www.uitvoeringarbeidsvoorwaardenwetgeving.nl/mozard/!suite92.scherm1007?mObj=7470&mSelod=704876;TRUE;CAO_tekst_integraal1.pdf;1;306002;
306;https://www.uitvoeringarbeidsvoorwaardenwetgeving.nl/mozard/!suite92.scherm1007?mObj=7472&mSelod=704876;TRUE;CAO_tekst_definitief.pdf;1;306003;
306;https://www.uitvoeringarbeidsvoorwaardenwetgeving.nl/mozard/!suite92.scherm1007?mObj=15189&mSelod=704876;TRUE;CAO-tekst definitief.docx.pdf;1;306004;
306;https://www.uitvoeringarbeidsvoorwaardenwetgeving.nl/mozard/!suite92.scherm1007?mObj=14915&mSelod=704876;TRUE;CAO-tekst definitief.docx_1.pdf;1;306005;
306;https://www.uitvoeringarbeidsvoorwaardenwetgeving.nl/mozard/!suite92.scherm1007?mObj=7467&mSelod=704876;TRUE;CAO 2010-2012 tekst.pdf;1;306006;
306;https://www.uitvoeringarbeidsvoorwaardenwetgeving.nl/mozard/!suite92.scherm1007?mObj=7468&mSelod=704876;TRUE;CAOtekst_AVV__integraal_.pdf;1;306007;
306;https://www.uitvoeringarbeidsvoorwaardenwetgeving.nl/mozard/!suite92.scherm1007?mObj=7469&mSelod=704876;TRUE;CAOtekst_AVV__integraal__verlenging.pdf;1;306008;
306;https://www.uitvoeringarbeidsvoorwaardenwetgeving.nl/mozard/!suite92.scherm1007?mObj=23433&mSelod=704876;TRUE;CAO-tekst 2021-2022 OKT schoon.pdf;1;306009;
306;https://www.uitvoeringarbeidsvoorwaardenwetgeving.nl/mozard/!suite92.scherm1007?mObj=23196&mSelod=704876;TRUE;20072021 CAO-boekje 2021-2022.pdf;1;306010;
306;https://www.uitvoeringarbeidsvoorwaardenwetgeving.nl/mozard/!suite92.scherm1007?mObj=37979&mSelod=704876;TRUE;CAO Particulier Kaaspakhuis 2023 na ttw versie 1-8-2023.pdf;1;306011;
306;https://www.uitvoeringarbeidsvoorwaardenwetgeving.nl/mozard/!suite92.scherm1007?mObj=37678&mSelod=704876;TRUE;CAO Particulier Kaaspakhuis 2023 versie 17-7-2023.pdf;1;306012;
306;https://www.uitvoeringarbeidsvoorwaardenwetgeving.nl/mozard/!suite92.scherm1007?mObj=43688&mSelod=704876;TRUE;CAO Particulier Kaaspakhuis 01-01-2024 definitief.pdf;1;306013;
306;https://www.uitvoeringarbeidsvoorwaardenwetgeving.nl/mozard/!suite92.scherm1007?mObj=44306&mSelod=704876;TRUE;20240725 CAO Particulier Kaaspakhuis 01-01-2024- 1-05-2025 wijzigingen bijgehouden.pdf;1;306014;
2266;https://www.uitvoeringarbeidsvoorwaardenwetgeving.nl/mozard/!suite92.scherm1007?mObj=10165&mSelod=704878;TRUE;CAO_visdetailhandel_per_1__1__2015_org__getekend.pdf;1;2266001;
2266;https://www.uitvoeringarbeidsvoorwaardenwetgeving.nl/mozard/!suite92.scherm1007?mObj=10166&mSelod=704878;TRUE;VNV_cao_boekje_A5_2015_408280_C.pdf;1;2266002;
2266;https://www.uitvoeringarbeidsvoorwaardenwetgeving.nl/mozard/!suite92.scherm1007?mObj=10168&mSelod=704878;TRUE;cao_tkst_AVV_na_gesprek_ministerie.pdf;1;2266003;
2266;https://www.uitvoeringarbeidsvoorwaardenwetgeving.nl/mozard/!suite92.scherm1007?mObj=10169&mSelod=704878;TRUE;cao_tkst_AVV_na_gesprek_ministerie_1.pdf;1;2266004;
2266;https://www.uitvoeringarbeidsvoorwaardenwetgeving.nl/mozard/!suite92.scherm1007?mObj=10167&mSelod=704878;TRUE;Cao_Visdetailhandel_2017_2018.pdf;1;2266005;
2266;https://www.uitvoeringarbeidsvoorwaardenwetgeving.nl/mozard/!suite92.scherm1007?mObj=968&mSelod=704878;TRUE;CAO visdetailhandel 2019-2020 definitieve versie aangeboden aan ministerie.docx .pdf;1;2266006;
2266;https://www.uitvoeringarbeidsvoorwaardenwetgeving.nl/mozard/!suite92.scherm1007?mObj=29662&mSelod=704878;TRUE;CAO visdetailhandel 2021-2023 def voor ministerie na controle wg.pdf;1;2266007;
2266;https://www.uitvoeringarbeidsvoorwaardenwetgeving.nl/mozard/!suite92.scherm1007?mObj=31533&mSelod=704878;TRUE;Integrale cao-tekst visdetailhandel 2021-2023.pdf;1;2266008;
2266;https://www.uitvoeringarbeidsvoorwaardenwetgeving.nl/mozard/!suite92.scherm1007?mObj=42947&mSelod=704878;TRUE;Integrale cao-tekst visdetailhandel 2024 .pdf;1;2266009;
2266;https://www.uitvoeringarbeidsvoorwaardenwetgeving.nl/mozard/!suite92.scherm1007?mObj=42211&mSelod=704878;TRUE;Integrale cao-tekst visdetailhandel 2024 (definitieve versie 21 februari 2024).pdf;1;2266010;
2266;https://www.uitvoeringarbeidsvoorwaardenwetgeving.nl/mozard/!suite92.scherm1007?mObj=49132&mSelod=704878;TRUE;Cao visdetailhandel 2025 tussentijdse wijzigingen juni 2025.pdf;1;2266011;
2266;https://www.uitvoeringarbeidsvoorwaardenwetgeving.nl/mozard/!suite92.scherm1007?mObj=47705&mSelod=704878;TRUE;Integrale cao-tekst visdetailhandel 2025 geschoond.pdf;1;2266012;
2266;https://www.uitvoeringarbeidsvoorwaardenwetgeving.nl/mozard/!suite92.scherm1007?mObj=10164&mSelod=704878;TRUE;visdetailhandel cao en bijlagen.pdf;1;2266013;
218;https://www.uitvoeringarbeidsvoorwaardenwetgeving.nl/mozard/!suite92.scherm1007?mObj=7277&mSelod=704880;TRUE;CAO_tekst_brochure_BB_1_1__2012_19_03__20122.pdf;1;218001;
218;https://www.uitvoeringarbeidsvoorwaardenwetgeving.nl/mozard/!suite92.scherm1007?mObj=7278&mSelod=704880;TRUE;tekst_CAO_BB_2012_2013__versie_szw.pdf;1;218002;
218;https://www.uitvoeringarbeidsvoorwaardenwetgeving.nl/mozard/!suite92.scherm1007?mObj=7279&mSelod=704880;TRUE;Integrale_tekst_CAO_BB_TTW.pdf;1;218003;
218;https://www.uitvoeringarbeidsvoorwaardenwetgeving.nl/mozard/!suite92.scherm1007?mObj=7282&mSelod=704880;TRUE;CAO_2015_2016_definitieve_tekst.pdf;1;218004;
218;https://www.uitvoeringarbeidsvoorwaardenwetgeving.nl/mozard/!suite92.scherm1007?mObj=14170&mSelod=704880;TRUE;CAO 1-1-2019 tm 31-12-2019 def tekst.docx .pdf;1;218005;
218;https://www.uitvoeringarbeidsvoorwaardenwetgeving.nl/mozard/!suite92.scherm1007?mObj=15904&mSelod=704880;TRUE;FSO cao 2020 nieuwe tekst.doc.pdf;1;218006;
218;https://www.uitvoeringarbeidsvoorwaardenwetgeving.nl/mozard/!suite92.scherm1007?mObj=16093&mSelod=704880;TRUE;Def. nieuwe tekst cao bb 2020 2021.docx.pdf;1;218007;
218;https://www.uitvoeringarbeidsvoorwaardenwetgeving.nl/mozard/!suite92.scherm1007?mObj=33549&mSelod=704880;TRUE;cao bb 2023-2024 integrale tekst definitief 230106.pdf;1;218008;
218;https://www.uitvoeringarbeidsvoorwaardenwetgeving.nl/mozard/!suite92.scherm1007?mObj=48693&mSelod=704880;TRUE;cao bb 2025-2026 def. 250617 zonder namen en handtekeningen.pdf;1;218009;
218;https://www.uitvoeringarbeidsvoorwaardenwetgeving.nl/mozard/!suite92.scherm1007?mObj=7280&mSelod=704880;TRUE;Tekst_CAO_BB_1_4_13_tm_31_13.pdf;1;218010;
218;https://www.uitvoeringarbeidsvoorwaardenwetgeving.nl/mozard/!suite92.scherm1007?mObj=7281&mSelod=704880;TRUE;Tekst_CAO_BB_1_april_2013_tm_31_decb_2014.pdf;1;218011;
218;https://www.uitvoeringarbeidsvoorwaardenwetgeving.nl/mozard/!suite92.scherm1007?mObj=7283&mSelod=704880;TRUE;CAO_20_11_2016_tm_31_12_2018_correctie.pdf;1;218012;
557;https://www.uitvoeringarbeidsvoorwaardenwetgeving.nl/mozard/!suite92.scherm1007?mObj=7685&mSelod=704882;TRUE;Slijterijen 2010-2011 integrale tekst definitief.pdf;1;557001;
557;https://www.uitvoeringarbeidsvoorwaardenwetgeving.nl/mozard/!suite92.scherm1007?mObj=7686&mSelod=704882;TRUE;CAO_Slijterijen_2011_2013_integrale_tekst_def.pdf;1;557002;
826;https://www.uitvoeringarbeidsvoorwaardenwetgeving.nl/mozard/!suite92.scherm1007?mObj=8441&mSelod=704885;TRUE;CAO_ISO_TTW_JULI.pdf;1;826001;
826;https://www.uitvoeringarbeidsvoorwaardenwetgeving.nl/mozard/!suite92.scherm1007?mObj=8439&mSelod=704885;TRUE;CAO_ISO.pdf;1;826002;
826;https://www.uitvoeringarbeidsvoorwaardenwetgeving.nl/mozard/!suite92.scherm1007?mObj=8440&mSelod=704885;TRUE;CAO_ISO_arcering___wijz_AOW_LT.pdf;1;826003;
826;https://www.uitvoeringarbeidsvoorwaardenwetgeving.nl/mozard/!suite92.scherm1007?mObj=8436&mSelod=704885;TRUE;Isolatie_cao_en_handboek.pdf;1;826004;
826;https://www.uitvoeringarbeidsvoorwaardenwetgeving.nl/mozard/!suite92.scherm1007?mObj=8437&mSelod=704885;TRUE;M_T_Isolatie_Cao___Handboek.pdf;1;826005;
826;https://www.uitvoeringarbeidsvoorwaardenwetgeving.nl/mozard/!suite92.scherm1007?mObj=43859&mSelod=704885;TRUE;HB 5e editie 2024.pdf;2;826006;
826;https://www.uitvoeringarbeidsvoorwaardenwetgeving.nl/mozard/!suite92.scherm1007?mObj=43985&mSelod=704885;TRUE;HB 5e editie 2024_1.pdf;2;826007;
826;https://www.uitvoeringarbeidsvoorwaardenwetgeving.nl/mozard/!suite92.scherm1007?mObj=45540&mSelod=704885;TRUE;HB 5e editie 2024_2.pdf;2;826008;
826;https://www.uitvoeringarbeidsvoorwaardenwetgeving.nl/mozard/!suite92.scherm1007?mObj=8438&mSelod=704885;TRUE;m_en_t_islollatiebedrijf_kvo.pdf;1;826009;
826;https://www.uitvoeringarbeidsvoorwaardenwetgeving.nl/mozard/!suite92.scherm1007?mObj=8443&mSelod=704885;TRUE;CAO_ISO_2017_2019__TTW.pdf;1;826010;
826;https://www.uitvoeringarbeidsvoorwaardenwetgeving.nl/mozard/!suite92.scherm1007?mObj=8442&mSelod=704885;TRUE;CAO_ISO_17_19.pdf;1;826011;
826;https://www.uitvoeringarbeidsvoorwaardenwetgeving.nl/mozard/!suite92.scherm1007?mObj=8445&mSelod=704885;TRUE;CAO_ISO_2017_2019__TTW_LL_nov_2018.pdf;1;826012;
826;https://www.uitvoeringarbeidsvoorwaardenwetgeving.nl/mozard/!suite92.scherm1007?mObj=8444&mSelod=704885;TRUE;CAO_ISO_2017_2019__TTW_GP_nov_2017.pdf;1;826013;
826;https://www.uitvoeringarbeidsvoorwaardenwetgeving.nl/mozard/!suite92.scherm1007?mObj=21672&mSelod=704885;TRUE;CAO ISO 2019 2021 SZW TTW V2 wagweu.docx.pdf;1;826014;
826;https://www.uitvoeringarbeidsvoorwaardenwetgeving.nl/mozard/!suite92.scherm1007?mObj=15099&mSelod=704885;FALSE;;0;826014;
826;https://www.uitvoeringarbeidsvoorwaardenwetgeving.nl/mozard/!suite92.scherm1007?mObj=21136&mSelod=704885;TRUE;CAO ISO 2019 2021 SZW TTW wagweu art 64.docx.pdf;1;826015;
826;https://www.uitvoeringarbeidsvoorwaardenwetgeving.nl/mozard/!suite92.scherm1007?mObj=15323&mSelod=704885;FALSE;;0;826015;
826;https://www.uitvoeringarbeidsvoorwaardenwetgeving.nl/mozard/!suite92.scherm1007?mObj=30079&mSelod=704885;TRUE;CAO ISO 2021 2024.pdf;1;826016;
826;https://www.uitvoeringarbeidsvoorwaardenwetgeving.nl/mozard/!suite92.scherm1007?mObj=30105&mSelod=704885;TRUE;CAO ISO 2021 2024_1.pdf;1;826017;
826;https://www.uitvoeringarbeidsvoorwaardenwetgeving.nl/mozard/!suite92.scherm1007?mObj=30202&mSelod=704885;TRUE;CAO ISO 2021 2024b.pdf;1;826018;
1809;https://www.uitvoeringarbeidsvoorwaardenwetgeving.nl/mozard/!suite92.scherm1007?mObj=43644&mSelod=734103;TRUE;CAO Scheidsrechter 2023-2027.pdf;1;1809001;
1809;https://www.uitvoeringarbeidsvoorwaardenwetgeving.nl/mozard/!suite92.scherm1007?mObj=9504&mSelod=734103;TRUE;CAO_scheidsrechters_betaald_voetbal.pdf;1;1809002;
1809;https://www.uitvoeringarbeidsvoorwaardenwetgeving.nl/mozard/!suite92.scherm1007?mObj=9505&mSelod=734103;TRUE;ZST_PS005_ZST_BGB_P_052_2744_001.pdf;1;1809003;
4205;https://www.uitvoeringarbeidsvoorwaardenwetgeving.nl/mozard/!suite92.scherm1007?mObj=42679&mSelod=734235;TRUE;202405_Tekst Cao Aan de slag 2024.pdf;1;4205001;
4205;https://www.uitvoeringarbeidsvoorwaardenwetgeving.nl/mozard/!suite92.scherm1007?mObj=49613&mSelod=734235;TRUE;2025_Tekst Cao Aan de slag 2025_def.pdf;1;4205002;
4205;https://www.uitvoeringarbeidsvoorwaardenwetgeving.nl/mozard/!suite92.scherm1007?mObj=23004&mSelod=734235;TRUE;Tekst cao Aan de slag.pdf;1;4205003;
1581;https://www.uitvoeringarbeidsvoorwaardenwetgeving.nl/mozard/!suite92.scherm1007?mObj=9707&mSelod=734278;TRUE;Aedes_CAO_2011.pdf;1;1581001;
685;https://www.uitvoeringarbeidsvoorwaardenwetgeving.nl/mozard/!suite92.scherm1007?mObj=8170&mSelod=734362;TRUE;CAO_1_april_2009.pdf;1;685001;
3618;https://www.uitvoeringarbeidsvoorwaardenwetgeving.nl/mozard/!suite92.scherm1007?mObj=11978&mSelod=734364;TRUE;cao_2014_definitief.pdf;1;3618001;
3618;https://www.uitvoeringarbeidsvoorwaardenwetgeving.nl/mozard/!suite92.scherm1007?mObj=11979&mSelod=734364;TRUE;cao_de_raad_2015_definitief.pdf;1;3618002;
3618;https://www.uitvoeringarbeidsvoorwaardenwetgeving.nl/mozard/!suite92.scherm1007?mObj=50211&mSelod=734364;TRUE;Cao Ambachtelijke Pluimvee- en Wildbedrijven 1-1-25 tm 31-08-25.pdf;1;3618003;
3618;https://www.uitvoeringarbeidsvoorwaardenwetgeving.nl/mozard/!suite92.scherm1007?mObj=49615&mSelod=734364;TRUE;05 - Cao Ambachtelijke Pluimvee- en Wildbedrijven 1-1-25 tm 31-08-25.pdf;1;3618004;
3618;https://www.uitvoeringarbeidsvoorwaardenwetgeving.nl/mozard/!suite92.scherm1007?mObj=11982&mSelod=734364;TRUE;CAO_Ambachtelijke_Pluimvee__en_Wildbedrijven_2017.pdf;1;3618005;
3618;https://www.uitvoeringarbeidsvoorwaardenwetgeving.nl/mozard/!suite92.scherm1007?mObj=11983&mSelod=734364;TRUE;CAO_Pluimvee_2018_2019.pdf;1;3618006;
3618;https://www.uitvoeringarbeidsvoorwaardenwetgeving.nl/mozard/!suite92.scherm1007?mObj=11984&mSelod=734364;TRUE;CAO_Pluimvee_2018_2019_1.pdf;1;3618007;
3618;https://www.uitvoeringarbeidsvoorwaardenwetgeving.nl/mozard/!suite92.scherm1007?mObj=11985&mSelod=734364;TRUE;CAO_Pluimvee_2018_2019_2.pdf;1;3618008;
3618;https://www.uitvoeringarbeidsvoorwaardenwetgeving.nl/mozard/!suite92.scherm1007?mObj=15431&mSelod=734364;TRUE;Collectieve arbeidsovereenkomst Ambachtelijke Pluimvee 2019-2020 - SCHOON.docx.pdf;1;3618009;
3618;https://www.uitvoeringarbeidsvoorwaardenwetgeving.nl/mozard/!suite92.scherm1007?mObj=22692&mSelod=734364;TRUE;Definitieve Cao Ambachtelijke Pluimvee- en Wildbedrijven 2020-2021.pdf;1;3618010;
3618;https://www.uitvoeringarbeidsvoorwaardenwetgeving.nl/mozard/!suite92.scherm1007?mObj=23617&mSelod=734364;TRUE;Cao Ambachtelijke Pluimvee- en Wildbedrijven 2021-2022 na 1e TTW.pdf;1;3618011;
3618;https://www.uitvoeringarbeidsvoorwaardenwetgeving.nl/mozard/!suite92.scherm1007?mObj=23457&mSelod=734364;TRUE;99 - Definitieve Cao Ambachtelijke Pluimvee- en Wildbedrijven 2021-2022.pdf;1;3618012;
3618;https://www.uitvoeringarbeidsvoorwaardenwetgeving.nl/mozard/!suite92.scherm1007?mObj=37028&mSelod=734364;TRUE;Cao Ambachtelijke Poeliers.pdf;1;3618013;
3618;https://www.uitvoeringarbeidsvoorwaardenwetgeving.nl/mozard/!suite92.scherm1007?mObj=31248&mSelod=734364;TRUE;09 - Cao Ambachtelijke Poeliersbranche.pdf;1;3618014;
3618;https://www.uitvoeringarbeidsvoorwaardenwetgeving.nl/mozard/!suite92.scherm1007?mObj=44880&mSelod=734364;TRUE;Cao Poeliers 01-03-24 tm 31-12-24.pdf;1;3618015;
3618;https://www.uitvoeringarbeidsvoorwaardenwetgeving.nl/mozard/!suite92.scherm1007?mObj=11980&mSelod=734364;TRUE;Ambachtelijke_Pluimvee_en_Wildbedrijven_verlenging.pdf;1;3618016;
3618;https://www.uitvoeringarbeidsvoorwaardenwetgeving.nl/mozard/!suite92.scherm1007?mObj=11981&mSelod=734364;TRUE;cao_2016_definitief.pdf;1;3618017;
696;https://www.uitvoeringarbeidsvoorwaardenwetgeving.nl/mozard/!suite92.scherm1007?mObj=8178&mSelod=734366;TRUE;DEF_cao_2013_2014.pdf;1;696001;
696;https://www.uitvoeringarbeidsvoorwaardenwetgeving.nl/mozard/!suite92.scherm1007?mObj=8179&mSelod=734366;TRUE;AZN_CAO_2015_2019_def_met_opmaak.pdf;1;696002;
696;https://www.uitvoeringarbeidsvoorwaardenwetgeving.nl/mozard/!suite92.scherm1007?mObj=605&mSelod=734366;TRUE;AZN CNV CAO DEF 21-12-2018.pdf .pdf;1;696003;
696;https://www.uitvoeringarbeidsvoorwaardenwetgeving.nl/mozard/!suite92.scherm1007?mObj=18971&mSelod=734366;TRUE;AZN CAO 2020 def.pdf;1;696004;
696;https://www.uitvoeringarbeidsvoorwaardenwetgeving.nl/mozard/!suite92.scherm1007?mObj=41936&mSelod=734366;TRUE;Cao_ambulancezorg 2021 2025.pdf;1;696005;
2630;https://www.uitvoeringarbeidsvoorwaardenwetgeving.nl/mozard/!suite92.scherm1007?mObj=10840&mSelod=734370;TRUE;Aanmeldtekst zwart CAO Ambulante handel 2009-2011.pdf;1;2630001;
3821;https://www.uitvoeringarbeidsvoorwaardenwetgeving.nl/mozard/!suite92.scherm1007?mObj=12571&mSelod=734420;TRUE;Cao_ap_in_dienstverband_2017.pdf;1;3821001;
3821;https://www.uitvoeringarbeidsvoorwaardenwetgeving.nl/mozard/!suite92.scherm1007?mObj=37108&mSelod=734420;TRUE;20230525.Cao AiD 2023-2024 schone versie definitief.DB.pdf;1;3821002;
3821;https://www.uitvoeringarbeidsvoorwaardenwetgeving.nl/mozard/!suite92.scherm1007?mObj=46528&mSelod=734420;TRUE;20240815.Cao.AiD.2024-2025.DB v6.definitieve.tekst.zondernaam.pdf;1;3821003;
3821;https://www.uitvoeringarbeidsvoorwaardenwetgeving.nl/mozard/!suite92.scherm1007?mObj=31351&mSelod=734420;TRUE;20220927 Cao AiD 2022-2023 definitief.pdf;1;3821004;
3821;https://www.uitvoeringarbeidsvoorwaardenwetgeving.nl/mozard/!suite92.scherm1007?mObj=27316&mSelod=734420;TRUE;20210917 Cao AiD 2021-2022 Definitief 14feb2022.pdf;1;3821005;
152;https://www.uitvoeringarbeidsvoorwaardenwetgeving.nl/mozard/!suite92.scherm1007?mObj=30183&mSelod=734518;TRUE;Baksteen 2022 - mei 2023 def_.pdf;1;152001;
152;https://www.uitvoeringarbeidsvoorwaardenwetgeving.nl/mozard/!suite92.scherm1007?mObj=20487&mSelod=734518;TRUE;Baksteenindustrie 2019 - 2020 def.pdf;1;152002;
152;https://www.uitvoeringarbeidsvoorwaardenwetgeving.nl/mozard/!suite92.scherm1007?mObj=47603&mSelod=734518;TRUE;Baksteen 1 mei 2023 tot 1 mei 2024 definitief_.pdf;1;152003;
152;https://www.uitvoeringarbeidsvoorwaardenwetgeving.nl/mozard/!suite92.scherm1007?mObj=47914&mSelod=734518;TRUE;Baksteen 1 mei 2024 tot 1 oktober 2025.pdf;1;152004;
152;https://www.uitvoeringarbeidsvoorwaardenwetgeving.nl/mozard/!suite92.scherm1007?mObj=7583&mSelod=734518;TRUE;Definitieve_cao_KNB_11_13.pdf;1;152005;
152;https://www.uitvoeringarbeidsvoorwaardenwetgeving.nl/mozard/!suite92.scherm1007?mObj=7584&mSelod=734518;TRUE;cao_Vereniging_KNB_2013_2014.pdf;1;152006;
152;https://www.uitvoeringarbeidsvoorwaardenwetgeving.nl/mozard/!suite92.scherm1007?mObj=7585&mSelod=734518;TRUE;Definitieve_cao_Baksteen_Vereniging_KNB_2014_2015.pdf;1;152007;
152;https://www.uitvoeringarbeidsvoorwaardenwetgeving.nl/mozard/!suite92.scherm1007?mObj=7586&mSelod=734518;TRUE;KNB_cao__2015_2017__def.pdf;1;152008;
152;https://www.uitvoeringarbeidsvoorwaardenwetgeving.nl/mozard/!suite92.scherm1007?mObj=21350&mSelod=734518;TRUE;Baksteen 2020 - 2021.pdf;1;152009;
152;https://www.uitvoeringarbeidsvoorwaardenwetgeving.nl/mozard/!suite92.scherm1007?mObj=7587&mSelod=734518;TRUE;Baksteenindustrie_cao_2017_2019.pdf;1;152010;
634;https://www.uitvoeringarbeidsvoorwaardenwetgeving.nl/mozard/!suite92.scherm1007?mObj=23224&mSelod=734535;TRUE;Definitieve cao Bedrijfsverzorgingsdiensten 2021-2022.pdf;1;634001;
634;https://www.uitvoeringarbeidsvoorwaardenwetgeving.nl/mozard/!suite92.scherm1007?mObj=29940&mSelod=734535;TRUE;Bedrijfsverzorgingsdiensten 2022-2023 def.pdf;1;634002;
634;https://www.uitvoeringarbeidsvoorwaardenwetgeving.nl/mozard/!suite92.scherm1007?mObj=39029&mSelod=734535;TRUE;Bedrijfsverzorgingsdiensten 2023-2024.pdf;1;634003;
634;https://www.uitvoeringarbeidsvoorwaardenwetgeving.nl/mozard/!suite92.scherm1007?mObj=43578&mSelod=734535;TRUE;Bedrijfsverzorgingsdiensten 2024-2025.pdf;1;634004;
634;https://www.uitvoeringarbeidsvoorwaardenwetgeving.nl/mozard/!suite92.scherm1007?mObj=8498&mSelod=734535;TRUE;20110172N - cao BVD 2010 2012 incl TTW 160211.pdf;1;634005;
634;https://www.uitvoeringarbeidsvoorwaardenwetgeving.nl/mozard/!suite92.scherm1007?mObj=8499&mSelod=734535;TRUE;20121087N___cao_BVD_2012_2013.pdf;1;634006;
634;https://www.uitvoeringarbeidsvoorwaardenwetgeving.nl/mozard/!suite92.scherm1007?mObj=8500&mSelod=734535;TRUE;Werkgeversvereniging_AB_Nederland_cao_2013_2016.pdf;1;634007;
634;https://www.uitvoeringarbeidsvoorwaardenwetgeving.nl/mozard/!suite92.scherm1007?mObj=8501&mSelod=734535;TRUE;WAB_cao_Bedrijfsverzorgingsdiensten_2016_2019.pdf;1;634008;
634;https://www.uitvoeringarbeidsvoorwaardenwetgeving.nl/mozard/!suite92.scherm1007?mObj=8502&mSelod=734535;TRUE;WAB_cao_Bedrijfsverzorgingsdiensten_2016_2019_1.pdf;1;634009;
634;https://www.uitvoeringarbeidsvoorwaardenwetgeving.nl/mozard/!suite92.scherm1007?mObj=15899&mSelod=734535;TRUE;Defintieve cao Bedrijfsverzorgingsdiensten 2019-2020.pdf;1;634010;
819;https://www.uitvoeringarbeidsvoorwaardenwetgeving.nl/mozard/!suite92.scherm1007?mObj=8404&mSelod=734547;TRUE;CAO_2010___2012.pdf;1;819001;
819;https://www.uitvoeringarbeidsvoorwaardenwetgeving.nl/mozard/!suite92.scherm1007?mObj=8405&mSelod=734547;TRUE;CAO_2012___2013.pdf;1;819002;
819;https://www.uitvoeringarbeidsvoorwaardenwetgeving.nl/mozard/!suite92.scherm1007?mObj=30867&mSelod=734547;TRUE;CAO Verf-en-drukinktindustrie 2022-2023.pdf;1;819003;
819;https://www.uitvoeringarbeidsvoorwaardenwetgeving.nl/mozard/!suite92.scherm1007?mObj=37380&mSelod=734547;TRUE;CAO Verf-en-drukinktindustrie 2023-2024.pdf;1;819004;
819;https://www.uitvoeringarbeidsvoorwaardenwetgeving.nl/mozard/!suite92.scherm1007?mObj=46525&mSelod=734547;TRUE;Cao-tekst boekje - Nota van Wijzigingen_v2025 ivm overwerk.pdf;1;819005;
819;https://www.uitvoeringarbeidsvoorwaardenwetgeving.nl/mozard/!suite92.scherm1007?mObj=43583&mSelod=734547;TRUE;CAO Verf-en-drukinktindustrie 2024-2025.pdf;1;819006;
819;https://www.uitvoeringarbeidsvoorwaardenwetgeving.nl/mozard/!suite92.scherm1007?mObj=8406&mSelod=734547;TRUE;CAO_2013___2014.pdf;1;819007;
819;https://www.uitvoeringarbeidsvoorwaardenwetgeving.nl/mozard/!suite92.scherm1007?mObj=8407&mSelod=734547;TRUE;CAO_2014___2015__6.pdf;1;819008;
819;https://www.uitvoeringarbeidsvoorwaardenwetgeving.nl/mozard/!suite92.scherm1007?mObj=8408&mSelod=734547;TRUE;00_CAO_tekst_2015_2017_DEF.pdf;1;819009;
819;https://www.uitvoeringarbeidsvoorwaardenwetgeving.nl/mozard/!suite92.scherm1007?mObj=8409&mSelod=734547;TRUE;VVVF_CAO_boek_2017_2018_online.pdf;1;819010;
819;https://www.uitvoeringarbeidsvoorwaardenwetgeving.nl/mozard/!suite92.scherm1007?mObj=14224&mSelod=734547;TRUE;CAO Verf-en-drukinktindustrie 2018-2019 Bijlage bij cao-boekje.pdf .pdf;1;819011;
819;https://www.uitvoeringarbeidsvoorwaardenwetgeving.nl/mozard/!suite92.scherm1007?mObj=15453&mSelod=734547;TRUE;CAO Verf-en-drukinktindustrie 2019-2020.pdf;1;819012;
819;https://www.uitvoeringarbeidsvoorwaardenwetgeving.nl/mozard/!suite92.scherm1007?mObj=22945&mSelod=734547;TRUE;2020-2022 CAO-boekje_online.pdf;1;819013;
3324;https://www.uitvoeringarbeidsvoorwaardenwetgeving.nl/mozard/!suite92.scherm1007?mObj=11647&mSelod=734555;TRUE;getekende_CAO_2010.pdf;1;3324001;
4273;https://www.uitvoeringarbeidsvoorwaardenwetgeving.nl/mozard/!suite92.scherm1007?mObj=31689&mSelod=734559;TRUE;Cao Bestuurders Funderend Onderwijs 2022_versie 07-11-2022.pdf;1;4273001;
4273;https://www.uitvoeringarbeidsvoorwaardenwetgeving.nl/mozard/!suite92.scherm1007?mObj=41561&mSelod=734559;TRUE;cao-bestuurders-funderend-onderwijs-2023.pdf;1;4273002;
4273;https://www.uitvoeringarbeidsvoorwaardenwetgeving.nl/mozard/!suite92.scherm1007?mObj=44457&mSelod=734559;TRUE;cao-bestuurders-funderend-onderwijs-2024.pdf;1;4273003;
4273;https://www.uitvoeringarbeidsvoorwaardenwetgeving.nl/mozard/!suite92.scherm1007?mObj=50219&mSelod=734559;TRUE;20250731 CAO Bestuurders Funderend Onderwijs 2025-def.pdf;1;4273004;
3553;https://www.uitvoeringarbeidsvoorwaardenwetgeving.nl/mozard/!suite92.scherm1007?mObj=21408&mSelod=734561;TRUE;CAO-bestuurders-PO-2020_verlenging tot 01-04-2021.pdf;1;3553001;
3553;https://www.uitvoeringarbeidsvoorwaardenwetgeving.nl/mozard/!suite92.scherm1007?mObj=21056&mSelod=734561;TRUE;cao bestuurders PO 2020 getekend.pdf;1;3553002;
3553;https://www.uitvoeringarbeidsvoorwaardenwetgeving.nl/mozard/!suite92.scherm1007?mObj=834&mSelod=734561;TRUE;CAO bestuurders PO 2018-2019 vs 3 def._schoon_def.docx .pdf;1;3553003;
3553;https://www.uitvoeringarbeidsvoorwaardenwetgeving.nl/mozard/!suite92.scherm1007?mObj=14093&mSelod=734561;TRUE;Cao bestuurders PO 2018-2019 _ versie 10-04-2019_ schoon.docx .pdf;1;3553004;
3553;https://www.uitvoeringarbeidsvoorwaardenwetgeving.nl/mozard/!suite92.scherm1007?mObj=26996&mSelod=734561;TRUE;CAO-bestuurders-PO-2020_verlenging tot 31-12-2021.pdf;1;3553005;
3553;https://www.uitvoeringarbeidsvoorwaardenwetgeving.nl/mozard/!suite92.scherm1007?mObj=11857&mSelod=734561;TRUE;scan_getekende_cao_bestuurders_PO_2015versie29juni.pdf;1;3553006;
3967;https://www.uitvoeringarbeidsvoorwaardenwetgeving.nl/mozard/!suite92.scherm1007?mObj=22957&mSelod=734563;TRUE;Cao Betonpompenindustrie 2021-2022 def.pdf;1;3967001;
3967;https://www.uitvoeringarbeidsvoorwaardenwetgeving.nl/mozard/!suite92.scherm1007?mObj=23188&mSelod=734563;TRUE;Cao Betonpombedrijven 2021-2022 def na ttw.pdf;1;3967002;
3967;https://www.uitvoeringarbeidsvoorwaardenwetgeving.nl/mozard/!suite92.scherm1007?mObj=34846&mSelod=734563;TRUE;Cao Betonpompbedrijven 2023 versie 1-2-2023.pdf;1;3967003;
3967;https://www.uitvoeringarbeidsvoorwaardenwetgeving.nl/mozard/!suite92.scherm1007?mObj=30474&mSelod=734563;TRUE;Cao Betonpompbedrijven 2022 na ttw2 versie 8-7-2022.pdf;1;3967004;
3967;https://www.uitvoeringarbeidsvoorwaardenwetgeving.nl/mozard/!suite92.scherm1007?mObj=30366&mSelod=734563;TRUE;Cao Betonpompbedrijven 2022 versie 23-6-2022.pdf;1;3967005;
3967;https://www.uitvoeringarbeidsvoorwaardenwetgeving.nl/mozard/!suite92.scherm1007?mObj=30400&mSelod=734563;TRUE;Cao Betonpompbedrijven 2022 na ttw versie 28-6-2022.pdf;1;3967006;
3967;https://www.uitvoeringarbeidsvoorwaardenwetgeving.nl/mozard/!suite92.scherm1007?mObj=12314&mSelod=734563;TRUE;Tekst_cao_BBB_integraal_versie_2.pdf;1;3967007;
3967;https://www.uitvoeringarbeidsvoorwaardenwetgeving.nl/mozard/!suite92.scherm1007?mObj=12313&mSelod=734563;TRUE;Tekst_cao_BBB_vs240118_integraal.pdf;1;3967008;
3967;https://www.uitvoeringarbeidsvoorwaardenwetgeving.nl/mozard/!suite92.scherm1007?mObj=15992&mSelod=734563;TRUE;CAO BBB 2019-2020 integraal.pdf;1;3967009;
3967;https://www.uitvoeringarbeidsvoorwaardenwetgeving.nl/mozard/!suite92.scherm1007?mObj=19988&mSelod=734563;TRUE;CAO_BBB_TTW_integraal_okt20.pdf;1;3967010;
3967;https://www.uitvoeringarbeidsvoorwaardenwetgeving.nl/mozard/!suite92.scherm1007?mObj=16108&mSelod=734563;TRUE;CAO BBB 2019-2020 integraal_1.pdf;1;3967011;
463;https://www.uitvoeringarbeidsvoorwaardenwetgeving.nl/mozard/!suite92.scherm1007?mObj=8010&mSelod=734578;TRUE;Binnenscheepvaart_2013_cao_def.pdf;1;463001;
118;https://www.uitvoeringarbeidsvoorwaardenwetgeving.nl/mozard/!suite92.scherm1007?mObj=6992&mSelod=734585;TRUE;Bitumineuzen_CAO2012_def.pdf;1;118001;
118;https://www.uitvoeringarbeidsvoorwaardenwetgeving.nl/mozard/!suite92.scherm1007?mObj=6993&mSelod=734585;TRUE;nieuw_CAO2013_def.pdf;1;118002;
118;https://www.uitvoeringarbeidsvoorwaardenwetgeving.nl/mozard/!suite92.scherm1007?mObj=6995&mSelod=734585;TRUE;CAO_2014_ttw_def.pdf;1;118003;
118;https://www.uitvoeringarbeidsvoorwaardenwetgeving.nl/mozard/!suite92.scherm1007?mObj=6994&mSelod=734585;TRUE;CAO_2014_def.pdf;1;118004;
118;https://www.uitvoeringarbeidsvoorwaardenwetgeving.nl/mozard/!suite92.scherm1007?mObj=7001&mSelod=734585;TRUE;CAO_BIKUDAK_2015_2017_def_5.pdf;1;118005;
118;https://www.uitvoeringarbeidsvoorwaardenwetgeving.nl/mozard/!suite92.scherm1007?mObj=6999&mSelod=734585;TRUE;CAO_BIKUDAK_2015_2017_def.pdf;1;118006;
118;https://www.uitvoeringarbeidsvoorwaardenwetgeving.nl/mozard/!suite92.scherm1007?mObj=6997&mSelod=734585;TRUE;CAO_BIKUDAK_2015_2017_ttw_def.pdf;1;118007;
118;https://www.uitvoeringarbeidsvoorwaardenwetgeving.nl/mozard/!suite92.scherm1007?mObj=7002&mSelod=734585;TRUE;CAO_BIKUDAK_2015_2017_def_augustus_2017.pdf;1;118008;
118;https://www.uitvoeringarbeidsvoorwaardenwetgeving.nl/mozard/!suite92.scherm1007?mObj=6998&mSelod=734585;TRUE;CAO_BIKUDAK_2015_2017_def_1.pdf;1;118009;
118;https://www.uitvoeringarbeidsvoorwaardenwetgeving.nl/mozard/!suite92.scherm1007?mObj=6996&mSelod=734585;TRUE;CAO_BIKUDAK_2015_2017_def_23_5_16.pdf;1;118010;
118;https://www.uitvoeringarbeidsvoorwaardenwetgeving.nl/mozard/!suite92.scherm1007?mObj=7000&mSelod=734585;TRUE;CAO_BIKUDAK_2015_2017_def_4.pdf;1;118011;
118;https://www.uitvoeringarbeidsvoorwaardenwetgeving.nl/mozard/!suite92.scherm1007?mObj=7003&mSelod=734585;TRUE;CAO_BIKUDAK_2018_integraal.pdf;1;118012;
118;https://www.uitvoeringarbeidsvoorwaardenwetgeving.nl/mozard/!suite92.scherm1007?mObj=7005&mSelod=734585;TRUE;CAO_BIKUDAK_2018_oktober_2018_integraal.pdf;1;118013;
118;https://www.uitvoeringarbeidsvoorwaardenwetgeving.nl/mozard/!suite92.scherm1007?mObj=7004&mSelod=734585;TRUE;CAO_BIKUDAK_2018_integraal_v2.pdf;1;118014;
118;https://www.uitvoeringarbeidsvoorwaardenwetgeving.nl/mozard/!suite92.scherm1007?mObj=19168&mSelod=734585;TRUE;CAO_BIKUDAK_2019-2020_ttw_juli_2020_integraal.docx.pdf;1;118015;
118;https://www.uitvoeringarbeidsvoorwaardenwetgeving.nl/mozard/!suite92.scherm1007?mObj=15213&mSelod=734585;TRUE;CAO_BIKUDAK_2019-2020_ttw_november_2019_def.docx.pdf;1;118016;
118;https://www.uitvoeringarbeidsvoorwaardenwetgeving.nl/mozard/!suite92.scherm1007?mObj=14634&mSelod=734585;TRUE;CAO_BIKUDAK_2019-2020_integraal.docx.pdf;1;118017;
118;https://www.uitvoeringarbeidsvoorwaardenwetgeving.nl/mozard/!suite92.scherm1007?mObj=18594&mSelod=734585;TRUE;CAO_BIKUDAK_2019-2020_ttw_juli_2020_integraal.docx_1.pdf;1;118018;
118;https://www.uitvoeringarbeidsvoorwaardenwetgeving.nl/mozard/!suite92.scherm1007?mObj=22824&mSelod=734585;TRUE;CAO_BIKUDAK_2021_ttw_juni 2021_integraal.pdf;1;118019;
118;https://www.uitvoeringarbeidsvoorwaardenwetgeving.nl/mozard/!suite92.scherm1007?mObj=22728&mSelod=734585;TRUE;CAO_BIKUDAK_2021_integraal.pdf;1;118020;
118;https://www.uitvoeringarbeidsvoorwaardenwetgeving.nl/mozard/!suite92.scherm1007?mObj=30019&mSelod=734585;TRUE;CAO_BIKUDAK_2022-2023_ttw_20220602_integraal.pdf;1;118021;
118;https://www.uitvoeringarbeidsvoorwaardenwetgeving.nl/mozard/!suite92.scherm1007?mObj=29660&mSelod=734585;TRUE;CAO_BIKUDAK_2022-2023_integraal.pdf;1;118022;
118;https://www.uitvoeringarbeidsvoorwaardenwetgeving.nl/mozard/!suite92.scherm1007?mObj=31255&mSelod=734585;TRUE;CAO_BIKUDAK_2022-2023_ttw_20220915-integraal.pdf;1;118023;
118;https://www.uitvoeringarbeidsvoorwaardenwetgeving.nl/mozard/!suite92.scherm1007?mObj=37713&mSelod=734585;TRUE;CAO_BIKUDAK_2022-2023_ttw_20230718_integraal.pdf;1;118025;
118;https://www.uitvoeringarbeidsvoorwaardenwetgeving.nl/mozard/!suite92.scherm1007?mObj=34274&mSelod=734585;TRUE;CAO_BIKUDAK_2022-2023_ttw_20230126_integraal.pdf;1;118026;
118;https://www.uitvoeringarbeidsvoorwaardenwetgeving.nl/mozard/!suite92.scherm1007?mObj=42864&mSelod=734585;TRUE;CAO_BIKUDAK_2024_20240530_integraal schoon -2 def.pdf;1;118027;
118;https://www.uitvoeringarbeidsvoorwaardenwetgeving.nl/mozard/!suite92.scherm1007?mObj=42452&mSelod=734585;TRUE;CAO_BIKUDAK_2024_2024-04-15_integraal schoon.pdf;1;118028;
118;https://www.uitvoeringarbeidsvoorwaardenwetgeving.nl/mozard/!suite92.scherm1007?mObj=42981&mSelod=734585;TRUE;CAO_BIKUDAK_2024_20240530_integraal schoon -3 def.pdf;1;118029;
118;https://www.uitvoeringarbeidsvoorwaardenwetgeving.nl/mozard/!suite92.scherm1007?mObj=43354&mSelod=734585;TRUE;CAO_BIKUDAK_2024_20240715_integraal schoon-v5.pdf;1;118030;
118;https://www.uitvoeringarbeidsvoorwaardenwetgeving.nl/mozard/!suite92.scherm1007?mObj=43136&mSelod=734585;TRUE;CAO_BIKUDAK_2024_20240627_integraal schoon - vs4 def.pdf;1;118031;
118;https://www.uitvoeringarbeidsvoorwaardenwetgeving.nl/mozard/!suite92.scherm1007?mObj=43590&mSelod=734585;TRUE;CAO_BIKUDAK_2024_20240828_integraal_schoon_v6.pdf;1;118032;
118;https://www.uitvoeringarbeidsvoorwaardenwetgeving.nl/mozard/!suite92.scherm1007?mObj=47915&mSelod=734585;TRUE;CAO_BIKUDAK_2025_250424_integraal schoon.pdf;1;118033;
1841;https://www.uitvoeringarbeidsvoorwaardenwetgeving.nl/mozard/!suite92.scherm1007?mObj=9526&mSelod=734587;TRUE;CAO_Groothandel_in_Bloembollen.pdf;1;1841001;
1841;https://www.uitvoeringarbeidsvoorwaardenwetgeving.nl/mozard/!suite92.scherm1007?mObj=9528&mSelod=734587;TRUE;cao_Groothandel_in_Bloembollen_2016_2018.pdf;1;1841002;
1841;https://www.uitvoeringarbeidsvoorwaardenwetgeving.nl/mozard/!suite92.scherm1007?mObj=9530&mSelod=734587;TRUE;Cao_Groothandel_in_Bloembollen_incl_ttw_1_jan_2018.pdf;1;1841003;
1841;https://www.uitvoeringarbeidsvoorwaardenwetgeving.nl/mozard/!suite92.scherm1007?mObj=16554&mSelod=734587;TRUE;integrale Cao Bloembollen Groothandel 2018-2021 incl 3e ttw per 1-1-2020.docx.pdf;1;1841004;
1841;https://www.uitvoeringarbeidsvoorwaardenwetgeving.nl/mozard/!suite92.scherm1007?mObj=9532&mSelod=734587;TRUE;Cao_BBGH_sept_2018.pdf;1;1841005;
1841;https://www.uitvoeringarbeidsvoorwaardenwetgeving.nl/mozard/!suite92.scherm1007?mObj=13878&mSelod=734587;TRUE;Integrale Cao Bloembollen Groothandel 2018-2021.docx .pdf;1;1841006;
1841;https://www.uitvoeringarbeidsvoorwaardenwetgeving.nl/mozard/!suite92.scherm1007?mObj=18366&mSelod=734587;TRUE;integrale Cao Bloembollen Groothandel 2018-2021 incl 4e ttw per 1-1-2020.docx.pdf;1;1841007;
1841;https://www.uitvoeringarbeidsvoorwaardenwetgeving.nl/mozard/!suite92.scherm1007?mObj=23313&mSelod=734587;TRUE;Cao Bloembollengroothandel 2021-2023 1e TTW.pdf;1;1841008;
1841;https://www.uitvoeringarbeidsvoorwaardenwetgeving.nl/mozard/!suite92.scherm1007?mObj=23200&mSelod=734587;TRUE;Cao Bloembollengroothandel 2021-2023 integraal.pdf;1;1841009;
1841;https://www.uitvoeringarbeidsvoorwaardenwetgeving.nl/mozard/!suite92.scherm1007?mObj=40498&mSelod=734587;TRUE;Integrale tekst cao Groothandel in Bloembollen 1 juli 2023 tm 30 juni 2024 incl. 2e TTW per 1 januari 2024 (2311-0900).pdf;1;1841010;
1841;https://www.uitvoeringarbeidsvoorwaardenwetgeving.nl/mozard/!suite92.scherm1007?mObj=37708&mSelod=734587;TRUE;Cao Groothandel in Bloembollen 1 juli 2023 tm 30 juni 2024.pdf;1;1841011;
1841;https://www.uitvoeringarbeidsvoorwaardenwetgeving.nl/mozard/!suite92.scherm1007?mObj=38310&mSelod=734587;TRUE;Cao Groothandel in Bloembollen 1 juli 2023 tm 30 juni 2024 incl. 1e TTW per 1 juli 2023.pdf;1;1841012;
1841;https://www.uitvoeringarbeidsvoorwaardenwetgeving.nl/mozard/!suite92.scherm1007?mObj=45450&mSelod=734587;TRUE;Eindtekst cao Groothandel in Bloembollen 1 juli 2024 tm 31 december 2025.pdf;1;1841013;
187;https://www.uitvoeringarbeidsvoorwaardenwetgeving.nl/mozard/!suite92.scherm1007?mObj=7229&mSelod=734619;TRUE;cao_en_wijz_tbv_avv.pdf;1;187001;
187;https://www.uitvoeringarbeidsvoorwaardenwetgeving.nl/mozard/!suite92.scherm1007?mObj=7228&mSelod=734619;TRUE;Bos_en_Natuur__raam_cao_2011_SZW__28_7_2011.pdf;1;187002;
187;https://www.uitvoeringarbeidsvoorwaardenwetgeving.nl/mozard/!suite92.scherm1007?mObj=7230&mSelod=734619;TRUE;Bos_en_Natuur_raam_cao_2012.pdf;1;187003;
187;https://www.uitvoeringarbeidsvoorwaardenwetgeving.nl/mozard/!suite92.scherm1007?mObj=7231&mSelod=734619;TRUE;Bos_en_Natuur_raam_cao_2013.pdf;1;187004;
187;https://www.uitvoeringarbeidsvoorwaardenwetgeving.nl/mozard/!suite92.scherm1007?mObj=7232&mSelod=734619;TRUE;Bos_en_Natuur_raamcao_2014.pdf;1;187005;
187;https://www.uitvoeringarbeidsvoorwaardenwetgeving.nl/mozard/!suite92.scherm1007?mObj=7233&mSelod=734619;TRUE;Bos_en_Natuur_raamcao_2015.pdf;1;187006;
187;https://www.uitvoeringarbeidsvoorwaardenwetgeving.nl/mozard/!suite92.scherm1007?mObj=7234&mSelod=734619;TRUE;Bos_en_Natuur_raam_cao_2016___AD_OBB_OLS_ONM_T2000.pdf;1;187007;
187;https://www.uitvoeringarbeidsvoorwaardenwetgeving.nl/mozard/!suite92.scherm1007?mObj=15535&mSelod=734619;TRUE;cao bos en natuur 2017-2018.pdf;1;187008;
187;https://www.uitvoeringarbeidsvoorwaardenwetgeving.nl/mozard/!suite92.scherm1007?mObj=15787&mSelod=734619;TRUE;Raam CAO Bos en natuur.pdf;1;187009;
187;https://www.uitvoeringarbeidsvoorwaardenwetgeving.nl/mozard/!suite92.scherm1007?mObj=30814&mSelod=734619;TRUE;cao Bos en Natuur met looptijd 1 juli 2021 tot en met 30 juni 2023.pdf;1;187010;
187;https://www.uitvoeringarbeidsvoorwaardenwetgeving.nl/mozard/!suite92.scherm1007?mObj=42049&mSelod=734619;TRUE;Bos en Natuur 2023 - 2024.pdf;1;187011;
1630;https://www.uitvoeringarbeidsvoorwaardenwetgeving.nl/mozard/!suite92.scherm1007?mObj=15223&mSelod=734631;TRUE;cao tekst.pdf;1;1630001;
1630;https://www.uitvoeringarbeidsvoorwaardenwetgeving.nl/mozard/!suite92.scherm1007?mObj=26481&mSelod=734631;TRUE;Cao Gemeenten 2021 - 2022_voor SZW def.pdf;1;1630002;
1630;https://www.uitvoeringarbeidsvoorwaardenwetgeving.nl/mozard/!suite92.scherm1007?mObj=31868&mSelod=734631;TRUE;Cao Gemeenten 2021 - 2022_voor SZW-tussentijds gewijzigd.pdf;1;1630003;
1630;https://www.uitvoeringarbeidsvoorwaardenwetgeving.nl/mozard/!suite92.scherm1007?mObj=41760&mSelod=734631;TRUE;Cao Gemeenten 2024_2025 voor SZW.pdf;1;1630004;
1630;https://www.uitvoeringarbeidsvoorwaardenwetgeving.nl/mozard/!suite92.scherm1007?mObj=49102&mSelod=734631;TRUE;20250630 Tekst cao gemeenten 2025-2027 voor SZW.pdf;1;1630005;
1630;https://www.uitvoeringarbeidsvoorwaardenwetgeving.nl/mozard/!suite92.scherm1007?mObj=36827&mSelod=734631;TRUE;Cao Gemeenten 2023 voor SZW.pdf;1;1630006;
4091;https://www.uitvoeringarbeidsvoorwaardenwetgeving.nl/mozard/!suite92.scherm1007?mObj=15470&mSelod=734633;TRUE;Cao SGO 2020 aanmelding SZW.pdf;1;4091001;
4091;https://www.uitvoeringarbeidsvoorwaardenwetgeving.nl/mozard/!suite92.scherm1007?mObj=26540&mSelod=734633;TRUE;Cao SGO 2021-2022 voor SZW.pdf;1;4091002;
4091;https://www.uitvoeringarbeidsvoorwaardenwetgeving.nl/mozard/!suite92.scherm1007?mObj=31869&mSelod=734633;TRUE;cao sgo 2021-2022 tussentijds gewijzigd.pdf;1;4091003;
4091;https://www.uitvoeringarbeidsvoorwaardenwetgeving.nl/mozard/!suite92.scherm1007?mObj=41758&mSelod=734633;TRUE;Cao SGO 2024_2025 voor SZW.pdf;1;4091004;
4091;https://www.uitvoeringarbeidsvoorwaardenwetgeving.nl/mozard/!suite92.scherm1007?mObj=49072&mSelod=734633;TRUE;20250702 Tekst cao sgo 2025-2027 voor SZW.pdf;1;4091005;
4091;https://www.uitvoeringarbeidsvoorwaardenwetgeving.nl/mozard/!suite92.scherm1007?mObj=36884&mSelod=734633;TRUE;Cao SGO 2023 voor SZW.pdf;1;4091006;
4056;https://www.uitvoeringarbeidsvoorwaardenwetgeving.nl/mozard/!suite92.scherm1007?mObj=22695&mSelod=734639;TRUE;cao breedband en telecommunicatie 2020 - getekend.pdf;1;4056001;
4056;https://www.uitvoeringarbeidsvoorwaardenwetgeving.nl/mozard/!suite92.scherm1007?mObj=22694&mSelod=734639;TRUE;Cao breedband en telecommunicatie 2021 - getekend.pdf;1;4056002;
4056;https://www.uitvoeringarbeidsvoorwaardenwetgeving.nl/mozard/!suite92.scherm1007?mObj=34244&mSelod=734639;TRUE;Cao breedband en telecommunicatie 2023 - getekend.pdf;1;4056003;
4056;https://www.uitvoeringarbeidsvoorwaardenwetgeving.nl/mozard/!suite92.scherm1007?mObj=51263&mSelod=734639;TRUE;cao breedband en telecommunicatie 20225-2027 v6 DEF.pdf;1;4056004;
4056;https://www.uitvoeringarbeidsvoorwaardenwetgeving.nl/mozard/!suite92.scherm1007?mObj=14142&mSelod=734639;TRUE;Cao Breedband en Telecommunicatie 2018-2019 - getekend.pdf .pdf;1;4056005;
3557;https://www.uitvoeringarbeidsvoorwaardenwetgeving.nl/mozard/!suite92.scherm1007?mObj=11867&mSelod=734848;TRUE;ContinuFlex_cao_versie__2013__2017_versie_sep_2013.pdf;1;3557001;
3557;https://www.uitvoeringarbeidsvoorwaardenwetgeving.nl/mozard/!suite92.scherm1007?mObj=11866&mSelod=734848;TRUE;ContinuFlex_cao_versie__2013__2017.pdf;1;3557002;
3557;https://www.uitvoeringarbeidsvoorwaardenwetgeving.nl/mozard/!suite92.scherm1007?mObj=11868&mSelod=734848;TRUE;ContinuFlex_cao_versie__2013__2017_versie_okt_2013.pdf;1;3557003;
630;https://www.uitvoeringarbeidsvoorwaardenwetgeving.nl/mozard/!suite92.scherm1007?mObj=8467&mSelod=734852;TRUE;contractspelers_2010_2014.pdf;1;630001;
630;https://www.uitvoeringarbeidsvoorwaardenwetgeving.nl/mozard/!suite92.scherm1007?mObj=8468&mSelod=734852;TRUE;CAO_contractspelers_seizoen_2014_2018.pdf;1;630002;
630;https://www.uitvoeringarbeidsvoorwaardenwetgeving.nl/mozard/!suite92.scherm1007?mObj=8469&mSelod=734852;TRUE;CAO_Contractspelers_Betaald_Voetbal_2017_2021_def.pdf;1;630003;
630;https://www.uitvoeringarbeidsvoorwaardenwetgeving.nl/mozard/!suite92.scherm1007?mObj=17386&mSelod=734852;TRUE;CAO Contractspelers Betaald Voetbal 2020-2023 def.docx.pdf;1;630004;
630;https://www.uitvoeringarbeidsvoorwaardenwetgeving.nl/mozard/!suite92.scherm1007?mObj=38487&mSelod=734852;TRUE;CAO Contractspelers 2023-2027 (DEF) NL.pdf;1;630005;
391;https://www.uitvoeringarbeidsvoorwaardenwetgeving.nl/mozard/!suite92.scherm1007?mObj=7846&mSelod=734870;TRUE;AWVN__477971_v4_CAO_Crematoria_2011_2012.pdf;1;391001;
391;https://www.uitvoeringarbeidsvoorwaardenwetgeving.nl/mozard/!suite92.scherm1007?mObj=7847&mSelod=734870;TRUE;Crematoria_cao_2013_2014.pdf;1;391002;
2746;https://www.uitvoeringarbeidsvoorwaardenwetgeving.nl/mozard/!suite92.scherm1007?mObj=10324&mSelod=734900;TRUE;20110420_cao_leisure_1_0_tekenversie.pdf;1;2746001;
2746;https://www.uitvoeringarbeidsvoorwaardenwetgeving.nl/mozard/!suite92.scherm1007?mObj=10325&mSelod=734900;TRUE;20130702_cao_leisure_2013_2014_def.pdf;1;2746002;
2746;https://www.uitvoeringarbeidsvoorwaardenwetgeving.nl/mozard/!suite92.scherm1007?mObj=10326&mSelod=734900;TRUE;20130702_cao_leisure_2013_2014_nwe_bijl_I.pdf;1;2746003;
2746;https://www.uitvoeringarbeidsvoorwaardenwetgeving.nl/mozard/!suite92.scherm1007?mObj=741&mSelod=734900;TRUE;Dagattractiebedrijf CAO 010119 tot 011119.pdf .pdf;1;2746004;
2746;https://www.uitvoeringarbeidsvoorwaardenwetgeving.nl/mozard/!suite92.scherm1007?mObj=10328&mSelod=734900;TRUE;Leisure_CAO_2016_2018_def.pdf;1;2746005;
2746;https://www.uitvoeringarbeidsvoorwaardenwetgeving.nl/mozard/!suite92.scherm1007?mObj=10327&mSelod=734900;TRUE;20141231_cao_leisure_2015_2016_versie_1_0.pdf;1;2746006;
249;https://www.uitvoeringarbeidsvoorwaardenwetgeving.nl/mozard/!suite92.scherm1007?mObj=7370&mSelod=734902;TRUE;CAO_DJ_2011_2012__definitief_.pdf;1;249001;
249;https://www.uitvoeringarbeidsvoorwaardenwetgeving.nl/mozard/!suite92.scherm1007?mObj=7371&mSelod=734902;TRUE;CAO_DJ_2013___v1_21__opgemaakt.pdf;1;249002;
249;https://www.uitvoeringarbeidsvoorwaardenwetgeving.nl/mozard/!suite92.scherm1007?mObj=7372&mSelod=734902;TRUE;CAO_DJ_2014.pdf;1;249003;
3203;https://www.uitvoeringarbeidsvoorwaardenwetgeving.nl/mozard/!suite92.scherm1007?mObj=11212&mSelod=734904;TRUE;Doorlopende_tekst_CAO_DU_2013__1_1__geschoond.pdf;1;3203001;
3203;https://www.uitvoeringarbeidsvoorwaardenwetgeving.nl/mozard/!suite92.scherm1007?mObj=11213&mSelod=734904;TRUE;CAO_DU_2014.pdf;1;3203002;
3203;https://www.uitvoeringarbeidsvoorwaardenwetgeving.nl/mozard/!suite92.scherm1007?mObj=11211&mSelod=734904;TRUE;CAO voor het Dagbladuitgeverijbedrijf 2010-2011.pdf;1;3203003;
2451;https://www.uitvoeringarbeidsvoorwaardenwetgeving.nl/mozard/!suite92.scherm1007?mObj=10694&mSelod=734906;TRUE;CAO_Dagrecreatie_01_jan__2015_30_juni_2016.pdf;1;2451001;
2451;https://www.uitvoeringarbeidsvoorwaardenwetgeving.nl/mozard/!suite92.scherm1007?mObj=14803&mSelod=734906;TRUE;cao dagrecreatie 1 januari 2019 - 31 december 2020, definitief.docx.pdf;1;2451002;
2451;https://www.uitvoeringarbeidsvoorwaardenwetgeving.nl/mozard/!suite92.scherm1007?mObj=22539&mSelod=734906;TRUE;cao dagrecreatie 1 januari 2021 - 31 december 2021 definitief.pdf;1;2451003;
2451;https://www.uitvoeringarbeidsvoorwaardenwetgeving.nl/mozard/!suite92.scherm1007?mObj=29263&mSelod=734906;TRUE;cao dagrecreatie 1 januari 2022 - 31 december 2022, definitief 08042022.pdf;1;2451004;
2451;https://www.uitvoeringarbeidsvoorwaardenwetgeving.nl/mozard/!suite92.scherm1007?mObj=31958&mSelod=734906;TRUE;cao dagrecreatie 1 januari 2023 - 31 december 2023, definitief.pdf;1;2451005;
2451;https://www.uitvoeringarbeidsvoorwaardenwetgeving.nl/mozard/!suite92.scherm1007?mObj=42689&mSelod=734906;TRUE;cao dagrecreatie 1 januari 2024 - 31 december 2024, definitief 25042024.pdf;1;2451006;
2451;https://www.uitvoeringarbeidsvoorwaardenwetgeving.nl/mozard/!suite92.scherm1007?mObj=47758&mSelod=734906;TRUE;cao dagrecreatie 1 januari 2025 - 31 december 2025 definitief 11042025.pdf;1;2451007;
2451;https://www.uitvoeringarbeidsvoorwaardenwetgeving.nl/mozard/!suite92.scherm1007?mObj=46194&mSelod=734906;TRUE;cao dagrecreatie 1 januari 2025 - 31 december 2025 definitief 02122024.pdf;1;2451008;
2451;https://www.uitvoeringarbeidsvoorwaardenwetgeving.nl/mozard/!suite92.scherm1007?mObj=10693&mSelod=734906;TRUE;CAO_Dagrecreatie_2013_2015.pdf;1;2451009;
2451;https://www.uitvoeringarbeidsvoorwaardenwetgeving.nl/mozard/!suite92.scherm1007?mObj=10697&mSelod=734906;TRUE;cao_2016_2017_definitief_3_0.pdf;1;2451010;
2451;https://www.uitvoeringarbeidsvoorwaardenwetgeving.nl/mozard/!suite92.scherm1007?mObj=10696&mSelod=734906;TRUE;cao_2016_2017_definitief_2_0.pdf;1;2451011;
2451;https://www.uitvoeringarbeidsvoorwaardenwetgeving.nl/mozard/!suite92.scherm1007?mObj=10695&mSelod=734906;TRUE;cao_2016_2017_definitief.pdf;1;2451012;
2451;https://www.uitvoeringarbeidsvoorwaardenwetgeving.nl/mozard/!suite92.scherm1007?mObj=10698&mSelod=734906;TRUE;cao_definitief.pdf;1;2451013;
2451;https://www.uitvoeringarbeidsvoorwaardenwetgeving.nl/mozard/!suite92.scherm1007?mObj=10699&mSelod=734906;TRUE;cao_definitief_sept_2017.pdf;1;2451014;
1629;https://www.uitvoeringarbeidsvoorwaardenwetgeving.nl/mozard/!suite92.scherm1007?mObj=9769&mSelod=734960;TRUE;zwart CAO NPMB-VMN 2009-2011.pdf;1;1629001;
1629;https://www.uitvoeringarbeidsvoorwaardenwetgeving.nl/mozard/!suite92.scherm1007?mObj=9770&mSelod=734960;TRUE;CAO_NPMB_VMN_2011_2013_zwart.pdf;1;1629002;
1629;https://www.uitvoeringarbeidsvoorwaardenwetgeving.nl/mozard/!suite92.scherm1007?mObj=9771&mSelod=734960;TRUE;CAO_Muzieksinstrument__met_wijz_.pdf;1;1629003;
1629;https://www.uitvoeringarbeidsvoorwaardenwetgeving.nl/mozard/!suite92.scherm1007?mObj=9774&mSelod=734960;TRUE;CAO_NPMB_VMN_2016_2017_definitief.pdf;1;1629004;
1629;https://www.uitvoeringarbeidsvoorwaardenwetgeving.nl/mozard/!suite92.scherm1007?mObj=9772&mSelod=734960;TRUE;SBD_CAO_NPMB_VMN_2013_2015_def_voor_opmaak.pdf;1;1629005;
1629;https://www.uitvoeringarbeidsvoorwaardenwetgeving.nl/mozard/!suite92.scherm1007?mObj=9773&mSelod=734960;TRUE;CAO_NPMB_VMN_2015_2016_.pdf;1;1629006;
1462;https://www.uitvoeringarbeidsvoorwaardenwetgeving.nl/mozard/!suite92.scherm1007?mObj=9254&mSelod=734974;TRUE;zwart CAO-DIBEVO 2009-2011.pdf;1;1462001;
1462;https://www.uitvoeringarbeidsvoorwaardenwetgeving.nl/mozard/!suite92.scherm1007?mObj=47006&mSelod=734974;TRUE;Cao Dibevo NPMB-VMN 250225.pdf;1;1462002;
1462;https://www.uitvoeringarbeidsvoorwaardenwetgeving.nl/mozard/!suite92.scherm1007?mObj=9255&mSelod=734974;TRUE;CAO_DIBEVO_2011_2013_zwart.pdf;1;1462003;
1462;https://www.uitvoeringarbeidsvoorwaardenwetgeving.nl/mozard/!suite92.scherm1007?mObj=28098&mSelod=734974;TRUE;CAO Dibevo NPMB-VMN 2022 - 2023.pdf;1;1462004;
1462;https://www.uitvoeringarbeidsvoorwaardenwetgeving.nl/mozard/!suite92.scherm1007?mObj=29294&mSelod=734974;TRUE;CAO Dibevo NPMB-VMN 2022 - 2023 ttw Apr20.pdf;1;1462005;
1462;https://www.uitvoeringarbeidsvoorwaardenwetgeving.nl/mozard/!suite92.scherm1007?mObj=38131&mSelod=734974;TRUE;CAO Dibevo NPMB-VMN 2023 - 2024 ttw 9 aug.pdf;1;1462006;
1462;https://www.uitvoeringarbeidsvoorwaardenwetgeving.nl/mozard/!suite92.scherm1007?mObj=38252&mSelod=734974;TRUE;CAO Dibevo NPMB-VMN 2023 - 2024 ttw 14 aug.pdf;1;1462007;
1462;https://www.uitvoeringarbeidsvoorwaardenwetgeving.nl/mozard/!suite92.scherm1007?mObj=37858&mSelod=734974;TRUE;CAO Dibevo NPMB-VMN 2023 - 2024.pdf;1;1462008;
1462;https://www.uitvoeringarbeidsvoorwaardenwetgeving.nl/mozard/!suite92.scherm1007?mObj=43339&mSelod=734974;TRUE;CAO Dibevo NPMB-VMN 2024.pdf;1;1462009;
1462;https://www.uitvoeringarbeidsvoorwaardenwetgeving.nl/mozard/!suite92.scherm1007?mObj=9259&mSelod=734974;TRUE;CAO_Dibevo_2016_2017_definitief_ttw_mei17_.pdf;1;1462010;
1462;https://www.uitvoeringarbeidsvoorwaardenwetgeving.nl/mozard/!suite92.scherm1007?mObj=9258&mSelod=734974;TRUE;CAO_Dibevo_2016_2017_definitief.pdf;1;1462011;
1462;https://www.uitvoeringarbeidsvoorwaardenwetgeving.nl/mozard/!suite92.scherm1007?mObj=9260&mSelod=734974;TRUE;CAO_Dibevo_NPMB_VMN_2017_2019.pdf;1;1462012;
1462;https://www.uitvoeringarbeidsvoorwaardenwetgeving.nl/mozard/!suite92.scherm1007?mObj=9261&mSelod=734974;TRUE;CAO_Dibevo_NPMB_VMN_2017_2019_ttw.pdf;1;1462013;
1462;https://www.uitvoeringarbeidsvoorwaardenwetgeving.nl/mozard/!suite92.scherm1007?mObj=15624&mSelod=734974;TRUE;CAO Dibevo NPMB-VMN 2019 - 2021 ttw2.pdf;1;1462014;
1462;https://www.uitvoeringarbeidsvoorwaardenwetgeving.nl/mozard/!suite92.scherm1007?mObj=15104&mSelod=734974;TRUE;CAO Dibevo NPMB-VMN 2019 - 2021 .pdf;1;1462015;
1462;https://www.uitvoeringarbeidsvoorwaardenwetgeving.nl/mozard/!suite92.scherm1007?mObj=22648&mSelod=734974;TRUE;CAO Dibevo NPMB-VMN 2021 - 2022.pdf;1;1462016;
1462;https://www.uitvoeringarbeidsvoorwaardenwetgeving.nl/mozard/!suite92.scherm1007?mObj=9256&mSelod=734974;TRUE;SBD_CAO_Dibevo_2013_2015_def_voor_opmaak.pdf;1;1462017;
1462;https://www.uitvoeringarbeidsvoorwaardenwetgeving.nl/mozard/!suite92.scherm1007?mObj=9257&mSelod=734974;TRUE;CAO_Dibevo_2015_2016_zwarte_tekst.pdf;1;1462018;
2674;https://www.uitvoeringarbeidsvoorwaardenwetgeving.nl/mozard/!suite92.scherm1007?mObj=10858&mSelod=734978;TRUE;Cao_Dierenartspraktijk_2012_zwart.pdf;1;2674001;
2674;https://www.uitvoeringarbeidsvoorwaardenwetgeving.nl/mozard/!suite92.scherm1007?mObj=10859&mSelod=734978;TRUE;Cao_Dierenartspraktijk_2012_zwart_1.pdf;1;2674002;
2674;https://www.uitvoeringarbeidsvoorwaardenwetgeving.nl/mozard/!suite92.scherm1007?mObj=10860&mSelod=734978;TRUE;aanmeldtekst_Cao_Dierenartspraktijk_2013_zwart.pdf;1;2674003;
2674;https://www.uitvoeringarbeidsvoorwaardenwetgeving.nl/mozard/!suite92.scherm1007?mObj=10861&mSelod=734978;TRUE;aanmeldtekst_II_Cao_Dierenartspraktijk_2013_zwart.pdf;1;2674004;
2674;https://www.uitvoeringarbeidsvoorwaardenwetgeving.nl/mozard/!suite92.scherm1007?mObj=10862&mSelod=734978;TRUE;aanmeldtekst_2014_SZW_zwart.pdf;1;2674005;
2674;https://www.uitvoeringarbeidsvoorwaardenwetgeving.nl/mozard/!suite92.scherm1007?mObj=10865&mSelod=734978;TRUE;definitief_aanmeldtekst_2015_zwart_versie_iii.pdf;1;2674006;
2674;https://www.uitvoeringarbeidsvoorwaardenwetgeving.nl/mozard/!suite92.scherm1007?mObj=10864&mSelod=734978;TRUE;aanmeldtekst_2015_zwart_versie_ii.pdf;1;2674007;
2674;https://www.uitvoeringarbeidsvoorwaardenwetgeving.nl/mozard/!suite92.scherm1007?mObj=10863&mSelod=734978;TRUE;definitief_aanmeldtekst_2015_zwart.pdf;1;2674008;
2674;https://www.uitvoeringarbeidsvoorwaardenwetgeving.nl/mozard/!suite92.scherm1007?mObj=10629&mSelod=734978;TRUE;ttw_aanmelding_dierenartsassistenten_zwart.pdf;1;2674009;
2674;https://www.uitvoeringarbeidsvoorwaardenwetgeving.nl/mozard/!suite92.scherm1007?mObj=10628&mSelod=734978;TRUE;cao_Dierenartspraktijken_2016_2017_Assistenten.pdf;1;2674010;
2674;https://www.uitvoeringarbeidsvoorwaardenwetgeving.nl/mozard/!suite92.scherm1007?mObj=10630&mSelod=734978;TRUE;cao_Dierenartspraktijken__assistenten__2018_2019.pdf;1;2674011;
2674;https://www.uitvoeringarbeidsvoorwaardenwetgeving.nl/mozard/!suite92.scherm1007?mObj=15674&mSelod=734978;TRUE;Dierenartsassistenten 2020.pdf;1;2674012;
3817;https://www.uitvoeringarbeidsvoorwaardenwetgeving.nl/mozard/!suite92.scherm1007?mObj=12559&mSelod=734980;TRUE;cao_Dierenartspraktijken__dierenartsen_v2_.pdf;1;3817001;
3817;https://www.uitvoeringarbeidsvoorwaardenwetgeving.nl/mozard/!suite92.scherm1007?mObj=12560&mSelod=734980;TRUE;cao_Dierenartspraktijken_2017__dierenartsen__zwart.pdf;1;3817002;
3817;https://www.uitvoeringarbeidsvoorwaardenwetgeving.nl/mozard/!suite92.scherm1007?mObj=12561&mSelod=734980;TRUE;cao_dierenartsen_2018_.pdf;1;3817003;
3817;https://www.uitvoeringarbeidsvoorwaardenwetgeving.nl/mozard/!suite92.scherm1007?mObj=921&mSelod=734980;TRUE;dierenartsen in loondienst 2019.pdf .pdf;1;3817004;
3817;https://www.uitvoeringarbeidsvoorwaardenwetgeving.nl/mozard/!suite92.scherm1007?mObj=15623&mSelod=734980;TRUE;dierenartsen in loondienst 2020.docx.pdf;1;3817005;
3972;https://www.uitvoeringarbeidsvoorwaardenwetgeving.nl/mozard/!suite92.scherm1007?mObj=29292&mSelod=734998;TRUE;Dierentuin CAO 1-1-2022 t-m 31-12-2023.pdf;1;3972001;
3972;https://www.uitvoeringarbeidsvoorwaardenwetgeving.nl/mozard/!suite92.scherm1007?mObj=38879&mSelod=734998;TRUE;CAO Dierentuin 2022-2023 met wijzigingen niet zichtbaar.pdf;1;3972002;
3972;https://www.uitvoeringarbeidsvoorwaardenwetgeving.nl/mozard/!suite92.scherm1007?mObj=40350&mSelod=734998;TRUE;CAO Dierentuin 2024.pdf;1;3972003;
3972;https://www.uitvoeringarbeidsvoorwaardenwetgeving.nl/mozard/!suite92.scherm1007?mObj=46012&mSelod=734998;TRUE;20250108 Dierentuin cao 2025-2026 (schone tekst).pdf;1;3972004;
3972;https://www.uitvoeringarbeidsvoorwaardenwetgeving.nl/mozard/!suite92.scherm1007?mObj=22834&mSelod=734998;TRUE;Defintieve tekst Dierentuin CAO voorheen Leisure CAO 010821 tot 010122.pdf;1;3972005;
3972;https://www.uitvoeringarbeidsvoorwaardenwetgeving.nl/mozard/!suite92.scherm1007?mObj=12320&mSelod=734998;TRUE;Leisure_CAO_2016_2018_NW.pdf;1;3972006;
3972;https://www.uitvoeringarbeidsvoorwaardenwetgeving.nl/mozard/!suite92.scherm1007?mObj=17786&mSelod=734998;TRUE;Defintieve tekst Leisure CAO 011119 tot 011120.pdf;1;3972007;
3972;https://www.uitvoeringarbeidsvoorwaardenwetgeving.nl/mozard/!suite92.scherm1007?mObj=20659&mSelod=734998;TRUE;Defintieve tekst Leisure CAO 011120 tot 010821.pdf;1;3972008;
190;https://www.uitvoeringarbeidsvoorwaardenwetgeving.nl/mozard/!suite92.scherm1007?mObj=7237&mSelod=735053;TRUE;Drankindustrie_cao_2012_definitieve_versie.pdf;1;190001;
190;https://www.uitvoeringarbeidsvoorwaardenwetgeving.nl/mozard/!suite92.scherm1007?mObj=7238&mSelod=735053;TRUE;CAO_Drankindustrie_2013_definitief.pdf;1;190002;
190;https://www.uitvoeringarbeidsvoorwaardenwetgeving.nl/mozard/!suite92.scherm1007?mObj=7239&mSelod=735053;TRUE;Drankindustrie_cao_tekst_2014.pdf;1;190003;
190;https://www.uitvoeringarbeidsvoorwaardenwetgeving.nl/mozard/!suite92.scherm1007?mObj=7240&mSelod=735053;TRUE;Drankindustrie_cao_2015_definitief.pdf;1;190004;
190;https://www.uitvoeringarbeidsvoorwaardenwetgeving.nl/mozard/!suite92.scherm1007?mObj=7241&mSelod=735053;TRUE;Drankindustrie_cao_2015_definitief_1.pdf;1;190005;
190;https://www.uitvoeringarbeidsvoorwaardenwetgeving.nl/mozard/!suite92.scherm1007?mObj=7242&mSelod=735053;TRUE;cao_ttw_2015_drankindustrie_Def.pdf;1;190006;
190;https://www.uitvoeringarbeidsvoorwaardenwetgeving.nl/mozard/!suite92.scherm1007?mObj=7243&mSelod=735053;TRUE;Drankindustrie_cao_2016_2017_Def.pdf;1;190007;
190;https://www.uitvoeringarbeidsvoorwaardenwetgeving.nl/mozard/!suite92.scherm1007?mObj=7244&mSelod=735053;TRUE;Drankindustrie_cao_2016_2017_Def_23_juni_2016.pdf;1;190008;
190;https://www.uitvoeringarbeidsvoorwaardenwetgeving.nl/mozard/!suite92.scherm1007?mObj=15856&mSelod=735053;TRUE;Drankindustrie 2019-2021 .docx.pdf;1;190009;
190;https://www.uitvoeringarbeidsvoorwaardenwetgeving.nl/mozard/!suite92.scherm1007?mObj=31730&mSelod=735053;TRUE;Cao 2022 drankindustrie definitief.pdf;1;190010;
190;https://www.uitvoeringarbeidsvoorwaardenwetgeving.nl/mozard/!suite92.scherm1007?mObj=37125&mSelod=735053;TRUE;drankindustrie 2023 def.pdf;1;190011;
190;https://www.uitvoeringarbeidsvoorwaardenwetgeving.nl/mozard/!suite92.scherm1007?mObj=38734&mSelod=735053;TRUE;Drankenindustrie cao 2023 ttw.pdf;1;190012;
190;https://www.uitvoeringarbeidsvoorwaardenwetgeving.nl/mozard/!suite92.scherm1007?mObj=42766&mSelod=735053;TRUE;cao 2024-2025 16-5-2024.pdf;1;190013;
190;https://www.uitvoeringarbeidsvoorwaardenwetgeving.nl/mozard/!suite92.scherm1007?mObj=7235&mSelod=735053;TRUE;Drankindustrie_Def_CAO_2010-2011.pdf;1;190014;
190;https://www.uitvoeringarbeidsvoorwaardenwetgeving.nl/mozard/!suite92.scherm1007?mObj=7236&mSelod=735053;TRUE;AWVN_Definitieve_Dranken_CAO_2011.pdf;1;190015;
4236;https://www.uitvoeringarbeidsvoorwaardenwetgeving.nl/mozard/!suite92.scherm1007?mObj=48083&mSelod=735115;TRUE;cao E-commerce Nederland 2025.pdf;1;4236001;
4236;https://www.uitvoeringarbeidsvoorwaardenwetgeving.nl/mozard/!suite92.scherm1007?mObj=24572&mSelod=735115;TRUE;2021 12 10 cao E-commerce Nederland inlcuis werkingssfeer incluis salaristabel.d.pdf;1;4236002;
4236;https://www.uitvoeringarbeidsvoorwaardenwetgeving.nl/mozard/!suite92.scherm1007?mObj=26480&mSelod=735115;TRUE;20220126 cao E-commerce Nederland v2.pdf;1;4236003;
1608;https://www.uitvoeringarbeidsvoorwaardenwetgeving.nl/mozard/!suite92.scherm1007?mObj=9734&mSelod=735137;TRUE;20171122_tekst_arbeidsvoorwaarden.pdf;1;1608001;
1608;https://www.uitvoeringarbeidsvoorwaardenwetgeving.nl/mozard/!suite92.scherm1007?mObj=9733&mSelod=735137;TRUE;20170515_CAO_groothandel_eieren_eiproducten.pdf;1;1608002;
1608;https://www.uitvoeringarbeidsvoorwaardenwetgeving.nl/mozard/!suite92.scherm1007?mObj=22033&mSelod=735137;TRUE;20201124 tekst arbeidsvoorwaarden def.doc.pdf;1;1608003;
1608;https://www.uitvoeringarbeidsvoorwaardenwetgeving.nl/mozard/!suite92.scherm1007?mObj=33345&mSelod=735137;TRUE;20230104 tekst arbeidsvoorwaarden def.pdf;1;1608004;
1608;https://www.uitvoeringarbeidsvoorwaardenwetgeving.nl/mozard/!suite92.scherm1007?mObj=37564&mSelod=735137;TRUE;20230209 tekst arbeidsvoorwaarden def_ AANGEPAST.doc.pdf;1;1608005;
1608;https://www.uitvoeringarbeidsvoorwaardenwetgeving.nl/mozard/!suite92.scherm1007?mObj=41291&mSelod=735137;TRUE;20231212 tekst arbeidsvoorwaarden definitief.pdf;1;1608006;
1608;https://www.uitvoeringarbeidsvoorwaardenwetgeving.nl/mozard/!suite92.scherm1007?mObj=42215&mSelod=735137;TRUE;20240222 tekst arbeidsvoorwaarden definitief aangepast.pdf;1;1608007;
1608;https://www.uitvoeringarbeidsvoorwaardenwetgeving.nl/mozard/!suite92.scherm1007?mObj=48746&mSelod=735137;TRUE;250618 tekst arbeidsvoorwaarden aanpassingen DEF incl loon tabel 2025 zonder handtekening zonder markeringen.pdf;1;1608008;
1608;https://www.uitvoeringarbeidsvoorwaardenwetgeving.nl/mozard/!suite92.scherm1007?mObj=46888&mSelod=735137;TRUE;250226 tekst arbeidsvoorwaarden aanpassingen DEF.pdf;1;1608009;
1608;https://www.uitvoeringarbeidsvoorwaardenwetgeving.nl/mozard/!suite92.scherm1007?mObj=15366&mSelod=735137;TRUE;20191128 Def tekst arbeidsvoorwaarden incl. gerenvooieerd.pdf;1;1608010;
1608;https://www.uitvoeringarbeidsvoorwaardenwetgeving.nl/mozard/!suite92.scherm1007?mObj=14775&mSelod=735137;TRUE;20190813 Def tekst arbeidsvoorwaarden.pdf;1;1608011;
1608;https://www.uitvoeringarbeidsvoorwaardenwetgeving.nl/mozard/!suite92.scherm1007?mObj=9732&mSelod=735137;TRUE;CAO arbeidsvoorwaarden 2010-2012.pdf;1;1608012;
1424;https://www.uitvoeringarbeidsvoorwaardenwetgeving.nl/mozard/!suite92.scherm1007?mObj=9231&mSelod=735175;TRUE;Cao_KTb__2018.pdf;1;1424001;
1424;https://www.uitvoeringarbeidsvoorwaardenwetgeving.nl/mozard/!suite92.scherm1007?mObj=9226&mSelod=735175;TRUE;CAO_K_T_2011___2012_getekend.pdf;1;1424002;
1424;https://www.uitvoeringarbeidsvoorwaardenwetgeving.nl/mozard/!suite92.scherm1007?mObj=9227&mSelod=735175;TRUE;CAO_Kabel__Telecom_2011_2012.pdf;1;1424003;
1424;https://www.uitvoeringarbeidsvoorwaardenwetgeving.nl/mozard/!suite92.scherm1007?mObj=9228&mSelod=735175;TRUE;CAO_K_en_T_2012_2014.pdf;1;1424004;
1424;https://www.uitvoeringarbeidsvoorwaardenwetgeving.nl/mozard/!suite92.scherm1007?mObj=9229&mSelod=735175;TRUE;CAO_Kabel_Telecom_2014_versie_sep_def_en_ondert.pdf;1;1424005;
1424;https://www.uitvoeringarbeidsvoorwaardenwetgeving.nl/mozard/!suite92.scherm1007?mObj=9230&mSelod=735175;TRUE;CAO_Kabel_Telecom_2016_2017.pdf;1;1424006;
2519;https://www.uitvoeringarbeidsvoorwaardenwetgeving.nl/mozard/!suite92.scherm1007?mObj=10756&mSelod=735185;TRUE;CA_EPZ_getekend.pdf;1;2519001;
2519;https://www.uitvoeringarbeidsvoorwaardenwetgeving.nl/mozard/!suite92.scherm1007?mObj=10755&mSelod=735185;TRUE;CAO_EPZ_getekend_2011_2013_intranet.pdf;1;2519002;
2519;https://www.uitvoeringarbeidsvoorwaardenwetgeving.nl/mozard/!suite92.scherm1007?mObj=10757&mSelod=735185;TRUE;CAO_EPZ_2013___2015_getekend_CNV_VMHP_N.pdf;1;2519003;
3221;https://www.uitvoeringarbeidsvoorwaardenwetgeving.nl/mozard/!suite92.scherm1007?mObj=10882&mSelod=735244;TRUE;cao VEHB 3221 ttw.pdf;1;3221001;
3854;https://www.uitvoeringarbeidsvoorwaardenwetgeving.nl/mozard/!suite92.scherm1007?mObj=41013&mSelod=735302;TRUE;cao FSGIL deel A en B 2024-2025_dec_2023.pdf;1;3854001;
3854;https://www.uitvoeringarbeidsvoorwaardenwetgeving.nl/mozard/!suite92.scherm1007?mObj=41196&mSelod=735302;TRUE;cao GIL_2024-2025_jan_2024.pdf;1;3854002;
3854;https://www.uitvoeringarbeidsvoorwaardenwetgeving.nl/mozard/!suite92.scherm1007?mObj=46197&mSelod=735302;TRUE;cao FSGIL deel A en B 2024-2025 geschoond januari 2025.pdf;1;3854003;
3854;https://www.uitvoeringarbeidsvoorwaardenwetgeving.nl/mozard/!suite92.scherm1007?mObj=44304&mSelod=735302;TRUE;cao GIL_2024-2025_okt_2024.pdf;1;3854004;
3854;https://www.uitvoeringarbeidsvoorwaardenwetgeving.nl/mozard/!suite92.scherm1007?mObj=12608&mSelod=735302;TRUE;CAO_FSGIL_2017_2019_definitief_schone_versie.pdf;1;3854005;
3854;https://www.uitvoeringarbeidsvoorwaardenwetgeving.nl/mozard/!suite92.scherm1007?mObj=16086&mSelod=735302;TRUE;mantel cao FSGL 2019-2020.docx.pdf;1;3854006;
3854;https://www.uitvoeringarbeidsvoorwaardenwetgeving.nl/mozard/!suite92.scherm1007?mObj=24310&mSelod=735302;TRUE;hele tekst mantel cao FSGL 2020-2022 schone versie.pdf;1;3854007;
3854;https://www.uitvoeringarbeidsvoorwaardenwetgeving.nl/mozard/!suite92.scherm1007?mObj=24509&mSelod=735302;TRUE;hele tekst mantel cao FSGL 2020-2022 schone versie_1.pdf;1;3854008;
3854;https://www.uitvoeringarbeidsvoorwaardenwetgeving.nl/mozard/!suite92.scherm1007?mObj=24877&mSelod=735302;TRUE;hele tekst mantel cao FSGL 2020-2022 schone versie_2.pdf;1;3854009;
3854;https://www.uitvoeringarbeidsvoorwaardenwetgeving.nl/mozard/!suite92.scherm1007?mObj=36832&mSelod=735302;TRUE;hele tekst mantel cao FSGL 2022-2023 maart 23 wijzigingen geaccepteerd.pdf;1;3854010;
3854;https://www.uitvoeringarbeidsvoorwaardenwetgeving.nl/mozard/!suite92.scherm1007?mObj=31232&mSelod=735302;TRUE;hele tekst mantel cao FSGL 2022-2023 def.pdf;1;3854011;
3854;https://www.uitvoeringarbeidsvoorwaardenwetgeving.nl/mozard/!suite92.scherm1007?mObj=32923&mSelod=735302;TRUE;hele tekst mantel cao FSGL 2022-2023 dec 22.pdf;1;3854012;
279;https://www.uitvoeringarbeidsvoorwaardenwetgeving.nl/mozard/!suite92.scherm1007?mObj=7428&mSelod=735350;TRUE;CAOavSFG.pdf;1;279001;
279;https://www.uitvoeringarbeidsvoorwaardenwetgeving.nl/mozard/!suite92.scherm1007?mObj=7429&mSelod=735350;TRUE;digitaleintegraletekstCAOSFG.pdf;1;279002;
279;https://www.uitvoeringarbeidsvoorwaardenwetgeving.nl/mozard/!suite92.scherm1007?mObj=7430&mSelod=735350;TRUE;124_1.pdf;1;279003;
279;https://www.uitvoeringarbeidsvoorwaardenwetgeving.nl/mozard/!suite92.scherm1007?mObj=7432&mSelod=735350;TRUE;SFG_caotekst.pdf;1;279004;
279;https://www.uitvoeringarbeidsvoorwaardenwetgeving.nl/mozard/!suite92.scherm1007?mObj=7434&mSelod=735350;TRUE;SFG__CAO_tekst_2017_2018.pdf;1;279005;
279;https://www.uitvoeringarbeidsvoorwaardenwetgeving.nl/mozard/!suite92.scherm1007?mObj=29872&mSelod=735350;TRUE;SFG CAO tekst 2022 integrale tekst.pdf;1;279006;
279;https://www.uitvoeringarbeidsvoorwaardenwetgeving.nl/mozard/!suite92.scherm1007?mObj=40560&mSelod=735350;TRUE;SFG CAO tekst 2023- maart 2024 integrale tekst.pdf;1;279007;
279;https://www.uitvoeringarbeidsvoorwaardenwetgeving.nl/mozard/!suite92.scherm1007?mObj=46011&mSelod=735350;TRUE;Cao Gemaksvoedingindustrie 1 april 2024 tm 31 maart 2025.pdf;1;279008;
279;https://www.uitvoeringarbeidsvoorwaardenwetgeving.nl/mozard/!suite92.scherm1007?mObj=44905&mSelod=735350;TRUE;Cao Gemaksvoedingindustrie 1 april 2024 tm 31 maart 2025_1.pdf;1;279009;
279;https://www.uitvoeringarbeidsvoorwaardenwetgeving.nl/mozard/!suite92.scherm1007?mObj=7427&mSelod=735350;TRUE;Gemaksvoedingindustrie integrale cao.pdf;1;279010;
279;https://www.uitvoeringarbeidsvoorwaardenwetgeving.nl/mozard/!suite92.scherm1007?mObj=7431&mSelod=735350;TRUE;CAOtekst2013integraletekst.pdf;1;279011;
279;https://www.uitvoeringarbeidsvoorwaardenwetgeving.nl/mozard/!suite92.scherm1007?mObj=7433&mSelod=735350;TRUE;SFG__CAO_tekst_definitief_2015_2016.pdf;1;279012;
279;https://www.uitvoeringarbeidsvoorwaardenwetgeving.nl/mozard/!suite92.scherm1007?mObj=7437&mSelod=735350;TRUE;SFG__CAO_tekst_2018_2020.pdf;1;279013;
279;https://www.uitvoeringarbeidsvoorwaardenwetgeving.nl/mozard/!suite92.scherm1007?mObj=7435&mSelod=735350;TRUE;SFG__CAO_tekst_2018_2020_1.pdf;1;279014;
279;https://www.uitvoeringarbeidsvoorwaardenwetgeving.nl/mozard/!suite92.scherm1007?mObj=7436&mSelod=735350;TRUE;SFG__CAO_tekst_2018_2020_2.pdf;1;279015;
279;https://www.uitvoeringarbeidsvoorwaardenwetgeving.nl/mozard/!suite92.scherm1007?mObj=23451&mSelod=735350;TRUE;SFG CAO tekst 2020-2021 met wijzigingen.pdf;1;279016;
279;https://www.uitvoeringarbeidsvoorwaardenwetgeving.nl/mozard/!suite92.scherm1007?mObj=23182&mSelod=735350;TRUE;SFG CAO tekst 2020-2021 integrale tekst.pdf;1;279017;
219;https://www.uitvoeringarbeidsvoorwaardenwetgeving.nl/mozard/!suite92.scherm1007?mObj=7287&mSelod=735366;TRUE;Gezondheidscentra_cao.pdf;1;219001;
219;https://www.uitvoeringarbeidsvoorwaardenwetgeving.nl/mozard/!suite92.scherm1007?mObj=7288&mSelod=735366;TRUE;Bijlage_1B_CAO_Gezondheidscentra_AHG.pdf;1;219002;
219;https://www.uitvoeringarbeidsvoorwaardenwetgeving.nl/mozard/!suite92.scherm1007?mObj=7289&mSelod=735366;TRUE;Cao_Gezondheidscentra_2018_en_AHG.pdf;1;219003;
219;https://www.uitvoeringarbeidsvoorwaardenwetgeving.nl/mozard/!suite92.scherm1007?mObj=7284&mSelod=735366;TRUE;CAOGezondheidscentra2009-2011.pdf;1;219004;
219;https://www.uitvoeringarbeidsvoorwaardenwetgeving.nl/mozard/!suite92.scherm1007?mObj=7285&mSelod=735366;TRUE;Cao_Gezondheidscentra_en_AHG_2011_2013.pdf;1;219005;
219;https://www.uitvoeringarbeidsvoorwaardenwetgeving.nl/mozard/!suite92.scherm1007?mObj=7286&mSelod=735366;TRUE;CAO_Gezondheidscentra_en_AHG__2013_2014.pdf;1;219006;
2493;https://www.uitvoeringarbeidsvoorwaardenwetgeving.nl/mozard/!suite92.scherm1007?mObj=36193&mSelod=735380;TRUE;CAO Golfbranche 1 jan 2022 tm 31 dec 2023_def.pdf;1;2493001;
2493;https://www.uitvoeringarbeidsvoorwaardenwetgeving.nl/mozard/!suite92.scherm1007?mObj=10724&mSelod=735380;TRUE;NVG def cao tekst 2010 - 2012 incl addendum.pdf;1;2493002;
2493;https://www.uitvoeringarbeidsvoorwaardenwetgeving.nl/mozard/!suite92.scherm1007?mObj=10725&mSelod=735380;TRUE;cao_golfbranche_2012.pdf;1;2493003;
2493;https://www.uitvoeringarbeidsvoorwaardenwetgeving.nl/mozard/!suite92.scherm1007?mObj=10726&mSelod=735380;TRUE;CAO_Golfbranche_2012_2013.pdf;1;2493004;
2493;https://www.uitvoeringarbeidsvoorwaardenwetgeving.nl/mozard/!suite92.scherm1007?mObj=10730&mSelod=735380;TRUE;CAO_Golfbranche_1juli2016tm30juni2018_def_.pdf;1;2493005;
2493;https://www.uitvoeringarbeidsvoorwaardenwetgeving.nl/mozard/!suite92.scherm1007?mObj=10731&mSelod=735380;TRUE;CAO_Golfbranche_2016_2018.pdf;1;2493006;
2493;https://www.uitvoeringarbeidsvoorwaardenwetgeving.nl/mozard/!suite92.scherm1007?mObj=974&mSelod=735380;TRUE;CAO Golfbranche 1 juli 2018 tot 31 maart 2020.pdf .pdf;1;2493007;
2493;https://www.uitvoeringarbeidsvoorwaardenwetgeving.nl/mozard/!suite92.scherm1007?mObj=10728&mSelod=735380;TRUE;CAO_Golfbranche___2014_2016_def_.pdf;1;2493008;
2493;https://www.uitvoeringarbeidsvoorwaardenwetgeving.nl/mozard/!suite92.scherm1007?mObj=10729&mSelod=735380;TRUE;Addendum_CAO_Golfbranche_022016.pdf;1;2493009;
2493;https://www.uitvoeringarbeidsvoorwaardenwetgeving.nl/mozard/!suite92.scherm1007?mObj=10727&mSelod=735380;TRUE;CAO_Golfbranche_dec_13_nov_14__deff_.pdf;1;2493010;
830;https://www.uitvoeringarbeidsvoorwaardenwetgeving.nl/mozard/!suite92.scherm1007?mObj=8766&mSelod=735394;TRUE;Cao_groenvoederijen_2012_2014_eindtekst.pdf;1;830001;
830;https://www.uitvoeringarbeidsvoorwaardenwetgeving.nl/mozard/!suite92.scherm1007?mObj=8767&mSelod=735394;TRUE;Cao_groenvoederijen_2014_2016_eindtekst_definitief.pdf;1;830002;
830;https://www.uitvoeringarbeidsvoorwaardenwetgeving.nl/mozard/!suite92.scherm1007?mObj=8768&mSelod=735394;TRUE;Cao_Groenvoederijen_1_juli_2016_tm_30_juni_2018.pdf;1;830003;
830;https://www.uitvoeringarbeidsvoorwaardenwetgeving.nl/mozard/!suite92.scherm1007?mObj=8769&mSelod=735394;TRUE;cao_Groenvoederdrogerijen_ttw_per_1_december_2016.pdf;1;830004;
830;https://www.uitvoeringarbeidsvoorwaardenwetgeving.nl/mozard/!suite92.scherm1007?mObj=8770&mSelod=735394;TRUE;cao_Groenvoederdrogerijen_per_1_juli_2018.pdf;1;830005;
830;https://www.uitvoeringarbeidsvoorwaardenwetgeving.nl/mozard/!suite92.scherm1007?mObj=27919&mSelod=735394;TRUE;cao Groenvoederdrogerijen 1 juli 2021 tot en met 30 juni 2024 integrale tekst.do.pdf;1;830006;
830;https://www.uitvoeringarbeidsvoorwaardenwetgeving.nl/mozard/!suite92.scherm1007?mObj=44305&mSelod=735394;TRUE;Ingediend bij SZW - eindtekst cao Groenvoederdrogerijen 1 juli 2024 tm 31 december 2025.pdf;1;830007;
3041;https://www.uitvoeringarbeidsvoorwaardenwetgeving.nl/mozard/!suite92.scherm1007?mObj=11094&mSelod=735404;TRUE;13_004_cao_schoenen_2010_2013_def.pdf;1;3041001;
1029;https://www.uitvoeringarbeidsvoorwaardenwetgeving.nl/mozard/!suite92.scherm1007?mObj=706&mSelod=735426;TRUE;VWH reglement-mantel cao-resultatenlijst 2019 definitief.pdf .pdf;1;1029001;
1029;https://www.uitvoeringarbeidsvoorwaardenwetgeving.nl/mozard/!suite92.scherm1007?mObj=15989&mSelod=735426;TRUE;Cao Handelsvaart 2020-2021.pdf;1;1029002;
1029;https://www.uitvoeringarbeidsvoorwaardenwetgeving.nl/mozard/!suite92.scherm1007?mObj=29327&mSelod=735426;TRUE;VWH reglement 2020 -2022.pdf;1;1029003;
1029;https://www.uitvoeringarbeidsvoorwaardenwetgeving.nl/mozard/!suite92.scherm1007?mObj=31555&mSelod=735426;TRUE;VWH-reglement 2022 def.pdf;2;1029004;
1029;https://www.uitvoeringarbeidsvoorwaardenwetgeving.nl/mozard/!suite92.scherm1007?mObj=35052&mSelod=735426;TRUE;handelsvaart-regl-cao-result.pdf;1;1029005;
1029;https://www.uitvoeringarbeidsvoorwaardenwetgeving.nl/mozard/!suite92.scherm1007?mObj=42694&mSelod=735426;TRUE;240331. VWH-reglement 2024 met renvooi.pdf;2;1029006;
1029;https://www.uitvoeringarbeidsvoorwaardenwetgeving.nl/mozard/!suite92.scherm1007?mObj=42214&mSelod=735426;TRUE;14-Mantel-cao VWH 2024-SM.pdf;2;1029007;
1029;https://www.uitvoeringarbeidsvoorwaardenwetgeving.nl/mozard/!suite92.scherm1007?mObj=47511&mSelod=735426;TRUE;VWH CBA 2025 completed and signed.pdf;1;1029008;
1029;https://www.uitvoeringarbeidsvoorwaardenwetgeving.nl/mozard/!suite92.scherm1007?mObj=8560&mSelod=735426;TRUE;mantel_CAO_HV_9000GT_2010_2012_def.pdf;1;1029009;
1029;https://www.uitvoeringarbeidsvoorwaardenwetgeving.nl/mozard/!suite92.scherm1007?mObj=8561&mSelod=735426;TRUE;getekende_mantel_CAO_VWH_met_fixatie_compleet.pdf;1;1029010;
1029;https://www.uitvoeringarbeidsvoorwaardenwetgeving.nl/mozard/!suite92.scherm1007?mObj=8563&mSelod=735426;TRUE;HV_9000GT_2012_2013_caotekst.pdf;1;1029011;
1029;https://www.uitvoeringarbeidsvoorwaardenwetgeving.nl/mozard/!suite92.scherm1007?mObj=8562&mSelod=735426;TRUE;Handelsvaart_caotekst.pdf;1;1029012;
1029;https://www.uitvoeringarbeidsvoorwaardenwetgeving.nl/mozard/!suite92.scherm1007?mObj=8564&mSelod=735426;TRUE;Handelsvaart.pdf;1;1029013;
1029;https://www.uitvoeringarbeidsvoorwaardenwetgeving.nl/mozard/!suite92.scherm1007?mObj=8565&mSelod=735426;TRUE;VWH_reglement_2014_2017_art_11_aangepast_15_7_2015.pdf;1;1029014;
1029;https://www.uitvoeringarbeidsvoorwaardenwetgeving.nl/mozard/!suite92.scherm1007?mObj=8566&mSelod=735426;TRUE;mantel_cao_VWH_2018_ondertekend.pdf;1;1029015;
3356;https://www.uitvoeringarbeidsvoorwaardenwetgeving.nl/mozard/!suite92.scherm1007?mObj=11721&mSelod=735452;TRUE;Hellende_Daken_2012_2013_TTW_24_02_2012_2de.pdf;1;3356001;
3356;https://www.uitvoeringarbeidsvoorwaardenwetgeving.nl/mozard/!suite92.scherm1007?mObj=11722&mSelod=735452;TRUE;Hellende_Daken_cao_tekst.pdf;1;3356002;
3356;https://www.uitvoeringarbeidsvoorwaardenwetgeving.nl/mozard/!suite92.scherm1007?mObj=11723&mSelod=735452;TRUE;CAO_Hellende_Daken_2014_2015__28_april_2014_.pdf;1;3356003;
3356;https://www.uitvoeringarbeidsvoorwaardenwetgeving.nl/mozard/!suite92.scherm1007?mObj=11724&mSelod=735452;TRUE;CAO_HD_2014_2016__ttw_24_juni_2015_.pdf;1;3356004;
3356;https://www.uitvoeringarbeidsvoorwaardenwetgeving.nl/mozard/!suite92.scherm1007?mObj=11727&mSelod=735452;TRUE;CAO_HD_2014_2018__ttw_1_juli_2017_.pdf;1;3356005;
3356;https://www.uitvoeringarbeidsvoorwaardenwetgeving.nl/mozard/!suite92.scherm1007?mObj=11725&mSelod=735452;TRUE;CAO_HD_2014_2018__ttw_18_december_2015_.pdf;1;3356006;
3356;https://www.uitvoeringarbeidsvoorwaardenwetgeving.nl/mozard/!suite92.scherm1007?mObj=11726&mSelod=735452;TRUE;CAO_HD_2014_2018__ttw_1_juli_2016_.pdf;1;3356007;
3356;https://www.uitvoeringarbeidsvoorwaardenwetgeving.nl/mozard/!suite92.scherm1007?mObj=11728&mSelod=735452;TRUE;CAO_HD_2014_2018__ttw_1_juli_2018___2_.pdf;1;3356008;
3356;https://www.uitvoeringarbeidsvoorwaardenwetgeving.nl/mozard/!suite92.scherm1007?mObj=14540&mSelod=735452;TRUE;CAO HD 2019-2022 12 maart 2019 ttw loontabellen.pdf;1;3356009;
3356;https://www.uitvoeringarbeidsvoorwaardenwetgeving.nl/mozard/!suite92.scherm1007?mObj=23573&mSelod=735452;TRUE;CAO HD 2019-2022 ttw 1 november 2021.pdf;1;3356010;
3356;https://www.uitvoeringarbeidsvoorwaardenwetgeving.nl/mozard/!suite92.scherm1007?mObj=15732&mSelod=735452;TRUE;CAO HD 2019-2022 4 december 2019.pdf;1;3356011;
3356;https://www.uitvoeringarbeidsvoorwaardenwetgeving.nl/mozard/!suite92.scherm1007?mObj=20308&mSelod=735452;TRUE;CAO HD 2019-2022 ttw 26 oktober 2020 onwerkbaar weer.pdf;1;3356012;
3356;https://www.uitvoeringarbeidsvoorwaardenwetgeving.nl/mozard/!suite92.scherm1007?mObj=13979&mSelod=735452;TRUE;CAO HD 2019 2022 12 maart 2019 pdf.pdf .pdf;1;3356013;
3356;https://www.uitvoeringarbeidsvoorwaardenwetgeving.nl/mozard/!suite92.scherm1007?mObj=23618&mSelod=735452;TRUE;CAO HD 2019-2022 ttw 1 november 2021.1.pdf;1;3356014;
3356;https://www.uitvoeringarbeidsvoorwaardenwetgeving.nl/mozard/!suite92.scherm1007?mObj=31125&mSelod=735452;TRUE;CAO Hellende Daken 2022-2027.pdf;1;3356015;
3356;https://www.uitvoeringarbeidsvoorwaardenwetgeving.nl/mozard/!suite92.scherm1007?mObj=34572&mSelod=735452;TRUE;CAO Hellende Daken 2022 2027 TTW februari 2022.pdf;1;3356016;
3356;https://www.uitvoeringarbeidsvoorwaardenwetgeving.nl/mozard/!suite92.scherm1007?mObj=47707&mSelod=735452;TRUE;CAO Hellende Daken 2022 2027 (TTW april 2025).pdf;1;3356017;
3356;https://www.uitvoeringarbeidsvoorwaardenwetgeving.nl/mozard/!suite92.scherm1007?mObj=32079&mSelod=735452;TRUE;CAO Hellende Daken 2022 2027 TTW december 2022.pdf;1;3356018;
3356;https://www.uitvoeringarbeidsvoorwaardenwetgeving.nl/mozard/!suite92.scherm1007?mObj=46676&mSelod=735452;TRUE;CAO Hellende Daken 2022 2027 (TTW februari 2025).pdf;1;3356019;
3356;https://www.uitvoeringarbeidsvoorwaardenwetgeving.nl/mozard/!suite92.scherm1007?mObj=32179&mSelod=735452;TRUE;CAO Hellende Daken 2022 2027 TTW 16 december 2022.pdf;1;3356020;
3356;https://www.uitvoeringarbeidsvoorwaardenwetgeving.nl/mozard/!suite92.scherm1007?mObj=46252&mSelod=735452;TRUE;CAO Hellende Daken 2022 2027 (TTW januari 2025).pdf;1;3356021;
3356;https://www.uitvoeringarbeidsvoorwaardenwetgeving.nl/mozard/!suite92.scherm1007?mObj=42533&mSelod=735452;TRUE;CAO Hellende Daken 2022 2027 (TTW februari 2024).pdf;1;3356022;
66;https://www.uitvoeringarbeidsvoorwaardenwetgeving.nl/mozard/!suite92.scherm1007?mObj=6915&mSelod=735484;TRUE;HISWA_CAO.pdf;1;66001;
66;https://www.uitvoeringarbeidsvoorwaardenwetgeving.nl/mozard/!suite92.scherm1007?mObj=6916&mSelod=735484;TRUE;Tekst_HISWA_CAO_2012.pdf;1;66002;
66;https://www.uitvoeringarbeidsvoorwaardenwetgeving.nl/mozard/!suite92.scherm1007?mObj=6917&mSelod=735484;TRUE;HISWA_CAO_2013_Versie_def.pdf;1;66003;
66;https://www.uitvoeringarbeidsvoorwaardenwetgeving.nl/mozard/!suite92.scherm1007?mObj=6918&mSelod=735484;TRUE;HISWA_CAO_2014_Versie_def.pdf;1;66004;
66;https://www.uitvoeringarbeidsvoorwaardenwetgeving.nl/mozard/!suite92.scherm1007?mObj=6919&mSelod=735484;TRUE;00_Def_tekst_HISWA_cao_2015_met_handtekeningen.pdf;1;66005;
66;https://www.uitvoeringarbeidsvoorwaardenwetgeving.nl/mozard/!suite92.scherm1007?mObj=14728&mSelod=735484;TRUE;HISWA CAO 2017 - 2020 definitief.docx.pdf;1;66006;
4202;https://www.uitvoeringarbeidsvoorwaardenwetgeving.nl/mozard/!suite92.scherm1007?mObj=30929&mSelod=735486;TRUE;CAO HISWA defintief 090622.pdf;1;4202001;
4202;https://www.uitvoeringarbeidsvoorwaardenwetgeving.nl/mozard/!suite92.scherm1007?mObj=29127&mSelod=735486;TRUE;CAO HISWA 2022, definitief.pdf;1;4202002;
4202;https://www.uitvoeringarbeidsvoorwaardenwetgeving.nl/mozard/!suite92.scherm1007?mObj=37006&mSelod=735486;TRUE;cao HISWA 1 januari 2023 - 31 december 2024, definitief 18042023.pdf;1;4202003;
4202;https://www.uitvoeringarbeidsvoorwaardenwetgeving.nl/mozard/!suite92.scherm1007?mObj=38522&mSelod=735486;TRUE;cao HISWA 1 januari 2023 - 31 december 2024, definitief 05092023.pdf;1;4202004;
4202;https://www.uitvoeringarbeidsvoorwaardenwetgeving.nl/mozard/!suite92.scherm1007?mObj=37688&mSelod=735486;TRUE;cao HISWA 1 januari 2023 - 31 december 2024, definitief 11072023.pdf;1;4202005;
4202;https://www.uitvoeringarbeidsvoorwaardenwetgeving.nl/mozard/!suite92.scherm1007?mObj=47572&mSelod=735486;TRUE;01042025 HISWA cao definitief.pdf;1;4202006;
4202;https://www.uitvoeringarbeidsvoorwaardenwetgeving.nl/mozard/!suite92.scherm1007?mObj=47633&mSelod=735486;TRUE;09042025 HISWA cao definitief.pdf;1;4202007;
4202;https://www.uitvoeringarbeidsvoorwaardenwetgeving.nl/mozard/!suite92.scherm1007?mObj=22911&mSelod=735486;TRUE;CAO SZS HISWA 2021.pdf;1;4202008;
2044;https://www.uitvoeringarbeidsvoorwaardenwetgeving.nl/mozard/!suite92.scherm1007?mObj=10031&mSelod=735494;TRUE;WHB_CAO_2010_2012_DEF.pdf;1;2044001;
2044;https://www.uitvoeringarbeidsvoorwaardenwetgeving.nl/mozard/!suite92.scherm1007?mObj=10032&mSelod=735494;TRUE;WHB_cao_2012_2013_def.pdf;1;2044002;
1499;https://www.uitvoeringarbeidsvoorwaardenwetgeving.nl/mozard/!suite92.scherm1007?mObj=8999&mSelod=735504;TRUE;GHP_2011_2013_TTW__21_mei_2012_.pdf;1;1499001;
1499;https://www.uitvoeringarbeidsvoorwaardenwetgeving.nl/mozard/!suite92.scherm1007?mObj=8998&mSelod=735504;TRUE;CAO_Groothandel_in_Horecaproducten.pdf;1;1499002;
1499;https://www.uitvoeringarbeidsvoorwaardenwetgeving.nl/mozard/!suite92.scherm1007?mObj=8997&mSelod=735504;TRUE;CAO_Groothandel_in_Horecaproducten_2011_2013.pdf;1;1499003;
1499;https://www.uitvoeringarbeidsvoorwaardenwetgeving.nl/mozard/!suite92.scherm1007?mObj=9301&mSelod=735504;TRUE;CAO_GHP_2013_2016__ttw_26_juni_2015_.pdf;1;1499004;
1499;https://www.uitvoeringarbeidsvoorwaardenwetgeving.nl/mozard/!suite92.scherm1007?mObj=9300&mSelod=735504;TRUE;CAO_GHP_2013_2016__ttw_16_mei_2014_.pdf;1;1499005;
1499;https://www.uitvoeringarbeidsvoorwaardenwetgeving.nl/mozard/!suite92.scherm1007?mObj=9000&mSelod=735504;TRUE;CAO_Groothandel_in_Horecaproducten_2013_2016.pdf;1;1499006;
253;https://www.uitvoeringarbeidsvoorwaardenwetgeving.nl/mozard/!suite92.scherm1007?mObj=7373&mSelod=735510;TRUE;CAOhoutarbeidsvoorwaarden.pdf;1;253001;
253;https://www.uitvoeringarbeidsvoorwaardenwetgeving.nl/mozard/!suite92.scherm1007?mObj=7375&mSelod=735510;TRUE;CAO_HVI_Integrale_tekst.pdf;1;253002;
253;https://www.uitvoeringarbeidsvoorwaardenwetgeving.nl/mozard/!suite92.scherm1007?mObj=14567&mSelod=735510;TRUE;Doorlopende tekst cao 2019-2020.docx.pdf;1;253003;
253;https://www.uitvoeringarbeidsvoorwaardenwetgeving.nl/mozard/!suite92.scherm1007?mObj=15304&mSelod=735510;TRUE;Doorlopende tekst cao 2019-2020 12-11-2019.docx.pdf;1;253004;
253;https://www.uitvoeringarbeidsvoorwaardenwetgeving.nl/mozard/!suite92.scherm1007?mObj=29521&mSelod=735510;TRUE;Cao HVI doorlopende tekst.pdf;1;253005;
253;https://www.uitvoeringarbeidsvoorwaardenwetgeving.nl/mozard/!suite92.scherm1007?mObj=37143&mSelod=735510;TRUE;Cao HVI 2022-2024 TTW 62023 doorlopende tekst.pdf;1;253006;
253;https://www.uitvoeringarbeidsvoorwaardenwetgeving.nl/mozard/!suite92.scherm1007?mObj=30085&mSelod=735510;TRUE;Cao HVI doorlopende tekst 2.0.pdf;1;253007;
253;https://www.uitvoeringarbeidsvoorwaardenwetgeving.nl/mozard/!suite92.scherm1007?mObj=31945&mSelod=735510;TRUE;Cao HVI 2022-2024 TTW doorlopende tekst.pdf;1;253008;
253;https://www.uitvoeringarbeidsvoorwaardenwetgeving.nl/mozard/!suite92.scherm1007?mObj=42293&mSelod=735510;TRUE;Cao HVI 2024 - 2025 doorlopende tekst.pdf;1;253009;
253;https://www.uitvoeringarbeidsvoorwaardenwetgeving.nl/mozard/!suite92.scherm1007?mObj=7374&mSelod=735510;TRUE;Integrale_tekst_CAO_HVI_2012_2014.pdf;1;253010;
253;https://www.uitvoeringarbeidsvoorwaardenwetgeving.nl/mozard/!suite92.scherm1007?mObj=22696&mSelod=735510;TRUE;HVI doorlopende tekst cao hvi 2020-2022.pdf;1;253011;
253;https://www.uitvoeringarbeidsvoorwaardenwetgeving.nl/mozard/!suite92.scherm1007?mObj=7376&mSelod=735510;TRUE;CAO_HVI_doorlopende_tekst.pdf;1;253012;
449;https://www.uitvoeringarbeidsvoorwaardenwetgeving.nl/mozard/!suite92.scherm1007?mObj=7981&mSelod=735524;TRUE;Huis-aan-huis-journalisten.pdf;1;449001;
449;https://www.uitvoeringarbeidsvoorwaardenwetgeving.nl/mozard/!suite92.scherm1007?mObj=7982&mSelod=735524;TRUE;caotekst_nieuw.pdf;1;449002;
449;https://www.uitvoeringarbeidsvoorwaardenwetgeving.nl/mozard/!suite92.scherm1007?mObj=7983&mSelod=735524;TRUE;VSH_13_569_833_cao_2014_2015_DEF.pdf;1;449003;
2520;https://www.uitvoeringarbeidsvoorwaardenwetgeving.nl/mozard/!suite92.scherm1007?mObj=15348&mSelod=735526;TRUE;Hidha 2019 - 2021.pdf;1;2520001;
2520;https://www.uitvoeringarbeidsvoorwaardenwetgeving.nl/mozard/!suite92.scherm1007?mObj=10761&mSelod=735526;TRUE;cao_hidha_2014_2017_wijz_bijlage_1.pdf;1;2520002;
2520;https://www.uitvoeringarbeidsvoorwaardenwetgeving.nl/mozard/!suite92.scherm1007?mObj=10760&mSelod=735526;TRUE;Cao_Hidha_webversie2.pdf;1;2520003;
2520;https://www.uitvoeringarbeidsvoorwaardenwetgeving.nl/mozard/!suite92.scherm1007?mObj=10758&mSelod=735526;TRUE;CAO Hidha 01072010-31072011.pdf;1;2520004;
2520;https://www.uitvoeringarbeidsvoorwaardenwetgeving.nl/mozard/!suite92.scherm1007?mObj=10759&mSelod=735526;TRUE;CAO_Hidha_2011_2014_definitief.pdf;1;2520005;
408;https://www.uitvoeringarbeidsvoorwaardenwetgeving.nl/mozard/!suite92.scherm1007?mObj=7889&mSelod=735581;TRUE;DefCAOS2012_2013.pdf;1;408001;
408;https://www.uitvoeringarbeidsvoorwaardenwetgeving.nl/mozard/!suite92.scherm1007?mObj=7892&mSelod=735581;TRUE;CAO_Schippersinternaten_2017_2019___Definitief.pdf;1;408002;
408;https://www.uitvoeringarbeidsvoorwaardenwetgeving.nl/mozard/!suite92.scherm1007?mObj=31819&mSelod=735581;TRUE;Cao Schippersinternaten 2022-2023_Def_221117.pdf;1;408003;
408;https://www.uitvoeringarbeidsvoorwaardenwetgeving.nl/mozard/!suite92.scherm1007?mObj=7890&mSelod=735581;TRUE;CAO_Schippersinternaten_2013_2015_.pdf;1;408004;
408;https://www.uitvoeringarbeidsvoorwaardenwetgeving.nl/mozard/!suite92.scherm1007?mObj=7891&mSelod=735581;TRUE;1600014_1___OAG_CAO_Schippersinternaten_2015_2017.pdf;1;408005;
506;https://www.uitvoeringarbeidsvoorwaardenwetgeving.nl/mozard/!suite92.scherm1007?mObj=7615&mSelod=735648;TRUE;VNK_cao_2016_2018_NVW_nieuwe_versie_tbv_WML.pdf;1;506001;
506;https://www.uitvoeringarbeidsvoorwaardenwetgeving.nl/mozard/!suite92.scherm1007?mObj=30645&mSelod=735648;TRUE;VNK cao 2022.pdf;1;506002;
506;https://www.uitvoeringarbeidsvoorwaardenwetgeving.nl/mozard/!suite92.scherm1007?mObj=37131&mSelod=735648;TRUE;Cao 2023 Kalkzandsteen- en Cellenbetonindustrie.pdf;1;506003;
506;https://www.uitvoeringarbeidsvoorwaardenwetgeving.nl/mozard/!suite92.scherm1007?mObj=42741&mSelod=735648;TRUE;Cao 2024 Kalkzandsteen- en Cellenbetonindustrie 30-4-2024.pdf;1;506004;
506;https://www.uitvoeringarbeidsvoorwaardenwetgeving.nl/mozard/!suite92.scherm1007?mObj=43020&mSelod=735648;TRUE;Cao 2024 Kalkzandsteen- en Cellenbetonindustrie na ttw 30-5-2024.pdf;1;506005;
506;https://www.uitvoeringarbeidsvoorwaardenwetgeving.nl/mozard/!suite92.scherm1007?mObj=48123&mSelod=735648;TRUE;Cao 2025 Kalkzandsteen- en Cellenbetonindustrie 11-3-2025 def szw.pdf;1;506006;
506;https://www.uitvoeringarbeidsvoorwaardenwetgeving.nl/mozard/!suite92.scherm1007?mObj=7611&mSelod=735648;TRUE;v1_VNK_CAO_09_11_definitief.pdf;1;506007;
506;https://www.uitvoeringarbeidsvoorwaardenwetgeving.nl/mozard/!suite92.scherm1007?mObj=7612&mSelod=735648;TRUE;VNK_cao_11_13.pdf;1;506008;
506;https://www.uitvoeringarbeidsvoorwaardenwetgeving.nl/mozard/!suite92.scherm1007?mObj=7616&mSelod=735648;TRUE;Definitieve_VNK_cao_nvw_2018_2020_nov.pdf;1;506009;
506;https://www.uitvoeringarbeidsvoorwaardenwetgeving.nl/mozard/!suite92.scherm1007?mObj=14092&mSelod=735648;TRUE;VNK ttw cao 2018-2020 april 2019.pdf .pdf;1;506010;
506;https://www.uitvoeringarbeidsvoorwaardenwetgeving.nl/mozard/!suite92.scherm1007?mObj=22618&mSelod=735648;TRUE;VNK cao 2020-2021.pdf;1;506011;
506;https://www.uitvoeringarbeidsvoorwaardenwetgeving.nl/mozard/!suite92.scherm1007?mObj=22776&mSelod=735648;TRUE;VNK cao 2021-2020 na ttw.pdf;1;506012;
506;https://www.uitvoeringarbeidsvoorwaardenwetgeving.nl/mozard/!suite92.scherm1007?mObj=7614&mSelod=735648;TRUE;VNK_cao_2013_2015.pdf;1;506013;
506;https://www.uitvoeringarbeidsvoorwaardenwetgeving.nl/mozard/!suite92.scherm1007?mObj=7613&mSelod=735648;TRUE;Kalkzandsteen__Cellenbetonindustrie_cao.pdf;1;506014;
506;https://www.uitvoeringarbeidsvoorwaardenwetgeving.nl/mozard/!suite92.scherm1007?mObj=14077&mSelod=735648;TRUE;VNK cao 2018-2020 ttw.pdf .pdf;1;506015;
848;https://www.uitvoeringarbeidsvoorwaardenwetgeving.nl/mozard/!suite92.scherm1007?mObj=47151&mSelod=735656;TRUE;NvW CAO 2025-2026 Kartoflex voor SZW schoon.pdf;1;848001;
848;https://www.uitvoeringarbeidsvoorwaardenwetgeving.nl/mozard/!suite92.scherm1007?mObj=48176&mSelod=735656;TRUE;NvW CAO 2025-2026 Kartoflex voor AVV zonder renvooi, reactie op SZW.pdf;1;848002;
848;https://www.uitvoeringarbeidsvoorwaardenwetgeving.nl/mozard/!suite92.scherm1007?mObj=8806&mSelod=735656;TRUE;Kartoflex_def.CAO_2010-2012.pdf;1;848003;
848;https://www.uitvoeringarbeidsvoorwaardenwetgeving.nl/mozard/!suite92.scherm1007?mObj=8808&mSelod=735656;TRUE;Kartoflex_CAO_2012__2014_.pdf;1;848004;
848;https://www.uitvoeringarbeidsvoorwaardenwetgeving.nl/mozard/!suite92.scherm1007?mObj=8807&mSelod=735656;TRUE;Kartoflex_cao_def_versie_2012_2014.pdf;1;848005;
848;https://www.uitvoeringarbeidsvoorwaardenwetgeving.nl/mozard/!suite92.scherm1007?mObj=8809&mSelod=735656;TRUE;Kartoflex_Definitieve_CAO_2014_2016_v3.pdf;1;848006;
848;https://www.uitvoeringarbeidsvoorwaardenwetgeving.nl/mozard/!suite92.scherm1007?mObj=8810&mSelod=735656;TRUE;Kartoflex_cao_2016_2017_def.pdf;1;848007;
848;https://www.uitvoeringarbeidsvoorwaardenwetgeving.nl/mozard/!suite92.scherm1007?mObj=8811&mSelod=735656;TRUE;Kartoflex_cao_2017_2019_def.pdf;1;848008;
848;https://www.uitvoeringarbeidsvoorwaardenwetgeving.nl/mozard/!suite92.scherm1007?mObj=31668&mSelod=735656;TRUE;NvW opgeschoond.pdf;2;848009;
848;https://www.uitvoeringarbeidsvoorwaardenwetgeving.nl/mozard/!suite92.scherm1007?mObj=32710&mSelod=735656;TRUE;CAO tekst 2022-2023 SZW schoon.pdf;1;848010;
848;https://www.uitvoeringarbeidsvoorwaardenwetgeving.nl/mozard/!suite92.scherm1007?mObj=41871&mSelod=735656;TRUE;NvW cao tekst 2023-2024 geschoond.pdf;1;848011;
848;https://www.uitvoeringarbeidsvoorwaardenwetgeving.nl/mozard/!suite92.scherm1007?mObj=40113&mSelod=735656;TRUE;NvW cao tekst 2023-2024 geschoond_1.pdf;1;848012;
848;https://www.uitvoeringarbeidsvoorwaardenwetgeving.nl/mozard/!suite92.scherm1007?mObj=16188&mSelod=735656;TRUE;CAO 2019-2022 Kartoflex tekst voor avv.doc.pdf;1;848013;
848;https://www.uitvoeringarbeidsvoorwaardenwetgeving.nl/mozard/!suite92.scherm1007?mObj=17586&mSelod=735656;TRUE;NvW CAO 2019-2022 Kartoflex schoon.doc.pdf;1;848014;
1214;https://www.uitvoeringarbeidsvoorwaardenwetgeving.nl/mozard/!suite92.scherm1007?mObj=9019&mSelod=735670;TRUE;Kenniscentra_2010_2012.pdf;1;1214001;
1214;https://www.uitvoeringarbeidsvoorwaardenwetgeving.nl/mozard/!suite92.scherm1007?mObj=9020&mSelod=735670;TRUE;defCAO_kenniscentra_2012_2014_compleet.pdf;1;1214002;
1214;https://www.uitvoeringarbeidsvoorwaardenwetgeving.nl/mozard/!suite92.scherm1007?mObj=9021&mSelod=735670;TRUE;CAO_kenniscentra_2014_2015.pdf;1;1214003;
4255;https://www.uitvoeringarbeidsvoorwaardenwetgeving.nl/mozard/!suite92.scherm1007?mObj=30671&mSelod=735700;TRUE;KNDB CAO tekst def geschoond versie 20 juli 2022.pdf;1;4255001;
4255;https://www.uitvoeringarbeidsvoorwaardenwetgeving.nl/mozard/!suite92.scherm1007?mObj=29961&mSelod=735700;TRUE;tekst KNDB CAO definitief en getekend.pdf;1;4255002;
4255;https://www.uitvoeringarbeidsvoorwaardenwetgeving.nl/mozard/!suite92.scherm1007?mObj=38193&mSelod=735700;TRUE;KNDB CAO 23-24 tekst definitief.pdf;1;4255003;
4255;https://www.uitvoeringarbeidsvoorwaardenwetgeving.nl/mozard/!suite92.scherm1007?mObj=40623&mSelod=735700;TRUE;tekst KNDB CAO 23-24 definitief geschoond versie 18 dec 2023.pdf;1;4255004;
4255;https://www.uitvoeringarbeidsvoorwaardenwetgeving.nl/mozard/!suite92.scherm1007?mObj=42650&mSelod=735700;TRUE;tekst KNDB CAO 24-25 definitief en geschoond.pdf;1;4255005;
4255;https://www.uitvoeringarbeidsvoorwaardenwetgeving.nl/mozard/!suite92.scherm1007?mObj=51021&mSelod=735700;TRUE;KNDB CAO 25-26 CAO tekst definitief.pdf;1;4255006;
3924;https://www.uitvoeringarbeidsvoorwaardenwetgeving.nl/mozard/!suite92.scherm1007?mObj=12254&mSelod=735732;TRUE;Cao_Kraamzorg_2018_2019.pdf;1;3924001;
3924;https://www.uitvoeringarbeidsvoorwaardenwetgeving.nl/mozard/!suite92.scherm1007?mObj=12255&mSelod=735732;TRUE;Cao_Kraamzorg_18_19_met_versienummer.pdf;1;3924002;
3924;https://www.uitvoeringarbeidsvoorwaardenwetgeving.nl/mozard/!suite92.scherm1007?mObj=12253&mSelod=735732;TRUE;20170713_Cao_Kraamzorg.pdf;1;3924003;
2437;https://www.uitvoeringarbeidsvoorwaardenwetgeving.nl/mozard/!suite92.scherm1007?mObj=41704&mSelod=735738;TRUE;BKN 1 jan 2024 DEF.pdf;1;2437001;
2437;https://www.uitvoeringarbeidsvoorwaardenwetgeving.nl/mozard/!suite92.scherm1007?mObj=49018&mSelod=735738;TRUE;CAO Kringloop Nederland 1 juli 2025.pdf;1;2437002;
2437;https://www.uitvoeringarbeidsvoorwaardenwetgeving.nl/mozard/!suite92.scherm1007?mObj=45992&mSelod=735738;TRUE;Kringloop Nederland ttw cao 2025 DEF corr.pdf;1;2437003;
2437;https://www.uitvoeringarbeidsvoorwaardenwetgeving.nl/mozard/!suite92.scherm1007?mObj=48626&mSelod=735738;TRUE;Kringloop Nederland 2025 TTW 010702025 - DEF.pdf;1;2437004;
2437;https://www.uitvoeringarbeidsvoorwaardenwetgeving.nl/mozard/!suite92.scherm1007?mObj=45684&mSelod=735738;TRUE;Kringloop Nederland cao 2025 DEF.pdf;1;2437005;
429;https://www.uitvoeringarbeidsvoorwaardenwetgeving.nl/mozard/!suite92.scherm1007?mObj=7924&mSelod=735744;TRUE;OAK_CAO_Kunsteducatie_2009_20101.pdf;1;429001;
429;https://www.uitvoeringarbeidsvoorwaardenwetgeving.nl/mozard/!suite92.scherm1007?mObj=7927&mSelod=735744;TRUE;CAO_KE_DEFINITIEF_TER_ONDERTEKENING_7_mei_2013.pdf;1;429002;
429;https://www.uitvoeringarbeidsvoorwaardenwetgeving.nl/mozard/!suite92.scherm1007?mObj=7928&mSelod=735744;TRUE;CAO_tekst_KE_20142015__vs_20140926.pdf;1;429003;
429;https://www.uitvoeringarbeidsvoorwaardenwetgeving.nl/mozard/!suite92.scherm1007?mObj=7937&mSelod=735744;TRUE;cao_KE_incl_4e_TTW_per_1_5_2018_def.pdf;1;429004;
429;https://www.uitvoeringarbeidsvoorwaardenwetgeving.nl/mozard/!suite92.scherm1007?mObj=7936&mSelod=735744;TRUE;cao_KE_incl_TTW_3e_fase.pdf;1;429005;
429;https://www.uitvoeringarbeidsvoorwaardenwetgeving.nl/mozard/!suite92.scherm1007?mObj=7935&mSelod=735744;TRUE;cao_KE_per_1_januari_2017.pdf;1;429006;
429;https://www.uitvoeringarbeidsvoorwaardenwetgeving.nl/mozard/!suite92.scherm1007?mObj=7934&mSelod=735744;TRUE;integrale_cao_Kunst_Educatie_2017_2018.pdf;1;429007;
429;https://www.uitvoeringarbeidsvoorwaardenwetgeving.nl/mozard/!suite92.scherm1007?mObj=7938&mSelod=735744;TRUE;cao_KE_per_1_1_2019.pdf;1;429008;
429;https://www.uitvoeringarbeidsvoorwaardenwetgeving.nl/mozard/!suite92.scherm1007?mObj=14487&mSelod=735744;TRUE;cao KE 1 januari 2019 tot en met 30 juni 2019 inclusief ttw per 27 juni 2019.doc .pdf;1;429009;
429;https://www.uitvoeringarbeidsvoorwaardenwetgeving.nl/mozard/!suite92.scherm1007?mObj=27197&mSelod=735744;TRUE;Cao Kunsteducatie 1 januari 2022 - 31 december 2022.pdf;1;429010;
429;https://www.uitvoeringarbeidsvoorwaardenwetgeving.nl/mozard/!suite92.scherm1007?mObj=30401&mSelod=735744;TRUE;Cao Kunsteducatie 1 november 2021 tm 31 december 2022 ttw FUWA.pdf;1;429011;
429;https://www.uitvoeringarbeidsvoorwaardenwetgeving.nl/mozard/!suite92.scherm1007?mObj=29962&mSelod=735744;TRUE;Cao Kunsteducatie 1 november 2021 tm 31 december 2022 inclusief overgangsregelin.pdf;1;429012;
429;https://www.uitvoeringarbeidsvoorwaardenwetgeving.nl/mozard/!suite92.scherm1007?mObj=34425&mSelod=735744;TRUE;Cao Kunsteducatie 1 januari 2023 - 31 december 2023 ttw.pdf;1;429013;
429;https://www.uitvoeringarbeidsvoorwaardenwetgeving.nl/mozard/!suite92.scherm1007?mObj=33519&mSelod=735744;TRUE;Cao Kunsteducatie 1 januari 2023 - 31 december 2023.pdf;1;429014;
429;https://www.uitvoeringarbeidsvoorwaardenwetgeving.nl/mozard/!suite92.scherm1007?mObj=41668&mSelod=735744;TRUE;Integrale tekst cao Kunsteducatie 2024 incl. TTW per 1 januari 2024 (2402-0056).pdf;1;429015;
429;https://www.uitvoeringarbeidsvoorwaardenwetgeving.nl/mozard/!suite92.scherm1007?mObj=42343&mSelod=735744;TRUE;Integrale tekst cao Kunsteducatie 1 januari 2024 - 31 december 2024 incl. 2e TTW (2403-1923).pdf;1;429016;
429;https://www.uitvoeringarbeidsvoorwaardenwetgeving.nl/mozard/!suite92.scherm1007?mObj=40682&mSelod=735744;TRUE;Integrale tekst cao Kunsteducatie 2024 (2312-0953).pdf;1;429017;
429;https://www.uitvoeringarbeidsvoorwaardenwetgeving.nl/mozard/!suite92.scherm1007?mObj=45477&mSelod=735744;TRUE;Integrale tekst cao Kunsteducatie 1 januari 2025 - 31 maart 2026 (2412-0039).pdf;1;429018;
429;https://www.uitvoeringarbeidsvoorwaardenwetgeving.nl/mozard/!suite92.scherm1007?mObj=16148&mSelod=735744;TRUE;2003-0091 cao kunsteducatie 1 juli 2019 tot en met 30 juni 2021.docx.pdf;1;429019;
429;https://www.uitvoeringarbeidsvoorwaardenwetgeving.nl/mozard/!suite92.scherm1007?mObj=16176&mSelod=735744;TRUE;2004-0424 cao KE 1 juli 2019 tot en met 30 juni 2021 incl.ttw.docx.pdf;1;429020;
429;https://www.uitvoeringarbeidsvoorwaardenwetgeving.nl/mozard/!suite92.scherm1007?mObj=20995&mSelod=735744;TRUE;2004-0424 integrale cao KE incl. ttw december 2020.docx.pdf;1;429021;
429;https://www.uitvoeringarbeidsvoorwaardenwetgeving.nl/mozard/!suite92.scherm1007?mObj=27196&mSelod=735744;TRUE;Cao Kunsteducatie 1 november 2021 - 31 december 2021 TTW integraal.pdf;1;429022;
429;https://www.uitvoeringarbeidsvoorwaardenwetgeving.nl/mozard/!suite92.scherm1007?mObj=23333&mSelod=735744;TRUE;Cao Kunsteducatie 1 juli 2021 tm 1 november 2021 1e TTW integraal.pdf;1;429023;
429;https://www.uitvoeringarbeidsvoorwaardenwetgeving.nl/mozard/!suite92.scherm1007?mObj=22915&mSelod=735744;TRUE;Cao Kunsteducatie 1 juli 2021 tm 1 november 2021 integraal.pdf;1;429024;
429;https://www.uitvoeringarbeidsvoorwaardenwetgeving.nl/mozard/!suite92.scherm1007?mObj=7925&mSelod=735744;TRUE;CAO_Kunsteducatie_2010_2011.pdf;1;429025;
429;https://www.uitvoeringarbeidsvoorwaardenwetgeving.nl/mozard/!suite92.scherm1007?mObj=7926&mSelod=735744;TRUE;caoKE2011.pdf;1;429026;
429;https://www.uitvoeringarbeidsvoorwaardenwetgeving.nl/mozard/!suite92.scherm1007?mObj=7929&mSelod=735744;TRUE;CAO_Kunsteducatie_2015_2016.pdf;1;429027;
429;https://www.uitvoeringarbeidsvoorwaardenwetgeving.nl/mozard/!suite92.scherm1007?mObj=7930&mSelod=735744;TRUE;1602_0838_cao_Kunsteducatie_ttw_eindtekst.pdf;1;429028;
429;https://www.uitvoeringarbeidsvoorwaardenwetgeving.nl/mozard/!suite92.scherm1007?mObj=7933&mSelod=735744;TRUE;cao_Kunsteducatie_2e_TTW.pdf;1;429029;
429;https://www.uitvoeringarbeidsvoorwaardenwetgeving.nl/mozard/!suite92.scherm1007?mObj=7931&mSelod=735744;TRUE;Cao_KE_30_6_2016.pdf;1;429030;
429;https://www.uitvoeringarbeidsvoorwaardenwetgeving.nl/mozard/!suite92.scherm1007?mObj=7932&mSelod=735744;TRUE;cao_Kunsteducatie_incl_TTW_per_1_oktober_2016.pdf;1;429031;
569;https://www.uitvoeringarbeidsvoorwaardenwetgeving.nl/mozard/!suite92.scherm1007?mObj=7713&mSelod=735747;TRUE;cao_KRI_2014_2016___definitief.pdf;1;569001;
569;https://www.uitvoeringarbeidsvoorwaardenwetgeving.nl/mozard/!suite92.scherm1007?mObj=7714&mSelod=735747;TRUE;KRI_cao_2016_2017_definitief.pdf;1;569002;
569;https://www.uitvoeringarbeidsvoorwaardenwetgeving.nl/mozard/!suite92.scherm1007?mObj=7715&mSelod=735747;TRUE;KRI_cao_2017_2018_definitief.pdf;1;569003;
569;https://www.uitvoeringarbeidsvoorwaardenwetgeving.nl/mozard/!suite92.scherm1007?mObj=15437&mSelod=735747;TRUE;KRI 2018 - 2020_TTW 5dec2019.pdf;1;569004;
569;https://www.uitvoeringarbeidsvoorwaardenwetgeving.nl/mozard/!suite92.scherm1007?mObj=14608&mSelod=735747;TRUE;KRI cao met aanpassing doorwerken AOW 2.1 en 10.4.docx.pdf;1;569005;
569;https://www.uitvoeringarbeidsvoorwaardenwetgeving.nl/mozard/!suite92.scherm1007?mObj=7716&mSelod=735747;TRUE;KRI_cao_2018_2020_def.pdf;1;569006;
569;https://www.uitvoeringarbeidsvoorwaardenwetgeving.nl/mozard/!suite92.scherm1007?mObj=21907&mSelod=735747;TRUE;KRLI_cao_2020-2021-def03022021.pdf;1;569007;
569;https://www.uitvoeringarbeidsvoorwaardenwetgeving.nl/mozard/!suite92.scherm1007?mObj=23392&mSelod=735747;TRUE;KRLI cao 2021-2022.pdf;1;569008;
569;https://www.uitvoeringarbeidsvoorwaardenwetgeving.nl/mozard/!suite92.scherm1007?mObj=7710&mSelod=735747;TRUE;Def.CAO_NWBC_10-11.pdf;1;569009;
569;https://www.uitvoeringarbeidsvoorwaardenwetgeving.nl/mozard/!suite92.scherm1007?mObj=7711&mSelod=735747;TRUE;NWBC_geschoonde_cao_2011.pdf;1;569010;
569;https://www.uitvoeringarbeidsvoorwaardenwetgeving.nl/mozard/!suite92.scherm1007?mObj=7712&mSelod=735747;TRUE;NWBC_CAO_2012_2013_tekst_definitief.pdf;1;569011;
569;https://www.uitvoeringarbeidsvoorwaardenwetgeving.nl/mozard/!suite92.scherm1007?mObj=34423&mSelod=735747;TRUE;btb_cao_2022_2eHERZIEN_v31012023.pdf;1;569012;
569;https://www.uitvoeringarbeidsvoorwaardenwetgeving.nl/mozard/!suite92.scherm1007?mObj=31580&mSelod=735747;TRUE;KRLI_cao_2022-2023-V0defx-13102022.pdf;1;569013;
569;https://www.uitvoeringarbeidsvoorwaardenwetgeving.nl/mozard/!suite92.scherm1007?mObj=34153&mSelod=735747;TRUE;KRI 2022 - 2023 TTW.pdf;1;569014;
569;https://www.uitvoeringarbeidsvoorwaardenwetgeving.nl/mozard/!suite92.scherm1007?mObj=40322&mSelod=735747;TRUE;KRLI cao 2023-2024.pdf;1;569015;
569;https://www.uitvoeringarbeidsvoorwaardenwetgeving.nl/mozard/!suite92.scherm1007?mObj=44662&mSelod=735747;TRUE;KRI 2024-2025_def.pdf;1;569016;
827;https://www.uitvoeringarbeidsvoorwaardenwetgeving.nl/mozard/!suite92.scherm1007?mObj=8761&mSelod=735822;TRUE;CAO_GZ_TTW_JULI.pdf;1;827001;
827;https://www.uitvoeringarbeidsvoorwaardenwetgeving.nl/mozard/!suite92.scherm1007?mObj=8760&mSelod=735822;TRUE;CAO_GZ_arcering___wijz_AOW_LT.pdf;1;827002;
827;https://www.uitvoeringarbeidsvoorwaardenwetgeving.nl/mozard/!suite92.scherm1007?mObj=8759&mSelod=735822;TRUE;CAO_GZ.pdf;1;827003;
827;https://www.uitvoeringarbeidsvoorwaardenwetgeving.nl/mozard/!suite92.scherm1007?mObj=8446&mSelod=735822;TRUE;CAO_GZ_2011_2013_aangepast_n_a_v_bed.pdf;1;827004;
827;https://www.uitvoeringarbeidsvoorwaardenwetgeving.nl/mozard/!suite92.scherm1007?mObj=8447&mSelod=735822;TRUE;M_T_Goud_en_Zilvern__CAO_en_handb_.pdf;1;827005;
827;https://www.uitvoeringarbeidsvoorwaardenwetgeving.nl/mozard/!suite92.scherm1007?mObj=43858&mSelod=735822;TRUE;HB 5e editie 2024.pdf;2;827006;
827;https://www.uitvoeringarbeidsvoorwaardenwetgeving.nl/mozard/!suite92.scherm1007?mObj=43986&mSelod=735822;TRUE;HB 5e editie 2024_1.pdf;2;827007;
827;https://www.uitvoeringarbeidsvoorwaardenwetgeving.nl/mozard/!suite92.scherm1007?mObj=45537&mSelod=735822;TRUE;HB 5e editie 2024_2.pdf;2;827008;
827;https://www.uitvoeringarbeidsvoorwaardenwetgeving.nl/mozard/!suite92.scherm1007?mObj=8448&mSelod=735822;TRUE;cao_M_T_goud_en_zilvernijverheid_827.pdf;1;827009;
827;https://www.uitvoeringarbeidsvoorwaardenwetgeving.nl/mozard/!suite92.scherm1007?mObj=8763&mSelod=735822;TRUE;CAO_GZ_2017_2019_TTW_juli_2017.pdf;1;827010;
827;https://www.uitvoeringarbeidsvoorwaardenwetgeving.nl/mozard/!suite92.scherm1007?mObj=8765&mSelod=735822;TRUE;CAO_GZ_2017_2019_TTW_LL_nov_2018.pdf;1;827011;
827;https://www.uitvoeringarbeidsvoorwaardenwetgeving.nl/mozard/!suite92.scherm1007?mObj=8762&mSelod=735822;TRUE;CAO_GZ_17_19.pdf;1;827012;
827;https://www.uitvoeringarbeidsvoorwaardenwetgeving.nl/mozard/!suite92.scherm1007?mObj=8764&mSelod=735822;TRUE;CAO_GZ_2017_2019_TTW_GP_nov_2017.pdf;1;827013;
827;https://www.uitvoeringarbeidsvoorwaardenwetgeving.nl/mozard/!suite92.scherm1007?mObj=21673&mSelod=735822;TRUE;CAO GZ 2019 2021 SZW TTW V2 Wagweu.docx.pdf;1;827014;
827;https://www.uitvoeringarbeidsvoorwaardenwetgeving.nl/mozard/!suite92.scherm1007?mObj=21138&mSelod=735822;TRUE;CAO GZ 2019 2021 SZW TTW Wagweu art 64.docx.pdf;1;827015;
827;https://www.uitvoeringarbeidsvoorwaardenwetgeving.nl/mozard/!suite92.scherm1007?mObj=30342&mSelod=735822;TRUE;CAO GZ 2021 2024.pdf;1;827016;
310;https://www.uitvoeringarbeidsvoorwaardenwetgeving.nl/mozard/!suite92.scherm1007?mObj=7474&mSelod=735848;TRUE;CAO_Margarine__en_Spijsvetindustrie.pdf;1;310001;
310;https://www.uitvoeringarbeidsvoorwaardenwetgeving.nl/mozard/!suite92.scherm1007?mObj=7110&mSelod=735848;TRUE;Margarine__en_spijsvetindustrie_cao_2017_2019.pdf;1;310002;
310;https://www.uitvoeringarbeidsvoorwaardenwetgeving.nl/mozard/!suite92.scherm1007?mObj=20450&mSelod=735848;TRUE;margarine-spijsvet 2019-2020 - def.pdf;1;310003;
310;https://www.uitvoeringarbeidsvoorwaardenwetgeving.nl/mozard/!suite92.scherm1007?mObj=7475&mSelod=735848;TRUE;Def_CAO_Margarine_en_Spijsvetindustrie_08_10.pdf;1;310004;
310;https://www.uitvoeringarbeidsvoorwaardenwetgeving.nl/mozard/!suite92.scherm1007?mObj=7476&mSelod=735848;TRUE;AWVN_margarone__en_Spijsvetindustrie_10_11.pdf;1;310005;
310;https://www.uitvoeringarbeidsvoorwaardenwetgeving.nl/mozard/!suite92.scherm1007?mObj=7477&mSelod=735848;TRUE;AWVN__515845_Margarine__en_Spijsvetindustrie_11_12.pdf;1;310006;
310;https://www.uitvoeringarbeidsvoorwaardenwetgeving.nl/mozard/!suite92.scherm1007?mObj=7107&mSelod=735848;TRUE;Margarine_en_spijs_cao_2013_2014.pdf;1;310007;
310;https://www.uitvoeringarbeidsvoorwaardenwetgeving.nl/mozard/!suite92.scherm1007?mObj=7108&mSelod=735848;TRUE;Margarine__en_spijsvetindustrie_cao_2014_2015.pdf;1;310008;
310;https://www.uitvoeringarbeidsvoorwaardenwetgeving.nl/mozard/!suite92.scherm1007?mObj=7109&mSelod=735848;TRUE;margarine_spijs_2015_2016___def.pdf;1;310009;
310;https://www.uitvoeringarbeidsvoorwaardenwetgeving.nl/mozard/!suite92.scherm1007?mObj=21811&mSelod=735848;TRUE;Margarine en Spijsvet cao 2020-2022 - def.pdf;1;310010;
488;https://www.uitvoeringarbeidsvoorwaardenwetgeving.nl/mozard/!suite92.scherm1007?mObj=7818&mSelod=735936;TRUE;CAO_HP___bijlage_110804_integraal.pdf;1;488001;
488;https://www.uitvoeringarbeidsvoorwaardenwetgeving.nl/mozard/!suite92.scherm1007?mObj=7821&mSelod=735936;TRUE;CAO_HPME__versie_121008.pdf;1;488002;
488;https://www.uitvoeringarbeidsvoorwaardenwetgeving.nl/mozard/!suite92.scherm1007?mObj=7819&mSelod=735936;TRUE;CAO_HP.pdf;1;488003;
488;https://www.uitvoeringarbeidsvoorwaardenwetgeving.nl/mozard/!suite92.scherm1007?mObj=7820&mSelod=735936;TRUE;CAO_HP___bijlage.pdf;1;488004;
488;https://www.uitvoeringarbeidsvoorwaardenwetgeving.nl/mozard/!suite92.scherm1007?mObj=7823&mSelod=735936;TRUE;2__CAO_Metalektro_HP__zonder_renvoi_.pdf;1;488005;
488;https://www.uitvoeringarbeidsvoorwaardenwetgeving.nl/mozard/!suite92.scherm1007?mObj=14956&mSelod=735936;TRUE;HP-cao Metalektro voor aanmelding versie 27-09-2019OB.docx.pdf;1;488006;
488;https://www.uitvoeringarbeidsvoorwaardenwetgeving.nl/mozard/!suite92.scherm1007?mObj=15184&mSelod=735936;TRUE;HP-cao Metalektro hertaald voor aanmelding 4-11-19.docx.pdf;1;488007;
488;https://www.uitvoeringarbeidsvoorwaardenwetgeving.nl/mozard/!suite92.scherm1007?mObj=14640&mSelod=735936;TRUE;HP-cao Metalektro hertaald volledig - def versie 23-07-2019OB.docx.pdf;1;488008;
488;https://www.uitvoeringarbeidsvoorwaardenwetgeving.nl/mozard/!suite92.scherm1007?mObj=43633&mSelod=735936;TRUE;Cao HP def. versie 4-9-2024 schoon.pdf;1;488009;
488;https://www.uitvoeringarbeidsvoorwaardenwetgeving.nl/mozard/!suite92.scherm1007?mObj=45533&mSelod=735936;TRUE;Cao HP schone versie ttw 09-12-2024.pdf;1;488010;
488;https://www.uitvoeringarbeidsvoorwaardenwetgeving.nl/mozard/!suite92.scherm1007?mObj=43416&mSelod=735936;TRUE;Cao HP def. versie 17-7-24 met markeringen.pdf;1;488011;
488;https://www.uitvoeringarbeidsvoorwaardenwetgeving.nl/mozard/!suite92.scherm1007?mObj=7822&mSelod=735936;TRUE;CAO_Metalektro_2013_2015_HP.pdf;1;488012;
488;https://www.uitvoeringarbeidsvoorwaardenwetgeving.nl/mozard/!suite92.scherm1007?mObj=24570&mSelod=735936;TRUE;Aanmelding 13-12 HP-cao Metalektro.pdf;1;488013;
488;https://www.uitvoeringarbeidsvoorwaardenwetgeving.nl/mozard/!suite92.scherm1007?mObj=23625&mSelod=735936;TRUE;Def. concept 16-11 HP-cao Metalektro.pdf;1;488014;
488;https://www.uitvoeringarbeidsvoorwaardenwetgeving.nl/mozard/!suite92.scherm1007?mObj=24148&mSelod=735936;TRUE;Def. versie aanmelding ttw 24-11 HP-cao Metalektro.pdf;1;488015;
488;https://www.uitvoeringarbeidsvoorwaardenwetgeving.nl/mozard/!suite92.scherm1007?mObj=31949&mSelod=735936;TRUE;Cao HP def. versie 29-11-22 met statuten ROM en SSF.pdf;1;488016;
488;https://www.uitvoeringarbeidsvoorwaardenwetgeving.nl/mozard/!suite92.scherm1007?mObj=37918&mSelod=735936;TRUE;Versie aanmelding HP ttw 26-7.pdf;1;488017;
4215;https://www.uitvoeringarbeidsvoorwaardenwetgeving.nl/mozard/!suite92.scherm1007?mObj=23164&mSelod=735948;TRUE;CAO MKMB Kinderopvang 2021 2023 1 juli 2021.pdf;1;4215001;
979;https://www.uitvoeringarbeidsvoorwaardenwetgeving.nl/mozard/!suite92.scherm1007?mObj=36984&mSelod=735987;TRUE;MV CAO 2023-2024 def tekst.pdf;1;979001;
979;https://www.uitvoeringarbeidsvoorwaardenwetgeving.nl/mozard/!suite92.scherm1007?mObj=8515&mSelod=735987;TRUE;Tekst_2013_2015_VRMCAOpdf.pdf;1;979002;
979;https://www.uitvoeringarbeidsvoorwaardenwetgeving.nl/mozard/!suite92.scherm1007?mObj=8516&mSelod=735987;TRUE;Museumvereniging_CAO_def.pdf;1;979003;
979;https://www.uitvoeringarbeidsvoorwaardenwetgeving.nl/mozard/!suite92.scherm1007?mObj=30406&mSelod=735987;TRUE;MV CAO 2020-2022 def.pdf;1;979004;
979;https://www.uitvoeringarbeidsvoorwaardenwetgeving.nl/mozard/!suite92.scherm1007?mObj=43882&mSelod=735987;TRUE;MV_Museum cao 20242026def.pdf;1;979005;
979;https://www.uitvoeringarbeidsvoorwaardenwetgeving.nl/mozard/!suite92.scherm1007?mObj=8514&mSelod=735987;TRUE;Tekst_2011_2013_VRMCAO.pdf;1;979006;
979;https://www.uitvoeringarbeidsvoorwaardenwetgeving.nl/mozard/!suite92.scherm1007?mObj=8517&mSelod=735987;TRUE;Museumvereniging_CAO_2016_2018_definitief.pdf;1;979007;
979;https://www.uitvoeringarbeidsvoorwaardenwetgeving.nl/mozard/!suite92.scherm1007?mObj=15671&mSelod=735987;TRUE;MV CAO 2018-2020_update_1 januari 2020.pdf;1;979008;
979;https://www.uitvoeringarbeidsvoorwaardenwetgeving.nl/mozard/!suite92.scherm1007?mObj=1015&mSelod=735987;TRUE;CAO 2018-2020 pdf definitief.pdf .pdf;1;979009;
4245;https://www.uitvoeringarbeidsvoorwaardenwetgeving.nl/mozard/!suite92.scherm1007?mObj=46192&mSelod=735992;TRUE;CAO ME 2025 2026 V1.pdf;1;4245001;
4245;https://www.uitvoeringarbeidsvoorwaardenwetgeving.nl/mozard/!suite92.scherm1007?mObj=33129&mSelod=735992;TRUE;2023.01.01.Cao ME 2022-2024 V3d.pdf;1;4245002;
4245;https://www.uitvoeringarbeidsvoorwaardenwetgeving.nl/mozard/!suite92.scherm1007?mObj=30816&mSelod=735992;TRUE;2022.06.26.Cao ME 2022-2024 V2d..pdf;1;4245003;
4245;https://www.uitvoeringarbeidsvoorwaardenwetgeving.nl/mozard/!suite92.scherm1007?mObj=28119&mSelod=735992;TRUE;Cao ME 2022-2024 V1d.pdf;1;4245004;
3874;https://www.uitvoeringarbeidsvoorwaardenwetgeving.nl/mozard/!suite92.scherm1007?mObj=12422&mSelod=735998;TRUE;CAO_VBN_2016_2018__TTW_3_mei_2018_.pdf;1;3874001;
3874;https://www.uitvoeringarbeidsvoorwaardenwetgeving.nl/mozard/!suite92.scherm1007?mObj=12421&mSelod=735998;TRUE;CAO_VBN_2016_2018__TTW_3_mei_2018__1.pdf;1;3874002;
3874;https://www.uitvoeringarbeidsvoorwaardenwetgeving.nl/mozard/!suite92.scherm1007?mObj=12420&mSelod=735998;TRUE;CAO_VBN_2016_2018.pdf;1;3874003;
418;https://www.uitvoeringarbeidsvoorwaardenwetgeving.nl/mozard/!suite92.scherm1007?mObj=7908&mSelod=736000;TRUE;aanmeldtekst_Cao_Natuursteen_2016_2017.pdf;1;418001;
418;https://www.uitvoeringarbeidsvoorwaardenwetgeving.nl/mozard/!suite92.scherm1007?mObj=7905&mSelod=736000;TRUE;CAO_Natuursteen_2011_2013_aanmeldingstekst.pdf;1;418002;
418;https://www.uitvoeringarbeidsvoorwaardenwetgeving.nl/mozard/!suite92.scherm1007?mObj=7906&mSelod=736000;TRUE;CAO_Natuursteen_2013_2014_aanmeldingstekst.pdf;1;418003;
418;https://www.uitvoeringarbeidsvoorwaardenwetgeving.nl/mozard/!suite92.scherm1007?mObj=7907&mSelod=736000;TRUE;aanmeldingstekst_cao_Natuursteen_2014_2015.pdf;1;418004;
1094;https://www.uitvoeringarbeidsvoorwaardenwetgeving.nl/mozard/!suite92.scherm1007?mObj=8666&mSelod=736008;TRUE;2131722_NBBU_CAO_Vaste_Medewerkers_V2.pdf;1;1094001;
1094;https://www.uitvoeringarbeidsvoorwaardenwetgeving.nl/mozard/!suite92.scherm1007?mObj=8665&mSelod=736008;TRUE;2111327_NBBU_CAO_Vaste_Medewerkers.pdf;1;1094002;
1094;https://www.uitvoeringarbeidsvoorwaardenwetgeving.nl/mozard/!suite92.scherm1007?mObj=8672&mSelod=736008;TRUE;2172111_NBBU_CAO_VM_def.pdf;1;1094003;
1094;https://www.uitvoeringarbeidsvoorwaardenwetgeving.nl/mozard/!suite92.scherm1007?mObj=8669&mSelod=736008;TRUE;2151935_NBBU_CAO_V5__4_.pdf;1;1094004;
1094;https://www.uitvoeringarbeidsvoorwaardenwetgeving.nl/mozard/!suite92.scherm1007?mObj=8667&mSelod=736008;TRUE;2141807_NBBU_CAO_Vaste_Medewerkers_V3__2_.pdf;1;1094005;
1094;https://www.uitvoeringarbeidsvoorwaardenwetgeving.nl/mozard/!suite92.scherm1007?mObj=8668&mSelod=736008;TRUE;DEFINITIEVE_VERSIE_cao_vaste_medewerkers.pdf;1;1094006;
1094;https://www.uitvoeringarbeidsvoorwaardenwetgeving.nl/mozard/!suite92.scherm1007?mObj=8670&mSelod=736008;TRUE;2160958_NBBU_CAO_V2__00000002_.pdf;1;1094007;
1094;https://www.uitvoeringarbeidsvoorwaardenwetgeving.nl/mozard/!suite92.scherm1007?mObj=8671&mSelod=736008;TRUE;NBBU_CAO_vaste_medewerkers_2017.pdf;1;1094008;
1094;https://www.uitvoeringarbeidsvoorwaardenwetgeving.nl/mozard/!suite92.scherm1007?mObj=589&mSelod=736008;TRUE;NBBU_CAO_Vaste_Medewerkers_2019 OTF DP v2.pdf .pdf;1;1094009;
1094;https://www.uitvoeringarbeidsvoorwaardenwetgeving.nl/mozard/!suite92.scherm1007?mObj=15486&mSelod=736008;TRUE;NBBU_CAO_Vaste_Medewerkers_2020.pdf;1;1094010;
1094;https://www.uitvoeringarbeidsvoorwaardenwetgeving.nl/mozard/!suite92.scherm1007?mObj=21188&mSelod=736008;TRUE;NBBU_CAO_Vaste_Medewerkers_2021.pdf;1;1094011;
1094;https://www.uitvoeringarbeidsvoorwaardenwetgeving.nl/mozard/!suite92.scherm1007?mObj=30607&mSelod=736008;TRUE;NBBU_CAO_Vaste_Medewerkers_2022 OTF DP.pdf;1;1094012;
1094;https://www.uitvoeringarbeidsvoorwaardenwetgeving.nl/mozard/!suite92.scherm1007?mObj=32624&mSelod=736008;TRUE;NBBU_CAO_Vaste_Medewerkers_januari 2023.pdf;1;1094013;
1094;https://www.uitvoeringarbeidsvoorwaardenwetgeving.nl/mozard/!suite92.scherm1007?mObj=24876&mSelod=736008;TRUE;NBBU_CAO_Vaste_Medewerkers_2022 Def.pdf;1;1094014;
1094;https://www.uitvoeringarbeidsvoorwaardenwetgeving.nl/mozard/!suite92.scherm1007?mObj=41319&mSelod=736008;TRUE;NBBU_CAO_Vaste_Medewerkers_2024 DEF.pdf;1;1094015;
4274;https://www.uitvoeringarbeidsvoorwaardenwetgeving.nl/mozard/!suite92.scherm1007?mObj=47574&mSelod=736014;TRUE;CAO_NHG_ WORD DEF_versie 2_1 jan 2024 tm 30 juni 2026.pdf;1;4274001;
4274;https://www.uitvoeringarbeidsvoorwaardenwetgeving.nl/mozard/!suite92.scherm1007?mObj=39722&mSelod=736014;TRUE;HORECA CAO .pdf;1;4274002;
4274;https://www.uitvoeringarbeidsvoorwaardenwetgeving.nl/mozard/!suite92.scherm1007?mObj=31778&mSelod=736014;TRUE;CAO_WORD_NHG_ BVHP _ 1 nov 2022 tm 31 dec 2023 -.pdf;1;4274003;
4088;https://www.uitvoeringarbeidsvoorwaardenwetgeving.nl/mozard/!suite92.scherm1007?mObj=15365&mSelod=736037;TRUE;20191127 CAO NL orkesten 2018-2019 DEF.pdf;1;4088001;
4088;https://www.uitvoeringarbeidsvoorwaardenwetgeving.nl/mozard/!suite92.scherm1007?mObj=21172&mSelod=736037;TRUE;NL orkesten cao 20201217.pdf;1;4088002;
4088;https://www.uitvoeringarbeidsvoorwaardenwetgeving.nl/mozard/!suite92.scherm1007?mObj=32350&mSelod=736037;TRUE;Cao NL orkesten looptijd 1 januari 2021 tot en met 31 december 2022.pdf;1;4088003;
4088;https://www.uitvoeringarbeidsvoorwaardenwetgeving.nl/mozard/!suite92.scherm1007?mObj=37159&mSelod=736037;TRUE;cao Nederlandse orkesten 1 januari 2023 - 1 oktober 2023_.pdf;1;4088004;
4088;https://www.uitvoeringarbeidsvoorwaardenwetgeving.nl/mozard/!suite92.scherm1007?mObj=43594&mSelod=736037;TRUE;Nederlandse Orkesten cao 2024-2025.pdf;1;4088005;
4088;https://www.uitvoeringarbeidsvoorwaardenwetgeving.nl/mozard/!suite92.scherm1007?mObj=51172&mSelod=736037;TRUE;NL orkesten cao 2025 2026.pdf;1;4088006;
4088;https://www.uitvoeringarbeidsvoorwaardenwetgeving.nl/mozard/!suite92.scherm1007?mObj=40680&mSelod=736037;TRUE;NL orkesten 1 oktober 2023 1 juli 2024_.pdf;1;4088007;
2143;https://www.uitvoeringarbeidsvoorwaardenwetgeving.nl/mozard/!suite92.scherm1007?mObj=10097&mSelod=736039;TRUE;CAO_NP_2010_2011__definitief_.pdf;1;2143001;
2143;https://www.uitvoeringarbeidsvoorwaardenwetgeving.nl/mozard/!suite92.scherm1007?mObj=10098&mSelod=736039;TRUE;CAO_NP_2012__def__.pdf;1;2143002;
2143;https://www.uitvoeringarbeidsvoorwaardenwetgeving.nl/mozard/!suite92.scherm1007?mObj=23592&mSelod=736039;TRUE;Cao Nederlandse Podia 2021 Tussentijdse wijziging.pdf;1;2143003;
2143;https://www.uitvoeringarbeidsvoorwaardenwetgeving.nl/mozard/!suite92.scherm1007?mObj=22436&mSelod=736039;TRUE;DEF CPT Cao Nederlandse Podia 2021_15-3-2021 schone versie.pdf;1;2143004;
2143;https://www.uitvoeringarbeidsvoorwaardenwetgeving.nl/mozard/!suite92.scherm1007?mObj=26660&mSelod=736039;TRUE;Cao Nederlandse Podia 2022-2023.pdf;1;2143005;
2143;https://www.uitvoeringarbeidsvoorwaardenwetgeving.nl/mozard/!suite92.scherm1007?mObj=31953&mSelod=736039;TRUE;Cao Nederlandse Podia 2022_2023.pdf;1;2143006;
2143;https://www.uitvoeringarbeidsvoorwaardenwetgeving.nl/mozard/!suite92.scherm1007?mObj=40630&mSelod=736039;TRUE;Cao Nederlandse Podia 2024-2025.pdf;1;2143007;
2143;https://www.uitvoeringarbeidsvoorwaardenwetgeving.nl/mozard/!suite92.scherm1007?mObj=48237&mSelod=736039;TRUE;Cao Nederlandse Podia 2025-2026.pdf;1;2143008;
2143;https://www.uitvoeringarbeidsvoorwaardenwetgeving.nl/mozard/!suite92.scherm1007?mObj=10100&mSelod=736039;TRUE;CAO_NP_2016_2017_def.pdf;1;2143009;
2143;https://www.uitvoeringarbeidsvoorwaardenwetgeving.nl/mozard/!suite92.scherm1007?mObj=10101&mSelod=736039;TRUE;CAO_NP_2017_2019_zwart.pdf;1;2143010;
2143;https://www.uitvoeringarbeidsvoorwaardenwetgeving.nl/mozard/!suite92.scherm1007?mObj=14788&mSelod=736039;TRUE;Cao Nederlandse Podia 2019-2020.pdf;1;2143011;
2143;https://www.uitvoeringarbeidsvoorwaardenwetgeving.nl/mozard/!suite92.scherm1007?mObj=10099&mSelod=736039;TRUE;CAO_NP_2014_2016_ledenversie_totaal.pdf;1;2143012;
2994;https://www.uitvoeringarbeidsvoorwaardenwetgeving.nl/mozard/!suite92.scherm1007?mObj=11052&mSelod=736042;TRUE;NPF_2012.pdf;1;2994001;
2994;https://www.uitvoeringarbeidsvoorwaardenwetgeving.nl/mozard/!suite92.scherm1007?mObj=11053&mSelod=736042;TRUE;caonpf2015_2016.pdf;1;2994002;
2994;https://www.uitvoeringarbeidsvoorwaardenwetgeving.nl/mozard/!suite92.scherm1007?mObj=14871&mSelod=736042;TRUE;CAO Nederlandse Poppodia en -Festivals 2019-2020 ondertekend op 19 juli 2019.pdf;1;2994003;
2994;https://www.uitvoeringarbeidsvoorwaardenwetgeving.nl/mozard/!suite92.scherm1007?mObj=22766&mSelod=736042;TRUE;CAO Nederlandse Poppodia en -Festivals 2021.pdf;1;2994004;
2994;https://www.uitvoeringarbeidsvoorwaardenwetgeving.nl/mozard/!suite92.scherm1007?mObj=30114&mSelod=736042;TRUE;CAO Nederlandse Poppodia en -Festivals 2022-2023_def.pdf;1;2994005;
3866;https://www.uitvoeringarbeidsvoorwaardenwetgeving.nl/mozard/!suite92.scherm1007?mObj=34333&mSelod=736112;TRUE;CBA for Non-EU Fishers 2020-2023 (Def and signed).pdf;1;3866001;
3866;https://www.uitvoeringarbeidsvoorwaardenwetgeving.nl/mozard/!suite92.scherm1007?mObj=44399&mSelod=736112;TRUE;CBA for Non-EU Fishers 2024-2028 (Def + Signed RvZ and CNV).pdf;1;3866002;
3866;https://www.uitvoeringarbeidsvoorwaardenwetgeving.nl/mozard/!suite92.scherm1007?mObj=12414&mSelod=736112;TRUE;CBA_for_Non_EU_Offshore_Fishers_2015_2019.pdf;1;3866003;
3866;https://www.uitvoeringarbeidsvoorwaardenwetgeving.nl/mozard/!suite92.scherm1007?mObj=12415&mSelod=736112;TRUE;CBA_for_Non_EU_Fishers_2015_2019___Amended.pdf;1;3866004;
3233;https://www.uitvoeringarbeidsvoorwaardenwetgeving.nl/mozard/!suite92.scherm1007?mObj=10893&mSelod=736234;TRUE;AWVN_510489_v1Offshore_2011_2012obv_510488.pdf;1;3233001;
3233;https://www.uitvoeringarbeidsvoorwaardenwetgeving.nl/mozard/!suite92.scherm1007?mObj=10895&mSelod=736234;TRUE;2014_offshore_catering_na_ttw_h10artikel1_3.pdf;1;3233002;
3233;https://www.uitvoeringarbeidsvoorwaardenwetgeving.nl/mozard/!suite92.scherm1007?mObj=10894&mSelod=736234;TRUE;Offshore_catering_cao_def.pdf;1;3233003;
3233;https://www.uitvoeringarbeidsvoorwaardenwetgeving.nl/mozard/!suite92.scherm1007?mObj=10898&mSelod=736234;TRUE;cao_2016_2017_offshore_catering_obv_1677927.pdf;1;3233004;
3233;https://www.uitvoeringarbeidsvoorwaardenwetgeving.nl/mozard/!suite92.scherm1007?mObj=15533&mSelod=736234;TRUE;cao offshorecatering 2020-2021 .pdf;1;3233005;
3233;https://www.uitvoeringarbeidsvoorwaardenwetgeving.nl/mozard/!suite92.scherm1007?mObj=32202&mSelod=736234;TRUE;Cao offshorecatering 2022-2023 na ttw per 1-1-2023.pdf;1;3233006;
3233;https://www.uitvoeringarbeidsvoorwaardenwetgeving.nl/mozard/!suite92.scherm1007?mObj=26172&mSelod=736234;TRUE;Offshorecatering cao 2022-2023.pdf;1;3233007;
3233;https://www.uitvoeringarbeidsvoorwaardenwetgeving.nl/mozard/!suite92.scherm1007?mObj=40683&mSelod=736234;TRUE;Cao offshorecatering 2024.pdf;1;3233008;
3233;https://www.uitvoeringarbeidsvoorwaardenwetgeving.nl/mozard/!suite92.scherm1007?mObj=46221&mSelod=736234;TRUE;Cao offshorecatering 2025 versie 13-1-2025.pdf;1;3233009;
3233;https://www.uitvoeringarbeidsvoorwaardenwetgeving.nl/mozard/!suite92.scherm1007?mObj=10899&mSelod=736234;TRUE;offshorecatering_cao_2017_2019_obv_1681086.pdf;1;3233010;
3233;https://www.uitvoeringarbeidsvoorwaardenwetgeving.nl/mozard/!suite92.scherm1007?mObj=10900&mSelod=736234;TRUE;offshorecatering_cao_na_ttw.pdf;1;3233011;
3233;https://www.uitvoeringarbeidsvoorwaardenwetgeving.nl/mozard/!suite92.scherm1007?mObj=13800&mSelod=736234;TRUE;offshorecatering cao 2019.pdf .pdf;1;3233012;
3233;https://www.uitvoeringarbeidsvoorwaardenwetgeving.nl/mozard/!suite92.scherm1007?mObj=10896&mSelod=736234;TRUE;cao_2014_2015_offshore_catering.pdf;1;3233013;
3233;https://www.uitvoeringarbeidsvoorwaardenwetgeving.nl/mozard/!suite92.scherm1007?mObj=10897&mSelod=736234;TRUE;cao_incl_ttw_2014_2015_offshore_catering.pdf;1;3233014;
3233;https://www.uitvoeringarbeidsvoorwaardenwetgeving.nl/mozard/!suite92.scherm1007?mObj=14125&mSelod=736234;TRUE;offshorecatering TTW cao 2019 ivm bijlage 5.docx .pdf;1;3233015;
1537;https://www.uitvoeringarbeidsvoorwaardenwetgeving.nl/mozard/!suite92.scherm1007?mObj=9313&mSelod=736251;TRUE;AWVN__500669_v1_CAO_voor_het_Omroeppersoneel_11_12.pdf;1;1537001;
1537;https://www.uitvoeringarbeidsvoorwaardenwetgeving.nl/mozard/!suite92.scherm1007?mObj=9314&mSelod=736251;TRUE;CAO_Omroeppersoneel_2013___2014.pdf;1;1537002;
1537;https://www.uitvoeringarbeidsvoorwaardenwetgeving.nl/mozard/!suite92.scherm1007?mObj=9315&mSelod=736251;TRUE;CAO_voor_het_Omroeppersoneel_2015___2016_def.pdf;1;1537003;
1537;https://www.uitvoeringarbeidsvoorwaardenwetgeving.nl/mozard/!suite92.scherm1007?mObj=9316&mSelod=736251;TRUE;CAO_voor_het_Omroeppersoneel_2017_2018_def.pdf;1;1537004;
1537;https://www.uitvoeringarbeidsvoorwaardenwetgeving.nl/mozard/!suite92.scherm1007?mObj=9317&mSelod=736251;TRUE;NPO_TTW_cao_2017___2018_def.pdf;1;1537005;
1537;https://www.uitvoeringarbeidsvoorwaardenwetgeving.nl/mozard/!suite92.scherm1007?mObj=22176&mSelod=736251;TRUE;NPO CAO 2019-2021.pdf;1;1537006;
1537;https://www.uitvoeringarbeidsvoorwaardenwetgeving.nl/mozard/!suite92.scherm1007?mObj=23848&mSelod=736251;TRUE;NPO TTW 2019-2021.pdf;1;1537007;
1537;https://www.uitvoeringarbeidsvoorwaardenwetgeving.nl/mozard/!suite92.scherm1007?mObj=24230&mSelod=736251;TRUE;NPO CAO 2019-2021_1.pdf;1;1537008;
1537;https://www.uitvoeringarbeidsvoorwaardenwetgeving.nl/mozard/!suite92.scherm1007?mObj=30387&mSelod=736251;TRUE;NPO CAO 2022-2023.pdf;1;1537009;
1537;https://www.uitvoeringarbeidsvoorwaardenwetgeving.nl/mozard/!suite92.scherm1007?mObj=39388&mSelod=736251;TRUE;CAO 2024 NPO DEF. 31-10 2023.pdf;1;1537010;
1537;https://www.uitvoeringarbeidsvoorwaardenwetgeving.nl/mozard/!suite92.scherm1007?mObj=49554&mSelod=736251;TRUE;CAO 2025 - 2026.pdf;1;1537011;
1535;https://www.uitvoeringarbeidsvoorwaardenwetgeving.nl/mozard/!suite92.scherm1007?mObj=9308&mSelod=736263;TRUE;Cao_OI_2010_2012_definitieve_versie_cao_tekst.pdf;1;1535001;
1535;https://www.uitvoeringarbeidsvoorwaardenwetgeving.nl/mozard/!suite92.scherm1007?mObj=9309&mSelod=736263;TRUE;Cao_OI_2015_def.pdf;1;1535002;
1535;https://www.uitvoeringarbeidsvoorwaardenwetgeving.nl/mozard/!suite92.scherm1007?mObj=9310&mSelod=736263;TRUE;Cao_OI_2016.pdf;1;1535003;
1535;https://www.uitvoeringarbeidsvoorwaardenwetgeving.nl/mozard/!suite92.scherm1007?mObj=9311&mSelod=736263;TRUE;Cao_OI_2017def_24_maart_2017.pdf;1;1535004;
1535;https://www.uitvoeringarbeidsvoorwaardenwetgeving.nl/mozard/!suite92.scherm1007?mObj=9312&mSelod=736263;TRUE;Cao_OI_2018_2019_def.pdf;1;1535005;
1535;https://www.uitvoeringarbeidsvoorwaardenwetgeving.nl/mozard/!suite92.scherm1007?mObj=16707&mSelod=736263;TRUE;Cao 2020.pdf;1;1535006;
1535;https://www.uitvoeringarbeidsvoorwaardenwetgeving.nl/mozard/!suite92.scherm1007?mObj=22777&mSelod=736263;TRUE;Cao-OI 2021 def.pdf;1;1535007;
1535;https://www.uitvoeringarbeidsvoorwaardenwetgeving.nl/mozard/!suite92.scherm1007?mObj=30985&mSelod=736263;TRUE;Cao 2022-2023 def.pdf;1;1535008;
1535;https://www.uitvoeringarbeidsvoorwaardenwetgeving.nl/mozard/!suite92.scherm1007?mObj=9307&mSelod=736263;TRUE;CaoOI20102012.pdf;1;1535009;
1535;https://www.uitvoeringarbeidsvoorwaardenwetgeving.nl/mozard/!suite92.scherm1007?mObj=38521&mSelod=736263;TRUE;Cao 2023-2024.pdf;1;1535010;
1535;https://www.uitvoeringarbeidsvoorwaardenwetgeving.nl/mozard/!suite92.scherm1007?mObj=40740&mSelod=736263;TRUE;Cao 2023-2024_2.pdf;1;1535011;
1535;https://www.uitvoeringarbeidsvoorwaardenwetgeving.nl/mozard/!suite92.scherm1007?mObj=43310&mSelod=736263;TRUE;Cao-OI 2024-2025.pdf;1;1535012;
1535;https://www.uitvoeringarbeidsvoorwaardenwetgeving.nl/mozard/!suite92.scherm1007?mObj=15487&mSelod=736263;TRUE;19-52 Cao-OI 2019-2020 Wnra proof.pdf;1;1535013;
4171;https://www.uitvoeringarbeidsvoorwaardenwetgeving.nl/mozard/!suite92.scherm1007?mObj=22624&mSelod=736275;TRUE;CAO onwerkbaar weer BIKUDAK 2021 - 2022_ttw_april_2021 integraal.pdf;1;4171001;
4171;https://www.uitvoeringarbeidsvoorwaardenwetgeving.nl/mozard/!suite92.scherm1007?mObj=21141&mSelod=736275;TRUE;CAO Onwerkbaar weer BIKUDAK 2021 - 2022_def.docx.pdf;1;4171002;
4171;https://www.uitvoeringarbeidsvoorwaardenwetgeving.nl/mozard/!suite92.scherm1007?mObj=31811&mSelod=736275;TRUE;CAO onwerkbaar weer BIKUDAK 2023 - 2024_integraal.pdf;1;4171003;
4171;https://www.uitvoeringarbeidsvoorwaardenwetgeving.nl/mozard/!suite92.scherm1007?mObj=31916&mSelod=736275;TRUE;CAO onwerkbaar weer BIKUDAK 2023 - 2024_ttw_dec_integraal.pdf;1;4171004;
4171;https://www.uitvoeringarbeidsvoorwaardenwetgeving.nl/mozard/!suite92.scherm1007?mObj=47971&mSelod=736275;TRUE;CAO__Onwerkbaar weer_BIKUDAK 2025-2026_integraal schoon.pdf;1;4171005;
314;https://www.uitvoeringarbeidsvoorwaardenwetgeving.nl/mozard/!suite92.scherm1007?mObj=7116&mSelod=736280;TRUE;CAO_OP_2014.pdf;1;314001;
314;https://www.uitvoeringarbeidsvoorwaardenwetgeving.nl/mozard/!suite92.scherm1007?mObj=7114&mSelod=736280;TRUE;Opinieweekblad_314.pdf;1;314002;
314;https://www.uitvoeringarbeidsvoorwaardenwetgeving.nl/mozard/!suite92.scherm1007?mObj=7115&mSelod=736280;TRUE;CAO_OP_2013_v1_2__geschoond_.pdf;1;314003;
171;https://www.uitvoeringarbeidsvoorwaardenwetgeving.nl/mozard/!suite92.scherm1007?mObj=7193&mSelod=736302;TRUE;cao_orsima_2011_2012__definitief.pdf;1;171001;
171;https://www.uitvoeringarbeidsvoorwaardenwetgeving.nl/mozard/!suite92.scherm1007?mObj=7195&mSelod=736302;TRUE;cao_orsima_2013_def_incl_aanpassing_werkingssfeer.pdf;1;171002;
171;https://www.uitvoeringarbeidsvoorwaardenwetgeving.nl/mozard/!suite92.scherm1007?mObj=7194&mSelod=736302;TRUE;cao_orsima_2013_definitief.pdf;1;171003;
171;https://www.uitvoeringarbeidsvoorwaardenwetgeving.nl/mozard/!suite92.scherm1007?mObj=7196&mSelod=736302;TRUE;cao_orsima_2013_def_incl_nwe_werkingssfeer_art1_5.pdf;1;171004;
171;https://www.uitvoeringarbeidsvoorwaardenwetgeving.nl/mozard/!suite92.scherm1007?mObj=7197&mSelod=736302;TRUE;cao_orsima_2014_2015_definitief.pdf;1;171005;
171;https://www.uitvoeringarbeidsvoorwaardenwetgeving.nl/mozard/!suite92.scherm1007?mObj=7199&mSelod=736302;TRUE;cao_orsima_2016_2017.pdf;1;171006;
171;https://www.uitvoeringarbeidsvoorwaardenwetgeving.nl/mozard/!suite92.scherm1007?mObj=7201&mSelod=736302;TRUE;cao_orsima_2018_2020_definitief_13122018.pdf;1;171007;
171;https://www.uitvoeringarbeidsvoorwaardenwetgeving.nl/mozard/!suite92.scherm1007?mObj=7200&mSelod=736302;TRUE;cao_orsima_2018_2020_definitief.pdf;1;171008;
171;https://www.uitvoeringarbeidsvoorwaardenwetgeving.nl/mozard/!suite92.scherm1007?mObj=13978&mSelod=736302;TRUE;cao orsima 2018-2020 definitief april 2019, nieuw loongebouw.docx .pdf;1;171009;
171;https://www.uitvoeringarbeidsvoorwaardenwetgeving.nl/mozard/!suite92.scherm1007?mObj=49555&mSelod=736302;TRUE;Orsima Cao 1 maart 2025 - 30 april 2026.pdf;1;171010;
171;https://www.uitvoeringarbeidsvoorwaardenwetgeving.nl/mozard/!suite92.scherm1007?mObj=50901&mSelod=736302;TRUE;Orsima Cao 1 maart 2025 - 30 april 2026 v. 18-08-2025.pdf;1;171011;
171;https://www.uitvoeringarbeidsvoorwaardenwetgeving.nl/mozard/!suite92.scherm1007?mObj=21493&mSelod=736302;TRUE;Definitief cao 1 april 2020 - 30 september 2021.docx.pdf;1;171012;
171;https://www.uitvoeringarbeidsvoorwaardenwetgeving.nl/mozard/!suite92.scherm1007?mObj=42892&mSelod=736302;TRUE;Cao 1 april 2024 - 28 februari 2025 definitief.pdf;1;171013;
171;https://www.uitvoeringarbeidsvoorwaardenwetgeving.nl/mozard/!suite92.scherm1007?mObj=43405&mSelod=736302;TRUE;Cao 1 april 2024 - 28 februari 2025 definitief 29072024.pdf;1;171014;
171;https://www.uitvoeringarbeidsvoorwaardenwetgeving.nl/mozard/!suite92.scherm1007?mObj=32711&mSelod=736302;TRUE;cao Orsima 1 oktober 2022 - 1 april 2024, definitief.pdf;1;171015;
558;https://www.uitvoeringarbeidsvoorwaardenwetgeving.nl/mozard/!suite92.scherm1007?mObj=7687&mSelod=736334;TRUE;20130222_CAO_Papiergroothandel_2010___2013.pdf;1;558001;
140;https://www.uitvoeringarbeidsvoorwaardenwetgeving.nl/mozard/!suite92.scherm1007?mObj=7560&mSelod=736343;TRUE;CAO_parketvloerenondernemingen.pdf;1;140001;
140;https://www.uitvoeringarbeidsvoorwaardenwetgeving.nl/mozard/!suite92.scherm1007?mObj=7561&mSelod=736343;TRUE;CAO_parket_doorlopende_tekst.pdf;1;140002;
4263;https://www.uitvoeringarbeidsvoorwaardenwetgeving.nl/mozard/!suite92.scherm1007?mObj=38584&mSelod=736347;TRUE;Cao passagiers- en bagageafhandeling met handboek versie 4-9-2023 def.pdf;1;4263001;
4263;https://www.uitvoeringarbeidsvoorwaardenwetgeving.nl/mozard/!suite92.scherm1007?mObj=37652&mSelod=736347;TRUE;Cao passagiers- en bagageafhandeling met handboek na ttw versie 4-7-2023.pdf;1;4263002;
4263;https://www.uitvoeringarbeidsvoorwaardenwetgeving.nl/mozard/!suite92.scherm1007?mObj=41432&mSelod=736347;TRUE;Cao na ttw per 1-1-2024 Cao passagiers- en bagageafhandeling met handboek versie 18-1-2024.pdf;1;4263003;
4263;https://www.uitvoeringarbeidsvoorwaardenwetgeving.nl/mozard/!suite92.scherm1007?mObj=30682&mSelod=736347;TRUE;WPBL passagiers- en bagageafhandeling 2022-2025.pdf;1;4263004;
4000;https://www.uitvoeringarbeidsvoorwaardenwetgeving.nl/mozard/!suite92.scherm1007?mObj=16665&mSelod=736349;TRUE;20200610_paww_cao_sector_3no_02A.docx.pdf;1;4000001;
4000;https://www.uitvoeringarbeidsvoorwaardenwetgeving.nl/mozard/!suite92.scherm1007?mObj=31103&mSelod=736349;TRUE;01092022_cao_PAWW_Bouw_3no_02.pdf;1;4000002;
4000;https://www.uitvoeringarbeidsvoorwaardenwetgeving.nl/mozard/!suite92.scherm1007?mObj=41672&mSelod=736349;TRUE;A.05022024_cao_PAWW_Bouw_3no_02 A.pdf;1;4000003;
4000;https://www.uitvoeringarbeidsvoorwaardenwetgeving.nl/mozard/!suite92.scherm1007?mObj=42151&mSelod=736349;TRUE;A.08032024_cao_PAWW_Bouw_3no_02A.pdf;1;4000004;
4000;https://www.uitvoeringarbeidsvoorwaardenwetgeving.nl/mozard/!suite92.scherm1007?mObj=30991&mSelod=736349;TRUE;18082022_cao_PAWW_Bouw_3no_02.pdf;1;4000005;
3109;https://www.uitvoeringarbeidsvoorwaardenwetgeving.nl/mozard/!suite92.scherm1007?mObj=11129&mSelod=736478;TRUE;CAO_Postverspreiders_2014_2016__getekende_versie_.pdf;1;3109001;
3109;https://www.uitvoeringarbeidsvoorwaardenwetgeving.nl/mozard/!suite92.scherm1007?mObj=11127&mSelod=736478;TRUE;cao 2009 - 2012 versie 2 definitief.pdf;1;3109002;
3109;https://www.uitvoeringarbeidsvoorwaardenwetgeving.nl/mozard/!suite92.scherm1007?mObj=11128&mSelod=736478;TRUE;cao_2011___2013_definitief.pdf;1;3109003;
1637;https://www.uitvoeringarbeidsvoorwaardenwetgeving.nl/mozard/!suite92.scherm1007?mObj=15491&mSelod=736526;TRUE;Aanmelding Cao Provinciale Sector_CAO 2020.pdf;1;1637001;
1637;https://www.uitvoeringarbeidsvoorwaardenwetgeving.nl/mozard/!suite92.scherm1007?mObj=23508&mSelod=736526;TRUE;Cao Provinciale Sector_CAO 2021 - versie aanmelding cao.pdf;1;1637002;
1637;https://www.uitvoeringarbeidsvoorwaardenwetgeving.nl/mozard/!suite92.scherm1007?mObj=31698&mSelod=736526;TRUE;Cao Provinciale Sector_CAO 2022 - versie aanmelding cao.pdf;1;1637003;
1637;https://www.uitvoeringarbeidsvoorwaardenwetgeving.nl/mozard/!suite92.scherm1007?mObj=37234&mSelod=736526;TRUE;Cao Provinciale Sector_CAO 2022 - versie aanmelding cao na 30-3.pdf;1;1637004;
1637;https://www.uitvoeringarbeidsvoorwaardenwetgeving.nl/mozard/!suite92.scherm1007?mObj=44607&mSelod=736526;TRUE;cao provinciale sector 2024-2025 versie tussentijdse wijzigiging met wijz zichtbaar.pdf;1;1637005;
1637;https://www.uitvoeringarbeidsvoorwaardenwetgeving.nl/mozard/!suite92.scherm1007?mObj=43137&mSelod=736526;TRUE;cao provinciale sector 2024-2025 def.pdf;1;1637006;
1637;https://www.uitvoeringarbeidsvoorwaardenwetgeving.nl/mozard/!suite92.scherm1007?mObj=48923&mSelod=736526;TRUE;Cao provinciale sector 2025-2026.pdf;1;1637007;
2018;https://www.uitvoeringarbeidsvoorwaardenwetgeving.nl/mozard/!suite92.scherm1007?mObj=9995&mSelod=736532;TRUE;cao__sept_nieuw_1_april_2010.pdf;1;2018001;
2018;https://www.uitvoeringarbeidsvoorwaardenwetgeving.nl/mozard/!suite92.scherm1007?mObj=9996&mSelod=736532;TRUE;cao_2011_2012_oktober.pdf;1;2018002;
2018;https://www.uitvoeringarbeidsvoorwaardenwetgeving.nl/mozard/!suite92.scherm1007?mObj=9997&mSelod=736532;TRUE;PBO_1_april_2012_tot_en_met_31_december_2014.pdf;1;2018003;
313;https://www.uitvoeringarbeidsvoorwaardenwetgeving.nl/mozard/!suite92.scherm1007?mObj=7113&mSelod=736535;TRUE;CAO_PU_2014.pdf;1;313001;
313;https://www.uitvoeringarbeidsvoorwaardenwetgeving.nl/mozard/!suite92.scherm1007?mObj=7111&mSelod=736535;TRUE;Publiekstijdschriftjournalisten_313.pdf;1;313002;
313;https://www.uitvoeringarbeidsvoorwaardenwetgeving.nl/mozard/!suite92.scherm1007?mObj=7112&mSelod=736535;TRUE;CAO_PU_2013_v1_2__geschoond_.pdf;1;313003;
2527;https://www.uitvoeringarbeidsvoorwaardenwetgeving.nl/mozard/!suite92.scherm1007?mObj=10765&mSelod=736562;TRUE;CAR_2012_ondertekend.pdf;1;2527001;
544;https://www.uitvoeringarbeidsvoorwaardenwetgeving.nl/mozard/!suite92.scherm1007?mObj=7671&mSelod=736592;TRUE;CAO rederij cement tankvaart b.v. 2010.pdf;1;544001;
544;https://www.uitvoeringarbeidsvoorwaardenwetgeving.nl/mozard/!suite92.scherm1007?mObj=7672&mSelod=736592;TRUE;CAO_Rederij_Cement_Tankvaart_2011.pdf;1;544002;
544;https://www.uitvoeringarbeidsvoorwaardenwetgeving.nl/mozard/!suite92.scherm1007?mObj=7673&mSelod=736592;TRUE;Rederij_Cement_Tankvaart_CAO_2012.pdf;1;544003;
2299;https://www.uitvoeringarbeidsvoorwaardenwetgeving.nl/mozard/!suite92.scherm1007?mObj=9850&mSelod=736598;TRUE;CAOtekst_Reformatorisch_PO_2013.pdf;1;2299001;
2299;https://www.uitvoeringarbeidsvoorwaardenwetgeving.nl/mozard/!suite92.scherm1007?mObj=9853&mSelod=736598;TRUE;CAO_RPO_2018_2019.pdf;1;2299002;
2299;https://www.uitvoeringarbeidsvoorwaardenwetgeving.nl/mozard/!suite92.scherm1007?mObj=19350&mSelod=736598;TRUE;CAO RPO 2019-2020 definitief.pdf;1;2299003;
2299;https://www.uitvoeringarbeidsvoorwaardenwetgeving.nl/mozard/!suite92.scherm1007?mObj=47912&mSelod=736598;TRUE;CAO RPO 2025 (def zonder namen en handtekeningen).pdf;1;2299004;
2299;https://www.uitvoeringarbeidsvoorwaardenwetgeving.nl/mozard/!suite92.scherm1007?mObj=9851&mSelod=736598;TRUE;CAO_Reformatorisch_PO_2014_2015.pdf;1;2299005;
2299;https://www.uitvoeringarbeidsvoorwaardenwetgeving.nl/mozard/!suite92.scherm1007?mObj=9852&mSelod=736598;TRUE;Bijlage_1_CAO_RPO_2016_2017.pdf;1;2299006;
1429;https://www.uitvoeringarbeidsvoorwaardenwetgeving.nl/mozard/!suite92.scherm1007?mObj=9234&mSelod=736602;TRUE;HUISH.RTO 2010.pdf;1;1429001;
1429;https://www.uitvoeringarbeidsvoorwaardenwetgeving.nl/mozard/!suite92.scherm1007?mObj=9235&mSelod=736602;TRUE;RTO_CAO_2015.pdf;1;1429002;
1429;https://www.uitvoeringarbeidsvoorwaardenwetgeving.nl/mozard/!suite92.scherm1007?mObj=9236&mSelod=736602;TRUE;RTO_CAO_2017.pdf;1;1429003;
1429;https://www.uitvoeringarbeidsvoorwaardenwetgeving.nl/mozard/!suite92.scherm1007?mObj=9237&mSelod=736602;TRUE;RTO_CAO_2018.pdf;1;1429004;
1429;https://www.uitvoeringarbeidsvoorwaardenwetgeving.nl/mozard/!suite92.scherm1007?mObj=47362&mSelod=736602;TRUE;Regeling tewerkstelling niet EU-officieren op zeeschepen onder NL vlag RTO 2025-2029.pdf;1;1429005;
1429;https://www.uitvoeringarbeidsvoorwaardenwetgeving.nl/mozard/!suite92.scherm1007?mObj=50001&mSelod=736602;TRUE;RTO cao 2025tekenversiewordWAV.pdf;1;1429006;
65;https://www.uitvoeringarbeidsvoorwaardenwetgeving.nl/mozard/!suite92.scherm1007?mObj=516&mSelod=736610;TRUE;Cao remplaçanten 01-2019.pdf .pdf;1;65001;
65;https://www.uitvoeringarbeidsvoorwaardenwetgeving.nl/mozard/!suite92.scherm1007?mObj=32860&mSelod=736610;TRUE;remplaçanten cao 2021-2022_.pdf;1;65002;
65;https://www.uitvoeringarbeidsvoorwaardenwetgeving.nl/mozard/!suite92.scherm1007?mObj=37196&mSelod=736610;TRUE;cao remplaçanten Nederlandse orkesten 1 januari 2023 - 1 oktober 2023_.pdf;1;65003;
65;https://www.uitvoeringarbeidsvoorwaardenwetgeving.nl/mozard/!suite92.scherm1007?mObj=758&mSelod=736610;TRUE;cao remplacanten 20190125 def.pdf .pdf;1;65004;
65;https://www.uitvoeringarbeidsvoorwaardenwetgeving.nl/mozard/!suite92.scherm1007?mObj=18606&mSelod=736610;TRUE;Cao remplaçanten 2020.pdf;1;65005;
65;https://www.uitvoeringarbeidsvoorwaardenwetgeving.nl/mozard/!suite92.scherm1007?mObj=6913&mSelod=736610;TRUE;CAO_NL_orkesten_SZW.pdf;1;65006;
65;https://www.uitvoeringarbeidsvoorwaardenwetgeving.nl/mozard/!suite92.scherm1007?mObj=43593&mSelod=736610;TRUE;Remplacanten Nederlandse Orkesten cao 2024-2025.pdf;1;65007;
65;https://www.uitvoeringarbeidsvoorwaardenwetgeving.nl/mozard/!suite92.scherm1007?mObj=51171&mSelod=736610;TRUE;Remplacanten Nederlandse Orkesten cao 2025 2026.pdf;1;65008;
65;https://www.uitvoeringarbeidsvoorwaardenwetgeving.nl/mozard/!suite92.scherm1007?mObj=6914&mSelod=736610;TRUE;Orkesten_2014_2017.pdf;1;65009;
65;https://www.uitvoeringarbeidsvoorwaardenwetgeving.nl/mozard/!suite92.scherm1007?mObj=40684&mSelod=736610;TRUE;Remplaçanten Nl orkesten 1 oktober 2023 1 juli 2024_.pdf;1;65010;
85;https://www.uitvoeringarbeidsvoorwaardenwetgeving.nl/mozard/!suite92.scherm1007?mObj=7078&mSelod=736623;TRUE;CAO_2014_voor_aanmelding.pdf;1;85001;
85;https://www.uitvoeringarbeidsvoorwaardenwetgeving.nl/mozard/!suite92.scherm1007?mObj=14668&mSelod=736623;TRUE;CAO 2019 voor aanmelding.doc.pdf;1;85002;
85;https://www.uitvoeringarbeidsvoorwaardenwetgeving.nl/mozard/!suite92.scherm1007?mObj=31704&mSelod=736623;TRUE;Reglement raad van toezicht PGB (041122).pdf;22;85003;
1646;https://www.uitvoeringarbeidsvoorwaardenwetgeving.nl/mozard/!suite92.scherm1007?mObj=15399&mSelod=736634;TRUE;caotekst Rijk 2020.pdf;1;1646001;
1646;https://www.uitvoeringarbeidsvoorwaardenwetgeving.nl/mozard/!suite92.scherm1007?mObj=16714&mSelod=736634;TRUE;Rijk 2020.pdf;1;1646002;
1646;https://www.uitvoeringarbeidsvoorwaardenwetgeving.nl/mozard/!suite92.scherm1007?mObj=24550&mSelod=736634;TRUE;CAO Rijk 2021 versie met bedragen per 1 juli 2021.pdf;1;1646003;
1646;https://www.uitvoeringarbeidsvoorwaardenwetgeving.nl/mozard/!suite92.scherm1007?mObj=24813&mSelod=736634;TRUE;CAO Rijk 2021 versie met wijzigingen en indexaties per 1 januari 2022.pdf;1;1646004;
1646;https://www.uitvoeringarbeidsvoorwaardenwetgeving.nl/mozard/!suite92.scherm1007?mObj=41043&mSelod=736634;TRUE;CAO Rijk 2022-2024 versie met aanpassingen en indexaties per 1 januari 2024.pdf;1;1646005;
1646;https://www.uitvoeringarbeidsvoorwaardenwetgeving.nl/mozard/!suite92.scherm1007?mObj=31450&mSelod=736634;TRUE;CAO Rijk 2022-2024 versie 6 oktober 2022.pdf;1;1646006;
1646;https://www.uitvoeringarbeidsvoorwaardenwetgeving.nl/mozard/!suite92.scherm1007?mObj=42705&mSelod=736634;TRUE;CAO Rijk 2022-2024 versie met eenmalige cao-uitkering mei 2024.pdf;1;1646007;
1646;https://www.uitvoeringarbeidsvoorwaardenwetgeving.nl/mozard/!suite92.scherm1007?mObj=36765&mSelod=736634;TRUE;CAO Rijk 2022-2024 versie met roosterafspraken per 1 januari 2024.pdf;1;1646008;
1646;https://www.uitvoeringarbeidsvoorwaardenwetgeving.nl/mozard/!suite92.scherm1007?mObj=37239&mSelod=736634;TRUE;CAO Rijk 2022-2024 versie met indexaties per 1 juli 2023.pdf;1;1646009;
1646;https://www.uitvoeringarbeidsvoorwaardenwetgeving.nl/mozard/!suite92.scherm1007?mObj=32921&mSelod=736634;TRUE;CAO Rijk 2022-2024 versie met aanpassingen en indexaties per 1 januari 2023.pdf;1;1646010;
1646;https://www.uitvoeringarbeidsvoorwaardenwetgeving.nl/mozard/!suite92.scherm1007?mObj=21130&mSelod=736634;TRUE;CAO Rijk 2020 II per 31 december 2020.pdf;1;1646011;
1646;https://www.uitvoeringarbeidsvoorwaardenwetgeving.nl/mozard/!suite92.scherm1007?mObj=20808&mSelod=736634;TRUE;CAO Rijk 2020 II.pdf;1;1646012;
1646;https://www.uitvoeringarbeidsvoorwaardenwetgeving.nl/mozard/!suite92.scherm1007?mObj=43156&mSelod=736634;TRUE;CAO Rijk 2024-2025 per 1 juli 2024 - versie vastgesteld 27 juni 2024.pdf;1;1646013;
1646;https://www.uitvoeringarbeidsvoorwaardenwetgeving.nl/mozard/!suite92.scherm1007?mObj=45699&mSelod=736634;TRUE;CAO Rijk 2024-2025 per 1 januari 2025.pdf;1;1646014;
1646;https://www.uitvoeringarbeidsvoorwaardenwetgeving.nl/mozard/!suite92.scherm1007?mObj=48987&mSelod=736634;TRUE;CAO Rijk 2024-2025 per 1 juli 2025 - schoon.pdf;1;1646015;
2468;https://www.uitvoeringarbeidsvoorwaardenwetgeving.nl/mozard/!suite92.scherm1007?mObj=19294&mSelod=736726;TRUE;CAO 2020 DEF getekend door SBOH en LAD.pdf;1;2468001;
2468;https://www.uitvoeringarbeidsvoorwaardenwetgeving.nl/mozard/!suite92.scherm1007?mObj=31466&mSelod=736726;TRUE;getekende cao 2021.pdf;1;2468002;
2468;https://www.uitvoeringarbeidsvoorwaardenwetgeving.nl/mozard/!suite92.scherm1007?mObj=42896&mSelod=736726;TRUE;CAO SBOH 2022-2023 DEF PDF met opmaak RM.pdf;1;2468003;
2468;https://www.uitvoeringarbeidsvoorwaardenwetgeving.nl/mozard/!suite92.scherm1007?mObj=42920&mSelod=736726;TRUE;Cao SBOH 2024 tekst DEF en getekend.pdf;1;2468004;
2468;https://www.uitvoeringarbeidsvoorwaardenwetgeving.nl/mozard/!suite92.scherm1007?mObj=757&mSelod=736726;TRUE;cao SBOH 2018 - 2019 getekend.pdf .pdf;1;2468005;
3690;https://www.uitvoeringarbeidsvoorwaardenwetgeving.nl/mozard/!suite92.scherm1007?mObj=11758&mSelod=736738;TRUE;Fondsencao_per_1_januari_2016_incl__Stat.pdf;1;3690001;
3690;https://www.uitvoeringarbeidsvoorwaardenwetgeving.nl/mozard/!suite92.scherm1007?mObj=11756&mSelod=736738;TRUE;Fondsen_cao_SBW_wijziging_per_1_januari_2015_def.pdf;1;3690002;
3690;https://www.uitvoeringarbeidsvoorwaardenwetgeving.nl/mozard/!suite92.scherm1007?mObj=11760&mSelod=736738;TRUE;Fondsencao_per_1_januari_2017_incl__Stat.pdf;1;3690003;
3690;https://www.uitvoeringarbeidsvoorwaardenwetgeving.nl/mozard/!suite92.scherm1007?mObj=11759&mSelod=736738;TRUE;Fondsencao_per_1_januari_2016_incl__Stat_1.pdf;1;3690004;
3690;https://www.uitvoeringarbeidsvoorwaardenwetgeving.nl/mozard/!suite92.scherm1007?mObj=11761&mSelod=736738;TRUE;Fondsencao_per_1_januari_2018_incl__Stat.pdf;1;3690005;
3690;https://www.uitvoeringarbeidsvoorwaardenwetgeving.nl/mozard/!suite92.scherm1007?mObj=11762&mSelod=736738;TRUE;Fondsencao_per_1_januari_2018_incl__Stat_1.pdf;1;3690006;
3690;https://www.uitvoeringarbeidsvoorwaardenwetgeving.nl/mozard/!suite92.scherm1007?mObj=11755&mSelod=736738;TRUE;CAO_Stichting_BibliotheekWerk.pdf;1;3690007;
3690;https://www.uitvoeringarbeidsvoorwaardenwetgeving.nl/mozard/!suite92.scherm1007?mObj=11757&mSelod=736738;TRUE;Fondsen_cao_SBW_per_1_1_2015_150519.pdf;1;3690008;
3690;https://www.uitvoeringarbeidsvoorwaardenwetgeving.nl/mozard/!suite92.scherm1007?mObj=522&mSelod=736738;TRUE;Fondsencao per 1 januari 2019_incl. Stat.pdf .pdf;1;3690009;
3690;https://www.uitvoeringarbeidsvoorwaardenwetgeving.nl/mozard/!suite92.scherm1007?mObj=16230&mSelod=736738;TRUE;200101 Fondsen cao.pdf;1;3690010;
3690;https://www.uitvoeringarbeidsvoorwaardenwetgeving.nl/mozard/!suite92.scherm1007?mObj=27657&mSelod=736738;TRUE;Cao Stichting BibliotheekWerk 1-1-2022 - 31-12-2023 DEF 2 februari 2022_onderte.pdf;1;3690011;
3690;https://www.uitvoeringarbeidsvoorwaardenwetgeving.nl/mozard/!suite92.scherm1007?mObj=40618&mSelod=736738;TRUE;Cao Stichting BibliotheekWerk 1-1-2024 - 31-12-2026 DEF 3 november 2023 schone versie_ng.pdf;1;3690012;
1991;https://www.uitvoeringarbeidsvoorwaardenwetgeving.nl/mozard/!suite92.scherm1007?mObj=32922&mSelod=736768;TRUE;2020 - 2022 CAO Schoentechniek def.pdf;1;1991001;
1991;https://www.uitvoeringarbeidsvoorwaardenwetgeving.nl/mozard/!suite92.scherm1007?mObj=15436&mSelod=736768;TRUE;2017 - 2019 CAO Schoentechniek.pdf;1;1991002;
2165;https://www.uitvoeringarbeidsvoorwaardenwetgeving.nl/mozard/!suite92.scherm1007?mObj=10118&mSelod=736829;TRUE;Signbedrijven 2011-2013.pdf;1;2165001;
2165;https://www.uitvoeringarbeidsvoorwaardenwetgeving.nl/mozard/!suite92.scherm1007?mObj=10120&mSelod=736829;TRUE;CAO_Signbedrijven_2014_2016__ttw_22_juni_2015_.pdf;1;2165002;
2165;https://www.uitvoeringarbeidsvoorwaardenwetgeving.nl/mozard/!suite92.scherm1007?mObj=10119&mSelod=736829;TRUE;CAO_Signbedrijven_2014_2015__4_april_2014_.pdf;1;2165003;
2165;https://www.uitvoeringarbeidsvoorwaardenwetgeving.nl/mozard/!suite92.scherm1007?mObj=21029&mSelod=736829;TRUE;CAO Signbedrijven 2019-2021 ttw 13 december 2020 .pdf;1;2165004;
2165;https://www.uitvoeringarbeidsvoorwaardenwetgeving.nl/mozard/!suite92.scherm1007?mObj=23044&mSelod=736829;TRUE;CAO Signbedrijven 2019 - 2021 ttw 1 juli 2021.pdf;1;2165005;
2165;https://www.uitvoeringarbeidsvoorwaardenwetgeving.nl/mozard/!suite92.scherm1007?mObj=588&mSelod=736829;TRUE;CAO Signbedrijven 2019-2021 27 november 2018.pdf .pdf;1;2165006;
2165;https://www.uitvoeringarbeidsvoorwaardenwetgeving.nl/mozard/!suite92.scherm1007?mObj=18593&mSelod=736829;TRUE;CAO Signbedrijven 2019-2021 21 juli 2020.pdf;1;2165007;
2165;https://www.uitvoeringarbeidsvoorwaardenwetgeving.nl/mozard/!suite92.scherm1007?mObj=21209&mSelod=736829;TRUE;CAO Signbedrijven 2019-2021 DEFINITIEF ttw 1 december 2020 -005.pdf;1;2165008;
2165;https://www.uitvoeringarbeidsvoorwaardenwetgeving.nl/mozard/!suite92.scherm1007?mObj=29663&mSelod=736829;TRUE;CAO Signbedrijven 2022 2024 ttw 2 mei 2022.pdf;1;2165009;
2165;https://www.uitvoeringarbeidsvoorwaardenwetgeving.nl/mozard/!suite92.scherm1007?mObj=30884&mSelod=736829;TRUE;CAO Signbedrijven 2022 2024 ttw 8 augustus 2022.pdf;1;2165010;
2165;https://www.uitvoeringarbeidsvoorwaardenwetgeving.nl/mozard/!suite92.scherm1007?mObj=31814&mSelod=736829;TRUE;CAO Signbedrijven 2022 - 2024 ttw 21 november 2022.pdf;1;2165011;
2165;https://www.uitvoeringarbeidsvoorwaardenwetgeving.nl/mozard/!suite92.scherm1007?mObj=40738&mSelod=736829;TRUE;CAO Signbedrijven 2022 - 2024 (ttw 1 november 2023).pdf;1;2165012;
2165;https://www.uitvoeringarbeidsvoorwaardenwetgeving.nl/mozard/!suite92.scherm1007?mObj=24309&mSelod=736829;TRUE;CAO Signbedrijven 2022 30 november 2021.pdf;1;2165013;
2165;https://www.uitvoeringarbeidsvoorwaardenwetgeving.nl/mozard/!suite92.scherm1007?mObj=42153&mSelod=736829;TRUE;CAO Signbedrijven 2024 - 2026 (definitief).pdf.pdf;1;2165014;
2165;https://www.uitvoeringarbeidsvoorwaardenwetgeving.nl/mozard/!suite92.scherm1007?mObj=42273&mSelod=736829;TRUE;CAO Signbedrijven 2024 - 2026 (definitief 2.0).pdf;1;2165015;
2165;https://www.uitvoeringarbeidsvoorwaardenwetgeving.nl/mozard/!suite92.scherm1007?mObj=10121&mSelod=736829;TRUE;CAO_Signbedrijven_2016_2018__30_juni_2016_.pdf;1;2165016;
4062;https://www.uitvoeringarbeidsvoorwaardenwetgeving.nl/mozard/!suite92.scherm1007?mObj=41755&mSelod=736842;TRUE;03 - Cao DISS 2024 tm 2028 ongeren na 2eTTW.pdf;1;4062001;
4062;https://www.uitvoeringarbeidsvoorwaardenwetgeving.nl/mozard/!suite92.scherm1007?mObj=39570&mSelod=736842;TRUE;03 - Cao DISS 2024 tm 2028 ongerenv na TTW.pdf;1;4062002;
4062;https://www.uitvoeringarbeidsvoorwaardenwetgeving.nl/mozard/!suite92.scherm1007?mObj=46102&mSelod=736842;TRUE;03 - Cao DISS 2024 tm 2028 ongeren na 3e TTW.pdf;1;4062003;
4062;https://www.uitvoeringarbeidsvoorwaardenwetgeving.nl/mozard/!suite92.scherm1007?mObj=39122&mSelod=736842;TRUE;Cao DISS 2024 tm 2028.pdf;1;4062004;
4062;https://www.uitvoeringarbeidsvoorwaardenwetgeving.nl/mozard/!suite92.scherm1007?mObj=23553&mSelod=736842;TRUE;Cao DISS - 1-7-19 tm 31-12-23 - TTW - ongeren.pdf;1;4062005;
4062;https://www.uitvoeringarbeidsvoorwaardenwetgeving.nl/mozard/!suite92.scherm1007?mObj=15372&mSelod=736842;TRUE;Cao DISS - 1-7-19 tm 31-12-23 - TTW - ongeren.doc.pdf;1;4062006;
4062;https://www.uitvoeringarbeidsvoorwaardenwetgeving.nl/mozard/!suite92.scherm1007?mObj=20768&mSelod=736842;TRUE;Cao DISS - 1-7-19 tm 31-12-23 - TTW - ongeren.doc_1.pdf;1;4062007;
4062;https://www.uitvoeringarbeidsvoorwaardenwetgeving.nl/mozard/!suite92.scherm1007?mObj=14481&mSelod=736842;TRUE;Definitieve Cao DISS - looptijd 01-07-2019 tm 31-12-2023.doc .pdf;1;4062008;
4062;https://www.uitvoeringarbeidsvoorwaardenwetgeving.nl/mozard/!suite92.scherm1007?mObj=31469&mSelod=736842;TRUE;Cao DISS - 1-7-19 tm 31-12-23 - ongeren - 07-10-22.pdf;1;4062009;
3697;https://www.uitvoeringarbeidsvoorwaardenwetgeving.nl/mozard/!suite92.scherm1007?mObj=11768&mSelod=736943;TRUE;CAO_sportverenigingen2014.pdf;1;3697001;
3697;https://www.uitvoeringarbeidsvoorwaardenwetgeving.nl/mozard/!suite92.scherm1007?mObj=11769&mSelod=736943;TRUE;CAO_sportverenigingen___2016.pdf;1;3697002;
3697;https://www.uitvoeringarbeidsvoorwaardenwetgeving.nl/mozard/!suite92.scherm1007?mObj=11770&mSelod=736943;TRUE;CAO_sportverenigingen_2017.pdf;1;3697003;
3697;https://www.uitvoeringarbeidsvoorwaardenwetgeving.nl/mozard/!suite92.scherm1007?mObj=11771&mSelod=736943;TRUE;CAO_sportverenigingen_2018_2019_Defintief.pdf;1;3697004;
3697;https://www.uitvoeringarbeidsvoorwaardenwetgeving.nl/mozard/!suite92.scherm1007?mObj=24533&mSelod=736943;TRUE;CAO sportverenigingen 2020 - 2021 definitief getekend.pdf;1;3697005;
3697;https://www.uitvoeringarbeidsvoorwaardenwetgeving.nl/mozard/!suite92.scherm1007?mObj=26806&mSelod=736943;TRUE;CAO sportverenigingen 2022 - definitief getekend.pdf;1;3697006;
1463;https://www.uitvoeringarbeidsvoorwaardenwetgeving.nl/mozard/!suite92.scherm1007?mObj=9262&mSelod=737131;TRUE;zwart CAO NSO 2009-2011.pdf;1;1463001;
1463;https://www.uitvoeringarbeidsvoorwaardenwetgeving.nl/mozard/!suite92.scherm1007?mObj=9263&mSelod=737131;TRUE;versie 2 wijz CAO NSO 2009-2011.pdf;1;1463002;
1463;https://www.uitvoeringarbeidsvoorwaardenwetgeving.nl/mozard/!suite92.scherm1007?mObj=9264&mSelod=737131;TRUE;CAO_NSO_2011_2013_zwart.pdf;1;1463003;
427;https://www.uitvoeringarbeidsvoorwaardenwetgeving.nl/mozard/!suite92.scherm1007?mObj=31699&mSelod=737139;TRUE;cao TANDTECHNIEK 2022-2023 def.pdf;1;427001;
427;https://www.uitvoeringarbeidsvoorwaardenwetgeving.nl/mozard/!suite92.scherm1007?mObj=35562&mSelod=737139;TRUE;cao TANDTECHNIEK 2022-2023 TTW feb doorlopende tekst.pdf;1;427002;
427;https://www.uitvoeringarbeidsvoorwaardenwetgeving.nl/mozard/!suite92.scherm1007?mObj=34240&mSelod=737139;TRUE;cao TANDTECHNIEK 2022-2023 TTW doorlopende tekst.pdf;1;427003;
427;https://www.uitvoeringarbeidsvoorwaardenwetgeving.nl/mozard/!suite92.scherm1007?mObj=7920&mSelod=737139;TRUE;CAO_Tandtechniek_2011_2012.pdf;1;427004;
427;https://www.uitvoeringarbeidsvoorwaardenwetgeving.nl/mozard/!suite92.scherm1007?mObj=7921&mSelod=737139;TRUE;CAO_Tandtechniek_2011_2012_1.pdf;1;427005;
427;https://www.uitvoeringarbeidsvoorwaardenwetgeving.nl/mozard/!suite92.scherm1007?mObj=7922&mSelod=737139;TRUE;CAO_Tandtechniek_2012_2013.pdf;1;427006;
427;https://www.uitvoeringarbeidsvoorwaardenwetgeving.nl/mozard/!suite92.scherm1007?mObj=7923&mSelod=737139;TRUE;CAO_Tandtechniek_2013_2014.pdf;1;427007;
427;https://www.uitvoeringarbeidsvoorwaardenwetgeving.nl/mozard/!suite92.scherm1007?mObj=14282&mSelod=737139;TRUE;cao TANDTECHNIEK__070118-123119_tekenversie_final.docx .pdf;1;427008;
3993;https://www.uitvoeringarbeidsvoorwaardenwetgeving.nl/mozard/!suite92.scherm1007?mObj=12350&mSelod=737143;TRUE;CAO_BEDRIJVEN_BVTANDTECHNIEK_01072018_30062019.pdf;1;3993001;
3993;https://www.uitvoeringarbeidsvoorwaardenwetgeving.nl/mozard/!suite92.scherm1007?mObj=14551&mSelod=737143;TRUE;CAO BTT 2019 2021 11 maart 2019.pdf;1;3993002;
3993;https://www.uitvoeringarbeidsvoorwaardenwetgeving.nl/mozard/!suite92.scherm1007?mObj=22844&mSelod=737143;TRUE;CAO BTT 2021-2023 18 mei 2021.pdf;1;3993003;
3993;https://www.uitvoeringarbeidsvoorwaardenwetgeving.nl/mozard/!suite92.scherm1007?mObj=23043&mSelod=737143;TRUE;CAO BTT 2021-2023 16 juli 2021.pdf;1;3993004;
3993;https://www.uitvoeringarbeidsvoorwaardenwetgeving.nl/mozard/!suite92.scherm1007?mObj=29383&mSelod=737143;TRUE;CAO BTT 2021-2023 19 april 2022.pdf;1;3993005;
3993;https://www.uitvoeringarbeidsvoorwaardenwetgeving.nl/mozard/!suite92.scherm1007?mObj=22884&mSelod=737143;TRUE;CAO BTT 2021-2023 22 juni 2021.pdf;1;3993006;
3993;https://www.uitvoeringarbeidsvoorwaardenwetgeving.nl/mozard/!suite92.scherm1007?mObj=24934&mSelod=737143;TRUE;CAO BTT 2021-2023 10 december 2021.pdf;1;3993007;
1193;https://www.uitvoeringarbeidsvoorwaardenwetgeving.nl/mozard/!suite92.scherm1007?mObj=9416&mSelod=737172;TRUE;CAO_TENTOONSTELLINGSBEDRIJVEN_2011.pdf;1;1193001;
1193;https://www.uitvoeringarbeidsvoorwaardenwetgeving.nl/mozard/!suite92.scherm1007?mObj=9417&mSelod=737172;TRUE;CAOTB2011_def_per_29_juli.pdf;1;1193002;
1193;https://www.uitvoeringarbeidsvoorwaardenwetgeving.nl/mozard/!suite92.scherm1007?mObj=9418&mSelod=737172;TRUE;CAO_Tentoonstellingsbedrijven_2012_2013_def1411.pdf;1;1193003;
1193;https://www.uitvoeringarbeidsvoorwaardenwetgeving.nl/mozard/!suite92.scherm1007?mObj=9420&mSelod=737172;TRUE;CAO_TB_2014_nieuwe_word_versie.pdf;1;1193004;
1193;https://www.uitvoeringarbeidsvoorwaardenwetgeving.nl/mozard/!suite92.scherm1007?mObj=9419&mSelod=737172;TRUE;CAO_TB_2014.pdf;1;1193005;
1193;https://www.uitvoeringarbeidsvoorwaardenwetgeving.nl/mozard/!suite92.scherm1007?mObj=9422&mSelod=737172;TRUE;CAO_TTB_2015___2017.pdf;1;1193006;
1193;https://www.uitvoeringarbeidsvoorwaardenwetgeving.nl/mozard/!suite92.scherm1007?mObj=9423&mSelod=737172;TRUE;CAO_TTB_2015___2017_1.pdf;1;1193007;
1193;https://www.uitvoeringarbeidsvoorwaardenwetgeving.nl/mozard/!suite92.scherm1007?mObj=9421&mSelod=737172;TRUE;Cao_boekje_2015_2017_interactief.pdf;1;1193008;
1193;https://www.uitvoeringarbeidsvoorwaardenwetgeving.nl/mozard/!suite92.scherm1007?mObj=9001&mSelod=737172;TRUE;CAO_TTB_2018___2019_doorlopende_tekst.pdf;1;1193009;
1193;https://www.uitvoeringarbeidsvoorwaardenwetgeving.nl/mozard/!suite92.scherm1007?mObj=9002&mSelod=737172;TRUE;CAO_TTB_2018___2019_doorlopende_tekst_1.pdf;1;1193010;
1193;https://www.uitvoeringarbeidsvoorwaardenwetgeving.nl/mozard/!suite92.scherm1007?mObj=9424&mSelod=737172;TRUE;CAO_TTB_2018___2019.pdf;1;1193011;
1193;https://www.uitvoeringarbeidsvoorwaardenwetgeving.nl/mozard/!suite92.scherm1007?mObj=9005&mSelod=737172;TRUE;Cao_Tentoonstellingsbedrijven_2018_2019.pdf;1;1193012;
1193;https://www.uitvoeringarbeidsvoorwaardenwetgeving.nl/mozard/!suite92.scherm1007?mObj=9003&mSelod=737172;TRUE;CAO_TTB_2018___2019_versie_11_okt.pdf;1;1193013;
1193;https://www.uitvoeringarbeidsvoorwaardenwetgeving.nl/mozard/!suite92.scherm1007?mObj=9004&mSelod=737172;TRUE;Cao_Tentoonstellingsbedrijven_2018_2019_1.pdf;1;1193014;
1193;https://www.uitvoeringarbeidsvoorwaardenwetgeving.nl/mozard/!suite92.scherm1007?mObj=22934&mSelod=737172;TRUE;Cao Tentoonstellingsbedrijven 2020-2021 schone versie.pdf;1;1193015;
1193;https://www.uitvoeringarbeidsvoorwaardenwetgeving.nl/mozard/!suite92.scherm1007?mObj=23176&mSelod=737172;TRUE;Cao Tentoonstellingsbedrijven 2020-2021 schone versie_1.pdf;1;1193016;
1193;https://www.uitvoeringarbeidsvoorwaardenwetgeving.nl/mozard/!suite92.scherm1007?mObj=29760&mSelod=737172;TRUE;Cao Tentoonstellingsbedrijven 2022-2023 schone tekst.pdf;1;1193017;
1193;https://www.uitvoeringarbeidsvoorwaardenwetgeving.nl/mozard/!suite92.scherm1007?mObj=30385&mSelod=737172;TRUE;Cao Tentoonstellingsbedrijven 2022-2023 schone tekst_1.pdf;1;1193018;
1193;https://www.uitvoeringarbeidsvoorwaardenwetgeving.nl/mozard/!suite92.scherm1007?mObj=42145&mSelod=737172;TRUE;Cao Tentoonstellingsbedrijven 2024 schone versie.pdf;1;1193019;
1193;https://www.uitvoeringarbeidsvoorwaardenwetgeving.nl/mozard/!suite92.scherm1007?mObj=42678&mSelod=737172;TRUE;Cao Tentoonstellingsbedrijven 2024 schone versie_1.pdf;1;1193020;
1193;https://www.uitvoeringarbeidsvoorwaardenwetgeving.nl/mozard/!suite92.scherm1007?mObj=49251&mSelod=737172;TRUE;Cao Tentoonstellingsbedrijven 2025 schone versie.pdf;1;1193021;
1644;https://www.uitvoeringarbeidsvoorwaardenwetgeving.nl/mozard/!suite92.scherm1007?mObj=9802&mSelod=737187;TRUE;2017_03_30_Getekende_versie_VGT_cao_2017_2018.pdf;1;1644001;
1644;https://www.uitvoeringarbeidsvoorwaardenwetgeving.nl/mozard/!suite92.scherm1007?mObj=9801&mSelod=737187;TRUE;2015_09_29_VGT_cao_2015_met_ondertekening.pdf;1;1644002;
1390;https://www.uitvoeringarbeidsvoorwaardenwetgeving.nl/mozard/!suite92.scherm1007?mObj=9191&mSelod=737198;TRUE;CAO_Theater_2009_2010_wijziging_PFZW.pdf;1;1390001;
1390;https://www.uitvoeringarbeidsvoorwaardenwetgeving.nl/mozard/!suite92.scherm1007?mObj=9192&mSelod=737198;TRUE;CAO_Theate_2013.pdf;1;1390002;
1577;https://www.uitvoeringarbeidsvoorwaardenwetgeving.nl/mozard/!suite92.scherm1007?mObj=9697&mSelod=737232;TRUE;Cao_dans_1_1_12_31_12_12_wijz__PFZW.pdf;1;1577001;
1577;https://www.uitvoeringarbeidsvoorwaardenwetgeving.nl/mozard/!suite92.scherm1007?mObj=9698&mSelod=737232;TRUE;Cao_dans_1_januari_2013_31_december_2013_DEF.pdf;1;1577003;
1577;https://www.uitvoeringarbeidsvoorwaardenwetgeving.nl/mozard/!suite92.scherm1007?mObj=9699&mSelod=737232;TRUE;Cao_theater_en_dans_DEF.pdf;1;1577004;
1577;https://www.uitvoeringarbeidsvoorwaardenwetgeving.nl/mozard/!suite92.scherm1007?mObj=9700&mSelod=737232;TRUE;Cao_theater_en_dans_DEF_4.pdf;1;1577005;
1577;https://www.uitvoeringarbeidsvoorwaardenwetgeving.nl/mozard/!suite92.scherm1007?mObj=20848&mSelod=737232;TRUE;Cao TD 2020-2021 V4.pdf;1;1577006;
1577;https://www.uitvoeringarbeidsvoorwaardenwetgeving.nl/mozard/!suite92.scherm1007?mObj=15501&mSelod=737232;TRUE;Cao TD 2020-2021.pdf;1;1577007;
1577;https://www.uitvoeringarbeidsvoorwaardenwetgeving.nl/mozard/!suite92.scherm1007?mObj=15645&mSelod=737232;TRUE;Cao TD 2020-2021 V2 met markering.pdf;1;1577008;
1577;https://www.uitvoeringarbeidsvoorwaardenwetgeving.nl/mozard/!suite92.scherm1007?mObj=16716&mSelod=737232;TRUE;Cao TD 2020-2021 V3 met markering.pdf;1;1577009;
1577;https://www.uitvoeringarbeidsvoorwaardenwetgeving.nl/mozard/!suite92.scherm1007?mObj=32059&mSelod=737232;TRUE;Cao TD 2022-2023 V4 zondermarkering.pdf;1;1577010;
1577;https://www.uitvoeringarbeidsvoorwaardenwetgeving.nl/mozard/!suite92.scherm1007?mObj=27540&mSelod=737232;TRUE;Cao TD 2022-2023 V1d.pdf;1;1577011;
1577;https://www.uitvoeringarbeidsvoorwaardenwetgeving.nl/mozard/!suite92.scherm1007?mObj=29402&mSelod=737232;TRUE;Cao TD 2022-2023 V3.pdf;1;1577012;
1577;https://www.uitvoeringarbeidsvoorwaardenwetgeving.nl/mozard/!suite92.scherm1007?mObj=40325&mSelod=737232;TRUE;Cao Toneel en Dans 2024.pdf;1;1577013;
1577;https://www.uitvoeringarbeidsvoorwaardenwetgeving.nl/mozard/!suite92.scherm1007?mObj=39596&mSelod=737232;TRUE;EINDTEKST CaoTD24.pdf.pdf;1;1577014;
1577;https://www.uitvoeringarbeidsvoorwaardenwetgeving.nl/mozard/!suite92.scherm1007?mObj=41493&mSelod=737232;TRUE;Cao Toneel en Dans 2024_1.pdf;1;1577015;
1577;https://www.uitvoeringarbeidsvoorwaardenwetgeving.nl/mozard/!suite92.scherm1007?mObj=41565&mSelod=737232;TRUE;Cao Toneel en Dans 2024_2.pdf;1;1577016;
1577;https://www.uitvoeringarbeidsvoorwaardenwetgeving.nl/mozard/!suite92.scherm1007?mObj=46017&mSelod=737232;TRUE;Cao TD 2025-2026 V1.pdf;1;1577017;
1577;https://www.uitvoeringarbeidsvoorwaardenwetgeving.nl/mozard/!suite92.scherm1007?mObj=46588&mSelod=737232;TRUE;Cao TD 2025-2026 V2.pdf;1;1577018;
1577;https://www.uitvoeringarbeidsvoorwaardenwetgeving.nl/mozard/!suite92.scherm1007?mObj=9695&mSelod=737232;TRUE;Cao_Dans_1_mei_2010_31_december_2011_Def.pdf;1;1577019;
1577;https://www.uitvoeringarbeidsvoorwaardenwetgeving.nl/mozard/!suite92.scherm1007?mObj=9703&mSelod=737232;TRUE;Cao_Toneel_en_Dans_2016_2019_V1118.pdf;1;1577020;
1577;https://www.uitvoeringarbeidsvoorwaardenwetgeving.nl/mozard/!suite92.scherm1007?mObj=9701&mSelod=737232;TRUE;Cao_Toneel_en_Dans_2016_2019_markering.pdf;1;1577021;
1577;https://www.uitvoeringarbeidsvoorwaardenwetgeving.nl/mozard/!suite92.scherm1007?mObj=9702&mSelod=737232;TRUE;Cao_Toneel_en_Dans_2016_2019_V0317.pdf;1;1577022;
1577;https://www.uitvoeringarbeidsvoorwaardenwetgeving.nl/mozard/!suite92.scherm1007?mObj=9704&mSelod=737232;TRUE;Cao_T_D_2016_2019_ondertekend_V0219.pdf;1;1577023;
1106;https://www.uitvoeringarbeidsvoorwaardenwetgeving.nl/mozard/!suite92.scherm1007?mObj=8679&mSelod=737239;TRUE;Trainers_2010_tm_2013.pdf;1;1106001;
1106;https://www.uitvoeringarbeidsvoorwaardenwetgeving.nl/mozard/!suite92.scherm1007?mObj=8680&mSelod=737239;TRUE;CAO_Trainer_Coaches_Betaald_Voetbal_2013_2016.pdf;1;1106002;
1106;https://www.uitvoeringarbeidsvoorwaardenwetgeving.nl/mozard/!suite92.scherm1007?mObj=8681&mSelod=737239;TRUE;CAO_Trainer_Coaches_Betaald_Voetbal_2016_2019.pdf;1;1106003;
1106;https://www.uitvoeringarbeidsvoorwaardenwetgeving.nl/mozard/!suite92.scherm1007?mObj=14658&mSelod=737239;TRUE;CAO Trainers Coaches.docx.pdf;1;1106004;
1106;https://www.uitvoeringarbeidsvoorwaardenwetgeving.nl/mozard/!suite92.scherm1007?mObj=38191&mSelod=737239;TRUE;CAO-Trainers 2022-2025 (DEF).pdf;1;1106005;
1228;https://www.uitvoeringarbeidsvoorwaardenwetgeving.nl/mozard/!suite92.scherm1007?mObj=9030&mSelod=737261;TRUE;Trawlvisserij_2011__2014.pdf;1;1228001;
1228;https://www.uitvoeringarbeidsvoorwaardenwetgeving.nl/mozard/!suite92.scherm1007?mObj=9031&mSelod=737261;TRUE;CaoTrawlvisserij_2015_2016_Ondertekend.pdf;1;1228002;
1228;https://www.uitvoeringarbeidsvoorwaardenwetgeving.nl/mozard/!suite92.scherm1007?mObj=9032&mSelod=737261;TRUE;CAO_Trawlvisserij_2017___def_en_ondertekend.pdf;1;1228003;
1228;https://www.uitvoeringarbeidsvoorwaardenwetgeving.nl/mozard/!suite92.scherm1007?mObj=493&mSelod=737261;TRUE;20181128 CAO Trawlvisserij 2018-2019 - definitief.pdf .pdf;1;1228004;
1228;https://www.uitvoeringarbeidsvoorwaardenwetgeving.nl/mozard/!suite92.scherm1007?mObj=44402&mSelod=737261;TRUE;20240801-01 CAO Trawlvisserij 2024-2025 (def) signed CNV + RVZ.pdf;1;1228005;
3798;https://www.uitvoeringarbeidsvoorwaardenwetgeving.nl/mozard/!suite92.scherm1007?mObj=28058&mSelod=737293;TRUE;Doorlopende tekst CAO-UB 2022-2023 v1.0 SZW.pdf;1;3798001;
3798;https://www.uitvoeringarbeidsvoorwaardenwetgeving.nl/mozard/!suite92.scherm1007?mObj=29340&mSelod=737293;TRUE;Doorlopende tekst CAO-UB 2022-2023 v1.2 SZW.pdf;1;3798002;
3798;https://www.uitvoeringarbeidsvoorwaardenwetgeving.nl/mozard/!suite92.scherm1007?mObj=28878&mSelod=737293;TRUE;Doorlopende tekst CAO-UB 2022-2023 v1.1 SZW.pdf;1;3798003;
3798;https://www.uitvoeringarbeidsvoorwaardenwetgeving.nl/mozard/!suite92.scherm1007?mObj=42346&mSelod=737293;TRUE;CAO VOOR HET UITGEVERIJBEDRIJF - doorlopende tekst - versie 1.0.pdf;1;3798004;
3798;https://www.uitvoeringarbeidsvoorwaardenwetgeving.nl/mozard/!suite92.scherm1007?mObj=42939&mSelod=737293;TRUE;CAO VOOR HET UITGEVERIJBEDRIJF - doorlopende tekst - versie 2.0.pdf;1;3798005;
3798;https://www.uitvoeringarbeidsvoorwaardenwetgeving.nl/mozard/!suite92.scherm1007?mObj=44067&mSelod=737293;TRUE;CAOVOO~1.pdf;1;3798006;
3798;https://www.uitvoeringarbeidsvoorwaardenwetgeving.nl/mozard/!suite92.scherm1007?mObj=12522&mSelod=737293;TRUE;CAO_UB_2017_2019__v1_0_.pdf;1;3798007;
3798;https://www.uitvoeringarbeidsvoorwaardenwetgeving.nl/mozard/!suite92.scherm1007?mObj=12523&mSelod=737293;TRUE;CAO_UB_2017_2019__v2_0_.pdf;1;3798008;
3798;https://www.uitvoeringarbeidsvoorwaardenwetgeving.nl/mozard/!suite92.scherm1007?mObj=12524&mSelod=737293;TRUE;CAO_UB_2017_2019__v2_1_.pdf;1;3798009;
3798;https://www.uitvoeringarbeidsvoorwaardenwetgeving.nl/mozard/!suite92.scherm1007?mObj=12525&mSelod=737293;TRUE;CAO_UB_2017_2019__v2_2_.pdf;1;3798010;
3798;https://www.uitvoeringarbeidsvoorwaardenwetgeving.nl/mozard/!suite92.scherm1007?mObj=12526&mSelod=737293;TRUE;CAO_UB_2017_2019__v3_0_.pdf;1;3798011;
3798;https://www.uitvoeringarbeidsvoorwaardenwetgeving.nl/mozard/!suite92.scherm1007?mObj=13718&mSelod=737293;TRUE;UITGEVERIJBEDRIJF .pdf;1;3798012;
3798;https://www.uitvoeringarbeidsvoorwaardenwetgeving.nl/mozard/!suite92.scherm1007?mObj=15493&mSelod=737293;TRUE;CAO-UB 2019-2020 v1.0.pdf;1;3798013;
3798;https://www.uitvoeringarbeidsvoorwaardenwetgeving.nl/mozard/!suite92.scherm1007?mObj=12518&mSelod=737293;TRUE;CAO_UB_2015_2017__v2_11___NL_.pdf;1;3798014;
3798;https://www.uitvoeringarbeidsvoorwaardenwetgeving.nl/mozard/!suite92.scherm1007?mObj=12520&mSelod=737293;TRUE;CAO_UB_2015_2017__v2_3___NL_.pdf;1;3798015;
3798;https://www.uitvoeringarbeidsvoorwaardenwetgeving.nl/mozard/!suite92.scherm1007?mObj=12516&mSelod=737293;TRUE;CAO_voor_het_Uitgeverijbedrijf_2015_2017__v1_0_.pdf;1;3798016;
3798;https://www.uitvoeringarbeidsvoorwaardenwetgeving.nl/mozard/!suite92.scherm1007?mObj=12519&mSelod=737293;TRUE;CAO_UB_2015_2017__v2_2___NL_.pdf;1;3798017;
3798;https://www.uitvoeringarbeidsvoorwaardenwetgeving.nl/mozard/!suite92.scherm1007?mObj=12517&mSelod=737293;TRUE;CAO_UB_2015_2017_v1_1_NL.pdf;1;3798018;
3798;https://www.uitvoeringarbeidsvoorwaardenwetgeving.nl/mozard/!suite92.scherm1007?mObj=12521&mSelod=737293;TRUE;CAO_UB_2015_2017__v2_4___NL_.pdf;1;3798019;
3798;https://www.uitvoeringarbeidsvoorwaardenwetgeving.nl/mozard/!suite92.scherm1007?mObj=23249&mSelod=737293;TRUE;Doorlopende tekst CAO-UB 2020-2021 v2.0 def.pdf;1;3798020;
3798;https://www.uitvoeringarbeidsvoorwaardenwetgeving.nl/mozard/!suite92.scherm1007?mObj=22250&mSelod=737293;TRUE;Doorlopende tekst CAO-UB 2020-2021 v1.0 def.pdf;1;3798021;
3798;https://www.uitvoeringarbeidsvoorwaardenwetgeving.nl/mozard/!suite92.scherm1007?mObj=23450&mSelod=737293;TRUE;Doorlopende tekst CAO-UB 2020-2021 v2.1.pdf;1;3798022;
3768;https://www.uitvoeringarbeidsvoorwaardenwetgeving.nl/mozard/!suite92.scherm1007?mObj=12471&mSelod=737295;TRUE;CAO_Uitvaartbranche_2016_2018.pdf;1;3768001;
3768;https://www.uitvoeringarbeidsvoorwaardenwetgeving.nl/mozard/!suite92.scherm1007?mObj=12472&mSelod=737295;TRUE;181016_CAO_Uitvaartbranche_2018_2020_DEF_versie_2.pdf;1;3768002;
3768;https://www.uitvoeringarbeidsvoorwaardenwetgeving.nl/mozard/!suite92.scherm1007?mObj=12473&mSelod=737295;TRUE;CAO_Uitvaartbranche_2018_2020_V2_def.pdf;1;3768003;
3768;https://www.uitvoeringarbeidsvoorwaardenwetgeving.nl/mozard/!suite92.scherm1007?mObj=12474&mSelod=737295;TRUE;Cao_uitvaartb_2018_2020_V3_zwart.pdf;1;3768004;
3768;https://www.uitvoeringarbeidsvoorwaardenwetgeving.nl/mozard/!suite92.scherm1007?mObj=12475&mSelod=737295;TRUE;Cao_uitvaartb_2018_2020_V4_zwart.pdf;1;3768005;
3768;https://www.uitvoeringarbeidsvoorwaardenwetgeving.nl/mozard/!suite92.scherm1007?mObj=20794&mSelod=737295;TRUE;CAO-Uitvaartbranche-2020-2022 na ttw .pdf;1;3768006;
3768;https://www.uitvoeringarbeidsvoorwaardenwetgeving.nl/mozard/!suite92.scherm1007?mObj=18872&mSelod=737295;TRUE;3. CAO Uitvaartbranche.pdf;1;3768007;
3768;https://www.uitvoeringarbeidsvoorwaardenwetgeving.nl/mozard/!suite92.scherm1007?mObj=31400&mSelod=737295;TRUE;CAO Uitvaartbranche 2022-2024 na ttw.pdf;1;3768008;
3768;https://www.uitvoeringarbeidsvoorwaardenwetgeving.nl/mozard/!suite92.scherm1007?mObj=31242&mSelod=737295;TRUE;220823 CAO Uitvaartbranche 2022-2024 def.pdf;1;3768009;
3768;https://www.uitvoeringarbeidsvoorwaardenwetgeving.nl/mozard/!suite92.scherm1007?mObj=45263&mSelod=737295;TRUE;Cao Uitvaartbranche 2024-2025.pdf;1;3768010;
3768;https://www.uitvoeringarbeidsvoorwaardenwetgeving.nl/mozard/!suite92.scherm1007?mObj=12469&mSelod=737295;TRUE;CAO_Uitvaartbranche_2014_2016_DEFINITIEF.pdf;1;3768011;
1497;https://www.uitvoeringarbeidsvoorwaardenwetgeving.nl/mozard/!suite92.scherm1007?mObj=9838&mSelod=737304;TRUE;aanmeldtekst_cao_uitvaart_2013_2014_zwart.pdf;1;1497001;
1497;https://www.uitvoeringarbeidsvoorwaardenwetgeving.nl/mozard/!suite92.scherm1007?mObj=9837&mSelod=737304;TRUE;aanmeldtekst_cao_uitvaart_2011__2012__3_.pdf;1;1497002;
1497;https://www.uitvoeringarbeidsvoorwaardenwetgeving.nl/mozard/!suite92.scherm1007?mObj=9834&mSelod=737304;TRUE;aanmeldtekst_cao_uitvaart_2011__2012__def_.pdf;1;1497003;
1497;https://www.uitvoeringarbeidsvoorwaardenwetgeving.nl/mozard/!suite92.scherm1007?mObj=9835&mSelod=737304;TRUE;aanmeldtekst_cao_uitvaart_2011__2012__1_.pdf;1;1497004;
1497;https://www.uitvoeringarbeidsvoorwaardenwetgeving.nl/mozard/!suite92.scherm1007?mObj=9836&mSelod=737304;TRUE;aanmeldtekst_cao_uitvaart_2011__2012__3__1.pdf;1;1497005;
2742;https://www.uitvoeringarbeidsvoorwaardenwetgeving.nl/mozard/!suite92.scherm1007?mObj=10323&mSelod=737309;TRUE;NVUB_CAO_2013.pdf;1;2742001;
397;https://www.uitvoeringarbeidsvoorwaardenwetgeving.nl/mozard/!suite92.scherm1007?mObj=7868&mSelod=737361;TRUE;CAO_VAK_2011_2012_1_33__def_.pdf;1;397001;
397;https://www.uitvoeringarbeidsvoorwaardenwetgeving.nl/mozard/!suite92.scherm1007?mObj=7869&mSelod=737361;TRUE;CAO_VAK_2013_v1_4_schoon.pdf;1;397002;
397;https://www.uitvoeringarbeidsvoorwaardenwetgeving.nl/mozard/!suite92.scherm1007?mObj=7870&mSelod=737361;TRUE;CAO_VAK_2014.pdf;1;397003;
892;https://www.uitvoeringarbeidsvoorwaardenwetgeving.nl/mozard/!suite92.scherm1007?mObj=8719&mSelod=737380;TRUE;Varkensverbetering_2011_def_CAO.pdf;1;892001;
892;https://www.uitvoeringarbeidsvoorwaardenwetgeving.nl/mozard/!suite92.scherm1007?mObj=8720&mSelod=737380;TRUE;Varkensverbetering_cao_2013_def.pdf;1;892002;
892;https://www.uitvoeringarbeidsvoorwaardenwetgeving.nl/mozard/!suite92.scherm1007?mObj=29664&mSelod=737380;TRUE;Varkensverbetering in Nederland 2021-2022.pdf;1;892003;
892;https://www.uitvoeringarbeidsvoorwaardenwetgeving.nl/mozard/!suite92.scherm1007?mObj=43236&mSelod=737380;TRUE;Varkensverbetering cao 2022-2023.pdf;1;892004;
892;https://www.uitvoeringarbeidsvoorwaardenwetgeving.nl/mozard/!suite92.scherm1007?mObj=44077&mSelod=737380;TRUE;Varkensverbetering cao 2023-2024.pdf;1;892005;
892;https://www.uitvoeringarbeidsvoorwaardenwetgeving.nl/mozard/!suite92.scherm1007?mObj=46641&mSelod=737380;TRUE;Varkensverbetering cao 2024-2025.pdf;1;892006;
1264;https://www.uitvoeringarbeidsvoorwaardenwetgeving.nl/mozard/!suite92.scherm1007?mObj=9084&mSelod=737411;TRUE;VBE_cao_2012.pdf;1;1264001;
1264;https://www.uitvoeringarbeidsvoorwaardenwetgeving.nl/mozard/!suite92.scherm1007?mObj=9086&mSelod=737411;TRUE;CAO_Evenementen_en_Horeca_Beveiliging.pdf;1;1264002;
1264;https://www.uitvoeringarbeidsvoorwaardenwetgeving.nl/mozard/!suite92.scherm1007?mObj=9085&mSelod=737411;TRUE;aanmeldtekst_CAO_VBE_2013_zwart.pdf;1;1264003;
1264;https://www.uitvoeringarbeidsvoorwaardenwetgeving.nl/mozard/!suite92.scherm1007?mObj=9087&mSelod=737411;TRUE;CAO_Beveiliging_2014_april_oktober.pdf;1;1264004;
1264;https://www.uitvoeringarbeidsvoorwaardenwetgeving.nl/mozard/!suite92.scherm1007?mObj=9088&mSelod=737411;TRUE;CAO_Beveiliging_2014_april_oktober_def_tektst_SZW.pdf;1;1264005;
1264;https://www.uitvoeringarbeidsvoorwaardenwetgeving.nl/mozard/!suite92.scherm1007?mObj=9090&mSelod=737411;TRUE;CAO_Beveiliging_2016_2017_ttw_jan17.pdf;1;1264006;
1264;https://www.uitvoeringarbeidsvoorwaardenwetgeving.nl/mozard/!suite92.scherm1007?mObj=9091&mSelod=737411;TRUE;CAO_Beveiliging_2016_2017_ttw_jan17_v2.pdf;1;1264007;
1264;https://www.uitvoeringarbeidsvoorwaardenwetgeving.nl/mozard/!suite92.scherm1007?mObj=9089&mSelod=737411;TRUE;CAO_Beveiliging_2016___2017_def_SZW___ttw_WWZ_.pdf;1;1264008;
1264;https://www.uitvoeringarbeidsvoorwaardenwetgeving.nl/mozard/!suite92.scherm1007?mObj=9092&mSelod=737411;TRUE;Cao_Beveiliging_2017_2018_.pdf;1;1264009;
1264;https://www.uitvoeringarbeidsvoorwaardenwetgeving.nl/mozard/!suite92.scherm1007?mObj=804&mSelod=737411;TRUE;Cao Beveiliging 2018-2019.pdf .pdf;1;1264010;
1264;https://www.uitvoeringarbeidsvoorwaardenwetgeving.nl/mozard/!suite92.scherm1007?mObj=40591&mSelod=737411;TRUE;Cao Veiligheidsdomein 2024-2025.pdf;1;1264011;
1264;https://www.uitvoeringarbeidsvoorwaardenwetgeving.nl/mozard/!suite92.scherm1007?mObj=42200&mSelod=737411;TRUE;Cao Veiligheidsdomein 2024-2025 ttw 200324.pdf;1;1264012;
1264;https://www.uitvoeringarbeidsvoorwaardenwetgeving.nl/mozard/!suite92.scherm1007?mObj=46077&mSelod=737411;TRUE;Cao Veiligheidsdomein 2025-2027 def.pdf;1;1264013;
1264;https://www.uitvoeringarbeidsvoorwaardenwetgeving.nl/mozard/!suite92.scherm1007?mObj=18709&mSelod=737411;TRUE;Cao Veiligheidsdomein 2019-2021 vs2.pdf;1;1264014;
1264;https://www.uitvoeringarbeidsvoorwaardenwetgeving.nl/mozard/!suite92.scherm1007?mObj=21012&mSelod=737411;TRUE;Cao Veiligheidsdomein 2019-2021 ttw dec20.pdf;1;1264015;
1264;https://www.uitvoeringarbeidsvoorwaardenwetgeving.nl/mozard/!suite92.scherm1007?mObj=22310&mSelod=737411;TRUE;Cao Veiligheidsdomein 2019-2021 ttw mrt21.pdf;1;1264016;
1264;https://www.uitvoeringarbeidsvoorwaardenwetgeving.nl/mozard/!suite92.scherm1007?mObj=15271&mSelod=737411;TRUE;Cao Veiligheidsdomein 2019-2021.pdf;1;1264017;
1264;https://www.uitvoeringarbeidsvoorwaardenwetgeving.nl/mozard/!suite92.scherm1007?mObj=31305&mSelod=737411;TRUE;Cao Veiligheidsdomein 2021-2024.pdf;1;1264018;
1459;https://www.uitvoeringarbeidsvoorwaardenwetgeving.nl/mozard/!suite92.scherm1007?mObj=9252&mSelod=737427;TRUE;zwart CAO NVVW 2009-2011.pdf;1;1459001;
1459;https://www.uitvoeringarbeidsvoorwaardenwetgeving.nl/mozard/!suite92.scherm1007?mObj=9253&mSelod=737427;TRUE;CAO_NVVW_2011_2013_zwart.pdf;1;1459002;
2307;https://www.uitvoeringarbeidsvoorwaardenwetgeving.nl/mozard/!suite92.scherm1007?mObj=9859&mSelod=737432;TRUE;CAO_Vermo___1_1_2013_tot_1_1_2014.pdf;1;2307001;
2307;https://www.uitvoeringarbeidsvoorwaardenwetgeving.nl/mozard/!suite92.scherm1007?mObj=9860&mSelod=737432;TRUE;CAO_Vermo_1_1_2016_tot_1_1_2017_getekend.pdf;1;2307002;
2307;https://www.uitvoeringarbeidsvoorwaardenwetgeving.nl/mozard/!suite92.scherm1007?mObj=14478&mSelod=737432;TRUE;CAO Vermo 1-1-2018 tot 1-1-2020 getekend.pdf .pdf;1;2307003;
2307;https://www.uitvoeringarbeidsvoorwaardenwetgeving.nl/mozard/!suite92.scherm1007?mObj=22292&mSelod=737432;TRUE;CAO Vermo 1-1-2020 tot 1-1-2022 ondertekend.pdf;1;2307004;
2307;https://www.uitvoeringarbeidsvoorwaardenwetgeving.nl/mozard/!suite92.scherm1007?mObj=27719&mSelod=737432;TRUE;20220204_CAO Vermo 1-1-2022 tot 1-1-2023 Vdef.pdf;1;2307005;
2307;https://www.uitvoeringarbeidsvoorwaardenwetgeving.nl/mozard/!suite92.scherm1007?mObj=40561&mSelod=737432;TRUE;CAO Vermo 1-1-2023 tot 1-1-2024 DEF.pdf;1;2307006;
2307;https://www.uitvoeringarbeidsvoorwaardenwetgeving.nl/mozard/!suite92.scherm1007?mObj=43179&mSelod=737432;TRUE;CAO Vermo 1-1-2024 tot en met 31 december 2025 def.pdf;1;2307007;
2307;https://www.uitvoeringarbeidsvoorwaardenwetgeving.nl/mozard/!suite92.scherm1007?mObj=9858&mSelod=737432;TRUE;CAO_Vermo_definitief_doc.pdf;1;2307008;
636;https://www.uitvoeringarbeidsvoorwaardenwetgeving.nl/mozard/!suite92.scherm1007?mObj=8506&mSelod=737447;TRUE;Cao_buitendienst_2014.pdf;1;636001;
636;https://www.uitvoeringarbeidsvoorwaardenwetgeving.nl/mozard/!suite92.scherm1007?mObj=8507&mSelod=737447;TRUE;Buitendienst_2015___2016_webversie.pdf;1;636002;
636;https://www.uitvoeringarbeidsvoorwaardenwetgeving.nl/mozard/!suite92.scherm1007?mObj=8508&mSelod=737447;TRUE;Cao_Buitendienst_2015___2016_addendum.pdf;1;636003;
636;https://www.uitvoeringarbeidsvoorwaardenwetgeving.nl/mozard/!suite92.scherm1007?mObj=14113&mSelod=737447;TRUE;Cao Buitendienst 2018 - 2019.docx .pdf;1;636004;
636;https://www.uitvoeringarbeidsvoorwaardenwetgeving.nl/mozard/!suite92.scherm1007?mObj=8512&mSelod=737447;TRUE;Cao_Buitendienst_2018___2019.pdf;1;636005;
636;https://www.uitvoeringarbeidsvoorwaardenwetgeving.nl/mozard/!suite92.scherm1007?mObj=8503&mSelod=737447;TRUE;cao_buitendienst_2011_2012.pdf;1;636006;
636;https://www.uitvoeringarbeidsvoorwaardenwetgeving.nl/mozard/!suite92.scherm1007?mObj=8511&mSelod=737447;TRUE;Cao_Buitendienst_2016___2017_schoon.pdf;1;636007;
636;https://www.uitvoeringarbeidsvoorwaardenwetgeving.nl/mozard/!suite92.scherm1007?mObj=8509&mSelod=737447;TRUE;Cao_Buitendienst.pdf;1;636008;
636;https://www.uitvoeringarbeidsvoorwaardenwetgeving.nl/mozard/!suite92.scherm1007?mObj=8510&mSelod=737447;TRUE;Cao_Buitendienst_1.pdf;1;636009;
636;https://www.uitvoeringarbeidsvoorwaardenwetgeving.nl/mozard/!suite92.scherm1007?mObj=8504&mSelod=737447;TRUE;Cao_Buitendienst_2013.pdf;1;636010;
636;https://www.uitvoeringarbeidsvoorwaardenwetgeving.nl/mozard/!suite92.scherm1007?mObj=8505&mSelod=737447;TRUE;CAO_boekje_Buitendienst_wijzFAR.pdf;1;636011;
4204;https://www.uitvoeringarbeidsvoorwaardenwetgeving.nl/mozard/!suite92.scherm1007?mObj=22983&mSelod=737452;TRUE;Veterinaire sector CAO 1 januari 2021 tot en met 31 december 2023.pdf;1;4204001;
4204;https://www.uitvoeringarbeidsvoorwaardenwetgeving.nl/mozard/!suite92.scherm1007?mObj=23355&mSelod=737452;TRUE;Veterinaire sector 1 januari 2021 tot en met 31 december 2023 TTW.pdf;1;4204002;
4204;https://www.uitvoeringarbeidsvoorwaardenwetgeving.nl/mozard/!suite92.scherm1007?mObj=42023&mSelod=737452;TRUE;Veterinaire sector 2024 - 2026.pdf;1;4204003;
199;https://www.uitvoeringarbeidsvoorwaardenwetgeving.nl/mozard/!suite92.scherm1007?mObj=7245&mSelod=737477;TRUE;GBO___cao_2014.pdf;1;199001;
199;https://www.uitvoeringarbeidsvoorwaardenwetgeving.nl/mozard/!suite92.scherm1007?mObj=7246&mSelod=737477;TRUE;GBO__cao_2014.pdf;1;199002;
199;https://www.uitvoeringarbeidsvoorwaardenwetgeving.nl/mozard/!suite92.scherm1007?mObj=7247&mSelod=737477;TRUE;Bouwend_Nederland_vakgroep_GBO_cao_2017_2018_def.pdf;1;199003;
199;https://www.uitvoeringarbeidsvoorwaardenwetgeving.nl/mozard/!suite92.scherm1007?mObj=31919&mSelod=737477;TRUE;Cao Vlakglas 2023 versie 06-12-2022 def.pdf;1;199004;
199;https://www.uitvoeringarbeidsvoorwaardenwetgeving.nl/mozard/!suite92.scherm1007?mObj=35472&mSelod=737477;TRUE;Cao Vlakglas 2023 na ttw versie 21-2-2023.pdf;1;199005;
199;https://www.uitvoeringarbeidsvoorwaardenwetgeving.nl/mozard/!suite92.scherm1007?mObj=42423&mSelod=737477;TRUE;Cao Vlakglas 2024 versie 28-3-3024.pdf;1;199006;
199;https://www.uitvoeringarbeidsvoorwaardenwetgeving.nl/mozard/!suite92.scherm1007?mObj=46343&mSelod=737477;TRUE;Cao Vlakglas 2025-2026 versie 16-1-2025.pdf;1;199007;
199;https://www.uitvoeringarbeidsvoorwaardenwetgeving.nl/mozard/!suite92.scherm1007?mObj=14827&mSelod=737477;TRUE;cao vlakglas 15 juli 2019.doc.pdf;1;199008;
199;https://www.uitvoeringarbeidsvoorwaardenwetgeving.nl/mozard/!suite92.scherm1007?mObj=705&mSelod=737477;TRUE;Vlakglasbranche cao tekst .pdf;1;199009;
199;https://www.uitvoeringarbeidsvoorwaardenwetgeving.nl/mozard/!suite92.scherm1007?mObj=22835&mSelod=737477;TRUE;Vlakglas cao 2020 2021 juni 21 ttw.pdf;1;199010;
199;https://www.uitvoeringarbeidsvoorwaardenwetgeving.nl/mozard/!suite92.scherm1007?mObj=21647&mSelod=737477;TRUE;221220 cao vlakglas 2020 2021 Definitief met opmaak.doc.pdf;1;199011;
199;https://www.uitvoeringarbeidsvoorwaardenwetgeving.nl/mozard/!suite92.scherm1007?mObj=27076&mSelod=737477;TRUE;cao vlakglas 2021 - 2022 definitief.pdf;1;199012;
199;https://www.uitvoeringarbeidsvoorwaardenwetgeving.nl/mozard/!suite92.scherm1007?mObj=28921&mSelod=737477;TRUE;cao vlakglas 2021 - 2022 definitief maart 2022.pdf;1;199013;
709;https://www.uitvoeringarbeidsvoorwaardenwetgeving.nl/mozard/!suite92.scherm1007?mObj=14759&mSelod=737479;TRUE;cao vleeswaren 2019-2021 definitief.docx.pdf;1;709001;
709;https://www.uitvoeringarbeidsvoorwaardenwetgeving.nl/mozard/!suite92.scherm1007?mObj=18658&mSelod=737479;TRUE;cao vleeswaren 2019-2021 met tussentijdse wijziging definitief.docx.pdf;1;709002;
709;https://www.uitvoeringarbeidsvoorwaardenwetgeving.nl/mozard/!suite92.scherm1007?mObj=14682&mSelod=737479;TRUE;cao vleeswaren 2019-2021 definitief.docx_1.pdf;1;709003;
709;https://www.uitvoeringarbeidsvoorwaardenwetgeving.nl/mozard/!suite92.scherm1007?mObj=23018&mSelod=737479;TRUE;cao vleeswaren 2021-2022 definitief voor SZW.pdf;1;709004;
709;https://www.uitvoeringarbeidsvoorwaardenwetgeving.nl/mozard/!suite92.scherm1007?mObj=24812&mSelod=737479;TRUE;cao vleeswaren 2021-2022 tussentijdse wijziging definitief.pdf;1;709005;
709;https://www.uitvoeringarbeidsvoorwaardenwetgeving.nl/mozard/!suite92.scherm1007?mObj=30893&mSelod=737479;TRUE;cao vleeswaren 2022-2023 definitief voor SZW.pdf;1;709006;
709;https://www.uitvoeringarbeidsvoorwaardenwetgeving.nl/mozard/!suite92.scherm1007?mObj=37957&mSelod=737479;TRUE;CAO_Vleeswarenindustrie_2023 met wijzigingen geaccepteerd(1-8-2023).pdf;1;709007;
709;https://www.uitvoeringarbeidsvoorwaardenwetgeving.nl/mozard/!suite92.scherm1007?mObj=37231&mSelod=737479;TRUE;CAO_Vleeswarenindustrie_2023 met wijzigingen geacpeteerd.pdf;1;709008;
709;https://www.uitvoeringarbeidsvoorwaardenwetgeving.nl/mozard/!suite92.scherm1007?mObj=8213&mSelod=737479;TRUE;ongerenvooieerde CAO Vleeswaren.pdf;1;709009;
709;https://www.uitvoeringarbeidsvoorwaardenwetgeving.nl/mozard/!suite92.scherm1007?mObj=8214&mSelod=737479;TRUE;CAO_Vleeswaren_tekst_2012_ongerenvooieerd.pdf;1;709010;
709;https://www.uitvoeringarbeidsvoorwaardenwetgeving.nl/mozard/!suite92.scherm1007?mObj=8215&mSelod=737479;TRUE;CAO_Vleeswaren_tekst_2012.pdf;1;709011;
709;https://www.uitvoeringarbeidsvoorwaardenwetgeving.nl/mozard/!suite92.scherm1007?mObj=8217&mSelod=737479;TRUE;CAO__Vleeswaren_tekst_2015_2016_ongerenvooieerd.pdf;1;709012;
709;https://www.uitvoeringarbeidsvoorwaardenwetgeving.nl/mozard/!suite92.scherm1007?mObj=8218&mSelod=737479;TRUE;CAO__Vleeswaren_tekst_2016_2017_ongerenvooieerd.pdf;1;709013;
709;https://www.uitvoeringarbeidsvoorwaardenwetgeving.nl/mozard/!suite92.scherm1007?mObj=8216&mSelod=737479;TRUE;CAO_Vleeswaren_ongerenvooieerd_2014.pdf;1;709014;
709;https://www.uitvoeringarbeidsvoorwaardenwetgeving.nl/mozard/!suite92.scherm1007?mObj=8219&mSelod=737479;TRUE;CAO_VlW_zwarte_tekst_voor_aanmelding_szw.pdf;1;709015;
709;https://www.uitvoeringarbeidsvoorwaardenwetgeving.nl/mozard/!suite92.scherm1007?mObj=8220&mSelod=737479;TRUE;_CAO_VlW_opnieuw_aangemeld.pdf;1;709016;
709;https://www.uitvoeringarbeidsvoorwaardenwetgeving.nl/mozard/!suite92.scherm1007?mObj=46496&mSelod=737479;TRUE;CAO_Vleeswarenindustrie_2024 met wijzigingen geacepteerd met fonds cao 2024.pdf;1;709017;
709;https://www.uitvoeringarbeidsvoorwaardenwetgeving.nl/mozard/!suite92.scherm1007?mObj=47096&mSelod=737479;TRUE;CAO_Vleeswarenindustrie_2024 met tussentijdse wijzigingen geaccepteerd met fonds cao 2024.pdf;1;709018;
941;https://www.uitvoeringarbeidsvoorwaardenwetgeving.nl/mozard/!suite92.scherm1007?mObj=8917&mSelod=737533;TRUE;Cao_Waterbedrijven_2015_2017_definitief.pdf;1;941001;
941;https://www.uitvoeringarbeidsvoorwaardenwetgeving.nl/mozard/!suite92.scherm1007?mObj=8918&mSelod=737533;TRUE;Cao_Waterbedrijven_2015_2017.pdf;1;941002;
941;https://www.uitvoeringarbeidsvoorwaardenwetgeving.nl/mozard/!suite92.scherm1007?mObj=15424&mSelod=737533;TRUE;CAO WWb 2020 def.pdf;1;941003;
941;https://www.uitvoeringarbeidsvoorwaardenwetgeving.nl/mozard/!suite92.scherm1007?mObj=22823&mSelod=737533;TRUE;CAO WWb 2021 - 2022 versie 01-06-2021 def allen ondertekend.pdf;1;941004;
941;https://www.uitvoeringarbeidsvoorwaardenwetgeving.nl/mozard/!suite92.scherm1007?mObj=36522&mSelod=737533;TRUE;WWb cao 2023 - ondertekend.pdf;1;941005;
941;https://www.uitvoeringarbeidsvoorwaardenwetgeving.nl/mozard/!suite92.scherm1007?mObj=42563&mSelod=737533;TRUE;WWb cao 1 januari 2024 - 30 juni 2025 DEF.pdf;1;941006;
941;https://www.uitvoeringarbeidsvoorwaardenwetgeving.nl/mozard/!suite92.scherm1007?mObj=51086&mSelod=737533;TRUE;WWb cao - versie 21 juli 2025.pdf;1;941007;
941;https://www.uitvoeringarbeidsvoorwaardenwetgeving.nl/mozard/!suite92.scherm1007?mObj=8912&mSelod=737533;TRUE;101215_WWB_CAO_2009__versie_januari_2011.pdf;1;941008;
941;https://www.uitvoeringarbeidsvoorwaardenwetgeving.nl/mozard/!suite92.scherm1007?mObj=8915&mSelod=737533;TRUE;Cao_Waterbedrijven_2011___2012_nov_2012.pdf;1;941009;
941;https://www.uitvoeringarbeidsvoorwaardenwetgeving.nl/mozard/!suite92.scherm1007?mObj=8914&mSelod=737533;TRUE;Cao_Waterbedrijven_2011___2012__okt_2012_.pdf;1;941010;
941;https://www.uitvoeringarbeidsvoorwaardenwetgeving.nl/mozard/!suite92.scherm1007?mObj=8913&mSelod=737533;TRUE;Cao_Waterbedrijven_2011_2012.pdf;1;941011;
941;https://www.uitvoeringarbeidsvoorwaardenwetgeving.nl/mozard/!suite92.scherm1007?mObj=8916&mSelod=737533;TRUE;Cao_Waterbedrijven_2012__2014_april_2013.pdf;1;941012;
227;https://www.uitvoeringarbeidsvoorwaardenwetgeving.nl/mozard/!suite92.scherm1007?mObj=7300&mSelod=737539;TRUE;CAO_Weefselkweek_20160101___20170630.pdf;1;227001;
227;https://www.uitvoeringarbeidsvoorwaardenwetgeving.nl/mozard/!suite92.scherm1007?mObj=7301&mSelod=737539;TRUE;CAO_Weefselkweek_20180701___20190630.pdf;1;227002;
227;https://www.uitvoeringarbeidsvoorwaardenwetgeving.nl/mozard/!suite92.scherm1007?mObj=15102&mSelod=737539;TRUE;CAO Weefselkweek 20190701 - 20200630 definitieve versie.docx.pdf;1;227003;
227;https://www.uitvoeringarbeidsvoorwaardenwetgeving.nl/mozard/!suite92.scherm1007?mObj=22868&mSelod=737539;TRUE;CAO Weefselkweek 20200701 - 20201231 versie SZW.pdf;1;227004;
227;https://www.uitvoeringarbeidsvoorwaardenwetgeving.nl/mozard/!suite92.scherm1007?mObj=7299&mSelod=737539;TRUE;CAO_Weefselkweek_2011_2013_schoon.pdf;1;227005;
227;https://www.uitvoeringarbeidsvoorwaardenwetgeving.nl/mozard/!suite92.scherm1007?mObj=36820&mSelod=737539;TRUE;Cao Weefselkweek 1 okt 2022 - 30 sept 2027.pdf;1;227006;
227;https://www.uitvoeringarbeidsvoorwaardenwetgeving.nl/mozard/!suite92.scherm1007?mObj=43643&mSelod=737539;TRUE;Cao Weefselkweek 1 okt 2022 - 30 sept 2027 per 090924.pdf;1;227007;
227;https://www.uitvoeringarbeidsvoorwaardenwetgeving.nl/mozard/!suite92.scherm1007?mObj=31468&mSelod=737539;TRUE;Cao weefselkweek 1 okt 2022 - 30 sept 2027.pdf;1;227008;
1294;https://www.uitvoeringarbeidsvoorwaardenwetgeving.nl/mozard/!suite92.scherm1007?mObj=15476&mSelod=737547;TRUE;CAO Werken voor Waterschappen.docx.pdf;1;1294001;
1294;https://www.uitvoeringarbeidsvoorwaardenwetgeving.nl/mozard/!suite92.scherm1007?mObj=16272&mSelod=737547;TRUE;CAO Werken voor Waterschappen vs 01052020 wijz. zichtbaar.pdf;1;1294002;
1294;https://www.uitvoeringarbeidsvoorwaardenwetgeving.nl/mozard/!suite92.scherm1007?mObj=15327&mSelod=737547;TRUE;CAO Werken voor Waterschappen definitief.docx.pdf;1;1294003;
1294;https://www.uitvoeringarbeidsvoorwaardenwetgeving.nl/mozard/!suite92.scherm1007?mObj=15697&mSelod=737547;TRUE;CAO Werken voor Waterschappen vs 01022020.docx.pdf;1;1294004;
1294;https://www.uitvoeringarbeidsvoorwaardenwetgeving.nl/mozard/!suite92.scherm1007?mObj=24352&mSelod=737547;TRUE;CAO Werken voor Waterschappen vs 21.11.08 wijzigingen geaccepteerd getekend Vwvw.pdf;1;1294005;
1294;https://www.uitvoeringarbeidsvoorwaardenwetgeving.nl/mozard/!suite92.scherm1007?mObj=24635&mSelod=737547;TRUE;CAO Werken voor Waterschappen vs 21.12.14 wijzigingen geaccepteerd getekend Vwvw.pdf;1;1294006;
1294;https://www.uitvoeringarbeidsvoorwaardenwetgeving.nl/mozard/!suite92.scherm1007?mObj=42261&mSelod=737547;TRUE;Cao Werken voor Waterschappen schone versie 1-1-2024 (DEF).pdf;1;1294007;
645;https://www.uitvoeringarbeidsvoorwaardenwetgeving.nl/mozard/!suite92.scherm1007?mObj=8103&mSelod=737595;TRUE;CAO_HPK_2014.pdf;1;645001;
645;https://www.uitvoeringarbeidsvoorwaardenwetgeving.nl/mozard/!suite92.scherm1007?mObj=8104&mSelod=737595;TRUE;CAO_voor_het_ZEEVISBEDRIJF_2015_2016___ondertekend.pdf;1;645002;
645;https://www.uitvoeringarbeidsvoorwaardenwetgeving.nl/mozard/!suite92.scherm1007?mObj=8105&mSelod=737595;TRUE;CAO_voor_het_ZEEVISBEDRIJF_2017_2018.pdf;1;645003;
645;https://www.uitvoeringarbeidsvoorwaardenwetgeving.nl/mozard/!suite92.scherm1007?mObj=19990&mSelod=737595;TRUE;CAO voor het ZEEVISBEDRIJF 2019-2020 - definitief.pdf;1;645004;
645;https://www.uitvoeringarbeidsvoorwaardenwetgeving.nl/mozard/!suite92.scherm1007?mObj=34332&mSelod=737595;TRUE;CAO voor het ZEEVISBEDRIJF 2022-2023 (def en getekend).pdf;1;645005;
645;https://www.uitvoeringarbeidsvoorwaardenwetgeving.nl/mozard/!suite92.scherm1007?mObj=44455&mSelod=737595;TRUE;CAO voor het Zeevisbedrijf 2024 - 2025 (signed RvZ - NBH - CNV).pdf;1;645006;
880;https://www.uitvoeringarbeidsvoorwaardenwetgeving.nl/mozard/!suite92.scherm1007?mObj=8695&mSelod=737597;TRUE;CAO_SZS_2015_2017_Integrale_tekst.pdf;1;880001;
880;https://www.uitvoeringarbeidsvoorwaardenwetgeving.nl/mozard/!suite92.scherm1007?mObj=29334&mSelod=737597;TRUE;CAO SZS 2022, definitief.pdf;1;880002;
880;https://www.uitvoeringarbeidsvoorwaardenwetgeving.nl/mozard/!suite92.scherm1007?mObj=36986&mSelod=737597;TRUE;CAO SZS 1 januari 2023 - 31 december 2024 definitief 20042023.pdf;1;880003;
880;https://www.uitvoeringarbeidsvoorwaardenwetgeving.nl/mozard/!suite92.scherm1007?mObj=48120&mSelod=737597;TRUE;CAO SZS 1 januari 2025 - 31 december 2026 definitief SZW.pdf;1;880004;
880;https://www.uitvoeringarbeidsvoorwaardenwetgeving.nl/mozard/!suite92.scherm1007?mObj=8875&mSelod=737597;TRUE;integraledigitalecaoSZS.pdf;1;880005;
880;https://www.uitvoeringarbeidsvoorwaardenwetgeving.nl/mozard/!suite92.scherm1007?mObj=8877&mSelod=737597;TRUE;CAO_SZS_integrale_tekst.pdf;1;880006;
880;https://www.uitvoeringarbeidsvoorwaardenwetgeving.nl/mozard/!suite92.scherm1007?mObj=8876&mSelod=737597;TRUE;CAO_SZS_integrale_tekst_1.pdf;1;880007;
880;https://www.uitvoeringarbeidsvoorwaardenwetgeving.nl/mozard/!suite92.scherm1007?mObj=15594&mSelod=737597;TRUE;CAO SZS 2017 2020 Integrale tekst .docx.pdf;1;880008;
880;https://www.uitvoeringarbeidsvoorwaardenwetgeving.nl/mozard/!suite92.scherm1007?mObj=14918&mSelod=737597;TRUE;CAO SZS 2017 2020 Integrale tekst.docx.pdf;1;880009;
3688;https://www.uitvoeringarbeidsvoorwaardenwetgeving.nl/mozard/!suite92.scherm1007?mObj=11744&mSelod=737599;TRUE;20170504_Bijlage_2_Cao_ZKN_2017_2018.pdf;1;3688001;
3688;https://www.uitvoeringarbeidsvoorwaardenwetgeving.nl/mozard/!suite92.scherm1007?mObj=14268&mSelod=737599;TRUE;1. cao ZKN 2019 - 2020.pdf .pdf;1;3688002;
3688;https://www.uitvoeringarbeidsvoorwaardenwetgeving.nl/mozard/!suite92.scherm1007?mObj=21552&mSelod=737599;TRUE;20210118 cao ZKN 2021.pdf;1;3688003;
3688;https://www.uitvoeringarbeidsvoorwaardenwetgeving.nl/mozard/!suite92.scherm1007?mObj=21638&mSelod=737599;TRUE;20210127 cao ZKN 2021 getekend.pdf;1;3688004;
3688;https://www.uitvoeringarbeidsvoorwaardenwetgeving.nl/mozard/!suite92.scherm1007?mObj=26621&mSelod=737599;TRUE;1. 20220127 Tekst cao ZKN 2022-2023.pdf;1;3688005;
3688;https://www.uitvoeringarbeidsvoorwaardenwetgeving.nl/mozard/!suite92.scherm1007?mObj=41583&mSelod=737599;TRUE;29-01-2024 cao ZKN 1 januari 2024 - 30 juni 2025 - Ondertekend.pdf;1;3688006;
3688;https://www.uitvoeringarbeidsvoorwaardenwetgeving.nl/mozard/!suite92.scherm1007?mObj=11626&mSelod=737599;TRUE;cao_ZKN_def__110814.pdf;1;3688007;
3688;https://www.uitvoeringarbeidsvoorwaardenwetgeving.nl/mozard/!suite92.scherm1007?mObj=11627&mSelod=737599;TRUE;20150604_Cao_ZKN_scan_def.pdf;1;3688008;
3688;https://www.uitvoeringarbeidsvoorwaardenwetgeving.nl/mozard/!suite92.scherm1007?mObj=11742&mSelod=737599;TRUE;20160112_Def_tekst_cao_ZKN_herzien_jan_2016.pdf;1;3688009;
3688;https://www.uitvoeringarbeidsvoorwaardenwetgeving.nl/mozard/!suite92.scherm1007?mObj=11743&mSelod=737599;TRUE;20160211_Def_tekst_cao_ZKN_herzien_feb_2016.pdf;1;3688010;
3688;https://www.uitvoeringarbeidsvoorwaardenwetgeving.nl/mozard/!suite92.scherm1007?mObj=49761&mSelod=737599;TRUE;1. 20250717 cao ZKN 2025-2027.pdf;1;3688011;
563;https://www.uitvoeringarbeidsvoorwaardenwetgeving.nl/mozard/!suite92.scherm1007?mObj=23415&mSelod=737623;TRUE;Zuivel cao HP 2021.pdf;1;563001;
563;https://www.uitvoeringarbeidsvoorwaardenwetgeving.nl/mozard/!suite92.scherm1007?mObj=24535&mSelod=737623;TRUE;Zuivel cao HP 2022 met tussentijdse wijziging december 2021.pdf;1;563002;
563;https://www.uitvoeringarbeidsvoorwaardenwetgeving.nl/mozard/!suite92.scherm1007?mObj=23492&mSelod=737623;TRUE;Zuivel cao HP 2022.pdf;1;563003;
563;https://www.uitvoeringarbeidsvoorwaardenwetgeving.nl/mozard/!suite92.scherm1007?mObj=39123&mSelod=737623;TRUE;Zuivel cao HP 2023-2024.pdf;1;563004;
563;https://www.uitvoeringarbeidsvoorwaardenwetgeving.nl/mozard/!suite92.scherm1007?mObj=7702&mSelod=737623;TRUE;Zuivel_CAO_HP_2010_2012_na_ttw_im_Arla_.pdf;1;563005;
563;https://www.uitvoeringarbeidsvoorwaardenwetgeving.nl/mozard/!suite92.scherm1007?mObj=7704&mSelod=737623;TRUE;Zuivel_CAO_HP_2012_2014_na_ttw_art_18.pdf;1;563006;
563;https://www.uitvoeringarbeidsvoorwaardenwetgeving.nl/mozard/!suite92.scherm1007?mObj=7703&mSelod=737623;TRUE;AWVN__529259_v8_Zuivel_CAO_HP_2012_2014_.pdf;1;563007;
563;https://www.uitvoeringarbeidsvoorwaardenwetgeving.nl/mozard/!suite92.scherm1007?mObj=7705&mSelod=737623;TRUE;Zuivel__CAO_HP_nieuw_2014_2016.pdf;1;563008;
563;https://www.uitvoeringarbeidsvoorwaardenwetgeving.nl/mozard/!suite92.scherm1007?mObj=7706&mSelod=737623;TRUE;Zuivel_cao_HP_2016_2018.pdf;1;563009;
563;https://www.uitvoeringarbeidsvoorwaardenwetgeving.nl/mozard/!suite92.scherm1007?mObj=13720&mSelod=737623;TRUE;Zuivel I 2018-2020.docx .pdf;1;563010;
563;https://www.uitvoeringarbeidsvoorwaardenwetgeving.nl/mozard/!suite92.scherm1007?mObj=783&mSelod=737623;TRUE;Zuivel HP 2018-2020.pdf .pdf;1;563011;
563;https://www.uitvoeringarbeidsvoorwaardenwetgeving.nl/mozard/!suite92.scherm1007?mObj=19147&mSelod=737623;TRUE;Zuivel HP 2020.pdf;1;563012;
563;https://www.uitvoeringarbeidsvoorwaardenwetgeving.nl/mozard/!suite92.scherm1007?mObj=43374&mSelod=737623;TRUE;Zuivel HP 1 april 2024 tot en met 31 maart 2025.pdf;1;563013;
3855;https://www.uitvoeringarbeidsvoorwaardenwetgeving.nl/mozard/!suite92.scherm1007?mObj=15376&mSelod=737625;TRUE;cao 1 januari 2019 - 31 december 2020, definitief 29 november 2019.docx.pdf;1;3855001;
3855;https://www.uitvoeringarbeidsvoorwaardenwetgeving.nl/mozard/!suite92.scherm1007?mObj=15222&mSelod=737625;TRUE;cao 1 januari 2019 - 31 december 2020, definitief.docx.pdf;1;3855002;
3855;https://www.uitvoeringarbeidsvoorwaardenwetgeving.nl/mozard/!suite92.scherm1007?mObj=30007&mSelod=737625;TRUE;cao 1 januari 2022 tot en met 31 december 2022 definitief110522.pdf;1;3855003;
3855;https://www.uitvoeringarbeidsvoorwaardenwetgeving.nl/mozard/!suite92.scherm1007?mObj=30683&mSelod=737625;TRUE;cao 1 januari 2022 tot en met 31 december 2022 definitief 210722.pdf;1;3855004;
3855;https://www.uitvoeringarbeidsvoorwaardenwetgeving.nl/mozard/!suite92.scherm1007?mObj=30719&mSelod=737625;TRUE;cao 1 januari 2022 tot en met 31 december 2022 definitief 280722.pdf;1;3855005;
3855;https://www.uitvoeringarbeidsvoorwaardenwetgeving.nl/mozard/!suite92.scherm1007?mObj=37018&mSelod=737625;TRUE;cao 1 januari 2023 tot en met 30 september 2024, definitief 05052023.pdf;1;3855006;
3855;https://www.uitvoeringarbeidsvoorwaardenwetgeving.nl/mozard/!suite92.scherm1007?mObj=36883&mSelod=737625;TRUE;cao 1 januari 2023 tot en met 30 september 2024, definitief 31032023.pdf;1;3855007;
3855;https://www.uitvoeringarbeidsvoorwaardenwetgeving.nl/mozard/!suite92.scherm1007?mObj=12395&mSelod=737625;TRUE;cao_definitief_3_0.pdf;1;3855008;
3855;https://www.uitvoeringarbeidsvoorwaardenwetgeving.nl/mozard/!suite92.scherm1007?mObj=12394&mSelod=737625;TRUE;cao_definitief_2_0.pdf;1;3855009;
3855;https://www.uitvoeringarbeidsvoorwaardenwetgeving.nl/mozard/!suite92.scherm1007?mObj=12397&mSelod=737625;TRUE;cao_definitief_4_0__ivm_opmerkingen_SZW_bij_avv_.pdf;1;3855010;
3855;https://www.uitvoeringarbeidsvoorwaardenwetgeving.nl/mozard/!suite92.scherm1007?mObj=12398&mSelod=737625;TRUE;cao_definitief.pdf;1;3855011;
3855;https://www.uitvoeringarbeidsvoorwaardenwetgeving.nl/mozard/!suite92.scherm1007?mObj=12400&mSelod=737625;TRUE;cao_definitief_januari_2018.pdf;1;3855012;
3855;https://www.uitvoeringarbeidsvoorwaardenwetgeving.nl/mozard/!suite92.scherm1007?mObj=12399&mSelod=737625;TRUE;cao_definitief_november_2017.pdf;1;3855013;
3855;https://www.uitvoeringarbeidsvoorwaardenwetgeving.nl/mozard/!suite92.scherm1007?mObj=47904&mSelod=737625;TRUE;cao 1 oktober 2024 tot en met 31 december 2026 definitief.pdf;1;3855014;
3340;https://www.uitvoeringarbeidsvoorwaardenwetgeving.nl/mozard/!suite92.scherm1007?mObj=11691&mSelod=738543;TRUE;Cao_Bestuurders_VO_2014_getekend_exemplaar.pdf;1;3340001;
3340;https://www.uitvoeringarbeidsvoorwaardenwetgeving.nl/mozard/!suite92.scherm1007?mObj=11692&mSelod=738543;TRUE;CAO_bestuurders_VO_2015_def_ger_voor_SZA.pdf;1;3340002;
3340;https://www.uitvoeringarbeidsvoorwaardenwetgeving.nl/mozard/!suite92.scherm1007?mObj=11694&mSelod=738543;TRUE;CAO_bestuurders_VO_2017_def_tekst_19_mei.pdf;1;3340003;
3340;https://www.uitvoeringarbeidsvoorwaardenwetgeving.nl/mozard/!suite92.scherm1007?mObj=11693&mSelod=738543;TRUE;CAO_Bestuurders_VO_2017_getekend_laatste_versie.pdf;1;3340004;
3340;https://www.uitvoeringarbeidsvoorwaardenwetgeving.nl/mozard/!suite92.scherm1007?mObj=21412&mSelod=738543;TRUE;Cao-Bestuurders-VO-2020_verlenging tot 01-04-2021.pdf;1;3340005;
3340;https://www.uitvoeringarbeidsvoorwaardenwetgeving.nl/mozard/!suite92.scherm1007?mObj=21057&mSelod=738543;TRUE;cao Bestuurders VO 2020 getekend.pdf;1;3340006;
3340;https://www.uitvoeringarbeidsvoorwaardenwetgeving.nl/mozard/!suite92.scherm1007?mObj=26997&mSelod=738543;TRUE;Cao-Bestuurders-VO-2020_verlenging tot 31-12-2021.pdf;1;3340007;
3340;https://www.uitvoeringarbeidsvoorwaardenwetgeving.nl/mozard/!suite92.scherm1007?mObj=14018&mSelod=738543;TRUE;cao-bestuurders-vo-2018-2019-def.2.docx .pdf;1;3340008;
3340;https://www.uitvoeringarbeidsvoorwaardenwetgeving.nl/mozard/!suite92.scherm1007?mObj=11690&mSelod=738543;TRUE;120410_CAO_bestuurders_VO_11_13.pdf;1;3340009;
3340;https://www.uitvoeringarbeidsvoorwaardenwetgeving.nl/mozard/!suite92.scherm1007?mObj=11689&mSelod=738543;TRUE;111013_CAO_bestuurders_VO_11_13def1.pdf;1;3340010;
2857;https://www.uitvoeringarbeidsvoorwaardenwetgeving.nl/mozard/!suite92.scherm1007?mObj=10586&mSelod=738988;TRUE;DoorwerkCAO 2011-2013 (3 januari 2011).pdf;1;2857001;
2857;https://www.uitvoeringarbeidsvoorwaardenwetgeving.nl/mozard/!suite92.scherm1007?mObj=10587&mSelod=738988;TRUE;DoorwerkCAO_2014_2015__24_januari_2014_.pdf;1;2857002;
3375;https://www.uitvoeringarbeidsvoorwaardenwetgeving.nl/mozard/!suite92.scherm1007?mObj=11546&mSelod=739209;TRUE;Evenementen__en_Horecabeveiligingsbranche_3375.pdf;1;3375001;
3375;https://www.uitvoeringarbeidsvoorwaardenwetgeving.nl/mozard/!suite92.scherm1007?mObj=11548&mSelod=739209;TRUE;CAO_EHB_2014_2018__ttw_26_juni_2015_.pdf;1;3375003;
3375;https://www.uitvoeringarbeidsvoorwaardenwetgeving.nl/mozard/!suite92.scherm1007?mObj=11550&mSelod=739209;TRUE;CAO_EHB_2014_2018__ttw_1_januari_2017_.pdf;1;3375004;
3375;https://www.uitvoeringarbeidsvoorwaardenwetgeving.nl/mozard/!suite92.scherm1007?mObj=11549&mSelod=739209;TRUE;CAO_EHB_2014_2018__ttw_1_juli_2016_.pdf;1;3375005;
3375;https://www.uitvoeringarbeidsvoorwaardenwetgeving.nl/mozard/!suite92.scherm1007?mObj=11551&mSelod=739209;TRUE;CAO_EHB_2014_2018_ttw_1_januari_2018_gecontroleerd.pdf;1;3375006;
3375;https://www.uitvoeringarbeidsvoorwaardenwetgeving.nl/mozard/!suite92.scherm1007?mObj=11547&mSelod=739209;TRUE;CAO_Evenementen__2014_2018.pdf;1;3375007;
3375;https://www.uitvoeringarbeidsvoorwaardenwetgeving.nl/mozard/!suite92.scherm1007?mObj=23118&mSelod=739209;TRUE;CAO EHB 2019-2023 ttw 29 maart 2021.pdf;1;3375008;
3375;https://www.uitvoeringarbeidsvoorwaardenwetgeving.nl/mozard/!suite92.scherm1007?mObj=25402&mSelod=739209;TRUE;CAO EHB 2019-2023 ttw19 november 2021.pdf;1;3375009;
3375;https://www.uitvoeringarbeidsvoorwaardenwetgeving.nl/mozard/!suite92.scherm1007?mObj=25852&mSelod=739209;TRUE;CAO EHB 2019-2023 ttw19 november 2021_1.pdf;1;3375010;
3375;https://www.uitvoeringarbeidsvoorwaardenwetgeving.nl/mozard/!suite92.scherm1007?mObj=16437&mSelod=739209;TRUE;CAO EHB 2019-2023 5 december 2019 03.pdf;1;3375011;
3375;https://www.uitvoeringarbeidsvoorwaardenwetgeving.nl/mozard/!suite92.scherm1007?mObj=21490&mSelod=739209;TRUE;CAO EHB 2019 2023 ttw 15 januari 2021 Ingediend.pdf;1;3375012;
3375;https://www.uitvoeringarbeidsvoorwaardenwetgeving.nl/mozard/!suite92.scherm1007?mObj=18888&mSelod=739209;TRUE;CAO EHB 2019 2023 ttw 19 augustus 2020.pdf;1;3375013;
3375;https://www.uitvoeringarbeidsvoorwaardenwetgeving.nl/mozard/!suite92.scherm1007?mObj=16727&mSelod=739209;TRUE;CAO EHB 2019-2023 ttw 26 mei 2020 .pdf;1;3375014;
3375;https://www.uitvoeringarbeidsvoorwaardenwetgeving.nl/mozard/!suite92.scherm1007?mObj=647&mSelod=739209;TRUE;CAO EHB 2019 2023 11 december 2018.pdf .pdf;1;3375015;
3375;https://www.uitvoeringarbeidsvoorwaardenwetgeving.nl/mozard/!suite92.scherm1007?mObj=37160&mSelod=739209;TRUE;CAO EHB 2019-2023 (ttw juni 2023).pdf;1;3375016;
3375;https://www.uitvoeringarbeidsvoorwaardenwetgeving.nl/mozard/!suite92.scherm1007?mObj=32060&mSelod=739209;TRUE;CAO EHB 2019 2023 ttw 9 december 2022.pdf;1;3375017;
3375;https://www.uitvoeringarbeidsvoorwaardenwetgeving.nl/mozard/!suite92.scherm1007?mObj=49045&mSelod=739209;TRUE;CAO EHB 2024-2027 (juli 2025) schone versie.pdf;1;3375018;
3375;https://www.uitvoeringarbeidsvoorwaardenwetgeving.nl/mozard/!suite92.scherm1007?mObj=40706&mSelod=739209;TRUE;CAO EHB 2024-2027 (december 2023) definitief.pdf;1;3375019;
3375;https://www.uitvoeringarbeidsvoorwaardenwetgeving.nl/mozard/!suite92.scherm1007?mObj=46227&mSelod=739209;TRUE;CAO EHB 2024-2027 (december 2024).pdf;1;3375020;
3375;https://www.uitvoeringarbeidsvoorwaardenwetgeving.nl/mozard/!suite92.scherm1007?mObj=43051&mSelod=739209;TRUE;CAO EHB 2024-2027 (juni 2024) definitief.pdf;1;3375021;
125;https://www.uitvoeringarbeidsvoorwaardenwetgeving.nl/mozard/!suite92.scherm1007?mObj=7025&mSelod=739367;TRUE;Def_groenten__en_Fruitverwerkende_Industrie.pdf;1;125001;
125;https://www.uitvoeringarbeidsvoorwaardenwetgeving.nl/mozard/!suite92.scherm1007?mObj=7026&mSelod=739367;TRUE;caotekst_wlv.pdf;1;125002;
125;https://www.uitvoeringarbeidsvoorwaardenwetgeving.nl/mozard/!suite92.scherm1007?mObj=7027&mSelod=739367;TRUE;CAO_VIGEF_20142016_def_.pdf;1;125003;
125;https://www.uitvoeringarbeidsvoorwaardenwetgeving.nl/mozard/!suite92.scherm1007?mObj=7028&mSelod=739367;TRUE;CAO_groenten_fruit_industrie_2014_2016_def_versie.pdf;1;125004;
125;https://www.uitvoeringarbeidsvoorwaardenwetgeving.nl/mozard/!suite92.scherm1007?mObj=31296&mSelod=739367;TRUE;CAO tekst 2021 2023 Groente en Fruit schone tekst.pdf;1;125005;
125;https://www.uitvoeringarbeidsvoorwaardenwetgeving.nl/mozard/!suite92.scherm1007?mObj=29901&mSelod=739367;TRUE;CAO tekst 2021 2023 Groente en Fruit voor registratie.pdf;1;125006;
125;https://www.uitvoeringarbeidsvoorwaardenwetgeving.nl/mozard/!suite92.scherm1007?mObj=43623&mSelod=739367;TRUE;Groente- en fruitverwerkende industrie cao ttw sep 2024.pdf;1;125007;
125;https://www.uitvoeringarbeidsvoorwaardenwetgeving.nl/mozard/!suite92.scherm1007?mObj=38730&mSelod=739367;TRUE;Groente- en fruitverwerkende industrie definitief cao aug 2023.pdf;1;125008;
125;https://www.uitvoeringarbeidsvoorwaardenwetgeving.nl/mozard/!suite92.scherm1007?mObj=7029&mSelod=739367;TRUE;1801_1756_v0_2.pdf;1;125009;
125;https://www.uitvoeringarbeidsvoorwaardenwetgeving.nl/mozard/!suite92.scherm1007?mObj=7030&mSelod=739367;TRUE;cao_GFI_.pdf;1;125010;
125;https://www.uitvoeringarbeidsvoorwaardenwetgeving.nl/mozard/!suite92.scherm1007?mObj=14102&mSelod=739367;TRUE;cao GFI 2018 - 2019b.docx .pdf;1;125011;
125;https://www.uitvoeringarbeidsvoorwaardenwetgeving.nl/mozard/!suite92.scherm1007?mObj=29902&mSelod=739367;TRUE;CAO tekst 2019 2021 groente en Fruit voor registratie SZW.pdf;1;125012;
27;https://www.uitvoeringarbeidsvoorwaardenwetgeving.nl/mozard/!suite92.scherm1007?mObj=6808&mSelod=739908;TRUE;Mortel_cao_tekst.pdf;1;27001;
27;https://www.uitvoeringarbeidsvoorwaardenwetgeving.nl/mozard/!suite92.scherm1007?mObj=6806&mSelod=739908;TRUE;Mortel__nieuwe_tekst_2011_2012.pdf;1;27002;
27;https://www.uitvoeringarbeidsvoorwaardenwetgeving.nl/mozard/!suite92.scherm1007?mObj=6807&mSelod=739908;TRUE;Mortel_CAO_2011_2012_met_gemarkeerde_wijz.pdf;1;27003;
2050;https://www.uitvoeringarbeidsvoorwaardenwetgeving.nl/mozard/!suite92.scherm1007?mObj=10041&mSelod=739929;TRUE;CAO_MMV_tekst_2016___2017_DEFINITIEF.pdf;1;2050001;
2050;https://www.uitvoeringarbeidsvoorwaardenwetgeving.nl/mozard/!suite92.scherm1007?mObj=14544&mSelod=739929;TRUE;CAO MMV tekst 2018 DEFINITIEF.pdf;1;2050002;
2050;https://www.uitvoeringarbeidsvoorwaardenwetgeving.nl/mozard/!suite92.scherm1007?mObj=14684&mSelod=739929;TRUE;CAO MMV tekst 2019 DEFINITIEF.pdf;1;2050003;
2050;https://www.uitvoeringarbeidsvoorwaardenwetgeving.nl/mozard/!suite92.scherm1007?mObj=22678&mSelod=739929;TRUE;CAO MMV tekst 2020 DEFINITIEF.pdf;1;2050004;
2050;https://www.uitvoeringarbeidsvoorwaardenwetgeving.nl/mozard/!suite92.scherm1007?mObj=31275&mSelod=739929;TRUE;CAO MMV tekst 2021 en 2022 DEFINITIEF.pdf;1;2050005;
2050;https://www.uitvoeringarbeidsvoorwaardenwetgeving.nl/mozard/!suite92.scherm1007?mObj=40379&mSelod=739929;TRUE;CAO MMV tekst 2023 2025 tekst aanmelding.pdf;1;2050006;
621;https://www.uitvoeringarbeidsvoorwaardenwetgeving.nl/mozard/!suite92.scherm1007?mObj=7778&mSelod=740143;TRUE;VON_cao_2013_2014.pdf;1;621001;
621;https://www.uitvoeringarbeidsvoorwaardenwetgeving.nl/mozard/!suite92.scherm1007?mObj=8449&mSelod=740143;TRUE;VON_cao_2015_2016_def.pdf;1;621002;
621;https://www.uitvoeringarbeidsvoorwaardenwetgeving.nl/mozard/!suite92.scherm1007?mObj=7779&mSelod=740143;TRUE;VON_cao_2015_2016_def_1.pdf;1;621003;
621;https://www.uitvoeringarbeidsvoorwaardenwetgeving.nl/mozard/!suite92.scherm1007?mObj=8450&mSelod=740143;TRUE;VON_cao_2017_def.pdf;1;621004;
621;https://www.uitvoeringarbeidsvoorwaardenwetgeving.nl/mozard/!suite92.scherm1007?mObj=8451&mSelod=740143;TRUE;VON_cao_2017_def1.pdf;1;621005;
621;https://www.uitvoeringarbeidsvoorwaardenwetgeving.nl/mozard/!suite92.scherm1007?mObj=895&mSelod=740143;TRUE;VON cao 2019-2021 def.doc .pdf;1;621006;
621;https://www.uitvoeringarbeidsvoorwaardenwetgeving.nl/mozard/!suite92.scherm1007?mObj=14149&mSelod=740143;TRUE;VON cao 2019-2021AM.doc .pdf;1;621007;
621;https://www.uitvoeringarbeidsvoorwaardenwetgeving.nl/mozard/!suite92.scherm1007?mObj=14079&mSelod=740143;TRUE;VON cao 2019-2021 def.doc _1.pdf;1;621008;
621;https://www.uitvoeringarbeidsvoorwaardenwetgeving.nl/mozard/!suite92.scherm1007?mObj=27978&mSelod=740143;TRUE;VON CAO 2022 2023 Def 1.pdf;1;621009;
621;https://www.uitvoeringarbeidsvoorwaardenwetgeving.nl/mozard/!suite92.scherm1007?mObj=26320&mSelod=740143;TRUE;VON CAO 2022 2023 DEF.pdf;1;621010;
621;https://www.uitvoeringarbeidsvoorwaardenwetgeving.nl/mozard/!suite92.scherm1007?mObj=42416&mSelod=740143;TRUE;VON CAO 2024 2025 clean.pdf;1;621011;
621;https://www.uitvoeringarbeidsvoorwaardenwetgeving.nl/mozard/!suite92.scherm1007?mObj=41287&mSelod=740143;TRUE;VON CAO 2024 2025 clean_1.pdf;1;621012;
776;https://www.uitvoeringarbeidsvoorwaardenwetgeving.nl/mozard/!suite92.scherm1007?mObj=8035&mSelod=740179;TRUE;Papierindustrie_2015___2016_def.pdf;1;776001;
776;https://www.uitvoeringarbeidsvoorwaardenwetgeving.nl/mozard/!suite92.scherm1007?mObj=8036&mSelod=740179;TRUE;Papierindustrie_cao_2016_2018.pdf;1;776002;
776;https://www.uitvoeringarbeidsvoorwaardenwetgeving.nl/mozard/!suite92.scherm1007?mObj=8037&mSelod=740179;TRUE;papierindustrie_2018___2020.pdf;1;776003;
776;https://www.uitvoeringarbeidsvoorwaardenwetgeving.nl/mozard/!suite92.scherm1007?mObj=21670&mSelod=740179;TRUE;Papierindustrie 2020 - 2021.pdf;1;776004;
776;https://www.uitvoeringarbeidsvoorwaardenwetgeving.nl/mozard/!suite92.scherm1007?mObj=27537&mSelod=740179;TRUE;Papierindustrie cao 2021 - 2023.pdf;1;776005;
776;https://www.uitvoeringarbeidsvoorwaardenwetgeving.nl/mozard/!suite92.scherm1007?mObj=39158&mSelod=740179;TRUE;Papierindustrie cao 2023 2024 (definitief).pdf;1;776006;
776;https://www.uitvoeringarbeidsvoorwaardenwetgeving.nl/mozard/!suite92.scherm1007?mObj=43432&mSelod=740179;TRUE;Papierindustrie cao 2024 2025 def.pdf;1;776007;
776;https://www.uitvoeringarbeidsvoorwaardenwetgeving.nl/mozard/!suite92.scherm1007?mObj=49560&mSelod=740179;TRUE;Papierindustrie cao 2025-2026 def schoon.pdf;1;776008;
776;https://www.uitvoeringarbeidsvoorwaardenwetgeving.nl/mozard/!suite92.scherm1007?mObj=8032&mSelod=740179;TRUE;AWVN__502893_v1__Papierindustrie_2011_2012.pdf;1;776009;
776;https://www.uitvoeringarbeidsvoorwaardenwetgeving.nl/mozard/!suite92.scherm1007?mObj=8033&mSelod=740179;TRUE;cao_Papierindustrie_2012_t_m_2013.pdf;1;776010;
776;https://www.uitvoeringarbeidsvoorwaardenwetgeving.nl/mozard/!suite92.scherm1007?mObj=8034&mSelod=740179;TRUE;Papierindustrie_cao_2013_2015.pdf;1;776011;
1577;https://www.uitvoeringarbeidsvoorwaardenwetgeving.nl/mozard/!suite92.scherm1007?mObj=9696&mSelod=740862;TRUE;Cao_Dans_1_januari_2012_31_december_2012_def.pdf;1;1577002;document not found